Anom_ID,Accident_Date,Accident_Time,Location,Geo_ID,Accident_Location,Classification_of_Accident,Initial_Impact_Type,Environment_Condition,Light,Road_Surface_Condition,Traffic_Control,Traffic_Control_Condition,No__of_Vehicles,No__of_Bicycles,No__of_Motorcycles,No__of_Pedestrians,Max_Injury,No__of_Injuries,No__of_Minimal,No__of_Minor,No__of_Major,No__of_Fatal,X,Y,Latitude,Longitude,ObjectId
20--1366,2020/01/27,11:35 AM,ARLINGTON AVE @ BANK ST (0007261),7261,03 - At intersection,03 - P.D. only,02 - Angle,01 - Clear,01 - Daylight,04 - Slush,02 - Stop sign,01 - Functioning,2,0,0,0,,0,,,,,368006.714,5030345.588,45.41019243,-75.69249784,165
20--1367,2020/01/27,Unknown,MARGUERITE AVE btwn CARLOTTA AVE & WASHINGTON AVE (__3ZA82C),__3ZA82C,01 - Non intersection,03 - P.D. only,06 - SMV unattended vehicle,01 - Clear,00 - Unknown,04 - Slush,10 - No control,,1,0,0,0,,0,,,,,370047.994,5032559.347,45.42992363,-75.66612888,166
20--1368,2020/01/27,12:01 PM,ELGIN ST @ GILMOUR ST (0006953),6953,02 - Intersection related,03 - P.D. only,99 - Other,01 - Clear,01 - Daylight,02 - Wet,01 - Traffic signal,01 - Functioning,2,0,0,0,,0,,,,,368252.7002,5031054.575,45.4165494,-75.68926427,167
20--1369,2020/01/27,12:43 PM,CATHERINE ST @ KENT ST (0002707),2707,03 - At intersection,03 - P.D. only,05 - Turning movement,01 - Clear,01 - Daylight,02 - Wet,01 - Traffic signal,01 - Functioning,2,0,0,0,,0,,,,,367907.6979,5030188.564,45.40878851,-75.69378281,168
20--137,2020/01/05,Unknown,BRONSON AVE btwn GILMOUR ST & CHRISTIE ST (__3ZA30C),__3ZA30C,01 - Non intersection,03 - P.D. only,06 - SMV unattended vehicle,01 - Clear,00 - Unknown,01 - Dry,10 - No control,,1,0,0,0,,0,,,,,367035.8652,5030312.601,45.40998263,-75.70490395,169
20--1370,2020/01/27,2:35 PM,CARLING AVE WB btwn FOREST ST & CROYDON AVE (__3ZA4V5),__3ZA4V5,01 - Non intersection,03 - P.D. only,03 - Rear end,01 - Clear,01 - Daylight,01 - Dry,10 - No control,,2,0,0,0,,0,,,,,360599.6271,5025006.067,45.36277763,-75.78772346,170
20--1371,2020/01/27,2:40 PM,GEMINI WAY btwn CENTREPOINTE DR & TURN LANE (__4B3Z5L),__4B3Z5L,01 - Non intersection,03 - P.D. only,06 - SMV unattended vehicle,01 - Clear,01 - Daylight,04 - Slush,10 - No control,,1,0,0,0,,0,,,,,362148.589,5023398.63,45.34818902,-75.76813918,171
20--1372,2020/01/27,3:03 PM,FIRST AVE btwn PERCY ST & LYON ST S (__3ZA92Y),__3ZA92Y,01 - Non intersection,02 - Non-fatal injury,04 - Sideswipe,01 - Clear,01 - Daylight,02 - Wet,10 - No control,,2,1,0,0,02 - Minor,1,,1,,,367817.9566,5029431.668,45.40198628,-75.6950259,172
20--1373,2020/01/27,3:26 PM,HAWTHORNE RD @ HUNT CLUB RD (0007651),7651,02 - Intersection related,03 - P.D. only,03 - Rear end,01 - Clear,01 - Daylight,02 - Wet,01 - Traffic signal,01 - Functioning,2,0,0,0,,0,,,,,375507.744,5026406.536,45.37403323,-75.59724367,173
20--1374,2020/01/27,3:30 PM,ST. JOSEPH BLVD @ JEANNE D'ARC BLVD (0012421),12421,03 - At intersection,03 - P.D. only,04 - Sideswipe,02 - Rain,01 - Daylight,02 - Wet,11 - Roundabout,01 - Functioning,2,0,0,0,,0,,,,,379860.7445,5036471.586,45.46413876,-75.54014135,174
20--1375,2020/01/27,3:39 PM,CARLING AVE EB btwn CARLING AVE EB OFF RAMP/OTTAWA RIVER PKWY & TRANSI (__3ZGKXW),__3ZGKXW,01 - Non intersection,03 - P.D. only,03 - Rear end,01 - Clear,01 - Daylight,01 - Dry,10 - No control,,2,0,0,0,,0,,,,,360930.7696,5025197.589,45.3644745,-75.78347503,175
20--1376,2020/01/27,4:09 PM,SMYTH RD @ GENERAL HOSPITAL E (0008855),8855,03 - At intersection,03 - P.D. only,03 - Rear end,01 - Clear,05 - Dusk,01 - Dry,01 - Traffic signal,01 - Functioning,2,0,0,0,,0,,,,,371516.7252,5029181.572,45.39939329,-75.64781778,176
20--1377,2020/01/27,5:26 PM,GROVE AVE btwn GROSVENOR AVE & BANK ST (__3ZA8G8),__3ZA8G8,01 - Non intersection,03 - P.D. only,06 - SMV unattended vehicle,03 - Snow,05 - Dusk,05 - Packed snow,10 - No control,,1,0,0,0,,0,,,,,368839.2833,5028367.436,45.39231798,-75.68211924,177
20--1378,2020/01/27,5:50 PM,ANDERSON RD @ INNES RD (0004200),4200,02 - Intersection related,03 - P.D. only,02 - Angle,01 - Clear,07 - Dark,01 - Dry,01 - Traffic signal,03 - Obscured,2,0,0,0,,0,,,,,376280.7469,5031841.558,45.42285615,-75.58658804,178
20--1379,2020/01/27,5:57 PM,CARLING AVE @ MOODIE DR/JAMES CUMMINGS AVE W (0000158),158,03 - At intersection,02 - Non-fatal injury,05 - Turning movement,01 - Clear,07 - Dark,02 - Wet,01 - Traffic signal,01 - Functioning,2,0,0,0,02 - Minor,2,,2,,,356001.6594,5023937.516,45.35351365,-75.84652272,179
20--138,2020/01/05,12:06 PM,REGIONAL ROAD 174 btwn OR174 IC101 RAMP61 & TRIM RD (__3ZA11N),__3ZA11N,01 - Non intersection,03 - P.D. only,04 - Sideswipe,01 - Clear,01 - Daylight,01 - Dry,10 - No control,,2,0,0,0,,0,,,,,384214.5337,5039897.053,45.49447649,-75.48392088,180
20--1380,2020/01/27,6:29 AM,RIVERSIDE DR btwn MOONEY'S BAY PL & WALKLEY RD (__3ZA36Q),__3ZA36Q,04 - At/near private drive,03 - P.D. only,05 - Turning movement,01 - Clear,07 - Dark,02 - Wet,10 - No control,,2,0,0,0,,0,,,,,368401.0175,5025105.047,45.36300384,-75.6881362,181
20--1381,2020/01/27,6:29 AM,STAGECOACH RD btwn FOREST RD & CABIN RD (__3ZA2C3),__3ZA2C3,01 - Non intersection,03 - P.D. only,07 - SMV other,01 - Clear,07 - Dark,02 - Wet,10 - No control,,1,0,0,0,,0,,,,,378139.3625,5003888.745,45.17115677,-75.56697506,182
20--1382,2020/01/27,6:30 PM,ARGYLE AVE N @ ELGIN ST (0007262),7262,02 - Intersection related,03 - P.D. only,02 - Angle,02 - Rain,07 - Dark,02 - Wet,01 - Traffic signal,01 - Functioning,2,0,0,0,,0,,,,,368493.6947,5030671.743,45.41308291,-75.68623487,183
20--1383,2020/01/27,6:45 AM,HIGHWAY 417 btwn HWY417 IC129 RAMP25 & HWY417 IC129 RAMP35 (__3ZAYFR),__3ZAYFR,01 - Non intersection,03 - P.D. only,04 - Sideswipe,01 - Clear,07 - Dark,02 - Wet,10 - No control,,2,0,0,0,,0,,,,,360674.3382,5023694.147,45.35096707,-75.78691814,184
20--1384,2020/01/27,6:47 AM,COLONNADE RD    S btwn COLONNADE RD & CONCOURSE GT (__3ZA00D),__3ZA00D,01 - Non intersection,02 - Non-fatal injury,07 - SMV other,01 - Clear,07 - Dark,03 - Loose snow,10 - No control,,1,0,0,1,02 - Minor,1,,1,,,366250.2589,5022704.118,45.34159254,-75.71588628,185
20--1385,2020/01/27,7:00 AM,HIGHWAY 417 btwn HWY417 IC126 RAMP61 & HWY417 IC124 RAMP76 (__3ZA2Y2),__3ZA2Y2,01 - Non intersection,03 - P.D. only,04 - Sideswipe,01 - Clear,07 - Dark,01 - Dry,10 - No control,,2,0,0,0,,0,,,,,363995.2119,5026964.758,45.38012314,-75.74414812,186
20--1386,2020/01/27,7:19 AM,HAWTHORNE RD btwn BLAIS RD & RIDEAU RD (__3ZA6GZ),__3ZA6GZ,01 - Non intersection,02 - Non-fatal injury,04 - Sideswipe,01 - Clear,03 - Dawn,02 - Wet,10 - No control,,2,0,0,0,01 - Minimal,1,1,,,,377883.9958,5020703.866,45.32247976,-75.56775172,187
20--1387,2020/01/27,7:30 AM,O'CONNOR ST @ WELLINGTON ST (0002234),2234,03 - At intersection,02 - Non-fatal injury,05 - Turning movement,01 - Clear,03 - Dawn,04 - Slush,01 - Traffic signal,01 - Functioning,2,0,0,0,02 - Minor,2,,2,,,367413.7004,5031722.587,45.42263554,-75.69989823,188
20--1388,2020/01/27,7:30 AM,CEDARVIEW RD @ JOCKVALE RD (0000788),788,03 - At intersection,03 - P.D. only,02 - Angle,01 - Clear,03 - Dawn,02 - Wet,11 - Roundabout,01 - Functioning,2,0,0,0,,0,,,,,361474.6726,5015252.433,45.27494419,-75.7776705,189
20--1389,2020/01/27,7:53 AM,HUNT CLUB RD btwn MOUNTAIN CRES & TURN LANE (__3ZA3HU),__3ZA3HU,01 - Non intersection,03 - P.D. only,03 - Rear end,01 - Clear,03 - Dawn,02 - Wet,10 - No control,,2,0,0,0,,0,,,,,371392.3658,5023926.474,45.35212165,-75.65011469,190
20--139,2020/01/05,2:10 AM,JEANNE D'ARC BLVD btwn WILLOW AVE & VINETTE CRES (__3ZA7K5),__3ZA7K5,01 - Non intersection,03 - P.D. only,06 - SMV unattended vehicle,01 - Clear,07 - Dark,06 - Ice,10 - No control,,1,0,0,0,,0,,,,,381717.8302,5038897.374,45.48576192,-75.51601708,191
20--1390,2020/01/27,8:00 AM,HWY417 IC96 RAMP61 btwn BOUNDARY RD & HIGHWAY 417 (__3ZAY05),__3ZAY05,01 - Non intersection,03 - P.D. only,03 - Rear end,04 - Freezing Rain,01 - Daylight,06 - Ice,10 - No control,,2,0,0,0,,0,,,,,387483.3754,5024107.583,45.35203859,-75.44475444,192
20--1391,2020/01/27,8:00 PM,LAURIER AVE @ NICHOLAS ST (0010711),10711,02 - Intersection related,03 - P.D. only,04 - Sideswipe,01 - Clear,07 - Dark,02 - Wet,01 - Traffic signal,01 - Functioning,2,0,0,0,,0,,,,,368373.6434,5031798.272,45.42322995,-75.68762317,193
20--1392,2020/01/27,8:03 AM,HWY417 IC96 RAMP61 btwn BOUNDARY RD & HIGHWAY 417 (__3ZAY05),__3ZAY05,01 - Non intersection,03 - P.D. only,07 - SMV other,01 - Clear,01 - Daylight,06 - Ice,10 - No control,,1,0,0,0,,0,,,,,387645.5938,5023882.367,45.34999314,-75.44272221,194
20--1393,2020/01/27,8:25 AM,DES EPINETTES AVE @ JEANNE D'ARC BLVD (0004221),4221,02 - Intersection related,02 - Non-fatal injury,03 - Rear end,01 - Clear,01 - Daylight,02 - Wet,01 - Traffic signal,01 - Functioning,2,0,0,0,02 - Minor,2,,2,,,382226.7497,5035958.574,45.45926488,-75.50997072,195
20--1394,2020/01/27,8:25 AM,FISHER AVE @ MALIBU TER (0003121),3121,03 - At intersection,02 - Non-fatal injury,02 - Angle,01 - Clear,01 - Daylight,03 - Loose snow,02 - Stop sign,04 - Missing/Damaged,2,0,0,0,02 - Minor,1,,1,,,366261.6885,5025799.537,45.36944356,-75.71535562,196
20--1395,2020/01/27,8:37 PM,MONTREAL RD @ BATHGATE DR/BURMA RD (0007650),7650,03 - At intersection,02 - Non-fatal injury,07 - SMV other,01 - Clear,07 - Dark,01 - Dry,01 - Traffic signal,01 - Functioning,1,0,0,1,02 - Minor,1,,1,,,373224.7213,5034516.598,45.44723038,-75.62526279,197
20--1396,2020/01/27,8:40 AM,ST. JOSEPH BLVD @ JEANNE D'ARC BLVD (0012421),12421,02 - Intersection related,02 - Non-fatal injury,03 - Rear end,01 - Clear,01 - Daylight,02 - Wet,11 - Roundabout,01 - Functioning,2,0,0,0,01 - Minimal,2,2,,,,379860.7382,5036471.575,45.46413866,-75.54014144,198
20--1397,2020/01/28,10:24 AM,JEANNE D'ARC BLVD @ OR174 IC105 RAMP52 (0012417),12417,03 - At intersection,03 - P.D. only,02 - Angle,01 - Clear,01 - Daylight,01 - Dry,01 - Traffic signal,01 - Functioning,2,0,0,0,,0,,,,,379455.746,5036917.587,45.46819494,-75.54525191,199
20--1398,2020/01/28,11:00 AM,PRINCE OF WALES DR @ STRANDHERD DR (0013339),13339,02 - Intersection related,03 - P.D. only,02 - Angle,01 - Clear,01 - Daylight,02 - Wet,01 - Traffic signal,01 - Functioning,2,0,0,0,,0,,,,,367175.292,5014824.192,45.27060833,-75.70507552,200
20--1218,2020/01/24,5:22 PM,MAITLAND AVE/GLENMOUNT AVE @ ERINDALE DR (0002724),2724,03 - At intersection,03 - P.D. only,05 - Turning movement,01 - Clear,05 - Dusk,02 - Wet,01 - Traffic signal,01 - Functioning,2,0,0,0,,0,,,,,363697.6987,5025211.522,45.36437284,-75.74815573,201
20--1219,2020/01/24,5:30 PM,SPRUCE RIDGE RD btwn RICHARDSON SIDE RD & HAZELDEAN RD (__7JQ7ID),__7JQ7ID,01 - Non intersection,03 - P.D. only,07 - SMV other,01 - Clear,05 - Dusk,04 - Slush,10 - No control,,1,0,0,0,,0,,,,,345024.4614,5012315.74,45.24965203,-75.98755921,202
20--122,2020/01/04,4:00 PM,HIDDEN MEADOW AVE btwn MEANDERING BROOK DR & EMERALD POND PRIV (__589XL8),__589XL8,04 - At/near private drive,03 - P.D. only,06 - SMV unattended vehicle,01 - Clear,01 - Daylight,04 - Slush,10 - No control,,1,0,0,0,,0,,,,,373034.6143,5022806.233,45.34188426,-75.62931244,203
20--1220,2020/01/24,5:43 PM,OTTAWA RIVER PKWY @ REMIC RAPIDS ENT/TUNNEY'S  (0011322),11322,02 - Intersection related,03 - P.D. only,03 - Rear end,01 - Clear,07 - Dark,01 - Dry,01 - Traffic signal,01 - Functioning,2,0,0,0,,0,,,,,364263.2755,5030245.235,45.40961755,-75.74033017,204
20--1221,2020/01/24,6:00 PM,CHAMPLAIN BRIDGE/ISLAND PARK DR btwn BATE ISLAND & PROVINCIAL BOUNDARY (__3ZA2ZEA),__3ZA2ZEA,07 - Overpass or bridge,03 - P.D. only,01 - Approaching,01 - Clear,07 - Dark,03 - Loose snow,10 - No control,,2,0,0,0,,0,,,,,362771.6058,5030234.416,45.40964535,-75.75938656,205
20--1222,2020/01/24,6:16 PM,TIMM DR btwn EAGLESON RD & HAANEL DR (__3ZAZCZ),__3ZAZCZ,01 - Non intersection,03 - P.D. only,07 - SMV other,01 - Clear,07 - Dark,02 - Wet,10 - No control,,1,0,0,0,,0,,,,,353510.3712,5019532.91,45.31405775,-75.87875014,206
20--1223,2020/01/24,6:35 PM,JAMES ST @ KENT ST (0007277),7277,02 - Intersection related,03 - P.D. only,04 - Sideswipe,01 - Clear,07 - Dark,01 - Dry,02 - Stop sign,00 - Unknown,2,0,0,0,,0,,,,,367659.7106,5030598.572,45.41249995,-75.69689831,207
20--1224,2020/01/24,6:38 AM,OTTAWA RIVER PKWY @ ISLAND PARK DR (0002127),2127,02 - Intersection related,03 - P.D. only,02 - Angle,01 - Clear,07 - Dark,02 - Wet,01 - Traffic signal,01 - Functioning,2,0,0,0,,0,,,,,363298.684,5029453.55,45.4025754,-75.75274612,208
20--1225,2020/01/24,6:42 AM,ROGER STEVENS DR btwn DWYER HILL RD & MALAKOFF RD (__3ZA4ZQ),__3ZA4ZQ,01 - Non intersection,03 - P.D. only,07 - SMV other,01 - Clear,07 - Dark,01 - Dry,10 - No control,,1,0,0,0,,0,,,,,354418.7679,4989425.495,45.04307569,-75.87015919,209
20--1226,2020/01/24,6:44 PM,MARCH RD btwn DUNROBIN RD & MURPHY CRT (__3ZA3DI),__3ZA3DI,01 - Non intersection,03 - P.D. only,07 - SMV other,01 - Clear,07 - Dark,01 - Dry,10 - No control,,1,0,0,0,,0,,,,,347773.8063,5025688.497,45.36982191,-75.95137572,210
20--1227,2020/01/24,6:47 AM,MARCH RD btwn BEACHVALE LANE & MARCHURST RD (__3ZAZH3),__3ZAZH3,01 - Non intersection,03 - P.D. only,07 - SMV other,01 - Clear,07 - Dark,01 - Dry,10 - No control,,1,0,0,0,,0,,,,,344881.7183,5024221.997,45.35679729,-75.98841493,211
20--1228,2020/01/24,7:05 AM,MOODIE DR @ CORKSTOWN RD (0000577),577,02 - Intersection related,03 - P.D. only,03 - Rear end,01 - Clear,07 - Dark,01 - Dry,01 - Traffic signal,01 - Functioning,2,0,0,0,,0,,,,,356345.6455,5022761.485,45.34290643,-75.84225535,212
20--1229,2020/01/24,7:05 AM,RIVERSIDE DR @ SMYTH RD SOUTH SIDE RAMP (0011480),11480,02 - Intersection related,03 - P.D. only,03 - Rear end,02 - Rain,03 - Dawn,05 - Packed snow,01 - Traffic signal,01 - Functioning,2,0,0,0,,0,,,,,369788.4459,5028997.988,45.39790403,-75.66991517,213
20--123,2020/01/04,5:00 PM,BAYSHORE DR @ WOODRIDGE CRES N (0001209),1209,02 - Intersection related,03 - P.D. only,03 - Rear end,03 - Snow,05 - Dusk,04 - Slush,01 - Traffic signal,01 - Functioning,2,0,0,0,,0,,,,,359072.8602,5023875.087,45.35272094,-75.8073352,214
20--1230,2020/01/24,7:30 PM,MARCH RD btwn HALTON TERR/MAXWELL BRIDGE RD & MAXWELL RD (__3ZA2GD),__3ZA2GD,01 - Non intersection,03 - P.D. only,04 - Sideswipe,01 - Clear,07 - Dark,01 - Dry,10 - No control,,2,0,0,0,,0,,,,,348896.6737,5024462.112,45.35871688,-75.93715079,215
20--1231,2020/01/24,7:35 PM,TRIM RD @ 150 S OF INNES RD (0013490),13490,03 - At intersection,02 - Non-fatal injury,02 - Angle,01 - Clear,07 - Dark,02 - Wet,01 - Traffic signal,01 - Functioning,2,0,0,0,02 - Minor,1,,1,,,386620.7686,5037139.56,45.46938945,-75.45359851,216
20--1232,2020/01/24,8:15 AM,BILBERRY DR @ QUARRY RIDGE DR (0012525),12525,03 - At intersection,03 - P.D. only,02 - Angle,01 - Clear,01 - Daylight,01 - Dry,02 - Stop sign,01 - Functioning,2,0,0,0,,0,,,,,380940.1408,5038113.166,45.47879153,-75.52608592,217
20--1233,2020/01/24,8:15 PM,CARP RD btwn THOMAS A. DOLAN PKWY & NORMA LANE (__3ZAZ54),__3ZAZ54,01 - Non intersection,03 - P.D. only,07 - SMV other,03 - Snow,07 - Dark,03 - Loose snow,10 - No control,,1,0,0,0,,0,,,,,338748.0421,5024512.579,45.35973588,-76.06668001,218
20--1234,2020/01/24,8:16 AM,BREWER RD @ BRONSON AVE (0002240),2240,03 - At intersection,03 - P.D. only,05 - Turning movement,01 - Clear,01 - Daylight,01 - Dry,01 - Traffic signal,01 - Functioning,2,0,0,0,,0,,,,,368109.0448,5027766.434,45.38697673,-75.69152167,219
20--1235,2020/01/24,8:17 AM,HIGHWAY 417 btwn HWY417 IC155 RAMP25 & RAMP (__3ZAZN1),__3ZAZN1,01 - Non intersection,03 - P.D. only,07 - SMV other,01 - Clear,01 - Daylight,01 - Dry,10 - No control,,1,0,0,0,,0,,,,,344340.8396,5015421.556,45.27763833,-75.99602067,220
20--1236,2020/01/24,8:20 PM,MERIVALE RD @ 170 N OF HUNTCLUB RD/COSTCO/CANA (0004681),4681,03 - At intersection,03 - P.D. only,05 - Turning movement,01 - Clear,07 - Dark,02 - Wet,01 - Traffic signal,01 - Functioning,2,0,0,0,,0,,,,,365548.5191,5022100.096,45.33621875,-75.72491391,221
20--1237,2020/01/24,8:45 AM,INNES RD btwn STONEHENGE CRES & BLAIR RD (__3ZA3SK),__3ZA3SK,01 - Non intersection,03 - P.D. only,04 - Sideswipe,01 - Clear,01 - Daylight,04 - Slush,10 - No control,,2,0,0,0,,0,,,,,375491.6211,5031390.042,45.41887385,-75.59673535,222
20--1238,2020/01/24,9:00 AM,OTTAWA RIVER PKWY EB btwn TUNNEY'S PASTURE/REMIC RAPIDS ENT & ISLAND P (__3ZA24JA),__3ZA24JA,01 - Non intersection,03 - P.D. only,03 - Rear end,01 - Clear,01 - Daylight,02 - Wet,10 - No control,,2,0,0,0,,0,,,,,363377.7518,5029585.051,45.40375201,-75.75172059,223
20--1239,2020/01/24,9:01 AM,HOLLAND AVE @ TYNDALL ST (0006087),6087,02 - Intersection related,03 - P.D. only,03 - Rear end,01 - Clear,01 - Daylight,01 - Dry,01 - Traffic signal,01 - Functioning,2,0,0,0,,0,,,,,365031.7069,5028917.555,45.39760567,-75.73067617,224
20--124,2020/01/04,5:15 PM,CASTLEFRANK RD @ TERRY FOX DR (0011757),11757,02 - Intersection related,03 - P.D. only,03 - Rear end,03 - Snow,05 - Dusk,02 - Wet,01 - Traffic signal,01 - Functioning,2,0,0,0,,0,,,,,352993.9945,5016304.816,45.28504624,-75.88564938,225
20--1240,2020/01/24,9:09 AM,CASTLE HILL CRES btwn GLENMOUNT AVE & CAMEO DR (__3ZAAOG),__3ZAAOG,01 - Non intersection,03 - P.D. only,06 - SMV unattended vehicle,01 - Clear,01 - Daylight,05 - Packed snow,10 - No control,,1,0,0,0,,0,,,,,363768.5449,5025271.192,45.36490379,-75.74724432,226
20--1241,2020/01/24,9:15 PM,ST. LAURENT BLVD @ COTE ST (0007705),7705,02 - Intersection related,03 - P.D. only,07 - SMV other,01 - Clear,07 - Dark,02 - Wet,01 - Traffic signal,01 - Functioning,1,0,0,0,,0,,,,,371785.7267,5033225.575,45.43575376,-75.64383243,227
20--1242,2020/01/24,9:20 AM,REGIONAL RD 174 @ TRIM RD (0012835),12835,02 - Intersection related,03 - P.D. only,03 - Rear end,01 - Clear,01 - Daylight,01 - Dry,01 - Traffic signal,01 - Functioning,2,0,0,0,,0,,,,,384352.0152,5039990.082,45.49529781,-75.48214705,228
20--1243,2020/01/25,1:25 PM,SOMERSET ST    W btwn ROCHESTER ST & BOOTH ST (__3ZA323),__3ZA323,01 - Non intersection,03 - P.D. only,99 - Other,03 - Snow,01 - Daylight,04 - Slush,10 - No control,,2,0,0,0,,0,,,,,366552.905,5030234.042,45.40931856,-75.71108327,229
20--1244,2020/01/25,1:45 PM,PIAZZA CIR btwn CADRIAN WALK & CADRIAN WALK (__8AO8Y6),__8AO8Y6,01 - Non intersection,03 - P.D. only,06 - SMV unattended vehicle,03 - Snow,01 - Daylight,02 - Wet,10 - No control,,1,0,0,0,,0,,,,,365053.004,5015339.412,45.27542931,-75.73205742,230
20--1245,2020/01/25,1:56 PM,COVENTRY RD @ VANIER PKWY (0002139),2139,02 - Intersection related,02 - Non-fatal injury,03 - Rear end,03 - Snow,01 - Daylight,03 - Loose snow,01 - Traffic signal,00 - Unknown,3,0,0,0,02 - Minor,1,,1,,,370676.3851,5031611.708,45.42133827,-75.65822564,231
20--1246,2020/01/25,10:00 AM,JOHNSTON RD @ MACOUN CIRC (0013737),13737,03 - At intersection,03 - P.D. only,02 - Angle,01 - Clear,01 - Daylight,01 - Dry,02 - Stop sign,01 - Functioning,2,0,0,0,,0,,,,,372130.42,5025598.581,45.3670962,-75.64046855,232
20--1247,2020/01/25,10:04 AM,COLONNADE RD @ PRINCE OF WALES DR (0005249),5249,02 - Intersection related,03 - P.D. only,03 - Rear end,01 - Clear,01 - Daylight,01 - Dry,01 - Traffic signal,01 - Functioning,2,0,0,0,,0,,,,,367394.7135,5023266.505,45.34655161,-75.70121313,233
20--1248,2020/01/25,11:29 AM,INDUSTRIAL AVE @ RIVERSIDE DR (0011905),11905,02 - Intersection related,03 - P.D. only,04 - Sideswipe,01 - Clear,01 - Daylight,01 - Dry,01 - Traffic signal,01 - Functioning,2,0,0,0,,0,,,,,370684.7272,5030592.552,45.41216753,-75.65825531,234
20--1249,2020/01/25,Unknown,BREEZEHILL AVE   N btwn WELLINGTON ST W & SOMERSET ST W (__3ZAAKY),__3ZAAKY,01 - Non intersection,03 - P.D. only,06 - SMV unattended vehicle,01 - Clear,00 - Unknown,01 - Dry,10 - No control,,1,0,0,0,,0,,,,,365853.6494,5030037.113,45.40760799,-75.72004008,235
20--125,2020/01/04,5:15 PM,BANK ST @ FIFTH AVE (0007247),7247,03 - At intersection,03 - P.D. only,03 - Rear end,01 - Clear,05 - Dusk,02 - Wet,01 - Traffic signal,01 - Functioning,2,0,0,0,,0,,,,,368398.7058,5029400.56,45.40165386,-75.68761232,236
20--1250,2020/01/25,Unknown,BILBERRY DR btwn DU BOIS AVE S & JEANNE D'ARC BLVD N (__3ZA6AD),__3ZA6AD,01 - Non intersection,03 - P.D. only,06 - SMV unattended vehicle,03 - Snow,00 - Unknown,04 - Slush,10 - No control,,1,0,0,0,,0,,,,,380893.5775,5038009.012,45.47785952,-75.52669756,237
20--1251,2020/01/25,Unknown,SUNNYSIDE AVE btwn ROSEDALE AVE & GROSVENOR AVE (__3ZA9HF),__3ZA9HF,01 - Non intersection,03 - P.D. only,06 - SMV unattended vehicle,03 - Snow,00 - Unknown,04 - Slush,10 - No control,,1,0,0,0,,0,,,,,368451.29,5028410.202,45.39273815,-75.68706849,238
20--1252,2020/01/25,Unknown,HOULAHAN ST btwn DANAHER DR & TARTAN DR (__3ZAB4C),__3ZAB4C,01 - Non intersection,03 - P.D. only,06 - SMV unattended vehicle,03 - Snow,00 - Unknown,04 - Slush,10 - No control,,1,0,0,0,,0,,,,,362286.5223,5013837.917,45.26215038,-75.7674879,239
20--1253,2020/01/25,Unknown,CULLODEN CRES btwn CULLODEN CRES & CULLODEN CRES (e___1GFG),e___1GFG,01 - Non intersection,03 - P.D. only,06 - SMV unattended vehicle,02 - Rain,00 - Unknown,02 - Wet,10 - No control,,1,0,0,0,,0,,,,,366436.947,5012505.784,45.24981247,-75.71477187,240
20--1254,2020/01/25,Unknown,LISGAR ST btwn STOCKPORT PRIV & ALLENDALE PRIV (__3ZAZYO),__3ZAZYO,01 - Non intersection,03 - P.D. only,06 - SMV unattended vehicle,01 - Clear,00 - Unknown,01 - Dry,10 - No control,,1,0,0,0,,0,,,,,367492.6353,5030996.805,45.41609812,-75.69898201,241
20--1255,2020/01/25,12:07 AM,TENTH LINE RD btwn WALL RD & NAVAN RD (__3ZBOGQ),__3ZBOGQ,01 - Non intersection,03 - P.D. only,07 - SMV other,01 - Clear,07 - Dark,02 - Wet,10 - No control,,1,0,0,0,,0,,,,,385172.0087,5033261.608,45.43466749,-75.47275725,242
20--1256,2020/01/25,12:35 PM,COLONIAL RD @ ROCKDALE RD (0004608),4608,03 - At intersection,02 - Non-fatal injury,02 - Angle,01 - Clear,01 - Daylight,01 - Dry,02 - Stop sign,01 - Functioning,2,0,0,0,03 - Major,3,,1,2,,391419.831,5032662.496,45.42853137,-75.39302305,243
20--1257,2020/01/25,2:20 PM,JINKINSON RD btwn FERNBANK RD & HAZELDEAN RD (__7JQ7K3),__7JQ7K3,01 - Non intersection,03 - P.D. only,07 - SMV other,02 - Rain,01 - Daylight,04 - Slush,10 - No control,,1,0,0,0,,0,,,,,346347.491,5011922.055,45.24603261,-75.97073805,244
20--1258,2020/01/25,2:20 PM,HAWTHORNE RD @ HUNT CLUB RD (0007651),7651,02 - Intersection related,03 - P.D. only,03 - Rear end,04 - Freezing Rain,01 - Daylight,04 - Slush,01 - Traffic signal,01 - Functioning,2,0,0,0,,0,,,,,375507.7508,5026406.53,45.37403318,-75.59724358,245
20--1259,2020/01/25,2:20 PM,MARAVISTA DR @ STRANDHERD DR (0013565),13565,02 - Intersection related,03 - P.D. only,03 - Rear end,03 - Snow,01 - Daylight,04 - Slush,01 - Traffic signal,01 - Functioning,2,0,0,0,,0,,,,,361288.4381,5014584.958,45.26895318,-75.78011984,246
20--126,2020/01/04,5:52 PM,HAZELDEAN RD @ HUNTMAR DR/IBER RD (0000075),75,02 - Intersection related,03 - P.D. only,03 - Rear end,01 - Clear,07 - Dark,02 - Wet,01 - Traffic signal,01 - Functioning,2,0,0,0,,0,,,,,350942.5812,5016079.42,45.28315572,-75.91181922,247