Anom_ID,Accident_Date,Accident_Time,Location,Geo_ID,Accident_Location,Classification_of_Accident,Initial_Impact_Type,Environment_Condition,Light,Road_Surface_Condition,Traffic_Control,Traffic_Control_Condition,No__of_Vehicles,No__of_Bicycles,No__of_Motorcycles,No__of_Pedestrians,Max_Injury,No__of_Injuries,No__of_Minimal,No__of_Minor,No__of_Major,No__of_Fatal,X,Y,Latitude,Longitude,ObjectId
20--1260,2020/01/25,2:28 PM,KNOXDALE RD @ WEST HUNT CLUB RD (0005165),5165,02 - Intersection related,03 - P.D. only,03 - Rear end,03 - Snow,01 - Daylight,02 - Wet,01 - Traffic signal,01 - Functioning,2,0,0,0,,0,,,,,361863.6823,5020584.484,45.32289067,-75.77209925,248
20--1261,2020/01/25,3:15 PM,CUMBERLAND ST @ YORK ST (0008416),8416,02 - Intersection related,03 - P.D. only,99 - Other,03 - Snow,01 - Daylight,04 - Slush,01 - Traffic signal,01 - Functioning,2,0,0,0,,0,,,,,368262.6202,5032521.698,45.42974917,-75.68894853,249
20--1262,2020/01/25,3:20 PM,FISHER AVE @ NORMANDY CRES N (0003142),3142,02 - Intersection related,03 - P.D. only,04 - Sideswipe,03 - Snow,01 - Daylight,04 - Slush,02 - Stop sign,01 - Functioning,2,0,0,0,,0,,,,,366684.6963,5024782.519,45.36025542,-75.71008322,250
20--1263,2020/01/25,3:24 PM,SAGINAW CRES @ VIEWMOUNT DR (0004589),4589,03 - At intersection,03 - P.D. only,02 - Angle,04 - Freezing Rain,01 - Daylight,04 - Slush,02 - Stop sign,01 - Functioning,2,0,0,0,,0,,,,,365993.7058,5023209.511,45.34616242,-75.71909711,251
20--1264,2020/01/25,3:30 PM,MAPLE GROVE RD @ SILVER SEVEN RD (0011834),11834,02 - Intersection related,03 - P.D. only,03 - Rear end,03 - Snow,01 - Daylight,04 - Slush,02 - Stop sign,01 - Functioning,2,0,0,0,,0,,,,,351285.6095,5017621.436,45.29700862,-75.90730236,252
20--1265,2020/01/25,3:30 PM,HUNT CLUB RD @ LORRY GREENBERG DR/SABLE RIDGE  (0008203),8203,03 - At intersection,03 - P.D. only,07 - SMV other,03 - Snow,01 - Daylight,05 - Packed snow,01 - Traffic signal,01 - Functioning,1,0,0,0,,0,,,,,372823.7425,5024807.508,45.35991149,-75.63172759,253
20--1266,2020/01/25,3:36 PM,HIGHWAY 417 btwn HWY417 IC124 RAMP76 & HWY417 IC124 RAMP67 (__3ZA2R7),__3ZA2R7,01 - Non intersection,03 - P.D. only,07 - SMV other,03 - Snow,01 - Daylight,05 - Packed snow,10 - No control,,1,0,0,0,,0,,,,,364557.7555,5027705.314,45.38673877,-75.7368761,254
20--1267,2020/01/25,3:41 PM,NORICE ST @ WOODROFFE AVE (0001542),1542,02 - Intersection related,03 - P.D. only,04 - Sideswipe,03 - Snow,01 - Daylight,04 - Slush,01 - Traffic signal,01 - Functioning,2,0,0,0,,0,,,,,363194.6683,5022397.502,45.33909464,-75.75490882,255
20--1268,2020/01/25,3:45 PM,CAMPEAU DR @ KANATA AVE (0012003),12003,02 - Intersection related,03 - P.D. only,03 - Rear end,03 - Snow,01 - Daylight,04 - Slush,01 - Traffic signal,01 - Functioning,2,0,0,0,,0,,,,,350594.8666,5019401.951,45.31307554,-75.91594446,256
20--1269,2020/01/25,3:45 PM,MCARTHUR AVE @ VANIER PKWY (0004626),4626,02 - Intersection related,03 - P.D. only,03 - Rear end,03 - Snow,01 - Daylight,05 - Packed snow,01 - Traffic signal,01 - Functioning,3,0,0,0,,0,,,,,370218.7014,5032690.581,45.43108847,-75.66393004,257
20--127,2020/01/04,6:00 PM,RODEO DR btwn SAN MATEO DR & PALMADEO DR (__37ZO7S),__37ZO7S,01 - Non intersection,03 - P.D. only,06 - SMV unattended vehicle,03 - Snow,07 - Dark,06 - Ice,10 - No control,,1,0,0,0,,0,,,,,364933.4357,5015751.313,45.27914582,-75.73353132,258
20--1270,2020/01/25,3:45 PM,HIGHWAY 416 btwn HWY416 IC49 RAMP43 & HWY416 IC42 RAMP34 (__3ZAZJ7),__3ZAZJ7,01 - Non intersection,03 - P.D. only,07 - SMV other,03 - Snow,01 - Daylight,04 - Slush,10 - No control,,1,0,0,0,,0,,,,,370174.5478,4997172.125,45.11150308,-75.66917054,259
20--1271,2020/01/25,3:47 PM,ANDERSON RD btwn DESJARDINS ST & WEIR RD (__3ZA2GS),__3ZA2GS,01 - Non intersection,03 - P.D. only,03 - Rear end,03 - Snow,01 - Daylight,06 - Ice,10 - No control,,2,0,0,0,,0,,,,,377718.9606,5031514.907,45.41976872,-75.56826069,260
20--1272,2020/01/25,3:48 PM,HIGHWAY 417 btwn HWY417 IC134 RAMP61 & HWY417 IC131 RAMP66 (__3ZA297),__3ZA297,01 - Non intersection,03 - P.D. only,07 - SMV other,03 - Snow,01 - Daylight,03 - Loose snow,10 - No control,,1,0,0,0,,0,,,,,357300.3711,5022656.671,45.3418925,-75.8300846,261
20--1273,2020/01/25,3:50 PM,HIGHWAY 417 btwn HWY417 IC127 RAMP67 & HWY417 IC126 RAMP16 (__3ZA2X0),__3ZA2X0,01 - Non intersection,03 - P.D. only,07 - SMV other,03 - Snow,01 - Daylight,04 - Slush,10 - No control,,1,0,0,0,,0,,,,,362848.304,5025434.121,45.36644662,-75.75897141,262
20--1274,2020/01/25,3:57 PM,WELLINGTON ST btwn BANK ST & O'CONNOR ST (__3ZA3MF),__3ZA3MF,01 - Non intersection,03 - P.D. only,04 - Sideswipe,03 - Snow,01 - Daylight,05 - Packed snow,10 - No control,,2,0,0,0,,0,,,,,367300.0834,5031654.123,45.42202969,-75.70135861,263
20--1275,2020/01/25,3:59 PM,RIVERSIDE DR @ SAN REMO PRIV (0011379),11379,03 - At intersection,03 - P.D. only,05 - Turning movement,03 - Snow,01 - Daylight,03 - Loose snow,01 - Traffic signal,01 - Functioning,2,0,0,0,,0,,,,,370385.9453,5030402.204,45.41048292,-75.66209747,264
20--1276,2020/01/25,4:00 PM,HWY417 IC142 RAMP61 btwn HWY417 IC142 RAMP63 & HIGHWAY 417 (__3ZAY78),__3ZAY78,01 - Non intersection,03 - P.D. only,07 - SMV other,03 - Snow,01 - Daylight,04 - Slush,10 - No control,,1,0,0,0,,0,,,,,349109.9786,5017470.385,45.29578999,-75.93505405,265
20--1277,2020/01/25,4:11 PM,JEANNE D'ARC BLVD  N btwn MILLWOOD CRT & BILBERRY DR (__3ZA6BX),__3ZA6BX,04 - At/near private drive,03 - P.D. only,03 - Rear end,04 - Freezing Rain,01 - Daylight,06 - Ice,10 - No control,,2,0,0,0,,0,,,,,380201.0318,5038180.404,45.4794767,-75.53552824,266
20--1278,2020/01/25,4:15 PM,BRONSON AVE btwn POWELL AVE & CLEMOW AVE (__3ZA3OX),__3ZA3OX,01 - Non intersection,03 - P.D. only,03 - Rear end,03 - Snow,05 - Dusk,04 - Slush,10 - No control,,2,0,0,0,,0,,,,,367398.808,5029450.687,45.40219501,-75.70037705,267
20--1279,2020/01/25,4:23 PM,KATIMAVIK RD @ CHIMO DR E/HEARST WAY (0003437),3437,02 - Intersection related,03 - P.D. only,03 - Rear end,03 - Snow,01 - Daylight,04 - Slush,01 - Traffic signal,01 - Functioning,2,0,0,0,,0,,,,,352959.6232,5019610.474,45.31479368,-75.88576641,268
20--128,2020/01/04,6:00 PM,ALBERT ST @ LYON ST (0002208),2208,02 - Intersection related,03 - P.D. only,03 - Rear end,01 - Clear,07 - Dark,02 - Wet,01 - Traffic signal,01 - Functioning,2,0,0,0,,0,,,,,367062.6773,5031219.608,45.41814122,-75.70444686,269
20--1280,2020/01/25,4:25 PM,WOODROFFE AVE @ HWY 417 WOODROFF IC127R26/HWY4 (0002355),2355,02 - Intersection related,03 - P.D. only,03 - Rear end,03 - Snow,05 - Dusk,03 - Loose snow,01 - Traffic signal,01 - Functioning,2,0,0,0,,0,,,,,362082.6864,5024939.517,45.3620592,-75.7688016,270
20--1281,2020/01/25,4:34 PM,HIGHWAY 417 btwn HWY417 IC110 RAMP66 & HWY417 IC110 RAMP56 (__3ZA2XR),__3ZA2XR,01 - Non intersection,03 - P.D. only,07 - SMV other,03 - Snow,01 - Daylight,04 - Slush,10 - No control,,1,0,0,0,,0,,,,,375690.2178,5029565.152,45.4024344,-75.59446053,271
20--1282,2020/01/25,4:45 PM,MERIVALE RD @ MACFARLANE RD (0010373),10373,03 - At intersection,03 - P.D. only,05 - Turning movement,03 - Snow,05 - Dusk,04 - Slush,02 - Stop sign,00 - Unknown,2,0,0,0,,0,,,,,366153.3304,5020632.417,45.32296015,-75.71737978,272
20--1283,2020/01/25,4:55 PM,GLOUCESTER ST @ KENT ST (0006973),6973,03 - At intersection,02 - Non-fatal injury,07 - SMV other,01 - Clear,05 - Dusk,03 - Loose snow,01 - Traffic signal,01 - Functioning,1,0,0,1,02 - Minor,1,,1,,,367357.6998,5031098.57,45.41702584,-75.70069298,273
20--1284,2020/01/25,5:00 PM,INDUSTRIAL AVE @ RIVERSIDE DR (0011905),11905,02 - Intersection related,03 - P.D. only,03 - Rear end,03 - Snow,05 - Dusk,05 - Packed snow,01 - Traffic signal,01 - Functioning,2,0,0,0,,0,,,,,370684.7159,5030592.534,45.41216737,-75.65825546,274
20--1285,2020/01/25,5:00 PM,INNES RD btwn PAGE RD & 473 E OF PAGE RD/BUILDERS' WAREHOUSE SC (__3ZAYFDA),__3ZAYFDA,01 - Non intersection,03 - P.D. only,07 - SMV other,03 - Snow,05 - Dusk,04 - Slush,10 - No control,,1,0,0,0,,0,,,,,381067.8713,5034645.913,45.44758207,-75.52499028,275
20--1286,2020/01/25,5:00 PM,HIGHWAY 417 btwn HWY417 IC134 RAMP26 & HWY417 IC134 RAMP61 (__3ZAZEU),__3ZAZEU,01 - Non intersection,03 - P.D. only,07 - SMV other,03 - Snow,05 - Dusk,03 - Loose snow,10 - No control,,1,0,0,0,,0,,,,,356566.973,5022377.368,45.33943381,-75.8394715,276
20--1287,2020/01/25,5:10 PM,OR174 IC101 RAMP26 btwn REGIONAL ROAD 174 & TENTH LINE RD (__3ZAY6H),__3ZAY6H,01 - Non intersection,03 - P.D. only,03 - Rear end,03 - Snow,05 - Dusk,04 - Slush,10 - No control,,2,0,0,0,,0,,,,,382854.0607,5039009.526,45.48664483,-75.50146606,277
20--1288,2020/01/25,5:20 PM,RIVERSIDE DR @ SAN REMO PRIV (0011379),11379,03 - At intersection,03 - P.D. only,05 - Turning movement,03 - Snow,05 - Dusk,04 - Slush,01 - Traffic signal,01 - Functioning,2,0,0,0,,0,,,,,370385.9515,5030402.194,45.41048283,-75.66209739,278
20--1289,2020/01/25,5:28 PM,CHAPEL ST @ RIDEAU ST (0011918),11918,02 - Intersection related,03 - P.D. only,04 - Sideswipe,03 - Snow,05 - Dusk,03 - Loose snow,01 - Traffic signal,00 - Unknown,2,0,0,0,,0,,,,,368892.416,5032643.273,45.43078562,-75.68088474,279
20--129,2020/01/04,6:00 PM,LEMIEUX ST @ ST. LAURENT BLVD (0002021),2021,03 - At intersection,03 - P.D. only,05 - Turning movement,01 - Clear,07 - Dark,02 - Wet,01 - Traffic signal,01 - Functioning,2,0,0,0,,0,,,,,372391.7247,5031742.572,45.42235209,-75.63629139,280
20--1290,2020/01/25,5:30 PM,MEADOWLANDS DR btwn EAGLE LANE & BELIVEAU ST (__3ZA4HB),__3ZA4HB,04 - At/near private drive,03 - P.D. only,99 - Other,03 - Snow,05 - Dusk,04 - Slush,10 - No control,,2,0,0,0,,0,,,,,365401.8068,5024497.855,45.35780613,-75.72649183,281
20--1291,2020/01/25,5:30 PM,ULLSWATER DR btwn ROCHE PL & CRYSTAL BEACH DR (__3ZACK1),__3ZACK1,04 - At/near private drive,03 - P.D. only,06 - SMV unattended vehicle,03 - Snow,05 - Dusk,04 - Slush,10 - No control,,1,0,0,0,,0,,,,,356797.7285,5023561.723,45.35007366,-75.83640284,282
20--1292,2020/01/25,5:31 PM,PRINCE OF WALES DR btwn GREENBANK RD & BARNSDALE RD (__3ZA296),__3ZA296,01 - Non intersection,03 - P.D. only,07 - SMV other,05 - Drifting Snow,05 - Dusk,03 - Loose snow,10 - No control,,1,0,0,0,,0,,,,,366581.7327,5011040.164,45.23661214,-75.71310962,283
20--1293,2020/01/25,5:50 PM,CYRVILLE RD btwn STAR TOP RD & MEADOWBROOK RD (__3ZA3SN),__3ZA3SN,01 - Non intersection,03 - P.D. only,01 - Approaching,03 - Snow,07 - Dark,03 - Loose snow,10 - No control,,2,0,0,0,,0,,,,,374450.9208,5031302.332,45.41818906,-75.61004371,284
20--1294,2020/01/25,6:04 PM,COLONEL BY DR btwn CLEGG ST & ECHO DR S (__3ZBPHH),__3ZBPHH,01 - Non intersection,03 - P.D. only,01 - Approaching,03 - Snow,07 - Dark,03 - Loose snow,10 - No control,,2,0,0,0,,0,,,,,368720.7029,5028792.209,45.39615079,-75.6835785,285
20--1295,2020/01/25,6:07 PM,O'CONNOR ST @ SOMERSET ST (0002690),2690,03 - At intersection,02 - Non-fatal injury,07 - SMV other,03 - Snow,07 - Dark,04 - Slush,01 - Traffic signal,01 - Functioning,1,0,0,1,01 - Minimal,1,1,,,,367855.7102,5031012.574,45.41620738,-75.69434148,286
20--1296,2020/01/25,6:25 PM,HIGHWAY 417 btwn HWY417 IC121A RAMP51 & HWY417 IC120A RAMP52 (__3ZA2R6),__3ZA2R6,01 - Non intersection,03 - P.D. only,04 - Sideswipe,03 - Snow,07 - Dark,04 - Slush,10 - No control,,2,0,0,0,,0,,,,,367142.308,5029685.121,45.40432727,-75.70362356,287
20--1297,2020/01/25,6:30 PM,VICTORIA ST btwn YORKS CORNERS RD & CARTWRIGHT RD (__3ZA3XA),__3ZA3XA,01 - Non intersection,02 - Non-fatal injury,07 - SMV other,04 - Freezing Rain,07 - Dark,05 - Packed snow,10 - No control,,1,0,0,0,01 - Minimal,1,1,,,,389158.0611,5013485.411,45.25626979,-75.42519266,288
20--1298,2020/01/25,6:37 PM,CEDARVIEW RD btwn WEST HUNT CLUB RD & LYTLE AVE (__3ZA1XV),__3ZA1XV,01 - Non intersection,03 - P.D. only,01 - Approaching,03 - Snow,07 - Dark,04 - Slush,10 - No control,,2,0,0,0,,0,,,,,359765.3383,5019465.284,45.31298749,-75.79898774,289
20--1299,2020/01/25,6:51 PM,HERON RD @ ALTA VISTA DR (0007188),7188,02 - Intersection related,03 - P.D. only,03 - Rear end,01 - Clear,07 - Dark,03 - Loose snow,01 - Traffic signal,01 - Functioning,2,0,0,0,,0,,,,,370492.7183,5026902.543,45.37898423,-75.66119952,290
20--13,2020/01/01,4:50 PM,MONTREAL RD @ VANIER PKWY (0004630),4630,02 - Intersection related,03 - P.D. only,04 - Sideswipe,01 - Clear,05 - Dusk,01 - Dry,01 - Traffic signal,01 - Functioning,2,0,0,0,,0,,,,,370072.6806,5033065.594,45.43447633,-75.66574631,291
20--130,2020/01/04,6:22 AM,BLAIS RD btwn BANK ST & HAWTHORNE RD (__3ZA6G4),__3ZA6G4,01 - Non intersection,03 - P.D. only,07 - SMV other,01 - Clear,07 - Dark,01 - Dry,10 - No control,,1,0,0,0,,0,,,,,376331.4312,5019829.588,45.3147733,-75.5876797,292
20--1300,2020/01/25,6:56 AM,EARL MULLIGAN DR @ WOODROFFE AVE (0000591),591,02 - Intersection related,03 - P.D. only,03 - Rear end,01 - Clear,03 - Dawn,01 - Dry,01 - Traffic signal,01 - Functioning,2,0,0,0,,0,,,,,365250.6937,5017506.454,45.29491129,-75.72927403,293
20--1301,2020/01/25,7:20 PM,RIVERSIDE DR @ UPLANDS DR/KIMBERWICK CRES N (0006890),6890,02 - Intersection related,03 - P.D. only,03 - Rear end,03 - Snow,07 - Dark,05 - Packed snow,01 - Traffic signal,01 - Functioning,2,0,0,0,,0,,,,,368194.7198,5022793.504,45.3422238,-75.69106569,294
20--1302,2020/01/25,7:25 PM,BANK ST btwn RANDALL AVE & 73 N OF EVANS BLVD (__3ZA3BJA),__3ZA3BJA,04 - At/near private drive,03 - P.D. only,02 - Angle,03 - Snow,07 - Dark,03 - Loose snow,10 - No control,,2,0,0,0,,0,,,,,369873.7301,5027127.983,45.38107043,-75.66907255,295
20--1303,2020/01/25,7:25 PM,DUNNING RD btwn WILHAVEN DR & INNES RD (__3ZA3MY),__3ZA3MY,01 - Non intersection,03 - P.D. only,01 - Approaching,04 - Freezing Rain,07 - Dark,06 - Ice,10 - No control,,2,0,0,0,,0,,,,,391617.042,5039433.144,45.48942114,-75.38930777,296
20--1304,2020/01/25,7:26 PM,DESCHAMPS AVE @ VANIER PKWY (0009243),9243,03 - At intersection,03 - P.D. only,07 - SMV other,03 - Snow,07 - Dark,03 - Loose snow,01 - Traffic signal,01 - Functioning,1,0,0,0,,0,,,,,369851.7071,5033267.589,45.43631439,-75.66854359,297
20--1305,2020/01/25,7:29 PM,MONTREAL RD @ 46 E OF HILLSIDE DR/MONTREAL SQU (0008215),8215,02 - Intersection related,03 - P.D. only,03 - Rear end,03 - Snow,07 - Dark,03 - Loose snow,01 - Traffic signal,01 - Functioning,2,0,0,0,,0,,,,,371749.9573,5033916.692,45.44197553,-75.64419556,298
20--1306,2020/01/25,7:30 PM,MADRID AVE btwn HAYDON CIRC & HAYDON CIRC (__6N4HWC),__6N4HWC,04 - At/near private drive,03 - P.D. only,06 - SMV unattended vehicle,03 - Snow,07 - Dark,04 - Slush,10 - No control,,1,0,0,0,,0,,,,,363350.1233,5014250.138,45.26577184,-75.7538877,299
20--1307,2020/01/25,7:35 PM,WEST RIDGE DR btwn THRESHER AVE & BALLYBOY ST (__5RG31S),__5RG31S,01 - Non intersection,03 - P.D. only,07 - SMV other,03 - Snow,07 - Dark,04 - Slush,10 - No control,,1,0,0,0,,0,,,,,349247.0087,5013007.036,45.25561856,-75.93370663,300
20--1489,2020/01/29,3:50 PM,HIGHWAY 417 btwn HWY417 IC118 RAMP35 & HWY417 IC117 RAMP51 (__3ZA2YP),__3ZA2YP,01 - Non intersection,03 - P.D. only,03 - Rear end,01 - Clear,01 - Daylight,01 - Dry,10 - No control,,2,0,0,0,,0,,,,,369798.5107,5031136.571,45.41714528,-75.66950468,301
20--149,2020/01/05,8:15 PM,MURRAY ST btwn SUSSEX DR & PARENT AVE (__3ZA3VF),__3ZA3VF,01 - Non intersection,03 - P.D. only,04 - Sideswipe,01 - Clear,07 - Dark,01 - Dry,10 - No control,,2,0,0,0,,0,,,,,367808.0531,5032455.439,45.42919409,-75.69476579,302
20--1490,2020/01/29,3:55 PM,HIGHWAY 417 btwn RAMP & HWY417 IC88 RAMP51 (__3ZA2W2),__3ZA2W2,01 - Non intersection,03 - P.D. only,03 - Rear end,01 - Clear,01 - Daylight,01 - Dry,10 - No control,,2,0,0,0,,0,,,,,387990.8614,5023747.653,45.34874023,-75.43833932,303
20--1491,2020/01/29,4:00 PM,HIGHWAY 417 btwn HWY417 IC134 RAMP25 & HWY417 IC131 RAMP53 (__3ZA2LE),__3ZA2LE,01 - Non intersection,03 - P.D. only,04 - Sideswipe,01 - Clear,01 - Daylight,01 - Dry,10 - No control,,2,0,0,0,,0,,,,,357348.3288,5022611.865,45.34148574,-75.82947745,304
20--1492,2020/01/29,4:14 PM,ABBOTT ST @ MOSS HILL TR (0000054),54,03 - At intersection,02 - Non-fatal injury,02 - Angle,01 - Clear,01 - Daylight,01 - Dry,02 - Stop sign,01 - Functioning,2,0,0,0,01 - Minimal,1,1,,,,350943.5895,5013955.42,45.26404322,-75.91200377,305
20--1493,2020/01/29,4:20 PM,ST. LAURENT BLVD btwn THURSTON DR & WALKLEY RD (__3ZA7QN),__3ZA7QN,04 - At/near private drive,03 - P.D. only,02 - Angle,01 - Clear,01 - Daylight,01 - Dry,10 - No control,,2,0,0,0,,0,,,,,373932.8609,5027987.525,45.38841541,-75.61712707,306
20--1494,2020/01/29,4:25 PM,HIGHWAY 417 btwn HWY417 IC120A RAMP52 & HWY417 IC119B RAMP57 (__3ZA2R1),__3ZA2R1,01 - Non intersection,02 - Non-fatal injury,03 - Rear end,01 - Clear,01 - Daylight,01 - Dry,10 - No control,,2,0,0,0,01 - Minimal,1,1,,,,367927.8778,5030087.508,45.40787742,-75.69353797,307
20--1495,2020/01/29,4:30 PM,BAY ST @ LAURIER AVE (0005126),5126,02 - Intersection related,02 - Non-fatal injury,03 - Rear end,01 - Clear,01 - Daylight,01 - Dry,01 - Traffic signal,01 - Functioning,2,0,0,0,01 - Minimal,1,1,,,,367034.7012,5030997.567,45.41614585,-75.70483233,308
20--1496,2020/01/29,4:30 PM,BASELINE RD btwn NAVAHO DR & DEERFIELD DR (__3ZA4H4),__3ZA4H4,01 - Non intersection,03 - P.D. only,03 - Rear end,01 - Clear,01 - Daylight,01 - Dry,10 - No control,,3,0,0,0,,0,,,,,363360.3514,5024264.622,45.35588101,-75.75257388,309
20--1497,2020/01/29,4:30 PM,HWY 417 MAITLAND IC126R16/HWY 417 MAITLAND IC1 (0011618),11618,02 - Intersection related,03 - P.D. only,03 - Rear end,01 - Clear,01 - Daylight,01 - Dry,03 - Yield sign,01 - Functioning,2,0,0,0,,0,,,,,363072.6925,5025953.531,45.37110159,-75.7560459,310
20--1498,2020/01/29,4:40 PM,ALBION RD btwn BANK ST & DES MESANGES DR (__3ZBORZ),__3ZBORZ,04 - At/near private drive,03 - P.D. only,02 - Angle,01 - Clear,05 - Dusk,02 - Wet,10 - No control,,2,0,0,0,,0,,,,,371968.2806,5024071.436,45.35337105,-75.6427457,311
20--1499,2020/01/29,4:40 PM,FALLOWFIELD RD @ GREENBANK RD (0000549),549,02 - Intersection related,03 - P.D. only,04 - Sideswipe,01 - Clear,05 - Dusk,01 - Dry,01 - Traffic signal,01 - Functioning,2,0,0,0,,0,,,,,363080.6672,5016732.452,45.28813016,-75.75702969,312
20--15,2020/01/01,5:00 PM,RIVER MIST RD btwn BRAMBLING WAY & RIVER ROCK AVE (__61W6V0),__61W6V0,04 - At/near private drive,03 - P.D. only,06 - SMV unattended vehicle,01 - Clear,05 - Dusk,05 - Packed snow,10 - No control,,1,0,0,0,,0,,,,,364443.2175,5012470.171,45.24966381,-75.74017312,313
20--150,2020/01/05,8:17 PM,BANK ST btwn CAHILL DR & TURN LANE (1) (__3ZA3HV),__3ZA3HV,01 - Non intersection,03 - P.D. only,04 - Sideswipe,01 - Clear,07 - Dark,01 - Dry,10 - No control,,2,0,0,0,,0,,,,,371469.2197,5024159.322,45.35420944,-75.64910255,314
20--1500,2020/01/29,4:45 PM,WALKLEY RD btwn HARDING RD & HALIFAX DR (__3ZA2EK),__3ZA2EK,01 - Non intersection,03 - P.D. only,03 - Rear end,01 - Clear,05 - Dusk,01 - Dry,10 - No control,,2,0,0,0,,0,,,,,373470.3208,5027800.255,45.38677594,-75.62305938,315
20--1501,2020/01/29,4:45 PM,FALLOWFIELD RD @ LARKIN DR (0000555),555,02 - Intersection related,03 - P.D. only,03 - Rear end,01 - Clear,05 - Dusk,01 - Dry,01 - Traffic signal,01 - Functioning,2,0,0,0,,0,,,,,361721.6677,5015913.428,45.28087192,-75.77444695,316
20--1502,2020/01/29,4:50 PM,ALBION RD btwn DEL ZOTTO AVE & HIGH RD (__3ZBOF9),__3ZBOF9,01 - Non intersection,03 - P.D. only,03 - Rear end,01 - Clear,05 - Dusk,01 - Dry,10 - No control,,2,0,0,0,,0,,,,,373990.447,5019254.255,45.30983122,-75.61761361,317
20--1503,2020/01/29,5:00 PM,ALBERT ST btwn PRESTON ST & Continuation of ALBERT ST (__3ZA33O),__3ZA33O,01 - Non intersection,03 - P.D. only,03 - Rear end,01 - Clear,05 - Dusk,01 - Dry,10 - No control,,2,0,0,0,,0,,,,,366246.1308,5030519.569,45.41191465,-75.71496647,318
20--1504,2020/01/29,5:38 PM,HIGHWAY 417 btwn HWY417 IC124 RAMP55 & HWY417 IC124 RAMP65 (__3ZAZPV),__3ZAZPV,01 - Non intersection,03 - P.D. only,03 - Rear end,01 - Clear,05 - Dusk,01 - Dry,10 - No control,,2,0,0,0,,0,,,,,364484.9719,5027579.647,45.38561425,-75.73782068,319
20--1505,2020/01/29,5:49 PM,CLEARVIEW AVE @ ISLAND PARK DR (0006144),6144,03 - At intersection,03 - P.D. only,02 - Angle,01 - Clear,07 - Dark,02 - Wet,02 - Stop sign,01 - Functioning,2,0,0,0,,0,,,,,363546.6521,5029364.393,45.40175242,-75.74958951,320
20--1506,2020/01/29,6:28 AM,RIVERSIDE DR @ HERON RD (0002236),2236,03 - At intersection,03 - P.D. only,02 - Angle,01 - Clear,07 - Dark,01 - Dry,01 - Traffic signal,01 - Functioning,3,0,0,0,,0,,,,,368121.1026,5026647.208,45.37690515,-75.69151126,321
20--1507,2020/01/29,7:05 AM,ROCKCLIFFE PKWY/AVIATION PKWY WB ON RAMP @ AVI (0002201),2201,02 - Intersection related,03 - P.D. only,03 - Rear end,01 - Clear,07 - Dark,01 - Dry,03 - Yield sign,01 - Functioning,2,0,0,0,,0,,,,,371337.7103,5035660.615,45.45770588,-75.64922874,322
20--1508,2020/01/29,7:32 PM,CARLING AVE @ CARLINGWOOD SC (0008881),8881,02 - Intersection related,03 - P.D. only,03 - Rear end,01 - Clear,07 - Dark,01 - Dry,01 - Traffic signal,01 - Functioning,2,0,0,0,,0,,,,,362073.0232,5025919.029,45.37087356,-75.76881139,323
20--1509,2020/01/29,8:08 PM,ADELINE ST @ ROCHESTER ST (0006095),6095,03 - At intersection,02 - Non-fatal injury,05 - Turning movement,01 - Clear,07 - Dark,02 - Wet,02 - Stop sign,00 - Unknown,2,0,0,0,02 - Minor,1,,1,,,366950.7021,5029128.564,45.39933656,-75.70614109,324
20--151,2020/01/05,8:29 AM,DEVINE RD @ DUNNING RD (0004057),4057,03 - At intersection,03 - P.D. only,07 - SMV other,01 - Clear,01 - Daylight,06 - Ice,02 - Stop sign,01 - Functioning,1,0,0,0,,0,,,,,397384.8534,5025071.466,45.35947313,-75.31823201,325
20--1510,2020/01/29,8:09 AM,WOODROFFE AVE btwn CARLING AVE & FOX CRES (__3ZA4NI),__3ZA4NI,01 - Non intersection,03 - P.D. only,04 - Sideswipe,01 - Clear,01 - Daylight,01 - Dry,10 - No control,,2,0,0,0,,0,,,,,361786.7385,5025677.303,45.36872186,-75.7724939,326
20--1511,2020/01/29,8:25 AM,HIGHWAY 417 btwn HWY417 IC129 RAMP61 & TRANSIT (__3ZA2SI),__3ZA2SI,01 - Non intersection,02 - Non-fatal injury,03 - Rear end,01 - Clear,01 - Daylight,01 - Dry,10 - No control,,3,0,0,0,01 - Minimal,1,1,,,,360982.5214,5023963.593,45.35336692,-75.78295472,327
20--1512,2020/01/29,8:31 AM,BASELINE RD btwn COBDEN RD & BARBARA ANN PRIV (__3ZA1RV),__3ZA1RV,01 - Non intersection,03 - P.D. only,03 - Rear end,01 - Clear,01 - Daylight,01 - Dry,10 - No control,,3,0,0,0,,0,,,,,361636.7996,5023209.389,45.3465279,-75.77469167,328
20--1513,2020/01/29,8:45 AM,HIGHWAY 417 btwn HWY417 IC126 RAMP61 & HWY417 IC124 RAMP76 (__3ZA2Y2),__3ZA2Y2,01 - Non intersection,03 - P.D. only,03 - Rear end,01 - Clear,01 - Daylight,01 - Dry,10 - No control,,5,0,0,0,,0,,,,,363663.5367,5026521.362,45.37616148,-75.7484357,329