Anom_ID,Accident_Date,Accident_Time,Location,Geo_ID,Accident_Location,Classification_of_Accident,Initial_Impact_Type,Environment_Condition,Light,Road_Surface_Condition,Traffic_Control,Traffic_Control_Condition,No__of_Vehicles,No__of_Bicycles,No__of_Motorcycles,No__of_Pedestrians,Max_Injury,No__of_Injuries,No__of_Minimal,No__of_Minor,No__of_Major,No__of_Fatal,X,Y,Latitude,Longitude,ObjectId
20--1514,2020/01/29,8:49 AM,BEECHWOOD AVE btwn GREEN AVE & MARQUETTE AVE (__3ZA3A3),__3ZA3A3,01 - Non intersection,02 - Non-fatal injury,03 - Rear end,01 - Clear,01 - Daylight,01 - Dry,10 - No control,,2,0,0,0,02 - Minor,1,,1,,,369677.5223,5034030.047,45.44319085,-75.67066919,330
20--1515,2020/01/29,9:00 AM,CUMMINGS AVE/LABELLE ST @ CYRVILLE RD (0008791),8791,02 - Intersection related,03 - P.D. only,03 - Rear end,01 - Clear,01 - Daylight,01 - Dry,01 - Traffic signal,01 - Functioning,2,0,0,0,,0,,,,,372860.7161,5031871.566,45.42346725,-75.63028134,331
20--1516,2020/01/29,9:09 AM,ISABELLA ST/HWY 417 O'CONN IC119BR57 @ O'CONNO (0001698),1698,02 - Intersection related,03 - P.D. only,04 - Sideswipe,01 - Clear,01 - Daylight,01 - Dry,01 - Traffic signal,00 - Unknown,2,0,0,0,,0,,,,,368297.7032,5030309.568,45.40984199,-75.6887853,332
20--1517,2020/01/29,9:10 AM,HAWTHORNE RD @ RUSSELL RD (0006430),6430,02 - Intersection related,03 - P.D. only,02 - Angle,01 - Clear,01 - Daylight,01 - Dry,01 - Traffic signal,01 - Functioning,2,0,0,0,,0,,,,,374835.7435,5028068.54,45.38905464,-75.60558656,333
20--1518,2020/01/29,9:21 AM,PRINCE OF WALES DR btwn MEADOWLANDS DR & NESBITT PL (__3ZA36V),__3ZA36V,04 - At/near private drive,03 - P.D. only,05 - Turning movement,01 - Clear,01 - Daylight,01 - Dry,10 - No control,,2,0,0,0,,0,,,,,367381.2291,5025613.895,45.36767412,-75.70108802,334
20--1519,2020/01/29,9:30 AM,DOVERCOURT AVE @ KIRKWOOD AVE (0006215),6215,03 - At intersection,03 - P.D. only,02 - Angle,01 - Clear,01 - Daylight,06 - Ice,02 - Stop sign,01 - Functioning,2,0,0,0,,0,,,,,364205.6971,5027652.557,45.38629402,-75.74137794,335
20--152,2020/01/05,8:55 AM,CYRVILLE RD @ INNES RD (0009352),9352,03 - At intersection,02 - Non-fatal injury,02 - Angle,01 - Clear,01 - Daylight,01 - Dry,01 - Traffic signal,01 - Functioning,2,0,0,0,02 - Minor,2,1,1,,,375047.7032,5031119.569,45.41648499,-75.60244539,336
20--1520,2020/01/29,9:45 AM,REGIONAL ROAD 174 btwn OR174 IC105 RAMP51 & OR174 IC105 RAMP35 (__3ZA2XC),__3ZA2XC,01 - Non intersection,03 - P.D. only,07 - SMV other,01 - Clear,01 - Daylight,01 - Dry,10 - No control,,1,0,0,0,,0,,,,,379232.3988,5036902.07,45.46807916,-75.54811018,337
20--1521,2020/01/30,1:04 PM,CONSTANCE CREEK DR btwn DUCK POND PL & THOMAS A. DOLAN PKWY (__3ZACFL),__3ZACFL,01 - Non intersection,03 - P.D. only,99 - Other,01 - Clear,01 - Daylight,01 - Dry,10 - No control,,2,0,0,0,,0,,,,,343115.9866,5032161.656,45.42833925,-76.01033451,338
20--1522,2020/01/30,1:35 PM,QUEEN ELIZABETH DRWY btwn LAKESIDE AVE & LAKEVIEW TER (__3ZA2L0),__3ZA2L0,01 - Non intersection,03 - P.D. only,03 - Rear end,01 - Clear,01 - Daylight,01 - Dry,10 - No control,,3,0,0,0,,0,,,,,367518.2981,5028633.546,45.39483191,-75.69895476,339
20--1523,2020/01/30,10:00 AM,MERIVALE RD btwn CLEOPATRA DR & SLACK RD (__3ZBOG3),__3ZBOG3,04 - At/near private drive,03 - P.D. only,99 - Other,01 - Clear,01 - Daylight,01 - Dry,10 - No control,,2,0,0,0,,0,,,,,365992.4968,5021024.646,45.32650342,-75.7193827,340
20--1524,2020/01/30,10:00 PM,VANIER PKWY NB btwn DONALD ST & QUEEN MARY ST (__3ZA25X),__3ZA25X,01 - Non intersection,03 - P.D. only,07 - SMV other,03 - Snow,07 - Dark,05 - Packed snow,10 - No control,,1,0,0,0,,0,,,,,370314.5615,5032249.027,45.42710658,-75.66276379,341
20--1525,2020/01/30,11:32 AM,ISLAND PARK DR btwn BYRON AVE & IONA ST (__3ZA233),__3ZA233,01 - Non intersection,03 - P.D. only,03 - Rear end,01 - Clear,01 - Daylight,02 - Wet,10 - No control,,2,0,0,0,,0,,,,,364279.5675,5028548.177,45.39434638,-75.74032673,342
20--1526,2020/01/30,11:45 AM,MEADOWLANDS DR/TALLWOOD DR @ WOODROFFE AVE (0000095),95,02 - Intersection related,03 - P.D. only,03 - Rear end,01 - Clear,01 - Daylight,01 - Dry,01 - Traffic signal,01 - Functioning,2,0,0,0,,0,,,,,363056.6903,5022730.482,45.34210224,-75.75663001,343
20--1527,2020/01/30,11:50 AM,BLAIR RD @ OGILVIE RD (0004120),4120,02 - Intersection related,03 - P.D. only,03 - Rear end,01 - Clear,01 - Daylight,01 - Dry,01 - Traffic signal,01 - Functioning,2,0,0,0,,0,,,,,374507.7264,5033198.588,45.43524489,-75.60904959,344
20--1528,2020/01/30,Unknown,HAMILTON AVE   N btwn ARMSTRONG ST & WELLINGTON ST W (__3ZA05N),__3ZA05N,01 - Non intersection,03 - P.D. only,06 - SMV unattended vehicle,01 - Clear,00 - Unknown,01 - Dry,10 - No control,,1,0,0,0,,0,,,,,365034.8839,5029328.925,45.40130682,-75.73058535,345
20--1529,2020/01/30,Unknown,CHAMPLAIN BRIDGE/ISLAND PARK DR btwn BATE ISLAND & OTTAWA RIVER PKWY (__3ZA2ZEB),__3ZA2ZEB,07 - Overpass or bridge,03 - P.D. only,03 - Rear end,01 - Clear,00 - Unknown,01 - Dry,10 - No control,,2,0,0,0,,0,,,,,363117.5882,5029729.242,45.40507114,-75.75502661,346
20--153,2020/01/05,9:29 PM,GLACIER ST btwn TRAFFORD LANE & WESSEX RD (__3ZAAA8),__3ZAAA8,04 - At/near private drive,03 - P.D. only,06 - SMV unattended vehicle,01 - Clear,07 - Dark,05 - Packed snow,10 - No control,,1,0,0,0,,0,,,,,363447.4036,5015172.634,45.27406439,-75.75253921,347
20--1530,2020/01/30,12:00 PM,BANK ST @ RIVERSIDE DR S (0002704),2704,02 - Intersection related,03 - P.D. only,03 - Rear end,01 - Clear,01 - Daylight,01 - Dry,01 - Traffic signal,00 - Unknown,2,0,0,0,,0,,,,,369304.7176,5027894.554,45.38802042,-75.67623735,348
20--1531,2020/01/30,12:20 PM,BAY ST @ WELLINGTON ST (0010737),10737,03 - At intersection,03 - P.D. only,02 - Angle,01 - Clear,01 - Daylight,01 - Dry,01 - Traffic signal,01 - Functioning,2,0,0,0,,0,,,,,366814.709,5031351.839,45.41935302,-75.70759829,349
20--1532,2020/01/30,3:30 PM,ALERT RD/AIRPORT PKWY/UPLANDS DR RAMP 62 @ LES (0003652),3652,02 - Intersection related,03 - P.D. only,04 - Sideswipe,01 - Clear,01 - Daylight,01 - Dry,01 - Traffic signal,01 - Functioning,2,0,0,0,,0,,,,,371306.7056,5021353.781,45.32898147,-75.65155364,350
20--1533,2020/01/30,4:00 PM,SECOND AVE @ BRONSON AVE (0007717),7717,02 - Intersection related,03 - P.D. only,03 - Rear end,01 - Clear,01 - Daylight,01 - Dry,02 - Stop sign,00 - Unknown,2,0,0,0,,0,,,,,367519.6995,5029162.555,45.39959166,-75.6988696,351
20--1534,2020/01/30,4:10 PM,BEECH ST @ PRESTON ST (0006160),6160,02 - Intersection related,03 - P.D. only,99 - Other,01 - Clear,01 - Daylight,01 - Dry,01 - Traffic signal,01 - Functioning,2,0,0,0,,0,,,,,366684.7126,5029269.547,45.40062865,-75.70952059,352
20--1535,2020/01/30,4:15 PM,REGIONAL ROAD 174 btwn OR174 IC105 RAMP25 & OR174 IC102 RAMP51 (__3ZA27G),__3ZA27G,01 - Non intersection,03 - P.D. only,99 - Other,01 - Clear,01 - Daylight,01 - Dry,10 - No control,,2,0,0,0,,0,,,,,379932.9839,5037298.334,45.47156943,-75.53909132,353
20--1536,2020/01/30,4:46 PM,RUSSELL RD btwn SOUTHVALE CRES & WALKLEY RD (__3ZA2LY),__3ZA2LY,01 - Non intersection,03 - P.D. only,05 - Turning movement,01 - Clear,05 - Dusk,01 - Dry,10 - No control,,2,0,0,0,,0,,,,,374650.088,5028521.802,45.39315141,-75.60789308,354
20--1537,2020/01/30,4:56 PM,COBOURG ST @ OLD ST. PATRICK ST (0007613),7613,03 - At intersection,02 - Non-fatal injury,02 - Angle,01 - Clear,05 - Dusk,01 - Dry,02 - Stop sign,01 - Functioning,2,0,0,0,02 - Minor,1,,1,,,368820.7053,5033173.591,45.43556379,-75.68173217,355
20--1538,2020/01/30,5:00 PM,BANK ST @ ROTARY WAY (0013660),13660,02 - Intersection related,03 - P.D. only,04 - Sideswipe,01 - Clear,05 - Dusk,01 - Dry,01 - Traffic signal,01 - Functioning,2,0,0,0,,0,,,,,375523.5441,5021226.117,45.32742054,-75.59778288,356
20--1539,2020/01/30,5:09 PM,LYNDA LANE @ SMYTH RD (0002250),2250,02 - Intersection related,03 - P.D. only,04 - Sideswipe,01 - Clear,05 - Dusk,01 - Dry,02 - Stop sign,01 - Functioning,2,0,0,0,,0,,,,,371611.721,5029191.548,45.39947399,-75.64660317,357
20--154,2020/01/05,9:46 PM,CENTURY RD    W btwn MCBEAN ST & GOODSTOWN RD (__3ZA4YF),__3ZA4YF,01 - Non intersection,02 - Non-fatal injury,07 - SMV other,01 - Clear,07 - Dark,01 - Dry,10 - No control,,1,0,0,0,02 - Minor,1,,1,,,359684.6028,5002630.641,45.16151266,-75.80187478,358
20--1540,2020/01/30,5:44 PM,STAFFORD RD btwn BEXLEY PL & RICHMOND RD (__3ZBNFY),__3ZBNFY,04 - At/near private drive,03 - P.D. only,02 - Angle,01 - Clear,07 - Dark,01 - Dry,10 - No control,,2,0,0,0,,0,,,,,358098.4296,5021181.16,45.32855558,-75.82006083,359
20--1541,2020/01/30,6:02 PM,WEST HUNT CLUB RD @ WOODROFFE AVE (0000576),576,02 - Intersection related,02 - Non-fatal injury,03 - Rear end,01 - Clear,07 - Dark,01 - Dry,01 - Traffic signal,01 - Functioning,3,0,0,0,02 - Minor,1,,1,,,363670.6796,5021246.491,45.32869815,-75.74897256,360
20--1542,2020/01/30,6:26 AM,CHAMPLAIN BRIDGE/ISLAND PARK DR btwn BATE ISLAND & OTTAWA RIVER PKWY (__3ZA2ZEB),__3ZA2ZEB,01 - Non intersection,03 - P.D. only,03 - Rear end,01 - Clear,07 - Dark,01 - Dry,10 - No control,,2,0,0,0,,0,,,,,363145.9952,5029575.29,45.40368354,-75.75468198,361
20--1543,2020/01/30,7:07 AM,BRIAN COBURN BLVD @ ESPRIT DR (0013113),13113,03 - At intersection,02 - Non-fatal injury,02 - Angle,01 - Clear,03 - Dawn,01 - Dry,02 - Stop sign,01 - Functioning,2,0,0,0,01 - Minimal,1,1,,,,385141.5798,5035343.539,45.45340228,-75.47280619,362
20--1544,2020/01/30,7:21 AM,BRONSON AVE @ SOMERSET ST (0002218),2218,03 - At intersection,03 - P.D. only,05 - Turning movement,01 - Clear,03 - Dawn,02 - Wet,01 - Traffic signal,01 - Functioning,2,0,0,0,,0,,,,,366967.6893,5030476.569,45.41146402,-75.70575417,363
20--1545,2020/01/30,7:29 AM,FINDLAY CREEK DR btwn DEVONWOOD CIRC & BANK ST (__45KVBB),__45KVBB,04 - At/near private drive,03 - P.D. only,02 - Angle,01 - Clear,03 - Dawn,01 - Dry,10 - No control,,2,0,0,0,,0,,,,,375749.53,5020401.378,45.31997707,-75.59501851,364
20--1546,2020/01/30,7:44 AM,RUSSELL RD btwn RUSSELL RD & WALKLEY RD (__3ZBPKX),__3ZBPKX,01 - Non intersection,03 - P.D. only,04 - Sideswipe,01 - Clear,03 - Dawn,01 - Dry,10 - No control,,2,0,0,0,,0,,,,,374780.0373,5028334.947,45.39145721,-75.60626011,365
20--1547,2020/01/30,7:45 AM,ST. JOSEPH BLVD btwn MONTREAL RD & OR174 IC109 RAMP55 (__3ZA2DJ),__3ZA2DJ,01 - Non intersection,03 - P.D. only,04 - Sideswipe,01 - Clear,03 - Dawn,01 - Dry,10 - No control,,2,0,0,0,,0,,,,,376508.0342,5035032.73,45.45154508,-75.58321918,366
20--1548,2020/01/30,7:46 AM,MORRISON DR @ BASELINE RD (0002570),2570,03 - At intersection,03 - P.D. only,03 - Rear end,01 - Clear,03 - Dawn,01 - Dry,01 - Traffic signal,01 - Functioning,2,0,0,0,,0,,,,,360099.6655,5022309.483,45.33855342,-75.79440649,367
20--1549,2020/01/30,8:11 AM,BRONSON AVE btwn QUEEN ST & ALBERT ST (__3ZA2FV),__3ZA2FV,01 - Non intersection,03 - P.D. only,03 - Rear end,01 - Clear,01 - Daylight,01 - Dry,10 - No control,,3,0,0,0,,0,,,,,366730.0595,5031040.819,45.41656205,-75.7087189,368
20--155,2020/01/06,1:05 PM,SAUNDERSON DR @ SMYTH RD (0007729),7729,02 - Intersection related,03 - P.D. only,03 - Rear end,03 - Snow,01 - Daylight,05 - Packed snow,01 - Traffic signal,01 - Functioning,2,0,0,0,,0,,,,,372793.7343,5029323.551,45.4005479,-75.63148866,369
20--1550,2020/01/30,8:40 PM,EDINA ST btwn ISLAND PARK CRES & ISLAND PARK CRES (__3ZBOOK),__3ZBOOK,01 - Non intersection,03 - P.D. only,99 - Other,01 - Clear,07 - Dark,05 - Packed snow,10 - No control,,2,0,0,0,,0,,,,,364815.1979,5028235.837,45.3914903,-75.73352426,370
20--1551,2020/01/30,8:45 AM,MONTMERE AVE btwn PLAINHILL DR & Continuation of MONTMERE AVE (__5UW3C2),__5UW3C2,04 - At/near private drive,03 - P.D. only,05 - Turning movement,01 - Clear,01 - Daylight,01 - Dry,10 - No control,,2,0,0,0,,0,,,,,386583.9915,5036011.976,45.45924889,-75.45425638,371
20--1552,2020/01/30,8:50 AM,BASELINE RD @ JOHN SUTHERLAND DR/VALLEY STREAM (0000011),11,03 - At intersection,03 - P.D. only,05 - Turning movement,01 - Clear,01 - Daylight,01 - Dry,01 - Traffic signal,01 - Functioning,2,0,0,0,,0,,,,,359310.6688,5021789.494,45.33393629,-75.80453018,372
20--1553,2020/01/30,8:58 AM,BYRON AVE @ CHURCHILL AVE (0006651),6651,03 - At intersection,02 - Non-fatal injury,07 - SMV other,01 - Clear,01 - Daylight,03 - Loose snow,01 - Traffic signal,01 - Functioning,1,0,0,1,01 - Minimal,1,1,,,,363274.6833,5028180.551,45.39112318,-75.75320358,373
20--1554,2020/01/30,9:10 AM,MONTREAL RD @ DUCHARME BLVD/CANTIN ST (0009319),9319,03 - At intersection,02 - Non-fatal injury,05 - Turning movement,01 - Clear,01 - Daylight,01 - Dry,01 - Traffic signal,01 - Functioning,2,0,0,0,01 - Minimal,1,1,,,,371017.7046,5033565.588,45.4388862,-75.65360197,374
20--1555,2020/01/30,9:20 AM,WALGATE AVE btwn MULVAGH AVE & CHARKAY ST (__3ZAAWT),__3ZAAWT,04 - At/near private drive,03 - P.D. only,06 - SMV unattended vehicle,01 - Clear,01 - Daylight,05 - Packed snow,10 - No control,,1,0,0,0,,0,,,,,365383.3695,5024193.575,45.35506986,-75.72676443,375
20--1556,2020/01/30,9:33 AM,EIGHTH ST @ KINGSDALE AVE (0009571),9571,02 - Intersection related,03 - P.D. only,03 - Rear end,01 - Clear,01 - Daylight,06 - Ice,02 - Stop sign,01 - Functioning,2,0,0,0,,0,,,,,373871.7338,5023853.496,45.35122521,-75.61848564,376
20--1557,2020/01/30,9:50 AM,GEMINI WAY btwn CENTREPOINTE DR & TURN LANE (__4B3Z5L),__4B3Z5L,04 - At/near private drive,03 - P.D. only,02 - Angle,01 - Clear,01 - Daylight,01 - Dry,10 - No control,,2,0,0,0,,0,,,,,362272.5746,5023472.895,45.34884711,-75.76654843,377
20--1558,2020/01/31,1:47 PM,CLYDE AVE btwn CARLING AVE & DOHENY ST (__3ZA0N4),__3ZA0N4,04 - At/near private drive,03 - P.D. only,02 - Angle,01 - Clear,01 - Daylight,01 - Dry,10 - No control,,2,0,0,0,,0,,,,,363561.0943,5026771.815,45.37842361,-75.74971376,378
20--1559,2020/01/31,10:00 PM,STAGECOACH RD btwn LAKESHORE DR & OLD PRESCOTT RD (__3ZA2CX),__3ZA2CX,01 - Non intersection,03 - P.D. only,07 - SMV other,03 - Snow,07 - Dark,02 - Wet,10 - No control,,1,0,0,0,,0,,,,,376928.0579,5011029.274,45.23553029,-75.58134979,379
20--156,2020/01/06,1:17 PM,CHARLEMAGNE BLVD @ MARINOFF WAY (0009842),9842,02 - Intersection related,03 - P.D. only,02 - Angle,03 - Snow,01 - Daylight,03 - Loose snow,02 - Stop sign,00 - Unknown,2,0,0,0,,0,,,,,384295.1679,5038166.66,45.4788989,-75.48316953,380
20--1560,2020/01/31,10:15 AM,BRONSON AVE @ FIFTH AVE/MADAWASKA DR (0006977),6977,02 - Intersection related,03 - P.D. only,03 - Rear end,01 - Clear,01 - Daylight,01 - Dry,01 - Traffic signal,01 - Functioning,2,0,0,0,,0,,,,,367613.715,5028938.553,45.39756773,-75.69769737,381
20--1561,2020/01/31,10:21 AM,KING EDWARD AVE @ LAURIER AVE (0002170),2170,02 - Intersection related,03 - P.D. only,03 - Rear end,01 - Clear,01 - Daylight,01 - Dry,01 - Traffic signal,01 - Functioning,2,0,0,0,,0,,,,,368739.7074,5032034.585,45.42532285,-75.68291522,382
20--1562,2020/01/31,10:35 AM,LIMEBANK RD btwn EARL ARMSTRONG RD & RIDEAU RD (__3ZA6L5),__3ZA6L5,01 - Non intersection,02 - Non-fatal injury,07 - SMV other,01 - Clear,01 - Daylight,01 - Dry,10 - No control,,1,0,0,0,03 - Major,1,,,1,,370605.8849,5014775.194,45.26985481,-75.66136636,383
20--1563,2020/01/31,11:00 PM,CATHERINE ST @ QUEEN ELIZABETH DRWY (0002627),2627,03 - At intersection,03 - P.D. only,05 - Turning movement,01 - Clear,07 - Dark,01 - Dry,10 - No control,,2,0,0,0,,0,,,,,368673.7103,5030634.57,45.41273203,-75.68394,384
20--1564,2020/01/31,11:01 AM,FALLOWFIELD RD @ STRANDHERD DR (0005238),5238,03 - At intersection,02 - Non-fatal injury,02 - Angle,01 - Clear,01 - Daylight,01 - Dry,01 - Traffic signal,01 - Functioning,2,0,0,0,02 - Minor,3,,3,,,360752.2142,5014962.163,45.27239018,-75.78691036,385
20--1565,2020/01/31,11:35 AM,MILTON RD @ NAVAN RD (0004709),4709,03 - At intersection,03 - P.D. only,02 - Angle,01 - Clear,01 - Daylight,01 - Dry,02 - Stop sign,01 - Functioning,2,0,0,0,,0,,,,,387268.7904,5031812.519,45.42138587,-75.44620522,386
20--1566,2020/01/31,11:38 AM,EARL ARMSTRONG RD @ RIVER RD (0012470),12470,02 - Intersection related,03 - P.D. only,03 - Rear end,01 - Clear,01 - Daylight,01 - Dry,01 - Traffic signal,01 - Functioning,2,0,0,0,,0,,,,,367572.7131,5014684.405,45.26931517,-75.70002886,387
20--1567,2020/01/31,11:55 AM,HWY 417 WOODROFF IC127R63 @ WOODROFFE AVE (0006462),6462,02 - Intersection related,03 - P.D. only,03 - Rear end,01 - Clear,01 - Daylight,01 - Dry,10 - No control,,2,0,0,0,,0,,,,,362110.2761,5024871.524,45.36144515,-75.76845734,388
20--1568,2020/01/31,Unknown,GILBEY DR btwn MERIVALE RD & KERRY CRES (__3ZAALV),__3ZAALV,01 - Non intersection,03 - P.D. only,06 - SMV unattended vehicle,01 - Clear,00 - Unknown,06 - Ice,10 - No control,,1,0,0,0,,0,,,,,364756.0074,5024654.001,45.35926663,-75.73471499,389
20--1569,2020/01/31,12:26 PM,CARP RD @ WESTBROOK RD (0001681),1681,02 - Intersection related,03 - P.D. only,03 - Rear end,01 - Clear,01 - Daylight,01 - Dry,01 - Traffic signal,01 - Functioning,2,0,0,0,,0,,,,,347737.559,5015442.447,45.27762708,-75.95272689,390
20--157,2020/01/06,1:30 PM,BRAMBLEWOOD CRES btwn STONEMEADOW DR & THUNDERBIRD CRES (__3ZA2VU),__3ZA2VU,04 - At/near private drive,03 - P.D. only,06 - SMV unattended vehicle,01 - Clear,01 - Daylight,05 - Packed snow,10 - No control,,1,0,0,0,,0,,,,,355860.1741,5016644.871,45.28790375,-75.8490802,391
20--1570,2020/01/31,12:55 PM,HERZBERG RD @ CARLING AVE (0003193),3193,03 - At intersection,02 - Non-fatal injury,05 - Turning movement,01 - Clear,01 - Daylight,01 - Dry,01 - Traffic signal,01 - Functioning,2,0,0,0,02 - Minor,1,,1,,,352037.6124,5022300.484,45.33906159,-75.89726853,392
20--1571,2020/01/31,2:49 PM,WELLINGTON ST    W btwn HURON AVE N & HOLLAND AVE (__3ZA4QO),__3ZA4QO,01 - Non intersection,03 - P.D. only,04 - Sideswipe,01 - Clear,01 - Daylight,01 - Dry,10 - No control,,2,0,0,0,,0,,,,,364908.3408,5029145.099,45.39966367,-75.73222402,393
20--1572,2020/01/31,3:10 PM,ROBERTSON RD @ WESTCLIFFE RD (0010387),10387,02 - Intersection related,03 - P.D. only,03 - Rear end,01 - Clear,01 - Daylight,01 - Dry,01 - Traffic signal,00 - Unknown,2,0,0,0,,0,,,,,356395.6406,5020053.468,45.31853572,-75.8418997,394
20--1573,2020/01/31,3:15 PM,CLEARVIEW AVE @ ISLAND PARK DR (0006144),6144,03 - At intersection,03 - P.D. only,02 - Angle,01 - Clear,01 - Daylight,02 - Wet,02 - Stop sign,00 - Unknown,2,0,0,0,,0,,,,,363546.6881,5029364.561,45.40175393,-75.74958903,395
20--1574,2020/01/31,3:48 PM,KENT ST @ LAURIER AVE (0002222),2222,03 - At intersection,02 - Non-fatal injury,07 - SMV other,01 - Clear,01 - Daylight,01 - Dry,01 - Traffic signal,01 - Functioning,1,0,0,1,02 - Minor,1,,1,,,367316.6967,5031164.597,45.4176236,-75.70120846,396
20--1575,2020/01/31,3:49 PM,ST. JOSEPH BLVD @ JEANNE D'ARC BLVD (0012421),12421,03 - At intersection,03 - P.D. only,02 - Angle,01 - Clear,01 - Daylight,01 - Dry,11 - Roundabout,01 - Functioning,2,0,0,0,,0,,,,,379860.7516,5036471.571,45.46413863,-75.54014127,397
20--1576,2020/01/31,4:00 PM,CLAPP LANE btwn MANOTICK MAIN ST & MILL ST (__3ZA9AR),__3ZA9AR,04 - At/near private drive,02 - Non-fatal injury,05 - Turning movement,01 - Clear,01 - Daylight,01 - Dry,10 - No control,,2,0,0,0,01 - Minimal,1,1,,,,368815.0059,5009934.839,45.22646698,-75.68481031,398
20--1577,2020/01/31,4:00 PM,REGIONAL ROAD 174 btwn OR174 IC112 RAMP36 & OR174 IC112 RAMP26 (__3ZAZFK),__3ZAZFK,01 - Non intersection,03 - P.D. only,04 - Sideswipe,01 - Clear,01 - Daylight,01 - Dry,10 - No control,,2,0,0,0,,0,,,,,374692.3439,5032763.694,45.43131353,-75.60675198,399
20--1578,2020/01/31,4:00 PM,JACKMAN TER btwn AIRD PL & AIRD PL (__3ZA50U),__3ZA50U,04 - At/near private drive,03 - P.D. only,02 - Angle,01 - Clear,01 - Daylight,01 - Dry,10 - No control,,2,0,0,0,,0,,,,,352087.4103,5019176.369,45.31094678,-75.89693152,400
20--1579,2020/01/31,4:05 AM,KIMBOLTON CRES btwn HELMSDALE DR & HELMSDALE DR (__3ZA44E),__3ZA44E,01 - Non intersection,03 - P.D. only,06 - SMV unattended vehicle,01 - Clear,07 - Dark,05 - Packed snow,10 - No control,,1,0,0,0,,0,,,,,350166.8416,5023858.27,45.35320235,-75.92099462,401
20--158,2020/01/06,1:45 PM,CONROY RD @ HUNT CLUB RD (0002257),2257,02 - Intersection related,03 - P.D. only,03 - Rear end,03 - Snow,01 - Daylight,06 - Ice,01 - Traffic signal,01 - Functioning,2,0,0,0,,0,,,,,373763.7126,5025404.504,45.36519118,-75.61964768,402
20--1580,2020/01/31,4:10 PM,D'AOUST AVE btwn CHILLIWACK WAY & TIMBERMILL ST (__3ZA8PO),__3ZA8PO,04 - At/near private drive,03 - P.D. only,06 - SMV unattended vehicle,01 - Clear,01 - Daylight,05 - Packed snow,10 - No control,,1,0,0,0,,0,,,,,372373.0905,5023560.179,45.34873205,-75.63764965,403
20--1581,2020/01/31,4:15 PM,CYRVILLE RD @ ST. LAURENT BLVD (0002647),2647,03 - At intersection,02 - Non-fatal injury,07 - SMV other,01 - Clear,01 - Daylight,01 - Dry,01 - Traffic signal,01 - Functioning,1,0,0,1,01 - Minimal,1,1,,,,372241.7096,5032111.583,45.42568676,-75.63815759,404
20--1582,2020/01/31,4:15 PM,GERALD ST @ OLD MONTREAL RD (0004634),4634,03 - At intersection,03 - P.D. only,02 - Angle,01 - Clear,01 - Daylight,01 - Dry,02 - Stop sign,01 - Functioning,2,0,0,0,,0,,,,,384924.7751,5039410.574,45.49001844,-75.47491448,405
20--1583,2020/01/31,4:18 PM,GRANT CARMAN DR @ MEADOWLANDS DR (0001111),1111,03 - At intersection,03 - P.D. only,05 - Turning movement,01 - Clear,01 - Daylight,01 - Dry,01 - Traffic signal,01 - Functioning,2,0,0,0,,0,,,,,365051.6923,5023901.503,45.35247042,-75.73103289,406
20--1584,2020/01/31,4:57 PM,MEADOWLANDS DR/TALLWOOD DR @ WOODROFFE AVE (0000095),95,02 - Intersection related,03 - P.D. only,03 - Rear end,01 - Clear,05 - Dusk,01 - Dry,01 - Traffic signal,01 - Functioning,3,0,0,0,,0,,,,,363056.6803,5022730.494,45.34210235,-75.75663013,407
20--1585,2020/01/31,5:20 PM,HIGHWAY 417 btwn HWY417 IC121B RAMP16 & HWY417 IC121A RAMP16 (__3ZA2YX),__3ZA2YX,01 - Non intersection,03 - P.D. only,03 - Rear end,01 - Clear,05 - Dusk,01 - Dry,10 - No control,,3,0,0,0,,0,,,,,366870.7598,5029617.297,45.40374114,-75.70710059,408
20--1586,2020/01/31,5:51 AM,JOHN QUINN RD @ MITCH OWENS RD (0009274),9274,03 - At intersection,03 - P.D. only,05 - Turning movement,01 - Clear,07 - Dark,01 - Dry,02 - Stop sign,00 - Unknown,2,0,0,0,,0,,,,,380591.7752,5017701.47,45.29517872,-75.53367572,409
20--1587,2020/01/31,5:53 PM,CARLING AVE @ CLYDE AVE/COLE AVE (0006984),6984,03 - At intersection,02 - Non-fatal injury,07 - SMV other,01 - Clear,07 - Dark,01 - Dry,01 - Traffic signal,01 - Functioning,1,0,0,1,02 - Minor,1,,1,,,363520.6911,5026850.544,45.37913539,-75.75022024,410
20--1588,2020/01/31,5:54 PM,ST. LAURENT BLVD btwn TREMBLAY RD & SHORE ST (__3ZA2GT),__3ZA2GT,01 - Non intersection,03 - P.D. only,03 - Rear end,01 - Clear,07 - Dark,01 - Dry,10 - No control,,2,0,0,0,,0,,,,,372623.8762,5031170.255,45.41718019,-75.63340401,411
20--1589,2020/01/31,6:07 PM,WOODROFFE AVE @ HWY 417 WOODROFF IC127R26/HWY4 (0002355),2355,03 - At intersection,03 - P.D. only,05 - Turning movement,01 - Clear,07 - Dark,01 - Dry,01 - Traffic signal,01 - Functioning,2,0,0,0,,0,,,,,362082.6854,5024939.522,45.36205925,-75.76880161,412