Anom_ID,Accident_Date,Accident_Time,Location,Geo_ID,Accident_Location,Classification_of_Accident,Initial_Impact_Type,Environment_Condition,Light,Road_Surface_Condition,Traffic_Control,Traffic_Control_Condition,No__of_Vehicles,No__of_Bicycles,No__of_Motorcycles,No__of_Pedestrians,Max_Injury,No__of_Injuries,No__of_Minimal,No__of_Minor,No__of_Major,No__of_Fatal,X,Y,Latitude,Longitude,ObjectId
20--1662,2020/02/02,5:03 PM,FALLOWFIELD RD btwn HWY416 IC66 RAMP52 & HWY416 IC66 RAMP24 (__3ZAZM4),__3ZAZM4,07 - Overpass or bridge,03 - P.D. only,99 - Other,01 - Clear,01 - Daylight,01 - Dry,10 - No control,,2,0,0,0,,0,,,,,360082.322,5014797.377,45.2709604,-75.79546558,494
20--1663,2020/02/02,6:24 PM,KING EDWARD AVE @ MURRAY ST (0002713),2713,02 - Intersection related,03 - P.D. only,03 - Rear end,01 - Clear,07 - Dark,01 - Dry,01 - Traffic signal,01 - Functioning,2,0,0,0,,0,,,,,368291.6949,5032753.581,45.43183293,-75.68854709,495
20--1664,2020/02/02,7:02 PM,CUMMINGS AVE @ WELDON DR (0009381),9381,03 - At intersection,03 - P.D. only,05 - Turning movement,01 - Clear,07 - Dark,02 - Wet,02 - Stop sign,00 - Unknown,2,0,0,0,,0,,,,,372696.7214,5032294.579,45.42728925,-75.63231841,496
20--1665,2020/02/02,8:40 PM,KING EDWARD AVE @ STEWART ST (0007754),7754,02 - Intersection related,03 - P.D. only,04 - Sideswipe,01 - Clear,07 - Dark,01 - Dry,01 - Traffic signal,01 - Functioning,2,0,0,0,,0,,,,,368634.7103,5032205.585,45.42687103,-75.68423468,497
20--1666,2020/02/02,9:06 PM,REGIONAL ROAD 174 btwn OR174 IC105 RAMP26 & OR174 IC105 RAMP63 (__3ZA2XB),__3ZA2XB,01 - Non intersection,03 - P.D. only,07 - SMV other,01 - Clear,07 - Dark,03 - Loose snow,10 - No control,,1,0,0,0,,0,,,,,379730.7115,5037215.358,45.47084461,-75.54169056,498
20--1667,2020/02/02,9:10 AM,HUNT CLUB RD btwn WEST HUNT CLUB RD & TURN LANE (__3ZBOEO),__3ZBOEO,01 - Non intersection,03 - P.D. only,03 - Rear end,03 - Snow,01 - Daylight,03 - Loose snow,10 - No control,,2,0,0,0,,0,,,,,367891.1505,5021901.921,45.33422888,-75.69505261,499
20--1668,2020/02/02,9:44 AM,ABBOTT ST @ STITTSVILLE MAIN ST (0000082),82,02 - Intersection related,03 - P.D. only,07 - SMV other,03 - Snow,01 - Daylight,03 - Loose snow,01 - Traffic signal,01 - Functioning,1,0,0,0,,0,,,,,350248.5923,5013331.423,45.25847353,-75.92091657,500
20--1036,2020/01/21,2:46 PM,ANDALUSIAN CRES E/LOSINO CRES @ WESTPHALIAN AVE (0016053),16053,03 - At intersection,03 - P.D. only,02 - Angle,01 - Clear,01 - Daylight,01 - Dry,02 - Stop sign,01 - Functioning,2,0,0,0,,0,,,,,353328.1588,5015646.957,45.27910366,-75.88145421,501
20--1037,2020/01/21,3:05 PM,ROCKCLIFFE PKWY/AVIATION PKWY WB ON RAMP @ AVI (0002201),2201,02 - Intersection related,03 - P.D. only,03 - Rear end,01 - Clear,01 - Daylight,02 - Wet,03 - Yield sign,01 - Functioning,3,0,0,0,,0,,,,,371337.708,5035660.615,45.45770588,-75.64922877,502
20--1038,2020/01/21,3:19 PM,MONTREAL RD btwn BEGIN ST & PARK ST (__3ZA3L5),__3ZA3L5,01 - Non intersection,03 - P.D. only,04 - Sideswipe,01 - Clear,01 - Daylight,04 - Slush,10 - No control,,2,0,0,0,,0,,,,,370500.472,5033306.896,45.4366074,-75.66024707,503
20--1039,2020/01/21,3:30 AM,COVENTRY RD @ VANIER PKWY (0002139),2139,02 - Intersection related,03 - P.D. only,02 - Angle,03 - Snow,07 - Dark,03 - Loose snow,01 - Traffic signal,01 - Functioning,2,0,0,0,,0,,,,,370676.3917,5031611.697,45.42133817,-75.65822555,504
20--104,2020/01/04,11:34 AM,RIDDELL DR btwn MARCH VALLEY RD & SIXTH LINE RD (__3ZA42B),__3ZA42B,01 - Non intersection,03 - P.D. only,07 - SMV other,03 - Snow,01 - Daylight,02 - Wet,10 - No control,,1,0,0,0,,0,,,,,348569.4492,5027605.249,45.38701999,-75.94104874,505
20--1040,2020/01/21,3:44 PM,MAITLAND AVE/GLENMOUNT AVE @ ERINDALE DR (0002724),2724,03 - At intersection,03 - P.D. only,05 - Turning movement,01 - Clear,01 - Daylight,02 - Wet,01 - Traffic signal,01 - Functioning,2,0,0,0,,0,,,,,363697.7086,5025211.514,45.36437277,-75.74815561,506
20--1041,2020/01/21,3:45 PM,SPRUCE RIDGE RD btwn RICHARDSON SIDE RD & HAZELDEAN RD (__7JQ7ID),__7JQ7ID,01 - Non intersection,03 - P.D. only,07 - SMV other,01 - Clear,01 - Daylight,05 - Packed snow,10 - No control,,1,0,0,0,,0,,,,,343390.0963,5014178.552,45.26650603,-76.0082348,507
20--1042,2020/01/21,4:36 PM,PARKDALE AVE btwn HUTCHISON AVE & RUSKIN ST (__3ZA4O3),__3ZA4O3,01 - Non intersection,03 - P.D. only,06 - SMV unattended vehicle,03 - Snow,05 - Dusk,04 - Slush,10 - No control,,1,0,0,0,,0,,,,,365495.7628,5028479.146,45.39362089,-75.72480339,508
20--1043,2020/01/21,5:05 PM,BELFAST RD btwn TRIOLE ST & MICHAEL ST (__3ZA793),__3ZA793,04 - At/near private drive,03 - P.D. only,02 - Angle,01 - Clear,05 - Dusk,03 - Loose snow,10 - No control,,2,0,0,0,,0,,,,,373029.1555,5030641.08,45.41237952,-75.62829956,509
20--1044,2020/01/21,5:16 PM,COVENTRY RD @ LOLA ST (0007175),7175,02 - Intersection related,03 - P.D. only,03 - Rear end,01 - Clear,05 - Dusk,06 - Ice,01 - Traffic signal,01 - Functioning,3,0,0,0,,0,,,,,371263.714,5031614.579,45.42130855,-75.65072113,510
20--1045,2020/01/21,5:21 PM,KENT ST @ QUEEN ST (0003137),3137,03 - At intersection,03 - P.D. only,07 - SMV other,01 - Clear,05 - Dusk,01 - Dry,01 - Traffic signal,01 - Functioning,1,0,0,0,,0,,,,,367179.6736,5031386.585,45.41963321,-75.70293096,511
20--1046,2020/01/21,5:34 PM,ST. LAURENT BLVD @ WALKLEY RD (0007653),7653,02 - Intersection related,02 - Non-fatal injury,03 - Rear end,01 - Clear,05 - Dusk,01 - Dry,01 - Traffic signal,01 - Functioning,2,0,0,0,02 - Minor,1,,1,,,373902.7462,5028046.86,45.38895225,-75.6175033,512
20--1047,2020/01/21,6:06 PM,MARCH RD @ SOLANDT RD (0003172),3172,03 - At intersection,03 - P.D. only,05 - Turning movement,01 - Clear,07 - Dark,02 - Wet,01 - Traffic signal,01 - Functioning,2,0,0,0,,0,,,,,350489.605,5022710.508,45.34285359,-75.91698152,513
20--1048,2020/01/21,6:30 AM,REGIONAL ROAD 174 btwn OR174 IC112 RAMP36 & OR174 IC112 RAMP26 (__3ZAZFK),__3ZAZFK,01 - Non intersection,03 - P.D. only,03 - Rear end,01 - Clear,07 - Dark,06 - Ice,10 - No control,,4,0,0,0,,0,,,,,374693.5776,5032764.657,45.43132207,-75.60673608,514
20--1049,2020/01/21,6:30 AM,HIGHWAY 417 btwn Continuation of HIGHWAY 417 & HWY417 IC134 RAMP51 (__3ZA29B),__3ZA29B,01 - Non intersection,02 - Non-fatal injury,03 - Rear end,01 - Clear,07 - Dark,01 - Dry,10 - No control,,2,0,0,0,01 - Minimal,2,2,,,,354585.589,5021166.801,45.32868436,-75.86487345,515
20--105,2020/01/04,11:40 AM,BESSERER ST @ DALHOUSIE ST (0011452),11452,03 - At intersection,03 - P.D. only,04 - Sideswipe,01 - Clear,01 - Daylight,02 - Wet,01 - Traffic signal,01 - Functioning,2,0,0,0,,0,,,,,368252.7058,5032157.579,45.42647385,-75.68912213,516
20--1050,2020/01/21,6:32 AM,HIGHWAY 417 btwn HWY417 IC139 RAMP15 & HWY417 IC138 RAMP51 (__3ZA2QR),__3ZA2QR,01 - Non intersection,02 - Non-fatal injury,03 - Rear end,01 - Clear,07 - Dark,01 - Dry,10 - No control,,3,0,0,0,01 - Minimal,1,1,,,,352268.2113,5019680.671,45.31547241,-75.89457753,517
20--1051,2020/01/21,6:45 AM,REGIONAL ROAD 174 btwn OR174 IC112 RAMP36 & OR174 IC112 RAMP26 (__3ZAZFK),__3ZAZFK,01 - Non intersection,02 - Non-fatal injury,03 - Rear end,01 - Clear,07 - Dark,06 - Ice,10 - No control,,2,0,0,0,02 - Minor,1,,1,,,374709.0299,5032776.552,45.43142755,-75.60653693,518
20--1052,2020/01/21,6:58 AM,FLEWELLYN RD btwn ORMROD RD & DWYER HILL RD (__3ZAC6N),__3ZAC6N,01 - Non intersection,03 - P.D. only,03 - Rear end,01 - Clear,03 - Dawn,02 - Wet,10 - No control,,2,0,0,0,,0,,,,,341954.9043,5002338.992,45.16004407,-76.02740648,519
20--1053,2020/01/21,7:00 AM,HIGHWAY 417 btwn HIGHWAY 417 & HWY417 IC140 RAMP51 (__3ZA20L),__3ZA20L,01 - Non intersection,03 - P.D. only,03 - Rear end,01 - Clear,03 - Dawn,01 - Dry,10 - No control,,6,0,0,0,,0,,,,,350341.6098,5018208.773,45.30235547,-75.9192839,520
20--1054,2020/01/21,7:17 AM,RICHMOND RD @ WEST HUNT CLUB RD (0000598),598,02 - Intersection related,03 - P.D. only,03 - Rear end,01 - Clear,03 - Dawn,06 - Ice,01 - Traffic signal,01 - Functioning,3,0,0,0,,0,,,,,357145.6362,5018152.463,45.30137473,-75.83253499,521
20--1055,2020/01/21,7:20 AM,HIGHWAY 417 btwn HWY417 IC140 RAMP25 & HWY417 IC139 RAMP15 (__4BCLBK),__4BCLBK,01 - Non intersection,02 - Non-fatal injury,03 - Rear end,01 - Clear,03 - Dawn,01 - Dry,10 - No control,,2,0,0,0,02 - Minor,1,,1,,,351452.9186,5018979.321,45.30921613,-75.90504147,522
20--1056,2020/01/21,7:48 AM,MONTREAL RD btwn PALACE ST & VANIER PKWY (__3ZA3LL),__3ZA3LL,04 - At/near private drive,03 - P.D. only,05 - Turning movement,01 - Clear,03 - Dawn,02 - Wet,10 - No control,,2,0,0,0,,0,,,,,369995.0347,5033021.434,45.43408624,-75.66674445,523
20--1057,2020/01/21,7:52 AM,HIGHWAY 417 btwn HIGHWAY 417 & HWY417 IC140 RAMP51 (__3ZA20L),__3ZA20L,01 - Non intersection,03 - P.D. only,03 - Rear end,01 - Clear,03 - Dawn,01 - Dry,10 - No control,,2,0,0,0,,0,,,,,350289.5935,5018180.69,45.30210614,-75.91994972,524
20--1058,2020/01/21,8:07 AM,TERRY FOX DR @ FERNBANK RD (0011863),11863,03 - At intersection,03 - P.D. only,02 - Angle,01 - Clear,01 - Daylight,02 - Wet,01 - Traffic signal,01 - Functioning,2,0,0,0,,0,,,,,354303.6294,5015130.47,45.27438818,-75.869073,525
20--1059,2020/01/21,8:26 AM,BLACKBURN BYPASS @ INNES RD E (0009245),9245,02 - Intersection related,03 - P.D. only,03 - Rear end,01 - Clear,01 - Daylight,02 - Wet,01 - Traffic signal,01 - Functioning,2,0,0,0,,0,,,,,379791.7429,5033781.563,45.43994336,-75.54143373,526
20--106,2020/01/04,11:44 AM,ST. LAURENT BLVD @ MCARTHUR AVE (0008246),8246,02 - Intersection related,03 - P.D. only,04 - Sideswipe,03 - Snow,01 - Daylight,02 - Wet,01 - Traffic signal,01 - Functioning,2,0,0,0,,0,,,,,371921.7029,5032887.568,45.4326995,-75.64214075,527
20--1060,2020/01/21,8:30 AM,BANK ST @ VANCOUVER AVE (0011964),11964,02 - Intersection related,03 - P.D. only,03 - Rear end,01 - Clear,01 - Daylight,01 - Dry,02 - Stop sign,01 - Functioning,2,0,0,0,,0,,,,,370441.2303,5025683.758,45.36802283,-75.66201886,528
20--1061,2020/01/21,8:55 PM,VANIER PKWY SB btwn PRESLAND RD & COVENTRY RD (__3ZA4S5B),__3ZA4S5B,01 - Non intersection,03 - P.D. only,03 - Rear end,01 - Clear,07 - Dark,02 - Wet,10 - No control,,2,0,0,0,,0,,,,,370533.4645,5031676.402,45.4219338,-75.66004306,529
20--1062,2020/01/21,8:57 AM,PINE HILL DR btwn OSPREY CRES & OSPREY CRES (__4CPKZ3),__4CPKZ3,01 - Non intersection,03 - P.D. only,03 - Rear end,01 - Clear,01 - Daylight,02 - Wet,07 - School bus,01 - Functioning,2,0,0,0,,0,,,,,355649.0687,5017520.561,45.29579868,-75.85168145,530
20--1063,2020/01/21,9:00 AM,BANK ST @ GROVE AVE (0007217),7217,03 - At intersection,03 - P.D. only,02 - Angle,01 - Clear,01 - Daylight,04 - Slush,02 - Stop sign,01 - Functioning,2,0,0,0,,0,,,,,368847.7081,5028372.544,45.39236317,-75.68201099,531
20--1064,2020/01/21,9:15 AM,SLACK RD @ WOODROFFE AVE (0000102),102,03 - At intersection,03 - P.D. only,05 - Turning movement,01 - Clear,01 - Daylight,02 - Wet,01 - Traffic signal,01 - Functioning,3,0,0,0,,0,,,,,364233.6937,5019974.474,45.31720518,-75.74194334,532
20--1065,2020/01/21,9:30 AM,STRANDHERD DR @ WOODROFFE AVE (0009688),9688,02 - Intersection related,03 - P.D. only,03 - Rear end,01 - Clear,01 - Daylight,01 - Dry,01 - Traffic signal,01 - Functioning,2,0,0,0,,0,,,,,366106.1539,5015395.151,45.27583981,-75.71862907,533
20--1066,2020/01/21,9:36 AM,BRONSON AVE @ CATHERINE ST/RAYMOND ST (0007198),7198,03 - At intersection,03 - P.D. only,05 - Turning movement,01 - Clear,01 - Daylight,01 - Dry,01 - Traffic signal,01 - Functioning,2,0,0,0,,0,,,,,367252.7097,5029796.568,45.4053202,-75.70219928,534
20--1067,2020/01/21,9:37 AM,BASELINE RD @ NAVAHO DR (0003158),3158,02 - Intersection related,03 - P.D. only,03 - Rear end,01 - Clear,01 - Daylight,01 - Dry,01 - Traffic signal,01 - Functioning,2,0,0,0,,0,,,,,363085.6877,5024097.506,45.3544002,-75.75609891,535
20--1068,2020/01/21,9:43 AM,FITZGERALD RD btwn ROBERTSON RD & MOODIE DR (__3ZA5ZV),__3ZA5ZV,01 - Non intersection,03 - P.D. only,06 - SMV unattended vehicle,01 - Clear,01 - Daylight,05 - Packed snow,10 - No control,,1,0,0,0,,0,,,,,356828.2083,5020773.852,45.3249859,-75.83630701,536
20--1069,2020/01/22,1:00 AM,HIGHWAY 417 btwn HWY417 IC117 RAMP35 & HWY417 IC117 RAMP25 (__3ZA1QA),__3ZA1QA,01 - Non intersection,03 - P.D. only,04 - Sideswipe,01 - Clear,07 - Dark,01 - Dry,10 - No control,,2,0,0,0,,0,,,,,371089.0694,5031324.324,45.41871353,-75.65299156,537
20--107,2020/01/04,11:47 AM,CARBROOKE ST @ DESMOND AVE (0003952),3952,02 - Intersection related,03 - P.D. only,03 - Rear end,03 - Snow,01 - Daylight,02 - Wet,02 - Stop sign,01 - Functioning,2,0,0,0,,0,,,,,353512.6149,5018111.463,45.30126712,-75.87886124,538
20--1070,2020/01/22,1:07 PM,HINTON AVE   S btwn SHERWOOD DR & KENILWORTH ST (__3ZBON0),__3ZBON0,04 - At/near private drive,03 - P.D. only,02 - Angle,01 - Clear,01 - Daylight,03 - Loose snow,10 - No control,,2,0,0,0,,0,,,,,365263.4483,5028599.125,45.39472053,-75.72775549,539
20--1071,2020/01/22,1:45 PM,HIGHWAY 417 btwn HWY417 IC122 RAMP61 & HWY417 IC121B RAMP16 (__3ZA2Y4),__3ZA2Y4,01 - Non intersection,03 - P.D. only,03 - Rear end,01 - Clear,01 - Daylight,01 - Dry,10 - No control,,2,0,0,0,,0,,,,,365678.1389,5029129.136,45.39945352,-75.72239411,540
20--1072,2020/01/22,1:46 PM,WALKLEY RD @ HEATHERINGTON RD (0006928),6928,03 - At intersection,03 - P.D. only,02 - Angle,01 - Clear,01 - Daylight,02 - Wet,01 - Traffic signal,01 - Functioning,2,0,0,0,,0,,,,,371766.7173,5026794.521,45.37789168,-75.64494886,541
20--1073,2020/01/22,10:15 AM,HIGHWAY 417 btwn HWY417 IC126 RAMP25 & HWY417 IC124 RAMP57 (__3ZA2R5),__3ZA2R5,01 - Non intersection,03 - P.D. only,03 - Rear end,01 - Clear,01 - Daylight,06 - Ice,10 - No control,,2,0,0,0,,0,,,,,363613.6816,5026431.325,45.37535552,-75.74908291,542
20--1074,2020/01/22,10:28 AM,TERRY FOX DR S @ DIDSBURY RD/CENTRUM KANATA SC (0011820),11820,02 - Intersection related,03 - P.D. only,02 - Angle,01 - Clear,01 - Daylight,02 - Wet,01 - Traffic signal,01 - Functioning,2,0,0,0,,0,,,,,350623.4808,5018915.747,45.30869868,-75.9156245,543
20--1075,2020/01/22,10:28 PM,CARP RD btwn CHARLIE'S LANE & JUANITA AVE (__3ZA3GK),__3ZA3GK,01 - Non intersection,03 - P.D. only,07 - SMV other,01 - Clear,07 - Dark,03 - Loose snow,10 - No control,,1,0,0,0,,0,,,,,340560.5899,5023538.286,45.35087871,-76.04361546,544
20--1076,2020/01/22,10:54 AM,PINECREST RD/HWY 417 PINECRE IC129R63 @ TRANSI (0008264),8264,03 - At intersection,03 - P.D. only,02 - Angle,01 - Clear,01 - Daylight,01 - Dry,01 - Traffic signal,01 - Functioning,2,0,0,0,,0,,,,,360388.0839,5023677.828,45.35084298,-75.79057294,545
20--1077,2020/01/22,10:59 AM,BANK ST @ BLAIS RD (0009264),9264,03 - At intersection,02 - Non-fatal injury,02 - Angle,01 - Clear,01 - Daylight,02 - Wet,01 - Traffic signal,01 - Functioning,2,0,0,0,02 - Minor,1,,1,,,376154.9105,5019727.575,45.31387339,-75.58994548,546
20--1078,2020/01/22,11:18 AM,KIRKWOOD AVE @ LAPERRIERE AVE (0006742),6742,03 - At intersection,02 - Non-fatal injury,05 - Turning movement,01 - Clear,01 - Daylight,02 - Wet,01 - Traffic signal,01 - Functioning,2,0,0,0,02 - Minor,1,,1,,,364519.7015,5026958.533,45.38002262,-75.73745236,547
20--1079,2020/01/22,11:22 AM,COLLINS AVE @ EDGE HILL PL (0006860),6860,03 - At intersection,03 - P.D. only,02 - Angle,01 - Clear,01 - Daylight,01 - Dry,02 - Stop sign,01 - Functioning,2,0,0,0,,0,,,,,370266.7206,5026724.539,45.37740376,-75.66410848,548
20--108,2020/01/04,Unknown,CARTIER ST btwn MCLEOD ST & MCLEOD ST (__3ZA80E),__3ZA80E,01 - Non intersection,03 - P.D. only,06 - SMV unattended vehicle,01 - Clear,00 - Unknown,02 - Wet,10 - No control,,1,0,0,0,,0,,,,,368587.4259,5030856.362,45.41473551,-75.68501356,549
20--1080,2020/01/22,11:25 PM,HAZEL ST @ MAIN ST (0007202),7202,03 - At intersection,03 - P.D. only,07 - SMV other,01 - Clear,07 - Dark,03 - Loose snow,01 - Traffic signal,01 - Functioning,1,0,0,0,,0,,,,,369166.7032,5030173.557,45.40853883,-75.6777023,550
20--1081,2020/01/22,11:28 AM,EAGLESON RD @ SHATNER GT (0003688),3688,02 - Intersection related,03 - P.D. only,05 - Turning movement,01 - Clear,01 - Daylight,02 - Wet,02 - Stop sign,00 - Unknown,3,0,0,0,,0,,,,,353528.6326,5018789.449,45.30736667,-75.87859036,551
20--1082,2020/01/22,11:45 AM,REGIONAL ROAD 174 btwn EAST SHORE RD & MORIN RD (__3ZA27Q),__3ZA27Q,01 - Non intersection,03 - P.D. only,99 - Other,01 - Clear,01 - Daylight,01 - Dry,10 - No control,,3,0,0,0,,0,,,,,391939.5987,5042790.565,45.51958673,-75.38458551,552
20--1083,2020/01/22,Unknown,SOMERSET ST    W btwn BECKINGTON PRIV & BANK ST (__3ZAZQ1),__3ZAZQ1,01 - Non intersection,03 - P.D. only,06 - SMV unattended vehicle,01 - Clear,00 - Unknown,04 - Slush,10 - No control,,1,0,0,0,,0,,,,,367643.9237,5030885.062,45.41507912,-75.69706346,553
20--1084,2020/01/22,Unknown,NORMAN ST btwn PRESTON ST & ROCHESTER ST (__3ZA049),__3ZA049,01 - Non intersection,03 - P.D. only,06 - SMV unattended vehicle,01 - Clear,00 - Unknown,04 - Slush,10 - No control,,1,0,0,0,,0,,,,,366823.3243,5029241.013,45.40035964,-75.7077538,554
20--1085,2020/01/22,Unknown,POPLAR ST btwn ROCHESTER ST & BOOTH ST (__3ZAAK0),__3ZAAK0,01 - Non intersection,03 - P.D. only,06 - SMV unattended vehicle,01 - Clear,00 - Unknown,02 - Wet,10 - No control,,1,0,0,0,,0,,,,,366659.3818,5030049.748,45.40765093,-75.70974624,555
20--1086,2020/01/22,Unknown,TOPLEY CRES btwn KARSH DR & KEYS WAY (2) (__3ZA8NC),__3ZA8NC,01 - Non intersection,03 - P.D. only,06 - SMV unattended vehicle,01 - Clear,00 - Unknown,02 - Wet,10 - No control,,1,0,0,0,,0,,,,,373851.3337,5026306.347,45.37329695,-75.61840323,556
20--1087,2020/01/22,12:02 AM,ALBION RD @ RIDEAU RD (0009356),9356,03 - At intersection,03 - P.D. only,05 - Turning movement,01 - Clear,07 - Dark,02 - Wet,01 - Traffic signal,01 - Functioning,2,0,0,0,,0,,,,,375092.74,5016674.458,45.28650964,-75.60392349,557
20--1088,2020/01/22,12:17 PM,CAVAN ST @ RAVEN AVE (0002565),2565,03 - At intersection,03 - P.D. only,02 - Angle,01 - Clear,01 - Daylight,01 - Dry,02 - Stop sign,01 - Functioning,2,0,0,0,,0,,,,,364523.7102,5026668.522,45.37741281,-75.73743626,558
20--1089,2020/01/22,2:00 AM,HIGHWAY 417 btwn HWY417 IC96 RAMP61 & HWY417 IC88 RAMP16 (__3ZA27Z),__3ZA27Z,01 - Non intersection,03 - P.D. only,03 - Rear end,01 - Clear,07 - Dark,01 - Dry,10 - No control,,2,0,0,0,,0,,,,,388509.7943,5023715.527,45.34838945,-75.43172342,559
20--109,2020/01/04,Unknown,AKERSON RD btwn COPE DR & OAKGLADE AVE (__7IFXO8),__7IFXO8,01 - Non intersection,03 - P.D. only,06 - SMV unattended vehicle,01 - Clear,00 - Unknown,02 - Wet,10 - No control,,1,0,0,0,,0,,,,,354323.147,5015837.622,45.28074993,-75.86875372,560
20--1090,2020/01/22,2:00 PM,ROSEBERY AVE btwn BANK ST & END (__3ZA95A),__3ZA95A,04 - At/near private drive,03 - P.D. only,06 - SMV unattended vehicle,01 - Clear,01 - Daylight,04 - Slush,10 - No control,,1,0,0,0,,0,,,,,368089.7866,5030046.325,45.40749225,-75.69147507,561
20--1091,2020/01/22,2:00 PM,BASELINE RD @ WOODROFFE AVE (0002225),2225,02 - Intersection related,03 - P.D. only,03 - Rear end,01 - Clear,01 - Daylight,01 - Dry,01 - Traffic signal,01 - Functioning,2,0,0,0,,0,,,,,362549.6849,5023770.504,45.35150221,-75.76297755,562
20--1092,2020/01/22,2:15 PM,ELGIN ST @ LAURIER AVE (0002232),2232,02 - Intersection related,03 - P.D. only,03 - Rear end,01 - Clear,01 - Daylight,02 - Wet,01 - Traffic signal,01 - Functioning,2,0,0,0,,0,,,,,367948.5522,5031549.846,45.4210332,-75.69308651,563
20--1093,2020/01/22,2:20 PM,EARL ARMSTRONG RD @ LIMEBANK RD (0004456),4456,02 - Intersection related,03 - P.D. only,03 - Rear end,01 - Clear,01 - Daylight,02 - Wet,01 - Traffic signal,01 - Functioning,2,0,0,0,,0,,,,,370155.7067,5015960.443,45.28056147,-75.66694681,564
20--1094,2020/01/22,2:32 PM,MAPLE GROVE RD @ TERRY FOX DR (0003177),3177,03 - At intersection,02 - Non-fatal injury,05 - Turning movement,01 - Clear,01 - Daylight,01 - Dry,01 - Traffic signal,01 - Functioning,2,0,0,0,02 - Minor,2,,2,,,351553.607,5017864.474,45.29917776,-75.90386262,565
20--1095,2020/01/22,2:36 PM,MARITIME WAY btwn GREAT LAKES AVE & KANATA AVE (__6REWQH),__6REWQH,01 - Non intersection,03 - P.D. only,06 - SMV unattended vehicle,01 - Clear,01 - Daylight,05 - Packed snow,10 - No control,,1,0,0,0,,0,,,,,351442.192,5019385.095,45.3128681,-75.90514006,566
20--1096,2020/01/22,2:53 PM,LAURIER AVE   W btwn BRONSON AVE & PERCY ST (__3ZA33Z),__3ZA33Z,01 - Non intersection,03 - P.D. only,06 - SMV unattended vehicle,01 - Clear,01 - Daylight,01 - Dry,10 - No control,,1,0,0,0,,0,,,,,366889.7462,5030911.404,45.41538346,-75.70669508,567
20--1097,2020/01/22,2:55 PM,JEANNE D'ARC BLVD @ CEDAR MILLS RD/CHAMPNEUF D (0003567),3567,02 - Intersection related,02 - Non-fatal injury,03 - Rear end,01 - Clear,01 - Daylight,02 - Wet,02 - Stop sign,00 - Unknown,3,0,0,0,01 - Minimal,1,1,,,,381215.748,5036278.582,45.46225536,-75.52284641,568
20--1098,2020/01/22,2:57 PM,KENT ST btwn COOPER ST & SOMERSET ST W (__3ZA3RI),__3ZA3RI,01 - Non intersection,03 - P.D. only,99 - Other,01 - Clear,01 - Daylight,02 - Wet,10 - No control,,2,0,0,0,,0,,,,,367495.5074,5030868.033,45.41493921,-75.6989617,569
20--1099,2020/01/22,3:00 PM,ST. LAURENT BLVD @ COVENTRY RD/OGILVIE RD (0002151),2151,03 - At intersection,03 - P.D. only,04 - Sideswipe,01 - Clear,01 - Daylight,01 - Dry,01 - Traffic signal,01 - Functioning,2,0,0,0,,0,,,,,372305.719,5031951.568,45.42424085,-75.63736163,570
20--110,2020/01/04,Unknown,CLOVER ST btwn GREGG ST & BROOKFIELD RD (__3ZA0TV),__3ZA0TV,01 - Non intersection,03 - P.D. only,06 - SMV unattended vehicle,00 - Unknown,00 - Unknown,05 - Packed snow,10 - No control,,1,0,0,0,,0,,,,,369313.8176,5026553.338,45.37595174,-75.67629642,571
20--1100,2020/01/22,3:50 PM,TERMINAL AVE @ TRAINYARDS DR (0012245),12245,03 - At intersection,02 - Non-fatal injury,07 - SMV other,01 - Clear,01 - Daylight,01 - Dry,01 - Traffic signal,01 - Functioning,1,0,0,1,02 - Minor,1,,1,,,371845.3266,5030815.924,45.41406711,-75.64339874,572
20--1101,2020/01/22,4:17 PM,PARKDALE AVE btwn LYNDALE AVE & SCOTT ST (__3ZA31W),__3ZA31W,01 - Non intersection,02 - Non-fatal injury,07 - SMV other,01 - Clear,01 - Daylight,01 - Dry,10 - No control,,1,0,0,1,02 - Minor,1,,1,,,364911.1759,5029815.33,45.40569401,-75.73210611,573
20--1102,2020/01/22,4:25 PM,ANDERSON RD btwn RIDGE RD & RUSSELL RD (__3ZA2B4),__3ZA2B4,01 - Non intersection,03 - P.D. only,99 - Other,01 - Clear,01 - Daylight,01 - Dry,10 - No control,,2,0,0,0,,0,,,,,379162.2075,5028185.47,45.38966071,-75.55032389,574
20--1103,2020/01/22,4:30 PM,DATA CENTRE RD @ RIVERSIDE DR (0010863),10863,02 - Intersection related,03 - P.D. only,03 - Rear end,01 - Clear,01 - Daylight,02 - Wet,01 - Traffic signal,01 - Functioning,2,0,0,0,,0,,,,,368897.4471,5027671.915,45.38605457,-75.68146681,575
20--1104,2020/01/22,4:31 PM,SMYTH RD @ SMYTH RD NORTH SIDE RAMP/SMYTH RD S (0006582),6582,02 - Intersection related,03 - P.D. only,03 - Rear end,01 - Clear,01 - Daylight,01 - Dry,03 - Yield sign,01 - Functioning,2,0,0,0,,0,,,,,369917.1892,5029121.391,45.3990024,-75.66825464,576