Anom_ID,Accident_Date,Accident_Time,Location,Geo_ID,Accident_Location,Classification_of_Accident,Initial_Impact_Type,Environment_Condition,Light,Road_Surface_Condition,Traffic_Control,Traffic_Control_Condition,No__of_Vehicles,No__of_Bicycles,No__of_Motorcycles,No__of_Pedestrians,Max_Injury,No__of_Injuries,No__of_Minimal,No__of_Minor,No__of_Major,No__of_Fatal,X,Y,Latitude,Longitude,ObjectId
20--1004,2020/01/20,9:19 AM,MATHESON RD btwn CARVER PL & WHITEROCK ST (__3ZAZIP),__3ZAZIP,01 - Non intersection,03 - P.D. only,06 - SMV unattended vehicle,01 - Clear,01 - Daylight,05 - Packed snow,10 - No control,,1,0,0,0,,0,,,,,373013.8567,5032943.422,45.43309636,-75.62817619,659
20--10040,2020/12/31,4:35 PM,HIGHWAY 417 btwn HWY417 IC145 RAMP55 & HWY417 IC144 RAMP51 (__3ZA2Q4),__3ZA2Q4,01 - Non intersection,03 - P.D. only,04 - Sideswipe,01 - Clear,05 - Dusk,01 - Dry,10 - No control,,2,0,0,0,,0,,,,,346876.4982,5015331.896,45.27668436,-75.96371067,660
20--10041,2020/12/31,4:36 AM,ALBION RD btwn LESTER RD & LEITRIM RD (__3ZA3SQ),__3ZA3SQ,01 - Non intersection,03 - P.D. only,07 - SMV other,03 - Snow,07 - Dark,02 - Wet,10 - No control,,1,0,0,0,,0,,,,,372730.4671,5022245.852,45.33687166,-75.63326991,661
20--10042,2020/12/31,5:53 AM,"MCARTHUR AVE @ EGLISE, RUE DE L/MOORVALE ST (0007763)",7763,03 - At intersection,02 - Non-fatal injury,01 - Approaching,01 - Clear,07 - Dark,02 - Wet,01 - Traffic signal,01 - Functioning,2,0,0,0,01 - Minimal,1,1,,,,371445.7227,5032824.574,45.43217823,-75.64823194,662
20--10043,2020/12/31,6:00 PM,CRAIG HENRY DR @ IVYLEA ST/WOODVALE GR (0004600),4600,03 - At intersection,03 - P.D. only,02 - Angle,01 - Clear,07 - Dark,01 - Dry,02 - Stop sign,01 - Functioning,2,0,0,0,,0,,,,,363035.6856,5021802.498,45.33375404,-75.75700723,663
20--10044,2020/12/31,6:07 PM,REGIONAL ROAD 174 btwn TRANSIT & OR174 IC105 RAMP51 (__3ZA28H),__3ZA28H,01 - Non intersection,03 - P.D. only,07 - SMV other,01 - Clear,07 - Dark,01 - Dry,10 - No control,,1,0,0,0,,0,,,,,377711.1501,5036044.3,45.46052201,-75.5676895,664
20--10045,2020/12/31,7:27 PM,RIOCAN AVE @ STRANDHERD DR (0010997),10997,03 - At intersection,02 - Non-fatal injury,05 - Turning movement,01 - Clear,07 - Dark,01 - Dry,01 - Traffic signal,01 - Functioning,2,0,0,0,01 - Minimal,2,2,,,,364172.2233,5014944.576,45.27195149,-75.74332946,665
20--10046,2020/12/31,8:16 PM,GLADECREST CRT btwn VALLEY STREAM DR & VALLEY STREAM DR (__3ZAA2S),__3ZAA2S,01 - Non intersection,03 - P.D. only,06 - SMV unattended vehicle,01 - Clear,07 - Dark,05 - Packed snow,10 - No control,,1,0,0,0,,0,,,,,359920.2663,5021759.828,45.33362174,-75.79675657,666
20--10047,2020/12/31,8:30 PM,JASMINE CRES S @ OGILVIE RD (0009282),9282,02 - Intersection related,03 - P.D. only,02 - Angle,01 - Clear,07 - Dark,01 - Dry,02 - Stop sign,01 - Functioning,2,0,0,0,,0,,,,,375354.8075,5033720.75,45.43985804,-75.59814935,667
20--1005,2020/01/20,9:22 PM,HIGHWAY 416 btwn HWY416 IC72 RAMP63 & HWY416 IC72 RAMP53 (__3ZA1NF),__3ZA1NF,01 - Non intersection,03 - P.D. only,03 - Rear end,01 - Clear,07 - Dark,01 - Dry,10 - No control,,2,0,0,0,,0,,,,,359688.9274,5019203.219,45.31063539,-75.79999122,668
20--1006,2020/01/20,9:25 AM,PINECREST RD btwn RICHMOND RD & FALLIS AVE (__3ZA4M7),__3ZA4M7,01 - Non intersection,02 - Non-fatal injury,03 - Rear end,01 - Clear,01 - Daylight,02 - Wet,10 - No control,,2,0,0,0,02 - Minor,1,,1,,,360108.7026,5024371.589,45.35710752,-75.79406058,669
20--1007,2020/01/20,9:28 AM,CARP RD btwn MARCH RD & JOHN CAVANAUGH DR (__3ZA3FZ),__3ZA3FZ,01 - Non intersection,03 - P.D. only,03 - Rear end,01 - Clear,01 - Daylight,06 - Ice,10 - No control,,2,0,0,0,,0,,,,,343532.2094,5020192.973,45.32061855,-76.00595419,670
20--1008,2020/01/20,9:34 AM,BELFAST RD @ ST. LAURENT BLVD (0007658),7658,03 - At intersection,03 - P.D. only,05 - Turning movement,01 - Clear,01 - Daylight,04 - Slush,01 - Traffic signal,01 - Functioning,2,0,0,0,,0,,,,,372860.7264,5030578.563,45.41183342,-75.6304598,671
20--1009,2020/01/20,9:42 AM,COLONEL BY DR @ SENECA ST (0006907),6907,02 - Intersection related,03 - P.D. only,03 - Rear end,01 - Clear,01 - Daylight,02 - Wet,02 - Stop sign,00 - Unknown,2,0,0,0,,0,,,,,368075.7179,5028519.554,45.3937561,-75.69185066,672
20--101,2020/01/04,10:45 AM,DWYER HILL RD btwn DWYER HILL RD & O'NEIL RD (__3ZA177),__3ZA177,01 - Non intersection,02 - Non-fatal injury,07 - SMV other,01 - Clear,01 - Daylight,06 - Ice,10 - No control,,1,0,0,0,01 - Minimal,1,1,,,,351008.2553,4995353.419,45.0966495,-75.91290265,673
20--1010,2020/01/20,9:56 AM,HWY 417 ST.LAURE IC115R51 @ ST. LAURENT BLVD (0002712),2712,02 - Intersection related,03 - P.D. only,03 - Rear end,01 - Clear,01 - Daylight,06 - Ice,01 - Traffic signal,01 - Functioning,2,0,0,0,,0,,,,,372530.7297,5031410.573,45.41935148,-75.63456099,674
20--1011,2020/01/21,1:20 PM,BLAIR RD @ REGIONAL RD 174 N/OR174 IC112 RAMP61 (0003617),3617,02 - Intersection related,03 - P.D. only,03 - Rear end,01 - Clear,01 - Daylight,02 - Wet,01 - Traffic signal,01 - Functioning,2,0,0,0,,0,,,,,374634.7298,5032991.576,45.43336964,-75.60745589,675
20--1012,2020/01/21,1:37 PM,COLONEL BY DR/MACKENZIE AVE @ DALY AVE (0008541),8541,02 - Intersection related,03 - P.D. only,05 - Turning movement,01 - Clear,01 - Daylight,01 - Dry,01 - Traffic signal,01 - Functioning,2,0,0,0,,0,,,,,368002.7077,5031904.583,45.42422011,-75.69234906,676
20--1013,2020/01/21,10:03 AM,HIGHWAY 416 btwn HWY416 IC57 RAMP24 & HWY416 IC49 RAMP42 (__3ZAZGI),__3ZAZGI,01 - Non intersection,03 - P.D. only,07 - SMV other,01 - Clear,01 - Daylight,01 - Dry,10 - No control,,1,0,0,0,,0,,,,,369225.615,5001069.541,45.14665951,-75.68072714,677
20--1014,2020/01/21,10:10 AM,HINTON AVE @ WELLINGTON ST (0006520),6520,03 - At intersection,03 - P.D. only,02 - Angle,01 - Clear,01 - Daylight,02 - Wet,02 - Stop sign,01 - Functioning,2,0,0,0,,0,,,,,365004.6946,5029193.547,45.40009131,-75.73098747,678
20--1015,2020/01/21,10:30 AM,AIRPORT PARKWAY PRIV btwn Continuation of AIRPORT PARKWAY PRIV & TRACK (__4B3IY6),__4B3IY6,01 - Non intersection,03 - P.D. only,99 - Other,01 - Clear,01 - Daylight,02 - Wet,10 - No control,,2,0,0,0,,0,,,,,370087.5968,5020671.315,45.32295527,-75.6671945,679
20--1016,2020/01/21,11:00 AM,NORTH BLUFF DR @ DUSTY MILLER CRES/BOWERCREST  (0013318),13318,03 - At intersection,03 - P.D. only,02 - Angle,01 - Clear,01 - Daylight,04 - Slush,02 - Stop sign,01 - Functioning,2,0,0,0,,0,,,,,369586.3137,5016168.108,45.28248271,-75.67417668,680
20--1017,2020/01/21,11:30 AM,RICHMOND RD @ HOLLY ACRES RD/NANAIMO DR (0001068),1068,02 - Intersection related,03 - P.D. only,05 - Turning movement,01 - Clear,01 - Daylight,03 - Loose snow,01 - Traffic signal,01 - Functioning,2,0,0,0,,0,,,,,359058.524,5022748.767,45.3425874,-75.80764173,681
20--1018,2020/01/21,11:35 AM,MICHAEL ST @ PARISIEN ST E (0012451),12451,02 - Intersection related,03 - P.D. only,06 - SMV unattended vehicle,01 - Clear,01 - Daylight,01 - Dry,02 - Stop sign,01 - Functioning,1,0,0,0,,0,,,,,372857.6656,5031358.932,45.41885511,-75.63039113,682
20--1019,2020/01/21,11:36 AM,CENTURY RD @ PRINCE OF WALES DR (0011830),11830,02 - Intersection related,03 - P.D. only,03 - Rear end,01 - Clear,01 - Daylight,03 - Loose snow,02 - Stop sign,00 - Unknown,2,0,0,0,,0,,,,,365690.6817,5006091.905,45.19216502,-75.72506253,683
20--102,2020/01/04,11:00 AM,AIRPORT PARKWAY PRIV btwn Continuation of AIRPORT PARKWAY PRIV & TRACK (__4B3IY6),__4B3IY6,04 - At/near private drive,03 - P.D. only,04 - Sideswipe,02 - Rain,01 - Daylight,02 - Wet,10 - No control,,2,0,0,0,,0,,,,,370085.0727,5020673.115,45.3229717,-75.66722646,684
20--1020,2020/01/21,11:50 AM,HAWTHORNE AVE btwn COLONEL BY DR & MAIN ST (__3ZA2FX),__3ZA2FX,01 - Non intersection,03 - P.D. only,06 - SMV unattended vehicle,01 - Clear,01 - Daylight,04 - Slush,10 - No control,,1,0,0,0,,0,,,,,368816.4493,5030553.15,45.4119864,-75.68212711,685
20--1021,2020/01/21,Unknown,LAURIER AVE   W btwn KENT ST & BANK ST (__3ZA344),__3ZA344,01 - Non intersection,03 - P.D. only,06 - SMV unattended vehicle,01 - Clear,00 - Unknown,05 - Packed snow,10 - No control,,1,0,0,0,,0,,,,,367350.0035,5031185.088,45.417805,-75.70078033,686
20--1022,2020/01/21,Unknown,BURNSIDE AVE btwn PARKDALE AVE & FORWARD AVE (__3ZA0V8),__3ZA0V8,01 - Non intersection,03 - P.D. only,06 - SMV unattended vehicle,01 - Clear,00 - Unknown,05 - Packed snow,10 - No control,,1,0,0,0,,0,,,,,364823.0905,5030112.559,45.40837597,-75.73319508,687
20--1023,2020/01/21,Unknown,ECHO DR btwn GRAHAM AVE & HAZEL ST (__3ZA96X),__3ZA96X,01 - Non intersection,03 - P.D. only,06 - SMV unattended vehicle,01 - Clear,00 - Unknown,01 - Dry,10 - No control,,1,0,0,0,,0,,,,,368813.6227,5030449.293,45.41105219,-75.6821767,688
20--1024,2020/01/21,Unknown,OSGOODE ST btwn SWEETLAND AVE & RUSSELL AVE (__3ZA8H4),__3ZA8H4,01 - Non intersection,03 - P.D. only,06 - SMV unattended vehicle,01 - Clear,00 - Unknown,04 - Slush,10 - No control,,1,0,0,0,,0,,,,,369083.7771,5031995.818,45.4249425,-75.67852387,689
20--1025,2020/01/21,Unknown,BERTONA ST btwn CRAIG HENRY DR & CHARING RD (__3ZA534),__3ZA534,01 - Non intersection,03 - P.D. only,06 - SMV unattended vehicle,03 - Snow,00 - Unknown,02 - Wet,10 - No control,,1,0,0,0,,0,,,,,362631.6682,5021713.891,45.33299018,-75.76217175,690
20--1026,2020/01/21,Unknown,PRIMROSE AVE btwn EMPRESS AVE & ARTHUR ST (__3ZA0WA),__3ZA0WA,01 - Non intersection,03 - P.D. only,06 - SMV unattended vehicle,01 - Clear,00 - Unknown,03 - Loose snow,10 - No control,,1,0,0,0,,0,,,,,366686.8678,5030550.978,45.41215843,-75.70933222,691
20--1027,2020/01/21,Unknown,RIOCAN AVE btwn MARKETPLACE AVE & END (__4LZBNN),__4LZBNN,01 - Non intersection,03 - P.D. only,06 - SMV unattended vehicle,03 - Snow,00 - Unknown,03 - Loose snow,10 - No control,,1,0,0,0,,0,,,,,364350.2355,5014651.276,45.26929733,-75.74109615,692
20--1028,2020/01/21,12:05 PM,WOODROFFE AVE @ GEORGINA DR/LENESTER AVE (0002351),2351,03 - At intersection,02 - Non-fatal injury,05 - Turning movement,01 - Clear,01 - Daylight,05 - Packed snow,01 - Traffic signal,01 - Functioning,2,0,0,0,02 - Minor,1,,1,,,361909.6776,5025370.513,45.36595139,-75.77096002,693
20--1029,2020/01/21,12:30 PM,BANTREE ST @ INNES RD (0007684),7684,02 - Intersection related,03 - P.D. only,03 - Rear end,01 - Clear,01 - Daylight,01 - Dry,01 - Traffic signal,01 - Functioning,2,0,0,0,,0,,,,,373705.7141,5030406.555,45.41020309,-75.6196896,694
20--103,2020/01/04,11:19 PM,PAUL ANKA DR btwn UPLANDS DR & MCCARTHY RD (__3ZA9CH),__3ZA9CH,01 - Non intersection,03 - P.D. only,06 - SMV unattended vehicle,01 - Clear,07 - Dark,01 - Dry,10 - No control,,1,0,0,0,,0,,,,,369586.9713,5023736.762,45.35058379,-75.67317845,695
20--1030,2020/01/21,12:41 PM,CARLING AVE @ KIRKWOOD AVE N (0002358),2358,03 - At intersection,03 - P.D. only,05 - Turning movement,01 - Clear,01 - Daylight,04 - Slush,01 - Traffic signal,01 - Functioning,2,0,0,0,,0,,,,,364275.692,5027493.532,45.3848572,-75.74050333,696
20--1031,2020/01/21,2:10 AM,HWY417 IC155 RAMP51 btwn HIGHWAY 417 & MARCH RD (__3ZAY4B),__3ZAY4B,01 - Non intersection,02 - Non-fatal injury,99 - Other,01 - Clear,07 - Dark,01 - Dry,10 - No control,,2,0,0,0,02 - Minor,1,,1,,,338891.9323,5019479.588,45.31443986,-76.06519016,697
20--1032,2020/01/21,2:10 PM,RICHMOND RD @ HOLLY ACRES RD/NANAIMO DR (0001068),1068,02 - Intersection related,03 - P.D. only,03 - Rear end,01 - Clear,01 - Daylight,01 - Dry,01 - Traffic signal,01 - Functioning,2,0,0,0,,0,,,,,359058.6778,5022748.51,45.34258508,-75.80763979,698
20--1033,2020/01/21,2:20 PM,BRONSON AVE @ CATHERINE ST/RAYMOND ST (0007198),7198,02 - Intersection related,03 - P.D. only,04 - Sideswipe,01 - Clear,01 - Daylight,05 - Packed snow,01 - Traffic signal,01 - Functioning,2,0,0,0,,0,,,,,367252.7065,5029796.565,45.40532017,-75.70219933,699
20--1034,2020/01/21,2:20 PM,EAGLESON RD btwn FAULKNER TR & FALLOWFIELD RD (__3ZA410),__3ZA410,01 - Non intersection,03 - P.D. only,99 - Other,01 - Clear,01 - Daylight,01 - Dry,10 - No control,,2,0,0,0,,0,,,,,355923.5422,5012687.794,45.25229251,-75.84867982,700
20--1035,2020/01/21,2:45 PM,MARCH RD btwn HALTON TERR/MAXWELL BRIDGE RD & MAXWELL RD (__3ZA2GD),__3ZA2GD,01 - Non intersection,03 - P.D. only,07 - SMV other,01 - Clear,01 - Daylight,02 - Wet,10 - No control,,1,0,0,0,,0,,,,,348920.079,5024436.479,45.35848476,-75.93685434,701
20--167,2020/01/06,11:17 AM,WALKLEY RD @ GLENHAVEN PRIV (0011424),11424,02 - Intersection related,03 - P.D. only,03 - Rear end,03 - Snow,01 - Daylight,04 - Slush,01 - Traffic signal,01 - Functioning,2,0,0,0,,0,,,,,370213.1942,5025873.561,45.36975194,-75.66490454,702
20--1670,2020/02/03,1:45 PM,BLACKWELL ST @ LEEDS AVE (0011519),11519,03 - At intersection,03 - P.D. only,02 - Angle,01 - Clear,01 - Daylight,02 - Wet,02 - Stop sign,01 - Functioning,2,0,0,0,,0,,,,,374658.7413,5029476.528,45.4017407,-75.60764737,703
20--1671,2020/02/03,10:00 AM,GLADSTONE AVE @ KENT ST (0002251),2251,02 - Intersection related,03 - P.D. only,05 - Turning movement,01 - Clear,01 - Daylight,04 - Slush,01 - Traffic signal,01 - Functioning,2,0,0,0,,0,,,,,367744.7014,5030459.57,45.41124162,-75.69583032,704
20--1672,2020/02/03,11:29 AM,HAWTHORNE RD @ STEVENAGE DR (0008802),8802,02 - Intersection related,03 - P.D. only,03 - Rear end,01 - Clear,01 - Daylight,02 - Wet,01 - Traffic signal,01 - Functioning,2,0,0,0,,0,,,,,375136.7451,5027313.528,45.38223125,-75.60185059,705
20--1673,2020/02/03,11:50 AM,MADAWASKA BLVD btwn CONNIFER LANE & Continuation of MADAWASKA BLVD (__5SPK8W),__5SPK8W,04 - At/near private drive,03 - P.D. only,03 - Rear end,01 - Clear,01 - Daylight,01 - Dry,10 - No control,,2,0,0,0,,0,,,,,318397.8979,5031896.09,45.42686693,-76.32622796,706
20--1674,2020/02/03,Unknown,MAJOR RD btwn KENNEDY LANE W & SAULT ST (__3ZA6YL),__3ZA6YL,01 - Non intersection,03 - P.D. only,06 - SMV unattended vehicle,01 - Clear,00 - Unknown,01 - Dry,10 - No control,,1,0,0,0,,0,,,,,382128.9409,5037751.473,45.47540668,-75.51093909,707
20--1675,2020/02/03,Unknown,ROONEY'S LANE btwn KILBORN AVE & END (__3ZA5OR),__3ZA5OR,01 - Non intersection,03 - P.D. only,06 - SMV unattended vehicle,01 - Clear,00 - Unknown,01 - Dry,10 - No control,,1,0,0,0,,0,,,,,369715.3873,5027527.395,45.3846789,-75.6710417,708
20--1676,2020/02/03,Unknown,MORRIS ST btwn FIFTH AVE & HOLMWOOD AVE (__3ZA9MR),__3ZA9MR,01 - Non intersection,03 - P.D. only,06 - SMV unattended vehicle,01 - Clear,00 - Unknown,04 - Slush,10 - No control,,1,0,0,0,,0,,,,,368076.5745,5029185.17,45.39974504,-75.69175434,709
20--1677,2020/02/03,Unknown,WOLMSLEY CRES btwn RIDGEPARK PRIV & GLENRIDGE RD (__3ZBOLT),__3ZBOLT,01 - Non intersection,03 - P.D. only,06 - SMV unattended vehicle,01 - Clear,00 - Unknown,05 - Packed snow,10 - No control,,1,0,0,0,,0,,,,,364919.5749,5022890.991,45.3433893,-75.73284173,710
20--1678,2020/02/03,12:30 AM,LEITRIM RD S @ RAMSAYVILLE RD (0013708),13708,02 - Intersection related,03 - P.D. only,03 - Rear end,"07 - Fog, mist, smoke, dust",07 - Dark,05 - Packed snow,02 - Stop sign,01 - Functioning,2,0,0,0,,0,,,,,378785.7671,5023729.505,45.3496084,-75.55579808,711
20--1679,2020/02/03,12:36 PM,ROCHESTER ST @ SOMERSET ST (0006321),6321,03 - At intersection,02 - Non-fatal injury,02 - Angle,01 - Clear,01 - Daylight,01 - Dry,01 - Traffic signal,01 - Functioning,2,0,0,0,02 - Minor,1,,1,,,366481.7066,5030202.562,45.40904159,-75.71199671,712
20--168,2020/01/06,11:20 PM,HWY 416 WESTHUNT IC72R34 @ WEST HUNT CLUB RD (0005218),5218,02 - Intersection related,03 - P.D. only,04 - Sideswipe,01 - Clear,07 - Dark,02 - Wet,01 - Traffic signal,01 - Functioning,2,0,0,0,,0,,,,,359370.8984,5019361.442,45.31208388,-75.80402937,713
20--1759,2020/02/05,11:35 AM,BLAIR RD @ INNES RD (0004165),4165,02 - Intersection related,03 - P.D. only,03 - Rear end,01 - Clear,01 - Daylight,01 - Dry,01 - Traffic signal,01 - Functioning,2,0,0,0,,0,,,,,375578.7332,5031439.555,45.41931053,-75.5956153,714
20--1680,2020/02/03,2:00 PM,BRONSON AVE @ HOLMWOOD AVE (0007215),7215,02 - Intersection related,03 - P.D. only,03 - Rear end,01 - Clear,01 - Daylight,01 - Dry,01 - Traffic signal,01 - Functioning,2,0,0,0,,0,,,,,367700.7041,5028729.535,45.39567923,-75.69661304,715
20--1681,2020/02/03,3:28 PM,VANIER PKWY SB btwn PRESLAND RD & COVENTRY RD (__3ZA4S5B),__3ZA4S5B,01 - Non intersection,03 - P.D. only,03 - Rear end,01 - Clear,01 - Daylight,01 - Dry,10 - No control,,2,0,0,0,,0,,,,,370463.7385,5031719.508,45.4223282,-75.66092819,716
20--1682,2020/02/03,3:35 PM,CONROY RD @ WALKLEY RD (0002648),2648,02 - Intersection related,03 - P.D. only,03 - Rear end,01 - Clear,01 - Daylight,01 - Dry,01 - Traffic signal,01 - Functioning,2,0,0,0,,0,,,,,372903.7186,5027463.53,45.38380155,-75.63034067,717
20--1683,2020/02/03,3:47 PM,MONTREAL RD @ OGILVIE RD (0009279),9279,02 - Intersection related,03 - P.D. only,03 - Rear end,01 - Clear,01 - Daylight,02 - Wet,01 - Traffic signal,01 - Functioning,2,0,0,0,,0,,,,,375654.7249,5034556.586,45.44734806,-75.59419586,718
20--1684,2020/02/03,3:54 PM,ST. LAURENT BLVD btwn DONALD ST & 125 N OF QUEEN MARY ST (__3ZA2CFA),__3ZA2CFA,01 - Non intersection,03 - P.D. only,03 - Rear end,01 - Clear,01 - Daylight,01 - Dry,10 - No control,,2,0,0,0,,0,,,,,372125.073,5032395.484,45.42825241,-75.63960912,719
20--1685,2020/02/03,4:32 PM,HIGHWAY 417 btwn HWY417 IC134 RAMP61 & HWY417 IC131 RAMP66 (__3ZA297),__3ZA297,01 - Non intersection,03 - P.D. only,03 - Rear end,01 - Clear,01 - Daylight,01 - Dry,10 - No control,,2,0,0,0,,0,,,,,357204.2128,5022626.89,45.34163172,-75.83131467,720
20--1686,2020/02/03,5:19 PM,CARLING AVE @ CHURCHILL AVE (0002149),2149,02 - Intersection related,03 - P.D. only,03 - Rear end,01 - Clear,05 - Dusk,02 - Wet,01 - Traffic signal,01 - Functioning,2,0,0,0,,0,,,,,363775.6894,5027013.545,45.38058063,-75.74694508,721
20--1687,2020/02/03,5:27 PM,JOCKVALE RD/RIDEAU VALLEY DR @ PRINCE OF WALES (0004638),4638,02 - Intersection related,03 - P.D. only,03 - Rear end,01 - Clear,05 - Dusk,01 - Dry,01 - Traffic signal,01 - Functioning,2,0,0,0,,0,,,,,366709.6988,5012195.4,45.2469957,-75.71133611,722
20--1688,2020/02/03,5:40 PM,SHEENBORO CRES N @ VARENNES BLVD N (0004624),4624,03 - At intersection,03 - P.D. only,05 - Turning movement,01 - Clear,07 - Dark,01 - Dry,02 - Stop sign,01 - Functioning,2,0,0,0,,0,,,,,384995.7494,5038227.576,45.47936684,-75.47419981,723
20--1689,2020/02/03,5:43 AM,BASELINE RD btwn MARSON ST & FISHER AVE (__3ZA4JL),__3ZA4JL,04 - At/near private drive,02 - Non-fatal injury,02 - Angle,01 - Clear,07 - Dark,01 - Dry,10 - No control,,2,0,0,0,02 - Minor,1,,1,,,365953.0095,5025892.03,45.3703028,-75.71928452,724
20--169,2020/01/06,11:30 AM,CYRVILLE RD @ INNES RD (0009352),9352,02 - Intersection related,03 - P.D. only,03 - Rear end,03 - Snow,01 - Daylight,03 - Loose snow,01 - Traffic signal,01 - Functioning,2,0,0,0,,0,,,,,375047.7204,5031119.562,45.41648493,-75.60244517,725
20--1690,2020/02/03,5:47 PM,BRONSON AVE @ GLADSTONE AVE (0002110),2110,02 - Intersection related,03 - P.D. only,03 - Rear end,01 - Clear,07 - Dark,01 - Dry,01 - Traffic signal,01 - Functioning,2,0,1,0,,0,,,,,367133.7043,5030081.574,45.40789521,-75.70368334,726
20--1691,2020/02/03,6:30 AM,HIGHWAY 417 btwn HWY417 IC155 RAMP25 & RAMP (__3ZAZN1),__3ZAZN1,01 - Non intersection,03 - P.D. only,07 - SMV other,01 - Clear,07 - Dark,01 - Dry,10 - No control,,1,0,0,0,,0,,,,,345217.2989,5014849.101,45.2724373,-75.98489656,727
20--1692,2020/02/03,6:50 AM,COLONIAL RD btwn FRANK KENNY RD & ROCKDALE RD (__3ZA3M3),__3ZA3M3,01 - Non intersection,03 - P.D. only,01 - Approaching,"07 - Fog, mist, smoke, dust",03 - Dawn,06 - Ice,10 - No control,,2,0,0,0,,0,,,,,390249.3874,5032065.864,45.4233075,-75.40808174,728
20--1693,2020/02/03,7:05 AM,GREENBANK RD @ KILBIRNIE DR (0013622),13622,03 - At intersection,03 - P.D. only,02 - Angle,01 - Clear,03 - Dawn,01 - Dry,02 - Stop sign,01 - Functioning,2,0,0,0,,0,,,,,365285.2559,5011656.861,45.24227377,-75.72954585,729
20--1694,2020/02/03,7:25 AM,COOPER ST @ METCALFE ST (0006940),6940,03 - At intersection,02 - Non-fatal injury,02 - Angle,01 - Clear,01 - Daylight,02 - Wet,02 - Stop sign,01 - Functioning,3,0,0,0,01 - Minimal,1,1,,,,367962.702,5031178.582,45.41769141,-75.69295331,730
20--1695,2020/02/03,7:46 AM,BLACKBURN BYPASS WB btwn 1700 W OF NAVAN RD & INNES RD W (__3ZA3J5A),__3ZA3J5A,01 - Non intersection,03 - P.D. only,03 - Rear end,01 - Clear,01 - Daylight,02 - Wet,10 - No control,,2,0,0,0,,0,,,,,377381.0157,5032151.396,45.42553059,-75.57248452,731
20--1696,2020/02/03,7:51 AM,RIVER RD btwn LOWEN DR & BALMORAL DR (__3ZA38M),__3ZA38M,04 - At/near private drive,03 - P.D. only,05 - Turning movement,01 - Clear,01 - Daylight,02 - Wet,10 - No control,,2,0,0,0,,0,,,,,367976.2675,5018307.141,45.301876,-75.69442524,732
20--1697,2020/02/03,8:10 AM,BASELINE RD @ GREENBANK RD (0002357),2357,02 - Intersection related,03 - P.D. only,03 - Rear end,01 - Clear,01 - Daylight,02 - Wet,01 - Traffic signal,01 - Functioning,2,0,0,0,,0,,,,,360597.6843,5022584.501,45.3409886,-75.78802152,733
20--1698,2020/02/03,8:30 AM,FINDLAY CREEK DR @ BANK ST (0012407),12407,02 - Intersection related,03 - P.D. only,03 - Rear end,01 - Clear,01 - Daylight,02 - Wet,01 - Traffic signal,01 - Functioning,2,0,0,0,,0,,,,,375847.4764,5020459.961,45.32049427,-75.59376093,734
20--1699,2020/02/03,8:32 AM,MORISSET AVE @ CALDWELL AVE (0002822),2822,03 - At intersection,03 - P.D. only,05 - Turning movement,01 - Clear,01 - Daylight,05 - Packed snow,02 - Stop sign,00 - Unknown,2,0,0,0,,0,,,,,364382.6892,5026190.522,45.37312385,-75.73929435,735
20--17,2020/01/01,7:23 PM,HAZELDEAN RD @ TERRY FOX DR (0003682),3682,03 - At intersection,02 - Non-fatal injury,02 - Angle,01 - Clear,07 - Dark,02 - Wet,01 - Traffic signal,01 - Functioning,3,0,0,0,02 - Minor,1,,1,,,352207.585,5017242.461,45.2935369,-75.89558393,736
20--170,2020/01/06,11:31 AM,CROXLEY WAY btwn MADELON DR & CALAVERAS AVE (__4O3JRB),__4O3JRB,01 - Non intersection,03 - P.D. only,06 - SMV unattended vehicle,03 - Snow,01 - Daylight,04 - Slush,10 - No control,,1,0,0,0,,0,,,,,364471.9883,5015616.749,45.27797433,-75.73942864,737
20--1700,2020/02/03,8:32 PM,CATHERINE ST/HWY 417 O'CONN IC119BR76 @ O'CONN (0001697),1697,02 - Intersection related,03 - P.D. only,04 - Sideswipe,01 - Clear,07 - Dark,02 - Wet,01 - Traffic signal,01 - Functioning,2,0,0,0,,0,,,,,368243.7062,5030392.572,45.41059373,-75.68946439,738
20--1701,2020/02/03,8:41 AM,BLAIR RD @ INNES RD (0004165),4165,03 - At intersection,03 - P.D. only,04 - Sideswipe,01 - Clear,01 - Daylight,01 - Dry,01 - Traffic signal,01 - Functioning,2,0,0,0,,0,,,,,375578.7293,5031439.554,45.41931053,-75.59561535,739