Anom_ID,Accident_Date,Accident_Time,Location,Geo_ID,Accident_Location,Classification_of_Accident,Initial_Impact_Type,Environment_Condition,Light,Road_Surface_Condition,Traffic_Control,Traffic_Control_Condition,No__of_Vehicles,No__of_Bicycles,No__of_Motorcycles,No__of_Pedestrians,Max_Injury,No__of_Injuries,No__of_Minimal,No__of_Minor,No__of_Major,No__of_Fatal,X,Y,Latitude,Longitude,ObjectId
20--1702,2020/02/03,8:42 AM,CYRVILLE RD btwn STAR TOP RD & MEADOWBROOK RD (__3ZA3SN),__3ZA3SN,04 - At/near private drive,03 - P.D. only,03 - Rear end,01 - Clear,01 - Daylight,02 - Wet,10 - No control,,2,0,0,0,,0,,,,,374290.9239,5031328.757,45.41844273,-75.61208408,740
20--1703,2020/02/03,8:45 AM,REGIONAL RD 174 @ TRIM RD (0012835),12835,02 - Intersection related,02 - Non-fatal injury,03 - Rear end,01 - Clear,01 - Daylight,02 - Wet,01 - Traffic signal,01 - Functioning,2,0,0,0,02 - Minor,1,,1,,,384351.8516,5039990.345,45.49530019,-75.48214911,741
20--1704,2020/02/03,9:49 AM,RIVERSIDE DR @ WALKLEY RD (0002158),2158,02 - Intersection related,03 - P.D. only,02 - Angle,01 - Clear,01 - Daylight,01 - Dry,01 - Traffic signal,00 - Unknown,2,0,0,0,,0,,,,,368418.7239,5024853.524,45.3607391,-75.68794258,742
20--1705,2020/02/04,1:00 PM,ALTA VISTA DR btwn PLEASANT PARK RD & MOUNTBATTEN AVE (__3ZA9HM),__3ZA9HM,04 - At/near private drive,03 - P.D. only,02 - Angle,01 - Clear,01 - Daylight,01 - Dry,10 - No control,,2,0,0,0,,0,,,,,370369.4933,5028427.125,45.39271343,-75.66257023,743
20--1706,2020/02/04,1:42 PM,RIVERSIDE DR btwn FROBISHER LANE & END (__3ZA241),__3ZA241,01 - Non intersection,03 - P.D. only,01 - Approaching,01 - Clear,01 - Daylight,01 - Dry,10 - No control,,2,0,0,0,,0,,,,,370052.2283,5029323.226,45.40080587,-75.66650326,744
20--1707,2020/02/04,10:00 PM,ANDERSON RD btwn DOLMAN RIDGE RD & RIDGE RD (__3ZA2B6),__3ZA2B6,01 - Non intersection,03 - P.D. only,07 - SMV other,01 - Clear,07 - Dark,02 - Wet,10 - No control,,1,0,0,0,,0,,,,,378982.5571,5028650.981,45.39386814,-75.55254789,745
20--1708,2020/02/04,10:30 AM,WALKLEY RD btwn TURN LANE & RYDER ST (__3ZA2DF),__3ZA2DF,01 - Non intersection,03 - P.D. only,03 - Rear end,01 - Clear,01 - Daylight,01 - Dry,10 - No control,,2,0,0,0,,0,,,,,372360.1652,5027140.912,45.38095139,-75.63732501,746
20--1709,2020/02/04,10:30 PM,HIGHWAY 416 btwn HWY416 IC66 RAMP24 & HWY416 IC57 RAMP62 (__3ZA1OI),__3ZA1OI,01 - Non intersection,03 - P.D. only,07 - SMV other,01 - Clear,07 - Dark,01 - Dry,10 - No control,,1,0,0,0,,0,,,,,360392.1,5014265.733,45.26615218,-75.79157749,747
20--171,2020/01/06,11:39 AM,CAMPEAU DR/HWY 417 MARCH IC138R63 @ MARCH RD (0009710),9710,02 - Intersection related,03 - P.D. only,03 - Rear end,03 - Snow,01 - Daylight,05 - Packed snow,01 - Traffic signal,01 - Functioning,2,0,0,0,,0,,,,,352841.635,5020476.474,45.32259421,-75.88718716,748
20--1710,2020/02/04,10:32 PM,BONNIE CRES btwn CAMEO DR & CLYDE AVE (__3ZAAPB),__3ZAAPB,01 - Non intersection,03 - P.D. only,01 - Approaching,01 - Clear,07 - Dark,05 - Packed snow,10 - No control,,2,0,0,0,,0,,,,,364122.9795,5025402.329,45.36605384,-75.74270448,749
20--1711,2020/02/04,10:46 AM,ISLAND PARK DR @ MERIVALE RD (0002103),2103,03 - At intersection,03 - P.D. only,02 - Angle,01 - Clear,01 - Daylight,02 - Wet,01 - Traffic signal,01 - Functioning,2,0,0,0,,0,,,,,364653.6936,5028023.557,45.38959407,-75.73561245,750
20--1712,2020/02/04,11:00 PM,REGIONAL ROAD 174 btwn OR174 IC105 RAMP35 & OR174 IC105 RAMP25 (__3ZA27E),__3ZA27E,01 - Non intersection,03 - P.D. only,07 - SMV other,01 - Clear,07 - Dark,01 - Dry,10 - No control,,1,0,0,0,,0,,,,,379589.8614,5037103.645,45.4698546,-75.54350868,751
20--1713,2020/02/04,11:17 AM,OLD PRESCOTT RD btwn CHRIS TIERNEY PRIV & BREANNA CARDILL ST (__673W91),__673W91,01 - Non intersection,03 - P.D. only,07 - SMV other,01 - Clear,01 - Daylight,01 - Dry,10 - No control,,1,0,0,0,,0,,,,,378443.9308,5012350.338,45.24725983,-75.56185001,752
20--1714,2020/02/04,12:16 PM,BRONSON AVE @ SUNNYSIDE AVE/UNIVERSITY RD - CA (0007209),7209,02 - Intersection related,02 - Non-fatal injury,03 - Rear end,01 - Clear,01 - Daylight,01 - Dry,01 - Traffic signal,01 - Functioning,2,0,0,0,01 - Minimal,2,2,,,,367922.7121,5028091.546,45.38991881,-75.69385939,753
20--1715,2020/02/04,12:35 PM,BOUNDARY RD @ THUNDER RD (0004215),4215,02 - Intersection related,03 - P.D. only,04 - Sideswipe,01 - Clear,01 - Daylight,01 - Dry,02 - Stop sign,01 - Functioning,2,0,0,0,,0,,,,,387598.8225,5023364.489,45.34533924,-75.44340571,754
20--1716,2020/02/04,12:37 PM,PINECREST RD @ RICHMOND RD (0002353),2353,02 - Intersection related,02 - Non-fatal injury,03 - Rear end,01 - Clear,01 - Daylight,01 - Dry,01 - Traffic signal,01 - Functioning,2,0,0,0,01 - Minimal,1,1,,,,360072.6753,5024471.514,45.35800949,-75.79450921,755
20--1717,2020/02/04,12:53 AM,EARL ARMSTRONG RD btwn LIMEBANK RD & BOWESVILLE RD (__3ZA6LB),__3ZA6LB,01 - Non intersection,02 - Non-fatal injury,07 - SMV other,01 - Clear,07 - Dark,02 - Wet,10 - No control,,1,0,0,0,02 - Minor,1,,1,,,372054.4987,5017143.949,45.29103129,-75.64258622,756
20--1718,2020/02/04,2:03 PM,HEATHERINGTON RD btwn FAIRLEA CRES & ANGELA PRIV (__3ZBOQL),__3ZBOQL,01 - Non intersection,03 - P.D. only,01 - Approaching,01 - Clear,01 - Daylight,01 - Dry,10 - No control,,2,0,0,0,,0,,,,,371815.3091,5026677.08,45.37683034,-75.64434444,757
20--1719,2020/02/04,2:20 PM,BASELINE RD @ CLYDE AVE (0002343),2343,02 - Intersection related,03 - P.D. only,03 - Rear end,03 - Snow,01 - Daylight,02 - Wet,01 - Traffic signal,01 - Functioning,2,0,0,0,,0,,,,,364358.6998,5024890.521,45.36142867,-75.73975731,758
20--172,2020/01/06,11:43 AM,ANDERSON RD btwn RIDGE RD & RUSSELL RD (__3ZA2B4),__3ZA2B4,01 - Non intersection,03 - P.D. only,06 - SMV unattended vehicle,03 - Snow,01 - Daylight,04 - Slush,10 - No control,,1,0,0,0,,0,,,,,379041.0028,5028481.079,45.39233327,-75.5518271,759
20--1720,2020/02/04,2:21 PM,BAYVIEW RD btwn BURNSIDE AVE & SCOTT ST (__3ZA0V3),__3ZA0V3,04 - At/near private drive,03 - P.D. only,02 - Angle,01 - Clear,01 - Daylight,02 - Wet,10 - No control,,2,0,0,0,,0,,,,,365266.4812,5030209.64,45.40921132,-75.7275193,760
20--1721,2020/02/04,2:31 PM,OLD INNES RD @ BANTREE ST (0007674),7674,03 - At intersection,02 - Non-fatal injury,05 - Turning movement,01 - Clear,01 - Daylight,01 - Dry,02 - Stop sign,01 - Functioning,2,0,0,0,01 - Minimal,1,1,,,,373727.7202,5030352.558,45.40971508,-75.61941604,761
20--1722,2020/02/04,2:50 PM,BRONSON AVE @ CARLING AVE/GLEBE AVE (0002134),2134,02 - Intersection related,03 - P.D. only,04 - Sideswipe,01 - Clear,01 - Daylight,01 - Dry,01 - Traffic signal,01 - Functioning,2,0,0,0,,0,,,,,367447.7118,5029335.563,45.40115478,-75.69976705,762
20--1723,2020/02/04,3:00 PM,HAZELDEAN RD @ HUNTMAR DR/IBER RD (0000075),75,02 - Intersection related,03 - P.D. only,03 - Rear end,01 - Clear,01 - Daylight,01 - Dry,01 - Traffic signal,01 - Functioning,2,0,0,0,,0,,,,,350942.6089,5016079.43,45.28315581,-75.91181886,763
20--1724,2020/02/04,3:00 PM,COLONIAL RD btwn LAFLEUR RD & BIRCHGROVE RD (__3ZA3KP),__3ZA3KP,01 - Non intersection,03 - P.D. only,99 - Other,01 - Clear,01 - Daylight,01 - Dry,10 - No control,,2,0,0,0,,0,,,,,396932.8591,5034848.112,45.44749009,-75.32217356,764
20--1725,2020/02/04,3:12 PM,HAWTHORNE RD @ STEVENAGE DR (0008802),8802,03 - At intersection,03 - P.D. only,05 - Turning movement,01 - Clear,01 - Daylight,02 - Wet,01 - Traffic signal,01 - Functioning,2,0,0,0,,0,,,,,375136.7494,5027313.543,45.38223138,-75.60185053,765
20--1726,2020/02/04,3:33 PM,HAWTHORNE AVE/ISABELLA ST @ QUEEN ELIZABETH DR (0002105),2105,03 - At intersection,03 - P.D. only,05 - Turning movement,01 - Clear,01 - Daylight,01 - Dry,01 - Traffic signal,01 - Functioning,2,0,0,0,,0,,,,,368665.7062,5030476.577,45.4113112,-75.68406272,766
20--1727,2020/02/04,3:55 PM,WALKLEY RD @ DON REID DR/RYDER ST (0008218),8218,02 - Intersection related,03 - P.D. only,03 - Rear end,01 - Clear,01 - Daylight,02 - Wet,01 - Traffic signal,01 - Functioning,4,0,0,0,,0,,,,,372601.7301,5027284.543,45.38222039,-75.63422109,767
20--1728,2020/02/04,4:00 PM,FALLOWFIELD RD btwn BARRAN ST & ORR ST (__3ZA4KK),__3ZA4KK,01 - Non intersection,03 - P.D. only,01 - Approaching,01 - Clear,01 - Daylight,01 - Dry,10 - No control,,2,0,0,0,,0,,,,,362384.5695,5016297.848,45.28427696,-75.76595335,768
20--1729,2020/02/04,4:10 PM,HIGHWAY 417 btwn HWY417 IC115 RAMP25 & REGIONAL ROAD 174 (__3ZA2RY),__3ZA2RY,01 - Non intersection,03 - P.D. only,03 - Rear end,01 - Clear,01 - Daylight,01 - Dry,10 - No control,,2,0,0,0,,0,,,,,373287.6426,5031707.044,45.42194529,-75.62484934,769
20--173,2020/01/06,11:45 AM,FOREST VALLEY DR @ ORLEANS BLVD (0003627),3627,03 - At intersection,03 - P.D. only,05 - Turning movement,03 - Snow,01 - Daylight,04 - Slush,01 - Traffic signal,01 - Functioning,2,0,0,0,,0,,,,,380258.7436,5034819.575,45.44923237,-75.53530606,770
20--1730,2020/02/04,4:17 PM,ARLINGTON AVE @ BANK ST (0007261),7261,02 - Intersection related,03 - P.D. only,04 - Sideswipe,01 - Clear,01 - Daylight,01 - Dry,02 - Stop sign,01 - Functioning,2,0,0,0,,0,,,,,368006.8478,5030345.872,45.41019497,-75.6924961,771
20--1731,2020/02/04,4:20 PM,HUNT CLUB RD btwn WEST HUNT CLUB RD & TURN LANE (__3ZBOEO),__3ZBOEO,01 - Non intersection,02 - Non-fatal injury,03 - Rear end,01 - Clear,01 - Daylight,01 - Dry,10 - No control,,2,0,0,0,01 - Minimal,1,1,,,,367923.3211,5021909.041,45.33429005,-75.6946413,772
20--1732,2020/02/04,4:21 AM,JOCKVALE RD @ STRANDHERD DR (0010541),10541,03 - At intersection,02 - Non-fatal injury,07 - SMV other,01 - Clear,07 - Dark,01 - Dry,01 - Traffic signal,01 - Functioning,1,0,0,0,02 - Minor,1,,1,,,363560.4897,5014577.841,45.26870298,-75.75116843,773
20--1733,2020/02/04,4:55 PM,CARLING AVE @ PRESTON ST (0002161),2161,02 - Intersection related,03 - P.D. only,04 - Sideswipe,01 - Clear,01 - Daylight,02 - Wet,01 - Traffic signal,01 - Functioning,3,0,0,0,,0,,,,,366829.7076,5028935.553,45.39761063,-75.70771069,774
20--1734,2020/02/04,5:06 PM,GREENBANK RD btwn HARRISON ST & BANNER RD (__3ZBOCZ),__3ZBOCZ,01 - Non intersection,03 - P.D. only,04 - Sideswipe,01 - Clear,01 - Daylight,01 - Dry,10 - No control,,2,0,0,0,,0,,,,,360874.3358,5021923.763,45.33502123,-75.7845666,775
20--1735,2020/02/04,5:39 PM,HURON AVE @ WELLINGTON ST (0005625),5625,03 - At intersection,03 - P.D. only,05 - Turning movement,01 - Clear,05 - Dusk,01 - Dry,02 - Stop sign,00 - Unknown,2,0,0,0,,0,,,,,364850.894,5029123.157,45.39947117,-75.7329604,776
20--1736,2020/02/04,5:40 AM,HIGHWAY 417 btwn HWY417 IC122 RAMP15 & HWY417 IC121B RAMP51 (__3ZA2RB),__3ZA2RB,01 - Non intersection,02 - Non-fatal injury,03 - Rear end,01 - Clear,07 - Dark,02 - Wet,10 - No control,,4,0,0,0,02 - Minor,1,,1,,,365764.8187,5029160.423,45.39972749,-75.72128317,777
20--1737,2020/02/04,5:44 PM,EARL GREY DR btwn ROLAND MICHENER DR & 175 S OF KANATA AVE/WALMART SC (__3ZBPJBB),__3ZBPJBB,04 - At/near private drive,03 - P.D. only,02 - Angle,01 - Clear,05 - Dusk,01 - Dry,10 - No control,,2,0,0,0,,0,,,,,350786.4034,5018984.12,45.30930327,-75.91354055,778
20--1738,2020/02/04,5:58 AM,HWY417 IC118 RAMP35 btwn HWY417 IC118 RAMP45 & MANN AVE OVERPASS (__3ZAYAW),__3ZAYAW,01 - Non intersection,03 - P.D. only,04 - Sideswipe,01 - Clear,07 - Dark,02 - Wet,10 - No control,,2,0,0,0,,0,,,,,369228.6205,5031235.432,45.4180875,-75.67677256,779
20--1739,2020/02/04,6:00 PM,ALBION RD @ HUNT CLUB RD (0006974),6974,03 - At intersection,03 - P.D. only,05 - Turning movement,01 - Clear,07 - Dark,04 - Slush,01 - Traffic signal,01 - Functioning,2,0,0,0,,0,,,,,371867.7259,5024320.532,45.35562195,-75.64399513,780
20--174,2020/01/06,11:57 AM,PLEASANT PARK RD btwn CABOT ST & LESLIE AVE (__3ZA9HD),__3ZA9HD,01 - Non intersection,03 - P.D. only,06 - SMV unattended vehicle,03 - Snow,01 - Daylight,04 - Slush,10 - No control,,1,0,0,0,,0,,,,,369760.9991,5028432.657,45.39281992,-75.67034014,781
20--1740,2020/02/04,6:25 AM,HIGHWAY 417 btwn HWY417 IC112 RAMP54 & HWY417 IC112 RAMP65 (__3ZAZE8),__3ZAZE8,01 - Non intersection,03 - P.D. only,04 - Sideswipe,01 - Clear,07 - Dark,02 - Wet,10 - No control,,2,0,0,0,,0,,,,,374162.4507,5031264.206,45.41787468,-75.61373452,782
20--1741,2020/02/04,6:30 AM,OR174 IC112 RAMP36 btwn REGIONAL ROAD 174 & BLAIR RD (__3ZAY96),__3ZAY96,01 - Non intersection,03 - P.D. only,04 - Sideswipe,01 - Clear,07 - Dark,01 - Dry,10 - No control,,2,0,0,0,,0,,,,,374531.5327,5032646.968,45.43027934,-75.60882348,783
20--1742,2020/02/04,6:30 PM,VANIER PKWY NB btwn RIVERSIDE DR & HWY417 IC117 RAMP26 (__3ZA4TH),__3ZA4TH,01 - Non intersection,03 - P.D. only,03 - Rear end,01 - Clear,07 - Dark,01 - Dry,10 - No control,,3,0,0,0,,0,,,,,370810.3581,5031252.96,45.41809777,-75.65656197,784
20--1743,2020/02/04,6:30 PM,HIGHWAY 417 btwn HWY417 IC121B RAMP16 & HWY417 IC121A RAMP16 (__3ZA2YX),__3ZA2YX,01 - Non intersection,03 - P.D. only,04 - Sideswipe,01 - Clear,07 - Dark,01 - Dry,10 - No control,,2,0,0,0,,0,,,,,366720.9701,5029575.001,45.40337384,-75.70901915,785
20--1744,2020/02/04,6:31 AM,HIGHWAY 417 btwn HWY417 IC126 RAMP25 & HWY417 IC124 RAMP57 (__3ZA2R5),__3ZA2R5,01 - Non intersection,03 - P.D. only,03 - Rear end,01 - Clear,07 - Dark,02 - Wet,10 - No control,,4,0,0,0,,0,,,,,363335.233,5026054.611,45.37198922,-75.75268241,786
20--1745,2020/02/04,6:38 AM,HIGHWAY 417 btwn HWY417 IC113 RAMP85 & HWY417 IC112 RAMP54 (__3ZA287),__3ZA287,01 - Non intersection,03 - P.D. only,03 - Rear end,01 - Clear,07 - Dark,02 - Wet,10 - No control,,3,0,0,0,,0,,,,,373994.5501,5031649.818,45.42136084,-75.61582543,787
20--1746,2020/02/04,6:46 AM,BANTREE ST @ INNES RD (0007684),7684,03 - At intersection,03 - P.D. only,05 - Turning movement,01 - Clear,03 - Dawn,02 - Wet,01 - Traffic signal,01 - Functioning,2,0,0,0,,0,,,,,373705.7225,5030406.572,45.41020324,-75.61968949,788
20--1747,2020/02/04,7:20 AM,HIGHWAY 417 btwn HWY417 IC126 RAMP25 & HWY417 IC124 RAMP57 (__3ZA2R5),__3ZA2R5,01 - Non intersection,03 - P.D. only,04 - Sideswipe,01 - Clear,01 - Daylight,02 - Wet,10 - No control,,3,0,0,0,,0,,,,,363346.6767,5026070.001,45.37212674,-75.7525345,789
20--1748,2020/02/04,8:00 AM,CRAIG HENRY DR btwn ALDRIDGE WAY & JACK AARON DR (__3ZAAYZ),__3ZAAYZ,04 - At/near private drive,03 - P.D. only,02 - Angle,01 - Clear,01 - Daylight,01 - Dry,10 - No control,,2,0,0,0,,0,,,,,362167.5334,5021866.093,45.33439778,-75.76807515,790
20--1749,2020/02/04,8:38 AM,INDUSTRIAL AVE @ RIVERSIDE DR (0011905),11905,02 - Intersection related,03 - P.D. only,03 - Rear end,01 - Clear,01 - Daylight,01 - Dry,01 - Traffic signal,01 - Functioning,2,0,0,0,,0,,,,,370684.7065,5030592.551,45.41216752,-75.65825558,791
20--175,2020/01/06,Unknown,WELLINGTON ST    W btwn HAMILTON AVE N & PARKDALE AVE (__3ZA4QX),__3ZA4QX,01 - Non intersection,03 - P.D. only,06 - SMV unattended vehicle,03 - Snow,00 - Unknown,06 - Ice,10 - No control,,1,0,0,0,,0,,,,,365113.5508,5029250.978,45.40059869,-75.72959012,792
20--1750,2020/02/04,8:38 AM,MONTREAL RD @ GRANVILLE ST/LAFONTAINE AVE (0009348),9348,02 - Intersection related,03 - P.D. only,04 - Sideswipe,01 - Clear,01 - Daylight,01 - Dry,01 - Traffic signal,00 - Unknown,2,0,0,0,,0,,,,,370826.7158,5033474.596,45.43808556,-75.65605513,793
20--1751,2020/02/04,9:00 PM,MARGRAVE AVE btwn DRUMSO ST & DRUMSO ST (__3ZAZSC),__3ZAZSC,01 - Non intersection,03 - P.D. only,06 - SMV unattended vehicle,01 - Clear,07 - Dark,01 - Dry,10 - No control,,1,0,0,0,,0,,,,,372483.8406,5025489.408,45.36607987,-75.6359723,794
20--1752,2020/02/04,9:13 AM,HIGHWAY 416 btwn HWY416 IC66 RAMP53 & HWY416 IC57 RAMP34 (__3ZAZLC),__3ZAZLC,01 - Non intersection,03 - P.D. only,07 - SMV other,01 - Clear,01 - Daylight,02 - Wet,10 - No control,,1,0,0,0,,0,,,,,363482.4651,5010549.386,45.23246121,-75.75263824,795
20--1753,2020/02/04,9:49 AM,HIGHWAY 417 btwn HWY417 IC118 RAMP57 & HWY417 IC118 RAMP35 (__3ZA2YQ),__3ZA2YQ,01 - Non intersection,03 - P.D. only,04 - Sideswipe,01 - Clear,01 - Daylight,01 - Dry,10 - No control,,2,0,0,0,,0,,,,,369562.9159,5031093.396,45.41677865,-75.67252027,796
20--1754,2020/02/05,1:00 PM,WOODROFFE AVE @ FIRESTATION (0008642),8642,02 - Intersection related,03 - P.D. only,03 - Rear end,01 - Clear,01 - Daylight,01 - Dry,13 - MPS,01 - Functioning,4,0,0,0,,0,,,,,362495.5096,5023913.2,45.35279063,-75.76365225,797
20--1755,2020/02/05,1:39 PM,SMYTH RD/OTHELLO AVE @ RUSSELL RD W (0007730),7730,02 - Intersection related,03 - P.D. only,03 - Rear end,01 - Clear,01 - Daylight,01 - Dry,01 - Traffic signal,01 - Functioning,2,0,0,0,,0,,,,,373255.7352,5029373.54,45.40095266,-75.62558108,798
20--1756,2020/02/05,1:40 PM,BEECHWOOD AVE @ SPRINGFIELD RD (0011442),11442,02 - Intersection related,03 - P.D. only,04 - Sideswipe,01 - Clear,01 - Daylight,01 - Dry,01 - Traffic signal,01 - Functioning,2,0,0,0,,0,,,,,369236.7113,5033652.625,45.43983574,-75.67635292,799
20--1757,2020/02/05,10:50 AM,BANK ST @ RIVERSIDE DR N (0010778),10778,02 - Intersection related,03 - P.D. only,04 - Sideswipe,01 - Clear,01 - Daylight,01 - Dry,01 - Traffic signal,01 - Functioning,2,0,0,0,,0,,,,,369225.701,5027983.543,45.38882839,-75.67723471,800
20--1758,2020/02/05,10:51 AM,EAGLESON RD @ MICHAEL COWPLAND DR/STONEHAVEN D (0003544),3544,02 - Intersection related,03 - P.D. only,02 - Angle,01 - Clear,01 - Daylight,01 - Dry,01 - Traffic signal,01 - Functioning,2,0,0,0,,0,,,,,354382.6256,5016623.455,45.28781684,-75.8679171,801
20--176,2020/01/06,Unknown,COLDREY AVE btwn KENZIE ST & MERIVALE RD (__3ZA0RW),__3ZA0RW,01 - Non intersection,03 - P.D. only,06 - SMV unattended vehicle,01 - Clear,00 - Unknown,02 - Wet,10 - No control,,1,0,0,0,,0,,,,,364636.1405,5027240.912,45.38255348,-75.73593148,802
20--1760,2020/02/05,Unknown,ELWOOD ST @ MONTREAL RD (0009283),9283,02 - Intersection related,03 - P.D. only,03 - Rear end,01 - Clear,00 - Unknown,01 - Dry,01 - Traffic signal,01 - Functioning,2,0,0,0,,0,,,,,374391.7183,5034399.588,45.44606238,-75.61036232,803
20--1761,2020/02/05,Unknown,MELBOURNE AVE btwn GREENWOOD AVE & TILLBURY AVE (__3ZA0Q5),__3ZA0Q5,01 - Non intersection,03 - P.D. only,06 - SMV unattended vehicle,01 - Clear,00 - Unknown,01 - Dry,10 - No control,,1,0,0,0,,0,,,,,363535.4536,5027184.385,45.38213801,-75.74999204,804
20--1762,2020/02/05,12:25 PM,ALBION RD btwn MASSICOTTE LANE & BRAMPTON RD (__3ZBOR1),__3ZBOR1,04 - At/near private drive,03 - P.D. only,99 - Other,01 - Clear,01 - Daylight,01 - Dry,10 - No control,,2,0,0,0,,0,,,,,372146.3992,5023645.008,45.34951711,-75.64053075,805
20--1763,2020/02/05,12:35 PM,PARKDALE AVE @ SHERWOOD DR (0006383),6383,02 - Intersection related,03 - P.D. only,03 - Rear end,01 - Clear,01 - Daylight,01 - Dry,12 - IPS,01 - Functioning,2,0,0,0,,0,,,,,365380.6962,5028745.542,45.39602783,-75.72624015,806
20--1764,2020/02/05,12:37 PM,BASELINE RD @ WOODROFFE AVE (0002225),2225,02 - Intersection related,03 - P.D. only,04 - Sideswipe,01 - Clear,01 - Daylight,01 - Dry,01 - Traffic signal,01 - Functioning,3,0,0,0,,0,,,,,362549.6965,5023770.496,45.35150213,-75.7629774,807
20--1765,2020/02/05,12:50 AM,HERON RD btwn EVANS BLVD & ALTA VISTA DR (__3ZA3AE),__3ZA3AE,01 - Non intersection,03 - P.D. only,05 - Turning movement,01 - Clear,07 - Dark,01 - Dry,10 - No control,,2,0,0,0,,0,,,,,370392.5539,5026894.696,45.37892301,-75.66247938,808
20--1766,2020/02/05,2:15 PM,CAMPEAU DR @ TERON RD/COLCHESTER SQ (0009033),9033,02 - Intersection related,03 - P.D. only,03 - Rear end,01 - Clear,01 - Daylight,01 - Dry,01 - Traffic signal,01 - Functioning,2,0,0,0,,0,,,,,352563.2947,5020468.344,45.32254005,-75.89073822,809
20--1767,2020/02/05,2:45 PM,LABELLE ST/RAMP @ LEMIEUX ST/HWY417 IC115 RAMP (0012538),12538,02 - Intersection related,03 - P.D. only,04 - Sideswipe,01 - Clear,01 - Daylight,01 - Dry,02 - Stop sign,01 - Functioning,2,0,0,0,,0,,,,,372541.7207,5031688.569,45.42185169,-75.63438234,810
20--1768,2020/02/05,2:50 PM,BRONSON AVE @ IMPERIAL AVE/PLYMOUTH ST (0010859),10859,02 - Intersection related,03 - P.D. only,03 - Rear end,01 - Clear,01 - Daylight,01 - Dry,10 - No control,,2,0,0,0,,0,,,,,367318.7051,5029643.549,45.40393749,-75.70137571,811
20--1769,2020/02/05,3:02 PM,BASELINE RD @ MORLEY BLVD (0002732),2732,02 - Intersection related,03 - P.D. only,03 - Rear end,01 - Clear,01 - Daylight,01 - Dry,02 - Stop sign,00 - Unknown,3,0,0,0,,0,,,,,366683.6977,5026349.524,45.37435509,-75.70989969,812
20--177,2020/01/06,Unknown,ARBUCKLE CRES btwn MANLY CRT & BATEMAN DR (2) (__3ZABRP),__3ZABRP,01 - Non intersection,03 - P.D. only,06 - SMV unattended vehicle,03 - Snow,00 - Unknown,03 - Loose snow,10 - No control,,1,0,0,0,,0,,,,,361655.0605,5021057.796,45.32716645,-75.77470586,813
20--1770,2020/02/05,3:05 PM,BLAIR RD @ REGIONAL RD 174 N/OR174 IC112 RAMP61 (0003617),3617,02 - Intersection related,03 - P.D. only,03 - Rear end,01 - Clear,01 - Daylight,01 - Dry,01 - Traffic signal,01 - Functioning,2,0,0,0,,0,,,,,374634.7264,5032991.577,45.43336965,-75.60745594,814
20--1771,2020/02/05,3:05 PM,FALLOWFIELD RD @ GREENBANK RD (0000549),549,02 - Intersection related,03 - P.D. only,03 - Rear end,01 - Clear,01 - Daylight,01 - Dry,01 - Traffic signal,00 - Unknown,2,0,0,0,,0,,,,,363080.6803,5016732.463,45.28813026,-75.75702952,815
20--1772,2020/02/05,3:18 PM,CROYDON AVE btwn RICHMOND RD & BOND ST (__3ZABX1),__3ZABX1,04 - At/near private drive,03 - P.D. only,04 - Sideswipe,01 - Clear,01 - Daylight,01 - Dry,10 - No control,,2,0,0,0,,0,,,,,360560.0882,5025249.529,45.36497144,-75.78820065,816
20--1773,2020/02/05,3:25 PM,HIGHWAY 417 btwn HWY417 IC118 RAMP57 & HWY417 IC118 RAMP35 (__3ZA2YQ),__3ZA2YQ,01 - Non intersection,03 - P.D. only,03 - Rear end,01 - Clear,01 - Daylight,01 - Dry,10 - No control,,4,0,0,0,,0,,,,,369218.4129,5030877.663,45.41486937,-75.67694974,817
20--1774,2020/02/05,3:45 PM,BOTELER ST @ SUSSEX DR (0011436),11436,02 - Intersection related,03 - P.D. only,02 - Angle,01 - Clear,01 - Daylight,01 - Dry,01 - Traffic signal,01 - Functioning,2,0,0,0,,0,,,,,367451.3111,5032951.97,45.43369376,-75.69926127,818
20--1775,2020/02/05,3:45 PM,HIGHWAY 417 btwn HWY417 IC122 RAMP15 & HWY417 IC121B RAMP51 (__3ZA2RB),__3ZA2RB,01 - Non intersection,03 - P.D. only,03 - Rear end,01 - Clear,01 - Daylight,01 - Dry,10 - No control,,2,0,0,0,,0,,,,,366576.0158,5029513.355,45.40283197,-75.71087835,819
20--1776,2020/02/05,3:55 PM,CLYDE AVE btwn MAITLAND AVE & BASELINE RD (__3ZA4IR),__3ZA4IR,01 - Non intersection,03 - P.D. only,03 - Rear end,01 - Clear,01 - Daylight,01 - Dry,10 - No control,,2,0,0,0,,0,,,,,364305.5615,5025015.078,45.36255393,-75.74042055,820
20--1777,2020/02/05,4:04 PM,BARRAN ST @ FALLOWFIELD RD (0000626),626,03 - At intersection,03 - P.D. only,02 - Angle,01 - Clear,01 - Daylight,01 - Dry,02 - Stop sign,01 - Functioning,3,0,0,0,,0,,,,,362292.6788,5016244.438,45.28380389,-75.7671308,821
20--1778,2020/02/05,4:04 PM,HIGHWAY 417 btwn HWY417 IC119A RAMP67 & HWY417 IC118 RAMP76 (__3ZA2YS),__3ZA2YS,01 - Non intersection,03 - P.D. only,03 - Rear end,01 - Clear,01 - Daylight,01 - Dry,10 - No control,,2,0,0,0,,0,,,,,368642.5851,5030562.214,45.41208384,-75.68434699,822