Anom_ID,Accident_Date,Accident_Time,Location,Geo_ID,Accident_Location,Classification_of_Accident,Initial_Impact_Type,Environment_Condition,Light,Road_Surface_Condition,Traffic_Control,Traffic_Control_Condition,No__of_Vehicles,No__of_Bicycles,No__of_Motorcycles,No__of_Pedestrians,Max_Injury,No__of_Injuries,No__of_Minimal,No__of_Minor,No__of_Major,No__of_Fatal,X,Y,Latitude,Longitude,ObjectId
20--1476,2020/01/29,Unknown,LORETTA AVE   S btwn BEECH ST & HICKORY ST (__3ZA02Z),__3ZA02Z,01 - Non intersection,03 - P.D. only,06 - SMV unattended vehicle,00 - Unknown,00 - Unknown,01 - Dry,10 - No control,,1,0,0,0,,0,,,,,366432.3641,5029024.623,45.39844715,-75.71277424,987
20--1477,2020/01/29,Unknown,CASPIAN ROW btwn CONTINENTAL AVE & PICTOU CRES (e___2K8R),e___2K8R,01 - Non intersection,03 - P.D. only,06 - SMV unattended vehicle,01 - Clear,00 - Unknown,02 - Wet,10 - No control,,1,0,0,0,,0,,,,,353603.808,5014591.667,45.26958881,-75.8780447,988
20--1478,2020/01/29,12:05 PM,MEADOWBROOK RD @ FOXWELL ST/RIDGEBROOK DR S (0008866),8866,03 - At intersection,03 - P.D. only,05 - Turning movement,01 - Clear,01 - Daylight,01 - Dry,02 - Stop sign,01 - Functioning,2,0,0,0,,0,,,,,374490.7056,5031571.56,45.42060747,-75.60949735,989
20--1479,2020/01/29,12:58 PM,HAIG DR @ SMYTH RD (0007736),7736,03 - At intersection,03 - P.D. only,05 - Turning movement,01 - Clear,01 - Daylight,01 - Dry,01 - Traffic signal,01 - Functioning,2,0,0,0,,0,,,,,372564.7331,5029298.549,45.40034515,-75.63441688,990
20--148,2020/01/05,8:10 PM,BASELINE RD @ ERINDALE DR (0003209),3209,03 - At intersection,03 - P.D. only,05 - Turning movement,01 - Clear,07 - Dark,02 - Wet,02 - Stop sign,00 - Unknown,2,0,0,0,,0,,,,,363857.6861,5024575.515,45.35863667,-75.74618963,991
20--1480,2020/01/29,2:10 PM,ROCHESTER ST btwn PAMILLA ST & ADELINE ST (__3ZA4QI),__3ZA4QI,04 - At/near private drive,03 - P.D. only,02 - Angle,01 - Clear,01 - Daylight,01 - Dry,10 - No control,,2,0,0,0,,0,,,,,366929.1041,5029178.254,45.39978558,-75.70641068,992
20--1481,2020/01/29,2:19 PM,INNES RD btwn BLACKBURN BYPASS & CLEROUX CRES (__3ZA3KN),__3ZA3KN,01 - Non intersection,03 - P.D. only,07 - SMV other,01 - Clear,01 - Daylight,01 - Dry,10 - No control,,1,0,0,0,,0,,,,,379696.2294,5033808.566,45.44019656,-75.54265033,993
20--1482,2020/01/29,2:34 PM,MONTREAL RD @ SHEFFORD RD (0012423),12423,03 - At intersection,02 - Non-fatal injury,02 - Angle,01 - Clear,01 - Daylight,01 - Dry,01 - Traffic signal,01 - Functioning,2,0,0,0,02 - Minor,1,,1,,,376125.7194,5034853.562,45.44997216,-75.58813239,994
20--1483,2020/01/29,2:50 PM,HIGHWAY 417 btwn HWY417 IC124 RAMP65 & HWY417 IC122 RAMP51 (__3ZA2R8),__3ZA2R8,01 - Non intersection,03 - P.D. only,03 - Rear end,01 - Clear,01 - Daylight,01 - Dry,10 - No control,,2,0,0,0,,0,,,,,365124.7973,5028663.96,45.39531586,-75.72951827,995
20--1484,2020/01/29,2:56 PM,GREENBANK RD @ HARRISON ST/ASHGROVE CRES (0000627),627,03 - At intersection,02 - Non-fatal injury,05 - Turning movement,01 - Clear,01 - Daylight,01 - Dry,01 - Traffic signal,01 - Functioning,2,0,0,0,02 - Minor,3,,3,,,360839.6833,5022007.495,45.33577742,-75.7849992,996
20--1485,2020/01/29,3:00 PM,HIGHWAY 417 btwn HWY417 IC126 RAMP25 & HWY417 IC124 RAMP57 (__3ZA2R5),__3ZA2R5,01 - Non intersection,03 - P.D. only,03 - Rear end,01 - Clear,01 - Daylight,01 - Dry,10 - No control,,2,0,0,0,,0,,,,,363889.4111,5026794.614,45.37860114,-75.74551931,997
20--1486,2020/01/29,3:15 PM,FINDLAY CREEK DR @ WILLOWMERE WAY (0014168),14168,02 - Intersection related,03 - P.D. only,04 - Sideswipe,01 - Clear,01 - Daylight,01 - Dry,02 - Stop sign,01 - Functioning,2,0,0,0,,0,,,,,374187.0559,5019311.412,45.3103261,-75.61509856,998
20--1487,2020/01/29,3:17 PM,OGILVIE RD btwn MATHESON RD & CADBORO RD (__3ZA2DM),__3ZA2DM,01 - Non intersection,03 - P.D. only,03 - Rear end,01 - Clear,01 - Daylight,03 - Loose snow,10 - No control,,2,0,0,0,,0,,,,,373480.0643,5032594.359,45.42991004,-75.6222671,999
20--1488,2020/01/29,3:36 PM,COBDEN RD @ IRIS ST (0002946),2946,03 - At intersection,03 - P.D. only,02 - Angle,01 - Clear,01 - Daylight,01 - Dry,02 - Stop sign,01 - Functioning,2,0,0,0,,0,,,,,361384.5166,5023827.508,45.35211011,-75.77784013,1000
20--239,2020/01/06,8:22 AM,JOHNSTON RD btwn KIWANIS CRT & PENNARD WAY (__42KKA8),__42KKA8,01 - Non intersection,03 - P.D. only,07 - SMV other,04 - Freezing Rain,01 - Daylight,06 - Ice,10 - No control,,1,0,0,0,,0,,,,,372587.7654,5025857.598,45.36938266,-75.63459526,1001
20--2390,2020/02/15,Unknown,CHESTER CRES btwn STARLING CRES & STARLING CRES (__3ZAA8B),__3ZAA8B,01 - Non intersection,03 - P.D. only,06 - SMV unattended vehicle,01 - Clear,00 - Unknown,01 - Dry,10 - No control,,1,0,0,0,,0,,,,,363466.5523,5014763.774,45.27038386,-75.75234348,1002
20--2391,2020/02/15,Unknown,CAMPOBELLO DR btwn CAYMAN RD & GRENADINE ST (__8PNLY4),__8PNLY4,01 - Non intersection,03 - P.D. only,06 - SMV unattended vehicle,00 - Unknown,00 - Unknown,01 - Dry,10 - No control,,1,0,0,0,,0,,,,,349651.729,5016446.153,45.28653925,-75.92823976,1003
20--2392,2020/02/15,Unknown,SPLINTER CRES btwn TORSA CRT & DUMAURIER AVE (__3ZAZR6),__3ZAZR6,01 - Non intersection,03 - P.D. only,06 - SMV unattended vehicle,03 - Snow,00 - Unknown,05 - Packed snow,10 - No control,,1,0,0,0,,0,,,,,359819.7723,5023606.339,45.35024454,-75.79783326,1004
20--2393,2020/02/15,2:00 PM,CYRVILLE RD btwn LABRIE AVE & STAR TOP RD (__3ZA3SO),__3ZA3SO,04 - At/near private drive,02 - Non-fatal injury,03 - Rear end,01 - Clear,01 - Daylight,02 - Wet,10 - No control,,2,0,0,0,01 - Minimal,2,2,,,,373547.3992,5031626.091,45.42119144,-75.6215418,1005
20--2394,2020/02/15,2:00 PM,BANK ST @ FIFTH AVE (0007247),7247,02 - Intersection related,03 - P.D. only,03 - Rear end,01 - Clear,01 - Daylight,05 - Packed snow,01 - Traffic signal,01 - Functioning,2,0,0,0,,0,,,,,368398.7038,5029400.552,45.40165379,-75.68761235,1006
20--2395,2020/02/15,2:01 PM,GLADSTONE AVE btwn BAY ST & LYON ST N (__3ZA3PV),__3ZA3PV,01 - Non intersection,03 - P.D. only,06 - SMV unattended vehicle,01 - Clear,01 - Daylight,01 - Dry,10 - No control,,1,0,0,0,,0,,,,,367479.4501,5030298.662,45.40981762,-75.69923925,1007
20--2396,2020/02/15,2:05 PM,ORLEANS BLVD @ ST. JOSEPH BLVD (0004144),4144,02 - Intersection related,03 - P.D. only,04 - Sideswipe,01 - Clear,01 - Daylight,02 - Wet,01 - Traffic signal,01 - Functioning,2,0,0,0,,0,,,,,380631.7338,5036980.59,45.4686351,-75.53020501,1008
20--2397,2020/02/15,2:40 PM,BASELINE RD @ FISHER AVE (0002346),2346,02 - Intersection related,03 - P.D. only,03 - Rear end,03 - Snow,01 - Daylight,03 - Loose snow,01 - Traffic signal,01 - Functioning,2,0,0,0,,0,,,,,366166.6834,5026028.52,45.37151223,-75.71653993,1009
20--2398,2020/02/15,2:41 PM,ABBEYHILL DR @ CASTLEFRANK RD (0003931),3931,02 - Intersection related,03 - P.D. only,03 - Rear end,01 - Clear,01 - Daylight,01 - Dry,02 - Stop sign,01 - Functioning,2,0,0,0,,0,,,,,353223.6066,5017260.457,45.29362955,-75.8826293,1010
20--2399,2020/02/15,2:48 PM,CYR AVE @ MONTREAL RD (0009803),9803,03 - At intersection,03 - P.D. only,02 - Angle,01 - Clear,01 - Daylight,01 - Dry,02 - Stop sign,01 - Functioning,2,0,0,0,,0,,,,,370220.7055,5033148.588,45.43520924,-75.66384357,1011
20--24,2020/01/02,10:57 AM,REGIONAL ROAD 174 btwn OR174 IC105 RAMP51 & OR174 IC105 RAMP35 (__3ZA2XC),__3ZA2XC,01 - Non intersection,03 - P.D. only,99 - Other,01 - Clear,01 - Daylight,01 - Dry,10 - No control,,2,0,0,0,,0,,,,,379017.5381,5036778.344,45.46698883,-75.55087626,1012
20--240,2020/01/06,8:25 AM,OLD INNES RD @ BANTREE ST (0007674),7674,03 - At intersection,02 - Non-fatal injury,02 - Angle,03 - Snow,01 - Daylight,04 - Slush,02 - Stop sign,01 - Functioning,2,0,0,0,02 - Minor,1,,1,,,373727.7473,5030352.561,45.40971511,-75.6194157,1013
20--2400,2020/02/15,3:12 PM,HIGHWAY 417 btwn HWY417 IC123 RAMP62 & HWY417 IC122 RAMP16 (__3ZA2R9),__3ZA2R9,01 - Non intersection,03 - P.D. only,04 - Sideswipe,01 - Clear,01 - Daylight,01 - Dry,10 - No control,,2,0,0,0,,0,,,,,365151.9298,5028736.558,45.39596675,-75.72916288,1014
20--2401,2020/02/15,3:24 PM,CUMMINGS AVE/LABELLE ST @ CYRVILLE RD (0008791),8791,02 - Intersection related,02 - Non-fatal injury,07 - SMV other,01 - Clear,01 - Daylight,01 - Dry,01 - Traffic signal,01 - Functioning,1,0,0,1,02 - Minor,1,,1,,,372860.7152,5031871.564,45.42346723,-75.63028135,1015
20--2402,2020/02/15,4:06 AM,REGIONAL ROAD 174 btwn OR174 IC101 RAMP63 & OR174 IC101 RAMP45 (__3ZA11Q),__3ZA11Q,01 - Non intersection,03 - P.D. only,07 - SMV other,01 - Clear,07 - Dark,01 - Dry,10 - No control,,1,0,0,0,,0,,,,,382800.309,5038918.567,45.48583247,-75.50216804,1016
20--2403,2020/02/15,4:45 PM,INNES RD btwn STONEHENGE CRES & BLAIR RD (__3ZA3SK),__3ZA3SK,01 - Non intersection,03 - P.D. only,03 - Rear end,01 - Clear,01 - Daylight,01 - Dry,10 - No control,,2,0,0,0,,0,,,,,375500.3413,5031395.253,45.41891986,-75.5966232,1017
20--2404,2020/02/15,5:00 PM,HILSON AVE btwn WESLEY AVE & GEOFFREY ST (__3ZBONF),__3ZBONF,04 - At/near private drive,03 - P.D. only,06 - SMV unattended vehicle,01 - Clear,05 - Dusk,02 - Wet,10 - No control,,1,0,0,0,,0,,,,,364016.8345,5028373.172,45.39279398,-75.74370307,1018
20--2405,2020/02/15,5:51 PM,AYLMER AVE @ LEONARD AVE (0007523),7523,02 - Intersection related,03 - P.D. only,02 - Angle,01 - Clear,05 - Dusk,03 - Loose snow,02 - Stop sign,01 - Functioning,2,0,0,0,,0,,,,,368276.707,5028490.555,45.39347698,-75.68928764,1019
20--2406,2020/02/15,6:00 PM,INNES RD @ JEANNE D'ARC BLVD/MER BLEUE RD (0012475),12475,02 - Intersection related,03 - P.D. only,03 - Rear end,01 - Clear,05 - Dusk,02 - Wet,01 - Traffic signal,01 - Functioning,2,0,0,0,,0,,,,,382637.7405,5035567.556,45.45570117,-75.50477822,1020
20--2407,2020/02/15,6:01 PM,BANK ST @ KILBORN AVE/BELANGER AVE (0007208),7208,03 - At intersection,03 - P.D. only,05 - Turning movement,01 - Clear,07 - Dark,01 - Dry,01 - Traffic signal,01 - Functioning,2,0,0,0,,0,,,,,369653.7193,5027427.535,45.38378611,-75.67184222,1021
20--2408,2020/02/15,6:15 PM,CYCLONE TAYLOR BLVD @ HUNTMAR DR (0011819),11819,02 - Intersection related,03 - P.D. only,03 - Rear end,01 - Clear,07 - Dark,01 - Dry,01 - Traffic signal,01 - Functioning,2,0,0,0,,0,,,,,349514.5805,5017549.426,45.29647559,-75.92988856,1022
20--2409,2020/02/15,6:15 PM,CUMBERLAND ST @ GEORGE ST (0008508),8508,02 - Intersection related,03 - P.D. only,03 - Rear end,01 - Clear,05 - Dusk,01 - Dry,01 - Traffic signal,01 - Functioning,2,0,0,0,,0,,,,,368325.711,5032416.593,45.42879774,-75.68815587,1023
20--241,2020/01/06,8:28 AM,HIGHWAY 417 btwn HWY 417 ANDERSON IC104R61 & HWY 417 BOUNDARY IC96R16 (__3ZA2W5),__3ZA2W5,01 - Non intersection,03 - P.D. only,03 - Rear end,03 - Snow,01 - Daylight,03 - Loose snow,10 - No control,,2,0,0,0,,0,,,,,386986.1822,5023942.168,45.35060876,-75.45112628,1024
20--2410,2020/02/15,6:45 PM,HIGHWAY 417 btwn HWY417 IC129 RAMP61 & TRANSIT (__3ZA2SI),__3ZA2SI,01 - Non intersection,03 - P.D. only,03 - Rear end,01 - Clear,07 - Dark,01 - Dry,10 - No control,,2,0,0,0,,0,,,,,360840.0974,5023854.21,45.35239409,-75.7847847,1025
20--2411,2020/02/15,7:11 AM,ALTA VISTA DR btwn VALOUR DR & BALFOUR AVE (__3ZA9M1),__3ZA9M1,01 - Non intersection,02 - Non-fatal injury,07 - SMV other,01 - Clear,03 - Dawn,01 - Dry,10 - No control,,1,0,0,0,02 - Minor,1,,1,,,370461.2539,5029628.215,45.4035118,-75.66123854,1026
20--2412,2020/02/15,7:20 PM,MOODIE DR btwn WEST HUNT CLUB RD & ALTI PL (__3ZBOCW),__3ZBOCW,01 - Non intersection,03 - P.D. only,07 - SMV other,01 - Clear,07 - Dark,01 - Dry,10 - No control,,1,0,0,0,,0,,,,,358034.3912,5018198.097,45.30171856,-75.82119827,1027
20--2413,2020/02/15,7:38 PM,FRANKTOWN RD btwn MUNSTER RD & GREEN'S RD (__3ZA3EU),__3ZA3EU,01 - Non intersection,03 - P.D. only,07 - SMV other,01 - Clear,07 - Dark,05 - Packed snow,10 - No control,,1,0,0,0,,0,,,,,352277.7621,5002137.295,45.15761033,-75.8961301,1028
20--2414,2020/02/15,7:40 PM,CARLING AVE EB btwn PARKDALE AVE & CIVIC HOSPITAL (__3ZA26LA),__3ZA26LA,01 - Non intersection,03 - P.D. only,07 - SMV other,01 - Clear,07 - Dark,02 - Wet,10 - No control,,1,0,0,0,,0,,,,,365670.764,5028182.49,45.39093646,-75.7226051,1029
20--2415,2020/02/15,7:46 PM,TENTH LINE RD @ VANGUARD DR (0004632),4632,03 - At intersection,02 - Non-fatal injury,05 - Turning movement,01 - Clear,07 - Dark,01 - Dry,01 - Traffic signal,01 - Functioning,2,0,0,0,02 - Minor,1,,1,,,384072.7561,5035874.548,45.45830188,-75.48638369,1030
20--2416,2020/02/15,8:41 PM,CARLING AVE @ KIRKWOOD AVE N (0002358),2358,03 - At intersection,03 - P.D. only,05 - Turning movement,01 - Clear,07 - Dark,01 - Dry,01 - Traffic signal,01 - Functioning,2,0,0,0,,0,,,,,364275.6812,5027493.532,45.38485721,-75.74050347,1031
20--2417,2020/02/15,8:42 PM,WALKLEY RD @ HEATHERINGTON RD (0006928),6928,02 - Intersection related,03 - P.D. only,03 - Rear end,01 - Clear,07 - Dark,01 - Dry,01 - Traffic signal,01 - Functioning,2,0,0,0,,0,,,,,371766.7221,5026794.524,45.3778917,-75.6449488,1032
20--2418,2020/02/15,9:00 AM,WOODROFFE AVE btwn FIRESTATION & BASELINE RD (__3ZA34KB),__3ZA34KB,01 - Non intersection,03 - P.D. only,03 - Rear end,01 - Clear,01 - Daylight,01 - Dry,10 - No control,,2,0,0,0,,0,,,,,362543.5571,5023786.278,45.35164464,-75.7630539,1033
20--2419,2020/02/15,9:15 AM,INNES RD @ WILDFLOWER DR (0012871),12871,02 - Intersection related,03 - P.D. only,03 - Rear end,01 - Clear,01 - Daylight,02 - Wet,01 - Traffic signal,01 - Functioning,2,0,0,0,,0,,,,,382936.7488,5035690.548,45.45677437,-75.50093618,1034
20--242,2020/01/06,8:30 AM,ROCKCLIFFE PKWY btwn ACACIA AVE & HILLSDALE RD (__3ZA21Z),__3ZA21Z,01 - Non intersection,03 - P.D. only,07 - SMV other,03 - Snow,01 - Daylight,06 - Ice,10 - No control,,1,0,0,0,,0,,,,,368852.3672,5035572.158,45.45714224,-75.68101528,1035
20--2420,2020/02/15,9:22 AM,RIVERSIDE DR @ TREMBLAY RD/HWY417 IC117 RAMP52 (0010790),10790,02 - Intersection related,03 - P.D. only,03 - Rear end,03 - Snow,01 - Daylight,03 - Loose snow,01 - Traffic signal,01 - Functioning,2,0,0,0,,0,,,,,370802.0802,5031015.903,45.41596561,-75.65669948,1036
20--2421,2020/02/15,9:27 AM,BOUNDARY RD @ MITCH OWENS RD (0001708),1708,02 - Intersection related,03 - P.D. only,07 - SMV other,01 - Clear,01 - Daylight,01 - Dry,02 - Stop sign,01 - Functioning,1,0,0,0,,0,,,,,388065.829,5022162.461,45.33446915,-75.43764956,1037
20--2422,2020/02/15,9:29 AM,INNES RD @ ORLEANS BLVD (0003611),3611,02 - Intersection related,03 - P.D. only,03 - Rear end,01 - Clear,01 - Daylight,04 - Slush,01 - Traffic signal,01 - Functioning,2,0,0,0,,0,,,,,380460.7843,5034296.386,45.44450327,-75.53280392,1038
20--2423,2020/02/15,9:30 PM,TENTH LINE RD @ CHARLEMAGNE BLVD S/DES EPINETT (0003686),3686,03 - At intersection,03 - P.D. only,05 - Turning movement,01 - Clear,07 - Dark,01 - Dry,01 - Traffic signal,01 - Functioning,2,0,0,0,,0,,,,,383640.9751,5036900.456,45.46758093,-75.49173924,1039
20--2424,2020/02/15,9:31 AM,MER BLEUE RD @ 210 S OF INNES RD (0012453),12453,03 - At intersection,02 - Non-fatal injury,02 - Angle,01 - Clear,01 - Daylight,02 - Wet,01 - Traffic signal,01 - Functioning,2,0,0,0,02 - Minor,1,,1,,,382729.7174,5035375.791,45.45396558,-75.50363278,1040
20--2425,2020/02/15,9:37 PM,CAMPEAU DR @ TERON RD/COLCHESTER SQ (0009033),9033,03 - At intersection,02 - Non-fatal injury,05 - Turning movement,01 - Clear,07 - Dark,01 - Dry,01 - Traffic signal,01 - Functioning,2,0,0,0,02 - Minor,3,2,1,,,352563.725,5020467.524,45.32253264,-75.89073281,1041
20--2426,2020/02/15,9:48 AM,SECOND LINE RD btwn LAHEY CRT & MARCH RD (__3ZAC41),__3ZAC41,01 - Non intersection,03 - P.D. only,07 - SMV other,01 - Clear,01 - Daylight,01 - Dry,10 - No control,,1,0,0,0,,0,,,,,345834.1324,5025606.68,45.36920195,-75.97614426,1042
20--2427,2020/02/16,1:00 PM,SIMARD DR btwn CHAPEL PARK PRIV & BROUSSEAU CRES (__3ZA1PI),__3ZA1PI,04 - At/near private drive,03 - P.D. only,02 - Angle,01 - Clear,01 - Daylight,01 - Dry,10 - No control,,2,0,0,0,,0,,,,,381406.3758,5035180.216,45.45235228,-75.52058026,1043
20--2428,2020/02/16,1:18 PM,CAMBRIDGE ST @ POWELL AVE (0007915),7915,03 - At intersection,03 - P.D. only,02 - Angle,01 - Clear,01 - Daylight,02 - Wet,02 - Stop sign,01 - Functioning,2,0,0,0,,0,,,,,367285.7194,5029434.562,45.40206003,-75.70182352,1044
20--2429,2020/02/16,1:55 PM,FALLOWFIELD RD @ SHEA RD (0000130),130,03 - At intersection,03 - P.D. only,02 - Angle,01 - Clear,01 - Daylight,01 - Dry,02 - Stop sign,01 - Functioning,2,0,0,0,,0,,,,,354014.6162,5011021.374,45.23743366,-75.87316321,1045
20--243,2020/01/06,8:32 AM,FLAMBOROUGH WAY @ KLONDIKE RD (0012605),12605,03 - At intersection,03 - P.D. only,02 - Angle,03 - Snow,01 - Daylight,03 - Loose snow,02 - Stop sign,01 - Functioning,2,0,0,0,,0,,,,,349078.5169,5023886.717,45.35352789,-75.93488139,1046
20--2430,2020/02/16,10:18 AM,CYRVILLE RD @ INNES RD (0009352),9352,02 - Intersection related,03 - P.D. only,03 - Rear end,01 - Clear,01 - Daylight,02 - Wet,01 - Traffic signal,01 - Functioning,2,0,0,0,,0,,,,,375047.719,5031119.563,45.41648494,-75.60244518,1047
20--2431,2020/02/16,11:00 AM,BRONSON AVE btwn FIRST AVE & SECOND AVE (__3ZA3OO),__3ZA3OO,01 - Non intersection,02 - Non-fatal injury,03 - Rear end,01 - Clear,01 - Daylight,01 - Dry,10 - No control,,2,0,0,0,01 - Minimal,1,1,,,,367491.9778,5029230.958,45.40020962,-75.69921496,1048
20--2432,2020/02/16,11:09 PM,HIGHWAY 417 btwn HWY417 IC126 RAMP51 & HWY417 IC126 RAMP25 (__3ZA2RD),__3ZA2RD,01 - Non intersection,03 - P.D. only,07 - SMV other,01 - Clear,07 - Dark,01 - Dry,10 - No control,,1,0,0,0,,0,,,,,363273.4822,5025972.599,45.37125644,-75.75348042,1049
20--2433,2020/02/16,Unknown,STRATHBURY ST btwn SADDLEBROOK ST & CENTREPOINTE DR (__3ZA5QD),__3ZA5QD,01 - Non intersection,03 - P.D. only,06 - SMV unattended vehicle,01 - Clear,00 - Unknown,01 - Dry,10 - No control,,1,0,0,0,,0,,,,,361980.7877,5022314.035,45.33844359,-75.7704058,1050
20--2434,2020/02/16,Unknown,IRIS ST btwn SOUTHWOOD DR & BAXTER RD (__3ZABJD),__3ZABJD,01 - Non intersection,03 - P.D. only,06 - SMV unattended vehicle,01 - Clear,00 - Unknown,02 - Wet,10 - No control,,1,0,0,0,,0,,,,,360952.72,5023525.078,45.34942356,-75.78338484,1051
20--2435,2020/02/16,12:20 PM,OTTAWA RIVER PKWY OFFR-EB @ PARKDALE AVE (0011241),11241,02 - Intersection related,03 - P.D. only,03 - Rear end,01 - Clear,01 - Daylight,02 - Wet,03 - Yield sign,01 - Functioning,2,0,0,0,,0,,,,,364683.9988,5030331.407,45.41035703,-75.73494525,1052
20--2436,2020/02/16,12:50 PM,HIGHWAY 417 btwn HWY417 IC127 RAMP67 & HWY417 IC126 RAMP16 (__3ZA2X0),__3ZA2X0,01 - Non intersection,03 - P.D. only,04 - Sideswipe,01 - Clear,01 - Daylight,01 - Dry,10 - No control,,2,0,0,0,,0,,,,,362396.1982,5025064.515,45.36315824,-75.76478547,1053
20--2437,2020/02/16,2:22 PM,HYDE PARK WAY @ CENTREPOINTE DR (0000699),699,03 - At intersection,02 - Non-fatal injury,02 - Angle,01 - Clear,01 - Daylight,02 - Wet,02 - Stop sign,01 - Functioning,2,0,0,0,01 - Minimal,1,1,,,,361771.6832,5022721.503,45.34212698,-75.77302671,1054
20--2438,2020/02/16,4:00 AM,FRANKTOWN RD btwn MUNSTER RD & GREEN'S RD (__3ZA3EU),__3ZA3EU,01 - Non intersection,03 - P.D. only,07 - SMV other,01 - Clear,07 - Dark,04 - Slush,10 - No control,,1,0,0,0,,0,,,,,350888.5503,5000917.914,45.14672976,-75.91391103,1055
20--2439,2020/02/16,4:00 PM,KING EDWARD AVE @ GEORGE ST (0008239),8239,02 - Intersection related,03 - P.D. only,03 - Rear end,01 - Clear,01 - Daylight,01 - Dry,02 - Stop sign,00 - Unknown,3,0,0,0,,0,,,,,368462.0895,5032481.861,45.4293726,-75.68640472,1056
20--244,2020/01/06,8:37 AM,HAZELDEAN RD @ HWY 7 HAZELDEAN IC RAMP 24 (0010663),10663,02 - Intersection related,03 - P.D. only,02 - Angle,03 - Snow,01 - Daylight,03 - Loose snow,02 - Stop sign,01 - Functioning,2,0,0,0,,0,,,,,346573.3055,5012282.579,45.2492634,-75.96783129,1057
20--2440,2020/02/16,4:00 PM,FRANKLIN CATHCART CRES btwn WEST RIDGE DR & WEST RIDGE DR (__3EWGCH),__3EWGCH,04 - At/near private drive,03 - P.D. only,06 - SMV unattended vehicle,01 - Clear,01 - Daylight,01 - Dry,10 - No control,,1,0,0,0,,0,,,,,350069.7956,5012480.356,45.25082684,-75.92327212,1058
20--2441,2020/02/16,4:45 PM,HIGHWAY 417 btwn HWY417 IC122 RAMP16 & HWY417 IC122 RAMP61 (__3ZA2RA),__3ZA2RA,01 - Non intersection,03 - P.D. only,03 - Rear end,01 - Clear,01 - Daylight,01 - Dry,10 - No control,,2,0,0,0,,0,,,,,365507.5937,5029013.309,45.39842614,-75.72458656,1059
20--2442,2020/02/16,4:49 AM,RIDEAU ST btwn NELSON ST & FRIEL ST (__3ZA3WJ),__3ZA3WJ,01 - Non intersection,02 - Non-fatal injury,01 - Approaching,01 - Clear,07 - Dark,02 - Wet,10 - No control,,2,0,0,0,02 - Minor,1,,1,,,368754.3352,5032560.273,45.43005146,-75.68266005,1060
20--2443,2020/02/16,5:00 PM,BRONSON AVE @ SOMERSET ST (0002218),2218,02 - Intersection related,03 - P.D. only,03 - Rear end,01 - Clear,01 - Daylight,01 - Dry,01 - Traffic signal,01 - Functioning,2,0,0,0,,0,,,,,366967.6855,5030476.57,45.41146403,-75.70575422,1061
20--2444,2020/02/16,5:08 PM,KATIMAVIK RD @ AIRD PL/CHIMO DR W (0011977),11977,03 - At intersection,03 - P.D. only,02 - Angle,01 - Clear,01 - Daylight,01 - Dry,01 - Traffic signal,01 - Functioning,2,0,0,0,,0,,,,,352170.5904,5019158.466,45.31078008,-75.89587248,1062
20--2445,2020/02/16,5:13 PM,DONNELLY DR btwn JOE DREW LANE & WEEDMARK RD (__3ZAZAZ),__3ZAZAZ,01 - Non intersection,03 - P.D. only,07 - SMV other,01 - Clear,01 - Daylight,01 - Dry,10 - No control,,1,0,0,0,,0,,,,,362484.007,4984433.838,44.99754801,-75.76836235,1063
20--2446,2020/02/16,5:34 AM,ARMSTRONG ST @ PARKDALE AVE (0006267),6267,02 - Intersection related,03 - P.D. only,03 - Rear end,01 - Clear,07 - Dark,01 - Dry,01 - Traffic signal,01 - Functioning,2,0,0,0,,0,,,,,365090.6928,5029404.549,45.40198246,-75.7298633,1064
20--2447,2020/02/16,6:15 PM,HWY417 IC118 RAMP57 btwn HIGHWAY 417 & HWY417 IC118 RAMP52 (__3ZAY9S),__3ZAY9S,01 - Non intersection,03 - P.D. only,03 - Rear end,01 - Clear,07 - Dark,01 - Dry,10 - No control,,2,0,0,0,,0,,,,,369185.4008,5030836.778,45.41450454,-75.67737683,1065
20--2448,2020/02/16,8:43 PM,HIGHWAY 417 btwn HWY417 IC122 RAMP15 & HWY417 IC121B RAMP51 (__3ZA2RB),__3ZA2RB,01 - Non intersection,02 - Non-fatal injury,03 - Rear end,01 - Clear,07 - Dark,01 - Dry,10 - No control,,3,0,0,0,02 - Minor,1,,1,,,366025.5117,5029296.842,45.40093221,-75.71793666,1066
20--2449,2020/02/16,8:45 PM,HIGHWAY 417 btwn HWY417 IC122 RAMP15 & HWY417 IC121B RAMP51 (__3ZA2RB),__3ZA2RB,01 - Non intersection,03 - P.D. only,03 - Rear end,01 - Clear,07 - Dark,01 - Dry,10 - No control,,2,0,0,0,,0,,,,,365962.9311,5029264.706,45.40064852,-75.71873994,1067
20--245,2020/01/06,8:40 AM,KIRKWOOD AVE btwn COLDREY AVE & LAPERRIERE AVE (__3ZA3AI),__3ZA3AI,04 - At/near private drive,03 - P.D. only,02 - Angle,03 - Snow,01 - Daylight,03 - Loose snow,10 - No control,,3,0,0,0,,0,,,,,364461.8895,5027083.093,45.38114831,-75.73817543,1068