Anom_ID,Accident_Date,Accident_Time,Location,Geo_ID,Accident_Location,Classification_of_Accident,Initial_Impact_Type,Environment_Condition,Light,Road_Surface_Condition,Traffic_Control,Traffic_Control_Condition,No__of_Vehicles,No__of_Bicycles,No__of_Motorcycles,No__of_Pedestrians,Max_Injury,No__of_Injuries,No__of_Minimal,No__of_Minor,No__of_Major,No__of_Fatal,X,Y,Latitude,Longitude,ObjectId
20--1973,2020/02/08,11:48 AM,MAIN ST @ TORONTO ST (0007688),7688,03 - At intersection,03 - P.D. only,03 - Rear end,03 - Snow,01 - Daylight,05 - Packed snow,02 - Stop sign,01 - Functioning,2,0,0,0,,0,,,,,369513.7238,5029341.552,45.40102074,-75.67337869,1556
20--1974,2020/02/08,11:54 AM,NORICE ST @ WOODROFFE AVE (0001542),1542,02 - Intersection related,03 - P.D. only,03 - Rear end,01 - Clear,01 - Daylight,02 - Wet,01 - Traffic signal,01 - Functioning,2,0,0,0,,0,,,,,363194.684,5022397.48,45.33909444,-75.75490863,1557
20--1975,2020/02/08,11:56 AM,STRANDHERD DR btwn JOCKVALE RD & 215 W OF GREENBANK RD/BARRHAVEN MALL  (__3ZAZMMA),__3ZAZMMA,01 - Non intersection,03 - P.D. only,03 - Rear end,01 - Clear,01 - Daylight,04 - Slush,10 - No control,,2,0,0,0,,0,,,,,363587.2804,5014592.686,45.26883432,-75.75082529,1558
20--1976,2020/02/08,Unknown,CARSON'S RD btwn CHARLESWOOD AVE & DEN HAAG DR (__3ZA7W1),__3ZA7W1,01 - Non intersection,03 - P.D. only,06 - SMV unattended vehicle,03 - Snow,00 - Unknown,03 - Loose snow,10 - No control,,1,0,0,0,,0,,,,,373024.5255,5033817.796,45.4409625,-75.62791867,1559
20--1977,2020/02/08,Unknown,HUNTERSFIELD DR btwn NEWPORT CRES & NEWPORT CRES (__3ZA458),__3ZA458,01 - Non intersection,03 - P.D. only,06 - SMV unattended vehicle,03 - Snow,00 - Unknown,04 - Slush,10 - No control,,1,0,0,0,,0,,,,,372993.6829,5025075.94,45.36231023,-75.62952164,1560
20--1978,2020/02/08,12:00 PM,HIGHWAY 417 btwn HWY417 IC124 RAMP65 & HWY417 IC122 RAMP51 (__3ZA2R8),__3ZA2R8,01 - Non intersection,03 - P.D. only,03 - Rear end,01 - Clear,01 - Daylight,02 - Wet,10 - No control,,2,0,0,0,,0,,,,,365154.8089,5028706.043,45.39569193,-75.72912984,1561
20--1979,2020/02/08,12:15 PM,HIGHWAY 417 btwn HWY417 IC126 RAMP25 & HWY417 IC124 RAMP57 (__3ZA2R5),__3ZA2R5,01 - Non intersection,03 - P.D. only,03 - Rear end,01 - Clear,01 - Daylight,01 - Dry,10 - No control,,2,0,0,0,,0,,,,,363919.5727,5026835.224,45.378964,-75.74512936,1562
20--198,2020/01/06,2:32 PM,LESTER RD btwn ALBION RD & UPLANDS DR (__3ZA2SC),__3ZA2SC,01 - Non intersection,03 - P.D. only,04 - Sideswipe,03 - Snow,01 - Daylight,04 - Slush,10 - No control,,2,0,0,0,,0,,,,,371529.6331,5021492.631,45.33020964,-75.64869128,1563
20--1980,2020/02/08,12:15 PM,HIGHWAY 417 btwn HWY417 IC124 RAMP65 & HWY417 IC122 RAMP51 (__3ZA2R8),__3ZA2R8,01 - Non intersection,03 - P.D. only,03 - Rear end,01 - Clear,01 - Daylight,02 - Wet,10 - No control,,2,0,0,0,,0,,,,,364981.0284,5028411.699,45.39305844,-75.73138512,1564
20--1981,2020/02/08,12:20 PM,HIGHWAY 417 btwn HWY417 IC129 RAMP25 & TRANSIT (__3ZA2SH),__3ZA2SH,01 - Non intersection,03 - P.D. only,03 - Rear end,01 - Clear,01 - Daylight,01 - Dry,10 - No control,,2,0,0,0,,0,,,,,360956.2118,5023917.445,45.35295379,-75.78329572,1565
20--1982,2020/02/08,12:28 PM,HIGHWAY 417 btwn HWY417 IC126 RAMP25 & HWY417 IC124 RAMP57 (__3ZA2R5),__3ZA2R5,01 - Non intersection,03 - P.D. only,03 - Rear end,01 - Clear,01 - Daylight,01 - Dry,10 - No control,,2,0,0,0,,0,,,,,363863.9833,5026760.361,45.37829508,-75.74584805,1566
20--1983,2020/02/08,12:30 PM,HIGHWAY 417 btwn HWY417 IC122 RAMP15 & HWY417 IC121B RAMP51 (__3ZA2RB),__3ZA2RB,01 - Non intersection,03 - P.D. only,03 - Rear end,01 - Clear,01 - Daylight,01 - Dry,10 - No control,,2,0,0,0,,0,,,,,366569.303,5029511.332,45.40281436,-75.71096434,1567
20--1984,2020/02/08,12:30 PM,HIGHWAY 417 btwn HWY417 IC124 RAMP65 & HWY417 IC122 RAMP51 (__3ZA2R8),__3ZA2R8,01 - Non intersection,03 - P.D. only,03 - Rear end,01 - Clear,01 - Daylight,02 - Wet,10 - No control,,2,0,0,0,,0,,,,,365151.4313,5028701.753,45.39565362,-75.7291735,1568
20--1985,2020/02/08,12:34 PM,HIGHWAY 417 btwn HWY417 IC124 RAMP65 & HWY417 IC122 RAMP51 (__3ZA2R8),__3ZA2R8,01 - Non intersection,03 - P.D. only,03 - Rear end,01 - Clear,01 - Daylight,06 - Ice,10 - No control,,2,0,0,0,,0,,,,,365051.6099,5028537.591,45.39418512,-75.73046838,1569
20--1986,2020/02/08,12:35 PM,MAPLE GROVE RD @ TERRY FOX DR (0003177),3177,03 - At intersection,03 - P.D. only,02 - Angle,01 - Clear,01 - Daylight,01 - Dry,01 - Traffic signal,01 - Functioning,2,0,0,0,,0,,,,,351553.6097,5017864.469,45.29917771,-75.90386259,1570
20--1987,2020/02/08,12:48 PM,HIGHWAY 417 btwn HWY417 IC124 RAMP65 & HWY417 IC122 RAMP51 (__3ZA2R8),__3ZA2R8,01 - Non intersection,03 - P.D. only,03 - Rear end,01 - Clear,01 - Daylight,00 - Unknown,10 - No control,,2,0,0,0,,0,,,,,365130.0116,5028672.706,45.39539411,-75.72945061,1571
20--1988,2020/02/08,2:33 PM,CYRVILLE RD @ MEADOWBROOK RD (0012477),12477,03 - At intersection,03 - P.D. only,05 - Turning movement,01 - Clear,01 - Daylight,04 - Slush,01 - Traffic signal,01 - Functioning,2,0,0,0,,0,,,,,374629.729,5031242.558,45.41763342,-75.60776776,1572
20--1989,2020/02/08,2:43 PM,WELLINGTON ST @ LETT ST (0012269),12269,03 - At intersection,03 - P.D. only,05 - Turning movement,01 - Clear,01 - Daylight,01 - Dry,01 - Traffic signal,01 - Functioning,2,0,0,0,,0,,,,,366355.2122,5031111.175,45.41722817,-75.71349909,1573
20--199,2020/01/06,2:35 PM,HIGHWAY 417 btwn HWY417 IC180 RAMP35 & HWY417 IC169 RAMP51 (__5SO6CL),__5SO6CL,01 - Non intersection,03 - P.D. only,07 - SMV other,03 - Snow,01 - Daylight,02 - Wet,10 - No control,,1,0,0,0,,0,,,,,323491.1504,5027046.078,45.3831065,-76.26132394,1574
20--1990,2020/02/08,3:15 PM,BELFAST RD @ ST. LAURENT BLVD (0007658),7658,02 - Intersection related,03 - P.D. only,03 - Rear end,01 - Clear,01 - Daylight,01 - Dry,01 - Traffic signal,01 - Functioning,2,0,0,0,,0,,,,,372860.7221,5030578.561,45.4118334,-75.63045986,1575
20--1991,2020/02/08,3:39 PM,HIGHWAY 417 btwn HWY417 IC117 RAMP25 & HWY417 IC115 RAMP51 (__3ZA2R3),__3ZA2R3,01 - Non intersection,03 - P.D. only,07 - SMV other,01 - Clear,01 - Daylight,01 - Dry,10 - No control,,1,0,0,0,,0,,,,,371624.2255,5031407.288,45.41940909,-75.64614312,1576
20--1992,2020/02/08,3:50 PM,HIGHWAY 417 btwn HWY417 IC122 RAMP51 & HWY417 IC122 RAMP15 (__3ZA2R0),__3ZA2R0,01 - Non intersection,03 - P.D. only,03 - Rear end,01 - Clear,01 - Daylight,06 - Ice,10 - No control,,2,0,0,0,,0,,,,,365222.7118,5028784.532,45.3963923,-75.72825303,1577
20--1993,2020/02/08,3:51 PM,HIGHWAY 417 btwn HWY417 IC117 RAMP25 & HWY417 IC115 RAMP51 (__3ZA2R3),__3ZA2R3,01 - Non intersection,03 - P.D. only,03 - Rear end,01 - Clear,01 - Daylight,01 - Dry,10 - No control,,2,0,0,0,,0,,,,,371310.3002,5031375.402,45.41915211,-75.6501582,1578
20--1994,2020/02/08,3:52 PM,ALTA VISTA DR btwn MCROBIE AVE & ORILLIA ST (__3ZA9RT),__3ZA9RT,04 - At/near private drive,03 - P.D. only,05 - Turning movement,01 - Clear,01 - Daylight,02 - Wet,10 - No control,,2,0,0,0,,0,,,,,370381.4199,5027599.293,45.38526378,-75.66252793,1579
20--1995,2020/02/08,3:55 PM,HIGHWAY 417 btwn HWY417 IC124 RAMP65 & HWY417 IC122 RAMP51 (__3ZA2R8),__3ZA2R8,01 - Non intersection,02 - Non-fatal injury,03 - Rear end,01 - Clear,01 - Daylight,01 - Dry,10 - No control,,2,0,0,0,01 - Minimal,1,1,,,,365152.8447,5028703.55,45.39566967,-75.72915523,1580
20--1996,2020/02/08,3:58 PM,ST. LAURENT BLVD @ WALKLEY RD (0007653),7653,03 - At intersection,03 - P.D. only,02 - Angle,01 - Clear,01 - Daylight,01 - Dry,01 - Traffic signal,01 - Functioning,2,0,0,0,,0,,,,,373902.7415,5028046.854,45.38895219,-75.61750336,1581
20--1997,2020/02/08,3:58 PM,HIGHWAY 417 btwn HWY417 IC124 RAMP65 & HWY417 IC122 RAMP51 (__3ZA2R8),__3ZA2R8,01 - Non intersection,02 - Non-fatal injury,03 - Rear end,01 - Clear,01 - Daylight,01 - Dry,10 - No control,,4,0,0,0,02 - Minor,1,,1,,,364951.7993,5028357.873,45.39257664,-75.73176496,1582
20--1998,2020/02/08,4:00 PM,CYRVILLE RD @ INNES RD (0009352),9352,03 - At intersection,03 - P.D. only,02 - Angle,01 - Clear,01 - Daylight,01 - Dry,01 - Traffic signal,01 - Functioning,2,0,0,0,,0,,,,,375047.7225,5031119.566,45.41648496,-75.60244514,1583
20--1999,2020/02/08,4:05 PM,ALBERT ST btwn BRONSON AVE & BAY ST (__3ZA339),__3ZA339,04 - At/near private drive,03 - P.D. only,04 - Sideswipe,01 - Clear,01 - Daylight,02 - Wet,10 - No control,,2,0,0,0,,0,,,,,366912.3308,5031124.998,45.41730331,-75.70637963,1584
20--20,2020/01/01,9:41 AM,SAI CRES btwn BLOHM DR & BLOHM DR (__3ZA46B),__3ZA46B,01 - Non intersection,03 - P.D. only,07 - SMV other,03 - Snow,01 - Daylight,06 - Ice,10 - No control,,1,0,0,0,,0,,,,,374886.995,5026652.304,45.3763069,-75.60513318,1585
20--200,2020/01/06,2:56 PM,CHURCHILL AVE @ GREENWOOD AVE (0006947),6947,03 - At intersection,03 - P.D. only,02 - Angle,03 - Snow,01 - Daylight,03 - Loose snow,02 - Stop sign,01 - Functioning,2,0,0,0,,0,,,,,363642.6934,5027332.538,45.38346207,-75.74860513,1586
20--2000,2020/02/08,4:10 PM,HUNT CLUB RD @ DOWNPATRICK RD/MCCARTHY RD (0006931),6931,02 - Intersection related,03 - P.D. only,04 - Sideswipe,01 - Clear,01 - Daylight,01 - Dry,01 - Traffic signal,00 - Unknown,2,0,0,0,,0,,,,,370507.7272,5023400.509,45.34747262,-75.66147355,1587
20--2001,2020/02/08,4:15 PM,GOLDEN AVE @ RICHMOND RD (0006932),6932,02 - Intersection related,03 - P.D. only,04 - Sideswipe,01 - Clear,01 - Daylight,04 - Slush,01 - Traffic signal,01 - Functioning,2,0,0,0,,0,,,,,362862.6879,5028026.55,45.38977178,-75.75848296,1588
20--2002,2020/02/08,4:16 PM,HIGHWAY 417 btwn HWY417 IC119B RAMP76 & HWY417 IC119A RAMP67 (__3ZA2YT),__3ZA2YT,01 - Non intersection,03 - P.D. only,04 - Sideswipe,01 - Clear,01 - Daylight,04 - Slush,10 - No control,,2,0,0,0,,0,,,,,368525.4886,5030498.067,45.41151734,-75.68585116,1589
20--2003,2020/02/08,4:29 PM,BASELINE RD @ CLYDE AVE (0002343),2343,02 - Intersection related,03 - P.D. only,03 - Rear end,01 - Clear,01 - Daylight,05 - Packed snow,01 - Traffic signal,01 - Functioning,2,0,0,0,,0,,,,,364358.7132,5024890.508,45.36142855,-75.73975714,1590
20--2004,2020/02/08,4:29 PM,INNES RD @ PAGE RD (0012476),12476,03 - At intersection,03 - P.D. only,02 - Angle,01 - Clear,01 - Daylight,02 - Wet,01 - Traffic signal,01 - Functioning,2,0,0,0,,0,,,,,380887.7415,5034540.545,45.44665368,-75.52730902,1591
20--2005,2020/02/08,4:30 PM,HIGHWAY 417 btwn HWY417 IC118 RAMP35 & HWY417 IC117 RAMP51 (__3ZA2YP),__3ZA2YP,01 - Non intersection,03 - P.D. only,03 - Rear end,01 - Clear,01 - Daylight,01 - Dry,10 - No control,,3,0,0,0,,0,,,,,370306.6173,5031115.067,45.41690441,-75.66301608,1592
20--2006,2020/02/08,4:50 PM,CARLING AVE @ KIRKWOOD AVE S (0002209),2209,02 - Intersection related,03 - P.D. only,03 - Rear end,01 - Clear,01 - Daylight,04 - Slush,01 - Traffic signal,01 - Functioning,2,0,0,0,,0,,,,,364351.6991,5027337.547,45.38344722,-75.73955164,1593
20--2007,2020/02/08,4:50 PM,HIGHWAY 417 btwn HWY417 IC117 RAMP25 & HWY417 IC115 RAMP51 (__3ZA2R3),__3ZA2R3,01 - Non intersection,03 - P.D. only,03 - Rear end,01 - Clear,01 - Daylight,01 - Dry,10 - No control,,2,0,0,0,,0,,,,,371277.51,5031371.363,45.41911888,-75.65057768,1594
20--2008,2020/02/08,4:56 PM,EAGLESON RD @ HAZELDEAN RD/ROBERTSON RD (0002715),2715,02 - Intersection related,03 - P.D. only,03 - Rear end,01 - Clear,01 - Daylight,01 - Dry,01 - Traffic signal,01 - Functioning,2,0,0,0,,0,,,,,353673.6228,5018424.459,45.30407234,-75.87677748,1595
20--2009,2020/02/08,5:25 PM,MAITLAND AVE/HWY 417 MAITLAND IC126R53 @ HWY 4 (0008229),8229,03 - At intersection,03 - P.D. only,05 - Turning movement,01 - Clear,07 - Dark,01 - Dry,01 - Traffic signal,01 - Functioning,2,0,0,0,,0,,,,,363229.6945,5025774.527,45.36947786,-75.75406283,1596
20--201,2020/01/06,3:04 PM,WOODROFFE AVE btwn PINELAND AVE & SLACK RD (__3ZA3IC),__3ZA3IC,01 - Non intersection,03 - P.D. only,07 - SMV other,03 - Snow,01 - Daylight,03 - Loose snow,10 - No control,,1,0,0,0,,0,,,,,364162.2431,5020145.123,45.31874671,-75.74283414,1597
20--2010,2020/02/08,5:30 PM,HIGHWAY 417 btwn HWY417 IC117 RAMP61 & HWY417 IC115 RAMP36 (__3ZA2RZ),__3ZA2RZ,01 - Non intersection,03 - P.D. only,03 - Rear end,01 - Clear,07 - Dark,06 - Ice,10 - No control,,3,0,0,0,,0,,,,,371535.8721,5031419.309,45.41952568,-75.64727031,1598
20--2011,2020/02/08,5:44 PM,CARLING AVE @ BROADVIEW AVE (0006707),6707,03 - At intersection,03 - P.D. only,05 - Turning movement,01 - Clear,05 - Dusk,05 - Packed snow,01 - Traffic signal,01 - Functioning,2,0,0,0,,0,,,,,363180.6868,5026638.537,45.3772562,-75.7545863,1599
20--2012,2020/02/08,6:27 PM,BRONSON AVE @ PRIMROSE AVE (0006344),6344,03 - At intersection,02 - Non-fatal injury,07 - SMV other,01 - Clear,07 - Dark,02 - Wet,01 - Traffic signal,01 - Functioning,1,0,0,1,02 - Minor,1,,1,,,366885.7016,5030669.562,45.4132078,-75.70677722,1600
20--2013,2020/02/08,6:35 PM,INNES RD @ TENTH LINE RD (0004633),4633,02 - Intersection related,03 - P.D. only,03 - Rear end,01 - Clear,07 - Dark,04 - Slush,01 - Traffic signal,01 - Functioning,2,0,0,0,,0,,,,,383951.7575,5036159.534,45.46087965,-75.48788472,1601
20--2014,2020/02/08,6:40 AM,EDGEMOORE CRES btwn GOWARD DR & HALTON TER (__49PV98),__49PV98,04 - At/near private drive,03 - P.D. only,06 - SMV unattended vehicle,01 - Clear,03 - Dawn,03 - Loose snow,10 - No control,,1,0,0,0,,0,,,,,348259.2393,5023768.964,45.35251957,-75.94534754,1602
20--2015,2020/02/08,6:45 PM,MONTREAL RD @ DEN HAAG DR/LANG'S RD (0010798),10798,03 - At intersection,03 - P.D. only,05 - Turning movement,01 - Clear,07 - Dark,06 - Ice,01 - Traffic signal,01 - Functioning,2,0,0,0,,0,,,,,372386.7147,5034221.584,45.44465753,-75.6360151,1603
20--2016,2020/02/08,8:00 PM,BANK ST @ WELLINGTON ST (0002039),2039,03 - At intersection,03 - P.D. only,02 - Angle,01 - Clear,07 - Dark,01 - Dry,01 - Traffic signal,01 - Functioning,2,0,0,0,,0,,,,,367257.7063,5031628.571,45.42180356,-75.7019033,1604
20--2017,2020/02/08,8:10 AM,CYRVILLE RD @ ST. LAURENT BLVD (0002647),2647,02 - Intersection related,03 - P.D. only,04 - Sideswipe,01 - Clear,01 - Daylight,02 - Wet,01 - Traffic signal,01 - Functioning,2,0,0,0,,0,,,,,372241.712,5032111.591,45.42568683,-75.63815756,1605
20--2018,2020/02/08,8:31 AM,BASELINE RD @ FISHER AVE (0002346),2346,02 - Intersection related,03 - P.D. only,04 - Sideswipe,03 - Snow,01 - Daylight,03 - Loose snow,01 - Traffic signal,01 - Functioning,2,0,0,0,,0,,,,,366166.6958,5026028.535,45.37151236,-75.71653977,1606
20--2019,2020/02/08,8:49 AM,REGIONAL ROAD 174 btwn OR174 IC112 RAMP51 & OR174 IC112 RAMP15 (__3ZA2XE),__3ZA2XE,01 - Non intersection,03 - P.D. only,07 - SMV other,01 - Clear,01 - Daylight,02 - Wet,10 - No control,,1,0,0,0,,0,,,,,374853.8948,5032861.422,45.43217667,-75.60467365,1607
20--202,2020/01/06,3:05 PM,PRINCE OF WALES DR @ WEST HUNT CLUB RD (0000567),567,02 - Intersection related,03 - P.D. only,03 - Rear end,03 - Snow,01 - Daylight,04 - Slush,01 - Traffic signal,01 - Functioning,2,0,0,0,,0,,,,,367458.7107,5021891.466,45.33417356,-75.70057067,1608
20--2020,2020/02/08,9:15 AM,BEAUSEJOUR DR btwn BOYER RD & KAMOURASKA CIRC (__3ZBO2G),__3ZBO2G,04 - At/near private drive,03 - P.D. only,02 - Angle,01 - Clear,01 - Daylight,01 - Dry,10 - No control,,2,0,0,0,,0,,,,,380870.6024,5035941.663,45.4592617,-75.52731139,1609
20--2021,2020/02/08,9:24 AM,FISHER AVE @ NORMANDY CRES S (0005079),5079,02 - Intersection related,03 - P.D. only,03 - Rear end,01 - Clear,01 - Daylight,02 - Wet,02 - Stop sign,01 - Functioning,2,0,0,0,,0,,,,,366868.7105,5024340.519,45.35626213,-75.70779013,1610
20--2022,2020/02/08,9:49 AM,UPLANDS DR btwn CAHILL DR W & HUNT CLUB RD (__3ZA91M),__3ZA91M,01 - Non intersection,03 - P.D. only,99 - Other,01 - Clear,01 - Daylight,02 - Wet,10 - No control,,2,0,0,0,,0,,,,,370144.9399,5023149.483,45.34524785,-75.66613592,1611
20--2023,2020/02/08,9:58 AM,RIVERSIDE DR @ WALKLEY RD (0002158),2158,02 - Intersection related,02 - Non-fatal injury,02 - Angle,01 - Clear,01 - Daylight,05 - Packed snow,01 - Traffic signal,01 - Functioning,2,0,0,0,01 - Minimal,1,1,,,,368418.7212,5024853.535,45.3607392,-75.68794261,1612
20--2024,2020/02/08,9:59 AM,FISHER AVE @ VIEWMOUNT DR (0005076),5076,02 - Intersection related,03 - P.D. only,03 - Rear end,01 - Clear,01 - Daylight,04 - Slush,01 - Traffic signal,01 - Functioning,2,0,0,0,,0,,,,,366918.7114,5024209.505,45.35507886,-75.70716847,1613
20--2025,2020/02/09,1:10 PM,GLADSTONE AVE @ O'CONNOR ST (0002710),2710,02 - Intersection related,03 - P.D. only,03 - Rear end,01 - Clear,01 - Daylight,02 - Wet,01 - Traffic signal,01 - Functioning,2,0,0,0,,0,,,,,368074.707,5030658.574,45.41300243,-75.6915891,1614
20--2026,2020/02/09,1:12 PM,DALY AVE btwn MACKENZIE AVE & NICHOLAS ST (__3ZA8JX),__3ZA8JX,01 - Non intersection,03 - P.D. only,06 - SMV unattended vehicle,01 - Clear,01 - Daylight,02 - Wet,10 - No control,,1,0,0,0,,0,,,,,368090.952,5031975.376,45.42484911,-75.69121243,1615
20--2027,2020/02/09,1:50 PM,HIGHWAY 417 btwn HWY417 IC124 RAMP67 & HWY417 IC123 RAMP62 (__3ZA2YZ),__3ZA2YZ,01 - Non intersection,03 - P.D. only,03 - Rear end,01 - Clear,01 - Daylight,06 - Ice,10 - No control,,4,0,0,0,,0,,,,,364630.4594,5027815.735,45.38772611,-75.73593435,1616
20--2028,2020/02/09,10:12 PM,RIVERSIDE DR NB btwn BANK ST & RIVERSIDE DR NB RAMP FROM EB TO WB (__3ZBOEF),__3ZBOEF,01 - Non intersection,03 - P.D. only,04 - Sideswipe,03 - Snow,07 - Dark,04 - Slush,10 - No control,,2,0,0,0,,0,,,,,369343.5912,5027941.376,45.38843813,-75.67573484,1617
20--2668,2020/02/20,6:25 PM,HIGHWAY 417 btwn HWY417 IC144 RAMP25 & HWY417 IC142 RAMP51 (__3ZA20J),__3ZA20J,01 - Non intersection,03 - P.D. only,07 - SMV other,01 - Clear,07 - Dark,01 - Dry,10 - No control,,1,0,0,0,,0,,,,,348193.697,5016532.167,45.28740477,-75.94681803,1618
20--2480,2020/02/17,5:31 PM,BRONSON AVE btwn BREWER WAY & RIVERSIDE DR RAMPS 34B & 42A-3 (__3ZA3BR),__3ZA3BR,01 - Non intersection,03 - P.D. only,07 - SMV other,01 - Clear,07 - Dark,01 - Dry,10 - No control,,1,0,0,0,,0,,,,,368401.5138,5027214.872,45.38198744,-75.68785819,1619
20--2669,2020/02/20,6:36 AM,BANTREE ST @ INNES RD (0007684),7684,03 - At intersection,02 - Non-fatal injury,05 - Turning movement,01 - Clear,03 - Dawn,01 - Dry,01 - Traffic signal,01 - Functioning,2,0,0,0,02 - Minor,1,,1,,,373705.72,5030406.55,45.41020304,-75.61968953,1620
20--267,2020/01/07,Unknown,SPRINGLAND DR btwn HOBSON RD & NORBERRY CRES (__3ZA0SW),__3ZA0SW,01 - Non intersection,03 - P.D. only,06 - SMV unattended vehicle,01 - Clear,00 - Unknown,04 - Slush,10 - No control,,1,0,0,0,,0,,,,,368617.7221,5025827.758,45.36948691,-75.68527691,1621
20--2481,2020/02/17,5:31 PM,BRONSON AVE btwn BREWER WAY & RIVERSIDE DR RAMPS 34B & 42A-3 (__3ZA3BR),__3ZA3BR,01 - Non intersection,03 - P.D. only,07 - SMV other,01 - Clear,07 - Dark,01 - Dry,10 - No control,,1,0,0,0,,0,,,,,368399.8602,5027218.072,45.38201638,-75.68787889,1622
20--2670,2020/02/20,6:50 PM,BAYSHORE DR @ RICHMOND RD (0010407),10407,02 - Intersection related,03 - P.D. only,04 - Sideswipe,01 - Clear,07 - Dark,01 - Dry,01 - Traffic signal,01 - Functioning,2,0,0,0,,0,,,,,359372.6985,5023368.52,45.34813958,-75.80356467,1623
20--2482,2020/02/17,5:31 PM,BRONSON AVE btwn BREWER WAY & RIVERSIDE DR RAMPS 34B & 42A-3 (__3ZA3BR),__3ZA3BR,01 - Non intersection,03 - P.D. only,07 - SMV other,01 - Clear,07 - Dark,01 - Dry,10 - No control,,1,0,0,0,,0,,,,,368399.5116,5027218.75,45.38202251,-75.68788325,1624
20--2483,2020/02/17,6:22 PM,DALY AVE @ KING EDWARD AVE (0007755),7755,03 - At intersection,03 - P.D. only,05 - Turning movement,01 - Clear,07 - Dark,01 - Dry,02 - Stop sign,01 - Functioning,2,0,0,0,,0,,,,,368591.7059,5032273.598,45.42748691,-75.68477538,1625
20--2484,2020/02/17,6:30 PM,ELGIN ST @ SOMERSET ST (0006936),6936,02 - Intersection related,03 - P.D. only,03 - Rear end,01 - Clear,07 - Dark,01 - Dry,01 - Traffic signal,01 - Functioning,2,0,0,0,,0,,,,,368164.7044,5031198.562,45.41785292,-75.69036996,1626
20--2485,2020/02/17,8:15 PM,KINBURN SIDE RD btwn DOMINION SPRINGS RD & UPPER DWYER HILL RD (__3ZA4SK),__3ZA4SK,01 - Non intersection,03 - P.D. only,07 - SMV other,03 - Snow,07 - Dark,05 - Packed snow,10 - No control,,1,0,0,0,,0,,,,,324146.3221,5023581.612,45.3519135,-76.25309349,1627
20--2671,2020/02/20,6:58 AM,HIGHWAY 417 btwn HWY417 IC169 RAMP25 & HWY417 IC163 RAMP51 (__5SPOUW),__5SPOUW,01 - Non intersection,03 - P.D. only,03 - Rear end,01 - Clear,03 - Dawn,01 - Dry,10 - No control,,2,0,0,0,,0,,,,,326395.9992,5024165.761,45.35710433,-76.22435689,1628
20--2486,2020/02/17,9:45 PM,DWYER HILL RD btwn FLOOD RD & GILROY RD (__3ZA4ZW),__3ZA4ZW,01 - Non intersection,03 - P.D. only,07 - SMV other,01 - Clear,07 - Dark,05 - Packed snow,10 - No control,,1,0,0,0,,0,,,,,357695.3074,4985427.39,45.00686153,-75.82899132,1629
20--2672,2020/02/20,7:00 PM,ST. LAURENT BLVD btwn TRANSIT & HWY417 IC115 RAMP35 (__3ZA1LL),__3ZA1LL,01 - Non intersection,03 - P.D. only,04 - Sideswipe,01 - Clear,07 - Dark,01 - Dry,10 - No control,,2,0,0,0,,0,,,,,372464.0671,5031570.886,45.42080035,-75.63539066,1630
20--2487,2020/02/17,9:46 AM,BOOTH ST @ GLADSTONE AVE (0002211),2211,03 - At intersection,03 - P.D. only,02 - Angle,01 - Clear,01 - Daylight,01 - Dry,01 - Traffic signal,01 - Functioning,2,0,0,0,,0,,,,,366768.6955,5029850.545,45.40584889,-75.70837493,1631
20--2673,2020/02/20,7:15 AM,FALLOWFIELD RD @ STRANDHERD DR (0005238),5238,02 - Intersection related,03 - P.D. only,03 - Rear end,01 - Clear,01 - Daylight,01 - Dry,01 - Traffic signal,01 - Functioning,2,0,0,0,,0,,,,,360752.2181,5014962.138,45.27238995,-75.78691031,1632
20--2674,2020/02/20,7:37 AM,MCCARTHY RD btwn CAHILL DR W & PLANTE DR (__3ZA9CK),__3ZA9CK,01 - Non intersection,03 - P.D. only,06 - SMV unattended vehicle,01 - Clear,01 - Daylight,01 - Dry,10 - No control,,1,0,0,0,,0,,,,,370304.1163,5023727.237,45.35043147,-75.66402837,1633
20--2675,2020/02/20,7:50 AM,HAWTHORNE RD/RUSSELL RD @ WALKLEY RD (0002618),2618,02 - Intersection related,03 - P.D. only,03 - Rear end,01 - Clear,01 - Daylight,01 - Dry,01 - Traffic signal,01 - Functioning,2,0,0,0,,0,,,,,374674.7445,5028499.525,45.39294851,-75.60758137,1634
20--2676,2020/02/20,7:50 PM,CAMPEAU DR @ PALLADIUM DR (0017186),17186,03 - At intersection,03 - P.D. only,02 - Angle,01 - Clear,07 - Dark,01 - Dry,11 - Roundabout,01 - Functioning,2,0,0,0,,0,,,,,348542.2286,5017628.875,45.29725171,-75.94227845,1635
20--2677,2020/02/20,8:00 AM,HUNTLEY RD btwn MANSFIELD RD & BROWNLEE RD (__3ZA42J),__3ZA42J,01 - Non intersection,03 - P.D. only,07 - SMV other,01 - Clear,01 - Daylight,06 - Ice,10 - No control,,1,0,0,0,,0,,,,,354655.81,5008602.862,45.21562602,-75.86523921,1636
20--2678,2020/02/20,8:06 AM,RIDEAUVIEW TER btwn PRINCE OF WALES DR & END (__3ZA0NR),__3ZA0NR,01 - Non intersection,03 - P.D. only,03 - Rear end,01 - Clear,01 - Daylight,06 - Ice,10 - No control,,2,0,0,0,,0,,,,,367068.0469,5026798.428,45.37836017,-75.70493638,1637