Anom_ID,Accident_Date,Accident_Time,Location,Geo_ID,Accident_Location,Classification_of_Accident,Initial_Impact_Type,Environment_Condition,Light,Road_Surface_Condition,Traffic_Control,Traffic_Control_Condition,No__of_Vehicles,No__of_Bicycles,No__of_Motorcycles,No__of_Pedestrians,Max_Injury,No__of_Injuries,No__of_Minimal,No__of_Minor,No__of_Major,No__of_Fatal,X,Y,Latitude,Longitude,ObjectId
20--2679,2020/02/20,8:14 AM,MCCARTHY RD @ PLANTE DR N (0007480),7480,02 - Intersection related,03 - P.D. only,02 - Angle,01 - Clear,01 - Daylight,01 - Dry,01 - Traffic signal,01 - Functioning,2,0,0,0,,0,,,,,369605.7154,5024193.499,45.35469166,-75.6728794,1638
20--268,2020/01/07,Unknown,VIA AMALFI ST btwn VIA VERONA AVE & VIA VERONA AVE (__8OJCT3),__8OJCT3,01 - Non intersection,03 - P.D. only,06 - SMV unattended vehicle,01 - Clear,00 - Unknown,05 - Packed snow,10 - No control,,1,0,0,0,,0,,,,,363949.604,5016058.714,45.28199528,-75.74603363,1639
20--2680,2020/02/20,8:45 AM,HIGHWAY 417 btwn HWY417 IC121B RAMP16 & HWY417 IC121A RAMP16 (__3ZA2YX),__3ZA2YX,01 - Non intersection,03 - P.D. only,03 - Rear end,01 - Clear,01 - Daylight,01 - Dry,10 - No control,,4,0,0,0,,0,,,,,366922.1671,5029635.575,45.40390104,-75.70644167,1640
20--2681,2020/02/20,8:50 AM,BANKFIELD RD @ PRINCE OF WALES DR (0003618),3618,02 - Intersection related,03 - P.D. only,03 - Rear end,01 - Clear,01 - Daylight,01 - Dry,01 - Traffic signal,01 - Functioning,2,0,0,0,,0,,,,,366379.6834,5008975.379,45.21805086,-75.71593828,1641
20--2682,2020/02/20,9:00 AM,BRONSON AVE @ PRIMROSE AVE (0006344),6344,02 - Intersection related,03 - P.D. only,04 - Sideswipe,01 - Clear,01 - Daylight,01 - Dry,01 - Traffic signal,01 - Functioning,2,0,0,0,,0,,,,,366885.7005,5030669.567,45.41320784,-75.70677724,1642
20--2683,2020/02/20,9:23 AM,HUNT CLUB RD @ RIVERSIDE DR (0002237),2237,02 - Intersection related,03 - P.D. only,03 - Rear end,01 - Clear,01 - Daylight,01 - Dry,01 - Traffic signal,01 - Functioning,2,0,0,0,,0,,,,,368036.6929,5021945.511,45.33460799,-75.69319033,1643
20--2684,2020/02/20,9:24 PM,DUNROBIN RD btwn KERWIN RD & ROCHON WAY (__3ZA3EG),__3ZA3EG,01 - Non intersection,03 - P.D. only,07 - SMV other,01 - Clear,07 - Dark,01 - Dry,10 - No control,,1,0,0,0,,0,,,,,346472.0861,5027008.097,45.3817746,-75.96788202,1644
20--2685,2020/02/21,1:30 PM,INNES RD btwn HWY417 IC112 RAMP66 & 215 W OF CYRVILLE RD/HOME DEPOT W (__3ZA3RCA),__3ZA3RCA,01 - Non intersection,03 - P.D. only,99 - Other,01 - Clear,01 - Daylight,01 - Dry,10 - No control,,2,0,0,0,,0,,,,,374848.5715,5030993.72,45.41537263,-75.60500727,1645
20--2686,2020/02/21,1:45 PM,BANTREE ST @ INNES RD (0007684),7684,03 - At intersection,02 - Non-fatal injury,02 - Angle,01 - Clear,01 - Daylight,01 - Dry,01 - Traffic signal,01 - Functioning,2,0,0,0,02 - Minor,2,1,1,,,373705.729,5030406.562,45.41020315,-75.61968941,1646
20--2211,2020/02/12,7:31 AM,MERIVALE RD @ EMERALD PLAZA SC (0005311),5311,03 - At intersection,02 - Non-fatal injury,02 - Angle,01 - Clear,01 - Daylight,01 - Dry,01 - Traffic signal,01 - Functioning,3,0,0,0,02 - Minor,2,1,1,,,364737.126,5024005.456,45.35343273,-75.7350346,1647
20--2032,2020/02/09,11:00 AM,TERRY FOX DR @ PALLADIUM DR/KATIMAVIK RD (0011858),11858,02 - Intersection related,03 - P.D. only,03 - Rear end,01 - Clear,01 - Daylight,01 - Dry,01 - Traffic signal,01 - Functioning,2,0,0,0,,0,,,,,351269.7168,5018181.777,45.30205177,-75.90745246,1648
20--2687,2020/02/21,1:45 PM,OLD INNES RD @ BANTREE ST (0007674),7674,03 - At intersection,02 - Non-fatal injury,05 - Turning movement,01 - Clear,01 - Daylight,01 - Dry,02 - Stop sign,01 - Functioning,2,0,0,0,02 - Minor,1,,1,,,373727.7194,5030352.557,45.40971507,-75.61941605,1649
20--2688,2020/02/21,10:30 AM,CREEKVIEW WAY btwn GRACEWOOD CRES & WOODBRIAR WAY (__727TFZ),__727TFZ,04 - At/near private drive,03 - P.D. only,02 - Angle,01 - Clear,01 - Daylight,05 - Packed snow,10 - No control,,2,0,0,0,,0,,,,,374372.315,5019705.84,45.3138567,-75.61268083,1650
20--2689,2020/02/21,11:30 AM,ARGYLE AVE E @ METCALFE ST (0007280),7280,02 - Intersection related,03 - P.D. only,04 - Sideswipe,01 - Clear,01 - Daylight,01 - Dry,10 - No control,,2,0,0,0,,0,,,,,368442.7062,5030641.568,45.41281605,-75.68689014,1651
20--269,2020/01/07,2:11 PM,REGIONAL ROAD 174 btwn OR174 IC112 RAMP51 & OR174 IC112 RAMP15 (__3ZA2XE),__3ZA2XE,01 - Non intersection,02 - Non-fatal injury,04 - Sideswipe,01 - Clear,01 - Daylight,01 - Dry,10 - No control,,2,0,0,0,02 - Minor,1,,1,,,375098.1561,5033050.004,45.43384891,-75.60152532,1652
20--2690,2020/02/21,11:30 PM,CHAMBERLAIN AVE @ PERCY ST (0007715),7715,03 - At intersection,03 - P.D. only,05 - Turning movement,01 - Clear,07 - Dark,01 - Dry,01 - Traffic signal,01 - Functioning,2,0,0,0,,0,,,,,367558.7106,5029824.55,45.4055446,-75.69828711,1653
20--2691,2020/02/21,11:41 AM,WOODROFFE AVE btwn KNOXDALE RD/MEDHURST DR & MAJESTIC DR (__3ZA3JL),__3ZA3JL,01 - Non intersection,03 - P.D. only,03 - Rear end,01 - Clear,01 - Daylight,01 - Dry,10 - No control,,2,0,0,0,,0,,,,,363470.8771,5021705.738,45.33284715,-75.75146683,1654
20--2692,2020/02/21,11:55 AM,HAWTHORNE AVE/ISABELLA ST @ QUEEN ELIZABETH DR (0002105),2105,03 - At intersection,03 - P.D. only,05 - Turning movement,01 - Clear,01 - Daylight,01 - Dry,01 - Traffic signal,01 - Functioning,2,0,0,0,,0,,,,,368665.7049,5030476.572,45.41131115,-75.68406274,1655
20--2693,2020/02/21,11:55 PM,DUNROBIN RD btwn LILLIAN WAY & HARWOOD LANE (__3ZBOB6),__3ZBOB6,01 - Non intersection,03 - P.D. only,07 - SMV other,01 - Clear,07 - Dark,01 - Dry,10 - No control,,1,0,0,0,,0,,,,,345776.8454,5027678.687,45.38784975,-75.97670362,1656
20--2694,2020/02/21,Unknown,CUMBERLAND ST btwn SERAPHIN MARION PRIV & LAURIER AVE E (__3ZA8J7),__3ZA8J7,01 - Non intersection,03 - P.D. only,06 - SMV unattended vehicle,01 - Clear,00 - Unknown,01 - Dry,10 - No control,,1,0,0,0,,0,,,,,368580.7866,5031975.975,45.42481001,-75.68495345,1657
20--2695,2020/02/21,Unknown,PRINCE OF WALES DR btwn NESBITT PL & MELFA CRES (__3ZA36U),__3ZA36U,01 - Non intersection,03 - P.D. only,04 - Sideswipe,01 - Clear,00 - Unknown,01 - Dry,10 - No control,,2,0,0,0,,0,,,,,367396.7481,5025491.01,45.36656705,-75.70090549,1658
20--2696,2020/02/21,Unknown,PARENT AVE btwn BRUYERE ST & ST. ANDREW ST (__3ZA7BW),__3ZA7BW,01 - Non intersection,03 - P.D. only,06 - SMV unattended vehicle,01 - Clear,00 - Unknown,01 - Dry,10 - No control,,1,0,0,0,,0,,,,,367718.6238,5032718.201,45.43156638,-75.69587499,1659
20--2697,2020/02/21,Unknown,INVERKIP AVE btwn PENNARD WAY & PENNARD WAY (__4LVMI8),__4LVMI8,01 - Non intersection,03 - P.D. only,06 - SMV unattended vehicle,01 - Clear,00 - Unknown,01 - Dry,10 - No control,,1,0,0,0,,0,,,,,372574.4,5025789.295,45.36876938,-75.63477524,1660
20--2698,2020/02/21,Unknown,HAZEL ST btwn DESCHATELETS AVE & MAIN ST (e___2IYX),e___2IYX,01 - Non intersection,03 - P.D. only,06 - SMV unattended vehicle,01 - Clear,00 - Unknown,02 - Wet,10 - No control,,1,0,0,0,,0,,,,,369213.322,5030196.369,45.4087398,-75.67710381,1661
20--2699,2020/02/21,12:01 PM,AGES DR btwn LEGACY RD & HAWTHORNE RD (__3ZA10R),__3ZA10R,04 - At/near private drive,03 - P.D. only,02 - Angle,01 - Clear,01 - Daylight,01 - Dry,10 - No control,,2,0,0,0,,0,,,,,374929.1564,5027692.886,45.38566534,-75.60444713,1662
20--27,2020/01/02,Unknown,YELLOWCRESS WAY btwn AUBEPINES DR & YELLOWCRESS WAY (e___2ICC),e___2ICC,01 - Non intersection,03 - P.D. only,06 - SMV unattended vehicle,01 - Clear,00 - Unknown,01 - Dry,10 - No control,,1,0,0,0,,0,,,,,384153.172,5034736.949,45.44805767,-75.48553916,1663
20--270,2020/01/07,2:30 PM,BAY ST @ WELLINGTON ST (0010737),10737,02 - Intersection related,03 - P.D. only,04 - Sideswipe,01 - Clear,01 - Daylight,01 - Dry,01 - Traffic signal,01 - Functioning,2,0,0,0,,0,,,,,366814.6889,5031351.57,45.4193506,-75.70759859,1664
20--2700,2020/02/21,12:32 PM,COBALT AVE btwn PATTERSON AVE & CLEMOW AVE (__3ZA957),__3ZA957,01 - Non intersection,03 - P.D. only,06 - SMV unattended vehicle,01 - Clear,01 - Daylight,01 - Dry,10 - No control,,1,0,0,0,,0,,,,,368354.1927,5030067.63,45.40765999,-75.68809488,1665
20--2701,2020/02/21,12:35 PM,RIVERSIDE DR NB btwn BANK ST & RIVERSIDE DR NB RAMP FROM EB TO WB (__3ZBOEF),__3ZBOEF,04 - At/near private drive,03 - P.D. only,02 - Angle,01 - Clear,01 - Daylight,02 - Wet,10 - No control,,2,0,0,0,,0,,,,,369351.8996,5027956.732,45.38857553,-75.67562674,1666
20--2702,2020/02/21,2:08 PM,SOMERSET ST    W btwn BAYSWATER AVE & BREEZEHILL AVE N (__3ZA31E),__3ZA31E,04 - At/near private drive,02 - Non-fatal injury,02 - Angle,01 - Clear,01 - Daylight,01 - Dry,10 - No control,,2,0,0,0,02 - Minor,1,,1,,,365869.9851,5029936.682,45.40670291,-75.71984385,1667
20--2703,2020/02/21,2:10 PM,BAY ST @ LAURIER AVE (0005126),5126,02 - Intersection related,03 - P.D. only,04 - Sideswipe,01 - Clear,01 - Daylight,02 - Wet,01 - Traffic signal,01 - Functioning,2,0,0,0,,0,,,,,367034.7092,5030997.555,45.41614575,-75.70483223,1668
20--2704,2020/02/21,2:27 PM,MERIVALE RD @ 170 N OF HUNTCLUB RD/COSTCO/CANA (0004681),4681,02 - Intersection related,03 - P.D. only,03 - Rear end,01 - Clear,01 - Daylight,01 - Dry,01 - Traffic signal,01 - Functioning,4,0,0,0,,0,,,,,365548.5215,5022100.091,45.33621871,-75.72491388,1669
20--2705,2020/02/21,3:00 PM,CANYON WALK DR @ OWLS CABIN AVE/VERMILLION DR  (0012662),12662,03 - At intersection,03 - P.D. only,02 - Angle,01 - Clear,01 - Daylight,01 - Dry,02 - Stop sign,01 - Functioning,2,0,0,0,,0,,,,,368907.6494,5016587.293,45.2863167,-75.68277249,1670
20--2706,2020/02/21,3:00 PM,WEST HUNT CLUB RD WB btwn MERIVALE RD & ROYDON PL (__3ZA3JR),__3ZA3JR,01 - Non intersection,03 - P.D. only,03 - Rear end,01 - Clear,01 - Daylight,01 - Dry,10 - No control,,2,0,0,0,,0,,,,,365785.8997,5022051.299,45.33575909,-75.72189148,1671
20--2707,2020/02/21,3:23 PM,BASELINE RD @ MERIVALE RD (0002342),2342,02 - Intersection related,03 - P.D. only,03 - Rear end,01 - Clear,01 - Daylight,01 - Dry,01 - Traffic signal,01 - Functioning,2,0,0,0,,0,,,,,365054.6969,5025325.515,45.3652832,-75.73082095,1672
20--2708,2020/02/21,3:23 PM,BANK ST @ WILTON CRES (0007712),7712,02 - Intersection related,03 - P.D. only,03 - Rear end,01 - Clear,01 - Daylight,01 - Dry,02 - Stop sign,00 - Unknown,3,0,0,0,,0,,,,,368577.6993,5028966.548,45.39773247,-75.68538228,1673
20--2709,2020/02/21,3:25 PM,RUSKIN ST btwn MACFARLANE AVE & MELROSE AVE (__3ZA0YI),__3ZA0YI,01 - Non intersection,03 - P.D. only,06 - SMV unattended vehicle,01 - Clear,01 - Daylight,01 - Dry,10 - No control,,1,0,0,0,,0,,,,,365685.998,5028529.296,45.39405562,-75.72236777,1674
20--271,2020/01/07,2:49 PM,PRINCE OF WALES DR @ MEADOWLANDS DR/HOG'S BACK (0001629),1629,02 - Intersection related,03 - P.D. only,03 - Rear end,01 - Clear,01 - Daylight,02 - Wet,01 - Traffic signal,01 - Functioning,2,0,0,0,,0,,,,,367371.9122,5025693.477,45.36839102,-75.70119687,1675
20--2710,2020/02/21,3:56 PM,MCARTHUR AVE btwn MAYFIELD ST & VANIER PKWY (__3ZA3WT),__3ZA3WT,04 - At/near private drive,03 - P.D. only,02 - Angle,01 - Clear,01 - Daylight,01 - Dry,10 - No control,,2,0,0,0,,0,,,,,370102.6922,5032678.214,45.43098804,-75.66541415,1676
20--2711,2020/02/21,4:39 PM,QUEEN ELIZABETH DRWY btwn QUEEN ELIZABETH PL & FIFTH AVE (__3ZA22J),__3ZA22J,01 - Non intersection,03 - P.D. only,03 - Rear end,01 - Clear,01 - Daylight,01 - Dry,10 - No control,,2,0,0,0,,0,,,,,368969.206,5029417.096,45.40175058,-75.68032355,1677
20--2712,2020/02/21,4:50 PM,ST. JOSEPH BLVD @ DUFORD DR/PLACE D'ORLEANS DR (0003629),3629,02 - Intersection related,03 - P.D. only,03 - Rear end,01 - Clear,01 - Daylight,01 - Dry,01 - Traffic signal,01 - Functioning,2,0,0,0,,0,,,,,381996.7278,5037996.571,45.47762649,-75.51259137,1678
20--2713,2020/02/21,5:15 AM,STAGECOACH RD btwn OLD PRESCOTT RD & HERBERTS CORNERS RD (__3ZBN9Y),__3ZBN9Y,01 - Non intersection,03 - P.D. only,07 - SMV other,01 - Clear,07 - Dark,01 - Dry,10 - No control,,1,0,0,0,,0,,,,,377782.7633,5009044.675,45.21758543,-75.57075637,1679
20--2714,2020/02/21,5:59 PM,ERINBROOK CRES @ SOUTHVALE CRES E (0008278),8278,02 - Intersection related,03 - P.D. only,02 - Angle,01 - Clear,07 - Dark,01 - Dry,02 - Stop sign,01 - Functioning,2,0,0,0,,0,,,,,374113.7262,5029184.056,45.39916335,-75.61464948,1680
20--2715,2020/02/21,6:20 PM,INNES RD @ JEANNE D'ARC BLVD/MER BLEUE RD (0012475),12475,02 - Intersection related,03 - P.D. only,03 - Rear end,01 - Clear,07 - Dark,01 - Dry,01 - Traffic signal,01 - Functioning,2,0,0,0,,0,,,,,382637.7478,5035567.551,45.45570112,-75.50477812,1681
20--2716,2020/02/21,6:26 PM,BRIDLEWOOD DR @ STONEHAVEN DR (0003692),3692,02 - Intersection related,03 - P.D. only,03 - Rear end,01 - Clear,07 - Dark,01 - Dry,02 - Stop sign,01 - Functioning,2,0,0,0,,0,,,,,354796.02,5016897.341,45.29025204,-75.86261984,1682
20--2717,2020/02/21,7:00 PM,RIVER RD btwn JARVIS DR & LEWER ST (__3ZA38P),__3ZA38P,01 - Non intersection,03 - P.D. only,05 - Turning movement,01 - Clear,07 - Dark,01 - Dry,10 - No control,,2,0,0,0,,0,,,,,368275.353,5020354.527,45.32027108,-75.69034965,1683
20--2718,2020/02/21,7:00 PM,BANKFIELD RD @ MANOTICK MAIN ST/RIDEAU VALLEY  (0000070),70,02 - Intersection related,03 - P.D. only,03 - Rear end,01 - Clear,07 - Dark,02 - Wet,01 - Traffic signal,01 - Functioning,2,0,0,0,,0,,,,,368431.6868,5010157.405,45.22850435,-75.68966269,1684
20--2719,2020/02/21,7:18 PM,BANK ST @ GLADSTONE AVE (0002253),2253,03 - At intersection,03 - P.D. only,05 - Turning movement,01 - Clear,07 - Dark,01 - Dry,01 - Traffic signal,00 - Unknown,2,0,0,0,,0,,,,,367916.6989,5030562.576,45.41215294,-75.69361994,1685
20--272,2020/01/07,3:02 PM,EDGEWATER DR btwn SUMMERSIDE DR & RIVER RD (__3ZA723),__3ZA723,01 - Non intersection,03 - P.D. only,07 - SMV other,01 - Clear,01 - Daylight,02 - Wet,10 - No control,,1,0,0,0,,0,,,,,373093.9337,5005037.818,45.18200234,-75.63099818,1686
20--2720,2020/02/21,7:20 PM,ST. LAURENT BLVD btwn HWY417 IC115 RAMP36 & TRANSIT (__3ZA1KA),__3ZA1KA,01 - Non intersection,03 - P.D. only,03 - Rear end,01 - Clear,07 - Dark,06 - Ice,10 - No control,,2,0,0,0,,0,,,,,372404.526,5031713.116,45.42208583,-75.63613187,1687
20--2721,2020/02/21,7:42 AM,BRITTANY DR @ MONTREAL RD (0007685),7685,03 - At intersection,02 - Non-fatal injury,07 - SMV other,01 - Clear,01 - Daylight,01 - Dry,01 - Traffic signal,01 - Functioning,1,0,0,1,02 - Minor,1,,1,,,371912.7152,5033994.587,45.44266079,-75.64210468,1688
20--2722,2020/02/21,7:45 PM,ST. LAURENT BLVD @ COVENTRY RD/OGILVIE RD (0002151),2151,02 - Intersection related,03 - P.D. only,04 - Sideswipe,01 - Clear,07 - Dark,01 - Dry,01 - Traffic signal,01 - Functioning,2,0,0,0,,0,,,,,372305.7247,5031951.574,45.4242409,-75.63736156,1689
20--2723,2020/02/21,7:55 PM,BASELINE RD @ CLYDE AVE (0002343),2343,02 - Intersection related,03 - P.D. only,03 - Rear end,01 - Clear,07 - Dark,01 - Dry,01 - Traffic signal,01 - Functioning,2,0,0,0,,0,,,,,364358.7092,5024890.493,45.36142842,-75.7397572,1690
20--2724,2020/02/21,8:00 AM,CENTREPOINTE DR btwn PALISADE ST & DALECROFT CRES (__3ZBO9O),__3ZBO9O,01 - Non intersection,03 - P.D. only,06 - SMV unattended vehicle,01 - Clear,01 - Daylight,01 - Dry,10 - No control,,1,0,0,0,,0,,,,,362199.5602,5022256.062,45.33790409,-75.76762134,1691
20--2725,2020/02/21,8:09 AM,BASELINE RD @ CENTREPOINTE DR W/COBDEN RD (0002108),2108,02 - Intersection related,03 - P.D. only,02 - Angle,01 - Clear,01 - Daylight,01 - Dry,01 - Traffic signal,01 - Functioning,2,0,0,0,,0,,,,,361633.3707,5023207.473,45.34651094,-75.77473564,1692
20--2726,2020/02/21,8:12 AM,VANIER PKWY SB btwn MCARTHUR AVE & VANIER PKWY (__3ZBOBV),__3ZBOBV,01 - Non intersection,02 - Non-fatal injury,03 - Rear end,01 - Clear,01 - Daylight,01 - Dry,10 - No control,,4,0,0,0,02 - Minor,1,,1,,,370209.8211,5032679.809,45.43099238,-75.66404495,1693
20--2727,2020/02/21,8:20 AM,ABBEYHILL DR @ SURREY LANE (0003962),3962,03 - At intersection,03 - P.D. only,02 - Angle,01 - Clear,01 - Daylight,01 - Dry,02 - Stop sign,01 - Functioning,2,0,0,0,,0,,,,,353673.6011,5017965.465,45.29994221,-75.87682301,1694
20--2728,2020/02/21,8:20 PM,INDUSTRIAL AVE @ TRAINYARDS DR (0011906),11906,03 - At intersection,03 - P.D. only,02 - Angle,01 - Clear,07 - Dark,01 - Dry,01 - Traffic signal,01 - Functioning,2,0,0,0,,0,,,,,371685.9688,5030539.484,45.41159507,-75.64547205,1695
20--2729,2020/02/21,9:00 PM,ELGIN ST @ WAVERLEY ST (0006948),6948,02 - Intersection related,02 - Non-fatal injury,03 - Rear end,01 - Clear,07 - Dark,01 - Dry,01 - Traffic signal,01 - Functioning,2,0,0,0,02 - Minor,2,,2,,,368317.6983,5030952.548,45.4156255,-75.68844702,1696
20--273,2020/01/07,3:31 PM,MOODIE DR @ RICHMOND RD S (0001129),1129,03 - At intersection,03 - P.D. only,05 - Turning movement,01 - Clear,01 - Daylight,02 - Wet,03 - Yield sign,01 - Functioning,2,0,0,0,,0,,,,,357433.6245,5019540.481,45.31384276,-75.82871567,1697
20--2730,2020/02/21,9:26 PM,MCARTHUR AVE btwn CARMEN AVE & LAFONTAINE AVE (__3ZA3W9),__3ZA3W9,01 - Non intersection,03 - P.D. only,07 - SMV other,01 - Clear,07 - Dark,01 - Dry,10 - No control,,1,0,0,0,,0,,,,,370910.0143,5032767.13,45.43171222,-75.65508554,1698
20--2731,2020/02/21,9:45 AM,COBOURG ST @ ST. PATRICK ST (0011483),11483,02 - Intersection related,03 - P.D. only,03 - Rear end,01 - Clear,01 - Daylight,01 - Dry,01 - Traffic signal,01 - Functioning,2,0,0,0,,0,,,,,368802.4647,5033234.26,45.43611134,-75.6819574,1699
20--2732,2020/02/21,9:45 AM,BRONSON AVE @ SUNNYSIDE AVE/UNIVERSITY RD - CA (0007209),7209,02 - Intersection related,03 - P.D. only,04 - Sideswipe,01 - Clear,01 - Daylight,01 - Dry,01 - Traffic signal,01 - Functioning,2,0,0,0,,0,,,,,367922.71,5028091.531,45.38991868,-75.69385942,1700
20--2733,2020/02/21,9:55 AM,ST. LAURENT BLVD btwn BELFAST RD & INDUSTRIAL AVE (__3ZA3R8),__3ZA3R8,01 - Non intersection,03 - P.D. only,04 - Sideswipe,01 - Clear,01 - Daylight,01 - Dry,10 - No control,,2,0,0,0,,0,,,,,372881.9004,5030529.326,45.41138835,-75.63019611,1701
20--2734,2020/02/22,1:00 PM,HIGHWAY 417 btwn HWY417 IC124 RAMP67 & HWY417 IC123 RAMP62 (__3ZA2YZ),__3ZA2YZ,01 - Non intersection,03 - P.D. only,03 - Rear end,01 - Clear,01 - Daylight,01 - Dry,10 - No control,,2,0,0,0,,0,,,,,364663.7717,5027867.623,45.38819015,-75.73550267,1702
20--2735,2020/02/22,1:23 PM,INNES RD btwn PRESTWICK DR & TENTH LINE RD (__3ZA3Y7),__3ZA3Y7,01 - Non intersection,03 - P.D. only,03 - Rear end,01 - Clear,01 - Daylight,01 - Dry,10 - No control,,2,0,0,0,,0,,,,,383911.0756,5036142.324,45.46072941,-75.4884076,1703
20--2736,2020/02/22,10:21 AM,GLADSTONE AVE btwn BREEZEHILL AVE N & LORETTA AVE N (__3ZA3ZD),__3ZA3ZD,01 - Non intersection,03 - P.D. only,99 - Other,01 - Clear,01 - Daylight,01 - Dry,10 - No control,,2,0,0,0,,0,,,,,366189.7652,5029564.725,45.40332817,-75.71580542,1704
20--2737,2020/02/22,10:40 AM,MEADOWLANDS DR @ MERIVALE RD (0000625),625,02 - Intersection related,03 - P.D. only,03 - Rear end,01 - Clear,01 - Daylight,01 - Dry,01 - Traffic signal,01 - Functioning,2,0,0,0,,0,,,,,364858.6982,5023725.508,45.35090339,-75.73351715,1705
20--2738,2020/02/22,10:54 AM,JEANNE D'ARC BLVD @ ORLEANS BLVD S (0004154),4154,03 - At intersection,03 - P.D. only,05 - Turning movement,01 - Clear,01 - Daylight,01 - Dry,01 - Traffic signal,01 - Functioning,2,0,0,0,,0,,,,,380940.748,5036250.58,45.46203345,-75.52636675,1706
20--2739,2020/02/22,11:20 AM,YORK ST btwn WILLIAM ST & DALHOUSIE ST (__3ZA817),__3ZA817,01 - Non intersection,03 - P.D. only,04 - Sideswipe,01 - Clear,01 - Daylight,01 - Dry,10 - No control,,2,0,0,0,,0,,,,,368049.15,5032391.097,45.4285934,-75.69169317,1707
20--274,2020/01/07,4:09 PM,CLYDE AVE btwn MAITLAND AVE & BASELINE RD (__3ZA4IR),__3ZA4IR,01 - Non intersection,02 - Non-fatal injury,07 - SMV other,01 - Clear,01 - Daylight,02 - Wet,10 - No control,,1,0,0,0,02 - Minor,1,,1,,,364337.4705,5024940.315,45.36187851,-75.74002227,1708
20--2740,2020/02/22,11:27 AM,CARLING AVE @ KIRKWOOD AVE N (0002358),2358,03 - At intersection,02 - Non-fatal injury,05 - Turning movement,01 - Clear,01 - Daylight,02 - Wet,01 - Traffic signal,01 - Functioning,2,0,0,0,02 - Minor,2,1,1,,,364275.6857,5027493.542,45.3848573,-75.74050341,1709
20--2741,2020/02/22,11:49 PM,BORRISOKANE RD btwn CAMBRIAN RD & STRANDHERD DR (__3ZA1CC),__3ZA1CC,01 - Non intersection,03 - P.D. only,07 - SMV other,01 - Clear,07 - Dark,01 - Dry,10 - No control,,1,0,0,0,,0,,,,,362293.9924,5013449.884,45.25865822,-75.76743762,1710
20--2742,2020/02/22,Unknown,MATHIEU WAY btwn MOREWOOD CRES & TACHE WAY (1) (__3ZA603),__3ZA603,01 - Non intersection,03 - P.D. only,06 - SMV unattended vehicle,01 - Clear,00 - Unknown,01 - Dry,10 - No control,,1,0,0,0,,0,,,,,384191.6804,5037938.171,45.47685494,-75.48452996,1711
20--2743,2020/02/22,12:00 PM,BANK ST @ QUEENSDALE AVE (0009260),9260,02 - Intersection related,03 - P.D. only,04 - Sideswipe,01 - Clear,01 - Daylight,01 - Dry,01 - Traffic signal,01 - Functioning,2,0,0,0,,0,,,,,373336.7481,5023445.507,45.34760676,-75.62536903,1712
20--2744,2020/02/22,12:30 PM,BANK ST/PRETORIA AVE @ CHAMBERLAIN AVE S (0006980),6980,02 - Intersection related,03 - P.D. only,04 - Sideswipe,01 - Clear,01 - Daylight,01 - Dry,02 - Stop sign,01 - Functioning,2,0,0,0,,0,,,,,368108.701,5030103.567,45.40800558,-75.69122611,1713
20--2745,2020/02/22,12:45 PM,LAURIER AVE @ O'CONNOR ST (0002224),2224,02 - Intersection related,03 - P.D. only,03 - Rear end,01 - Clear,01 - Daylight,01 - Dry,01 - Traffic signal,01 - Functioning,2,0,0,0,,0,,,,,367636.7001,5031358.587,45.41934039,-75.69709536,1714
20--2746,2020/02/22,2:05 AM,CARLING AVE @ CLYDE AVE/COLE AVE (0006984),6984,03 - At intersection,02 - Non-fatal injury,04 - Sideswipe,01 - Clear,07 - Dark,01 - Dry,01 - Traffic signal,01 - Functioning,2,0,0,0,02 - Minor,1,,1,,,363520.6955,5026850.541,45.37913537,-75.75022018,1715
20--2747,2020/02/22,2:30 PM,EAGLESON RD btwn ABBEYHILL DR & PALOMINO DR (__3ZA41M),__3ZA41M,01 - Non intersection,03 - P.D. only,04 - Sideswipe,01 - Clear,01 - Daylight,01 - Dry,10 - No control,,2,0,0,0,,0,,,,,353880.3198,5017902.158,45.29935815,-75.8741936,1716
20--2748,2020/02/22,2:30 PM,BURNETT'S GROVE CIRC btwn SHERWAY DR & SAGE CRES (__3ZAA9S),__3ZAA9S,04 - At/near private drive,03 - P.D. only,06 - SMV unattended vehicle,01 - Clear,01 - Daylight,05 - Packed snow,10 - No control,,1,0,0,0,,0,,,,,363289.7454,5015545.997,45.27743705,-75.7545044,1717
20--2749,2020/02/22,2:43 PM,HIGHWAY 417 btwn HWY417 IC124 RAMP76 & HWY417 IC124 RAMP67 (__3ZA2R7),__3ZA2R7,01 - Non intersection,02 - Non-fatal injury,03 - Rear end,01 - Clear,01 - Daylight,01 - Dry,10 - No control,,4,0,0,0,02 - Minor,1,,1,,,364292.4665,5027357.272,45.38362974,-75.74030556,1718
20--2488,2020/02/18,1:04 PM,SAUNDERSON DR @ PLEASANT PARK RD (0008313),8313,03 - At intersection,03 - P.D. only,02 - Angle,03 - Snow,01 - Daylight,03 - Loose snow,02 - Stop sign,01 - Functioning,2,0,0,0,,0,,,,,373145.7342,5028668.563,45.39462034,-75.6270837,1719