Anom_ID,Accident_Date,Accident_Time,Location,Geo_ID,Accident_Location,Classification_of_Accident,Initial_Impact_Type,Environment_Condition,Light,Road_Surface_Condition,Traffic_Control,Traffic_Control_Condition,No__of_Vehicles,No__of_Bicycles,No__of_Motorcycles,No__of_Pedestrians,Max_Injury,No__of_Injuries,No__of_Minimal,No__of_Minor,No__of_Major,No__of_Fatal,X,Y,Latitude,Longitude,ObjectId
20--2489,2020/02/18,1:15 PM,HIGHWAY 417 btwn HWY417 IC124 RAMP65 & HWY417 IC122 RAMP51 (__3ZA2R8),__3ZA2R8,01 - Non intersection,03 - P.D. only,07 - SMV other,04 - Freezing Rain,01 - Daylight,03 - Loose snow,10 - No control,,1,0,0,0,,0,,,,,364957.9302,5028370.06,45.39268577,-75.73168518,1720
20--249,2020/01/06,9:00 AM,CASTLEFRANK RD btwn MACNEIL CRT & HAZELDEAN RD (__3ZA1XG),__3ZA1XG,01 - Non intersection,02 - Non-fatal injury,03 - Rear end,01 - Clear,01 - Daylight,06 - Ice,10 - No control,,2,0,0,0,01 - Minimal,1,1,,,,352608.1834,5017757.021,45.2981399,-75.89042724,1721
20--2490,2020/02/18,1:40 PM,HUNT CLUB RD @ RIVERSIDE DR (0002237),2237,02 - Intersection related,03 - P.D. only,03 - Rear end,03 - Snow,01 - Daylight,04 - Slush,01 - Traffic signal,01 - Functioning,2,0,0,0,,0,,,,,368036.6906,5021945.486,45.33460777,-75.69319036,1722
20--2491,2020/02/18,1:40 PM,GRENON AVE btwn MICHELE DR & RICHMOND RD (__3ZAAD6),__3ZAAD6,01 - Non intersection,03 - P.D. only,03 - Rear end,01 - Clear,01 - Daylight,04 - Slush,10 - No control,,2,0,0,0,,0,,,,,359715.8514,5024091.889,45.35462167,-75.79910547,1723
20--2492,2020/02/18,10:00 AM,QUEEN ST btwn BAY ST & LYON ST N (__3ZA2FT),__3ZA2FT,04 - At/near private drive,03 - P.D. only,02 - Angle,03 - Snow,01 - Daylight,03 - Loose snow,10 - No control,,2,0,0,0,,0,,,,,366939.3977,5031237.583,45.41831392,-75.70601963,1724
20--2493,2020/02/18,10:00 AM,MERIVALE RD btwn BURRIS LANE & OT/NE BOUNDARY (__3ZAZ7D),__3ZAZ7D,01 - Non intersection,03 - P.D. only,03 - Rear end,03 - Snow,01 - Daylight,05 - Packed snow,10 - No control,,2,0,0,0,,0,,,,,364897.8319,5025096.677,45.36323762,-75.73285106,1725
20--2494,2020/02/18,10:03 AM,RAMSAYVILLE RD btwn LOUISEIZE RD & NINTH LINE RD (__3ZBO25),__3ZBO25,01 - Non intersection,03 - P.D. only,07 - SMV other,03 - Snow,01 - Daylight,03 - Loose snow,10 - No control,,1,0,0,0,,0,,,,,380075.8773,5020626.822,45.32155495,-75.53980802,1726
20--2495,2020/02/18,10:15 AM,JOCKVALE RD @ STRANDHERD DR (0010541),10541,02 - Intersection related,03 - P.D. only,03 - Rear end,03 - Snow,01 - Daylight,05 - Packed snow,01 - Traffic signal,01 - Functioning,3,0,0,0,,0,,,,,363560.4823,5014577.826,45.26870285,-75.75116853,1727
20--2496,2020/02/18,10:18 AM,BASELINE RD/HERON RD @ PRINCE OF WALES DR (0002345),2345,02 - Intersection related,03 - P.D. only,03 - Rear end,03 - Snow,01 - Daylight,04 - Slush,01 - Traffic signal,01 - Functioning,2,0,0,0,,0,,,,,366873.7184,5026438.53,45.37513914,-75.70746264,1728
20--2497,2020/02/18,10:30 AM,INNES RD @ 240 E OF TENTH LINE RD/HOME DEPOT E (0012919),12919,02 - Intersection related,03 - P.D. only,03 - Rear end,03 - Snow,01 - Daylight,05 - Packed snow,01 - Traffic signal,01 - Functioning,2,0,0,0,,0,,,,,384168.1087,5036256.425,45.46172684,-75.48510302,1729
20--2498,2020/02/18,10:49 AM,BANK ST @ CONROY RD (0012398),12398,02 - Intersection related,03 - P.D. only,04 - Sideswipe,03 - Snow,01 - Daylight,03 - Loose snow,01 - Traffic signal,01 - Functioning,2,0,0,0,,0,,,,,375044.7364,5022238.495,45.3365776,-75.60374658,1730
20--2499,2020/02/18,10:55 AM,WALKLEY RD btwn BANK ST & BANFF AVE (__3ZA375),__3ZA375,04 - At/near private drive,02 - Non-fatal injury,02 - Angle,03 - Snow,01 - Daylight,03 - Loose snow,10 - No control,,2,0,0,0,02 - Minor,1,,1,,,370396.2827,5025981.72,45.370708,-75.66255304,1731
20--25,2020/01/02,11:25 AM,TERRY FOX DR btwn PALLADIUM DR & MAPLE GROVE RD (__3ZA3DN),__3ZA3DN,01 - Non intersection,03 - P.D. only,04 - Sideswipe,01 - Clear,01 - Daylight,02 - Wet,10 - No control,,2,0,0,0,,0,,,,,351366.7361,5018077.412,45.30110624,-75.90622521,1732
20--250,2020/01/06,9:02 AM,CARLING AVE @ RICHMOND RD (0010847),10847,02 - Intersection related,03 - P.D. only,03 - Rear end,03 - Snow,01 - Daylight,03 - Loose snow,01 - Traffic signal,01 - Functioning,2,0,0,0,,0,,,,,360245.6519,5024781.522,45.36078527,-75.79226676,1733
20--2500,2020/02/18,11:00 AM,RIDEAU TER btwn NOEL ST & DURHAM PRIV (__3ZA4GD),__3ZA4GD,01 - Non intersection,03 - P.D. only,01 - Approaching,03 - Snow,01 - Daylight,05 - Packed snow,10 - No control,,2,0,0,0,,0,,,,,369022.208,5034109.172,45.4439633,-75.67903489,1734
20--2501,2020/02/18,11:02 AM,MARCH RD btwn 280 S OF CARLING AVE/STATION RD & RICHARDSON SIDE RD (__3ZA42DB),__3ZA42DB,01 - Non intersection,03 - P.D. only,03 - Rear end,03 - Snow,01 - Daylight,04 - Slush,10 - No control,,2,0,0,0,,0,,,,,351259.2055,5021868.561,45.33522703,-75.90724068,1735
20--2502,2020/02/18,11:06 AM,RICHMOND RD @ WOODROFFE AVE (0011466),11466,02 - Intersection related,03 - P.D. only,03 - Rear end,03 - Snow,01 - Daylight,04 - Slush,01 - Traffic signal,01 - Functioning,2,0,0,0,,0,,,,,361584.6759,5026654.533,45.3775313,-75.77496092,1736
20--2503,2020/02/18,11:15 AM,HIGHWAY 417 btwn HWY417 IC117 RAMP26 & HWY417 IC117 RAMP61 (__3ZA2YM),__3ZA2YM,01 - Non intersection,03 - P.D. only,04 - Sideswipe,03 - Snow,01 - Daylight,03 - Loose snow,10 - No control,,3,0,0,0,,0,,,,,370998.6106,5031304.249,45.41854146,-75.65414997,1737
20--2504,2020/02/18,11:17 AM,ST. LAURENT BLVD @ WALKLEY RD (0007653),7653,03 - At intersection,03 - P.D. only,05 - Turning movement,02 - Rain,01 - Daylight,05 - Packed snow,01 - Traffic signal,01 - Functioning,2,0,0,0,,0,,,,,373902.7402,5028046.85,45.38895216,-75.61750338,1738
20--2505,2020/02/18,11:30 AM,HIGHWAY 417 btwn REGIONAL ROAD 174 & HWY417 IC113 RAMP62 (__3ZA280),__3ZA280,01 - Non intersection,02 - Non-fatal injury,03 - Rear end,03 - Snow,01 - Daylight,03 - Loose snow,10 - No control,,2,0,0,0,01 - Minimal,1,1,,,,373469.4705,5031823.38,45.4229742,-75.62250996,1739
20--2506,2020/02/18,Unknown,HURON AVE   N btwn SCOTT ST & SPENCER ST (__3ZA06K),__3ZA06K,01 - Non intersection,03 - P.D. only,06 - SMV unattended vehicle,03 - Snow,00 - Unknown,05 - Packed snow,10 - No control,,1,0,0,0,,0,,,,,364686.9024,5029499.738,45.40287361,-75.73500918,1740
20--2507,2020/02/18,Unknown,ALASKEN DR btwn WOOD ACRES GROVE & WOOD ACRES GROVE (__7OBPV9),__7OBPV9,01 - Non intersection,03 - P.D. only,06 - SMV unattended vehicle,04 - Freezing Rain,00 - Unknown,06 - Ice,10 - No control,,1,0,0,0,,0,,,,,375617.175,5019958.104,45.31600203,-75.5967699,1741
20--2508,2020/02/18,Unknown,ALBION RD btwn DEL ZOTTO AVE & HIGH RD (__3ZBOF9),__3ZBOF9,01 - Non intersection,03 - P.D. only,07 - SMV other,03 - Snow,00 - Unknown,05 - Packed snow,10 - No control,,1,0,0,0,,0,,,,,373890.5367,5019487.534,45.31194002,-75.61885509,1742
20--2509,2020/02/18,Unknown,GLENORA ST btwn HAZEL ST & HERRIDGE ST (__3ZA95F),__3ZA95F,01 - Non intersection,03 - P.D. only,06 - SMV unattended vehicle,01 - Clear,00 - Unknown,05 - Packed snow,10 - No control,,1,0,0,0,,0,,,,,369117.0299,5030085.81,45.40775388,-75.67834827,1743
20--251,2020/01/06,9:10 AM,FEATHERSTON DR btwn CONNECTICUT AVE & RYDER ST (__3ZA7QL),__3ZA7QL,01 - Non intersection,03 - P.D. only,01 - Approaching,03 - Snow,01 - Daylight,03 - Loose snow,10 - No control,,2,0,0,0,,0,,,,,372403.5589,5027534.032,45.38448434,-75.63671714,1744
20--2510,2020/02/18,12:03 PM,ST. LAURENT BLVD btwn MCARTHUR AVE & DONALD ST (__3ZBOF4),__3ZBOF4,01 - Non intersection,03 - P.D. only,03 - Rear end,03 - Snow,01 - Daylight,04 - Slush,10 - No control,,3,0,0,0,,0,,,,,372057.2739,5032566.287,45.42979574,-75.64045215,1745
20--2511,2020/02/18,12:15 PM,HIGHWAY 417 btwn HWY417 IC124 RAMP67 & HWY417 IC123 RAMP62 (__3ZA2YZ),__3ZA2YZ,01 - Non intersection,03 - P.D. only,04 - Sideswipe,03 - Snow,01 - Daylight,03 - Loose snow,10 - No control,,4,0,0,0,,0,,,,,364641.9068,5027833.555,45.38788548,-75.73578601,1746
20--2512,2020/02/18,12:28 PM,RIVERSIDE DR @ TREMBLAY RD/HWY417 IC117 RAMP52 (0010790),10790,02 - Intersection related,03 - P.D. only,07 - SMV other,03 - Snow,01 - Daylight,05 - Packed snow,01 - Traffic signal,01 - Functioning,1,0,0,0,,0,,,,,370802.0866,5031015.913,45.4159657,-75.65669939,1747
20--2513,2020/02/18,2:14 PM,REGIONAL ROAD 174 btwn OLD MONTREAL RD & OLD MONTREAL RD (__3ZA27O),__3ZA27O,01 - Non intersection,03 - P.D. only,07 - SMV other,03 - Snow,01 - Daylight,02 - Wet,10 - No control,,1,0,0,0,,0,,,,,392671.0766,5042735.729,45.51900158,-75.375234,1748
20--2514,2020/02/18,2:29 PM,CENTREPOINTE DR btwn Continuation of CENTREPOINTE DR & HEMMINGWOOD WAY (__3ZAA3T),__3ZAA3T,01 - Non intersection,03 - P.D. only,01 - Approaching,02 - Rain,01 - Daylight,04 - Slush,10 - No control,,2,0,0,0,,0,,,,,362153.6422,5023318.553,45.34746808,-75.76808399,1749
20--2515,2020/02/18,2:30 PM,WOODROFFE AVE btwn HWY417 IC127 RAMP63 & HWY417 IC127 RAMP35 (__3ZA25N),__3ZA25N,01 - Non intersection,03 - P.D. only,03 - Rear end,01 - Clear,01 - Daylight,01 - Dry,10 - No control,,2,0,0,0,,0,,,,,362134.5641,5024812.737,45.36091421,-75.76815416,1750
20--2516,2020/02/18,2:30 PM,PRINCE OF WALES DR @ NORMANDY CRES S/KOCHAR DR (0006961),6961,03 - At intersection,03 - P.D. only,07 - SMV other,03 - Snow,01 - Daylight,04 - Slush,01 - Traffic signal,01 - Functioning,1,0,0,0,,0,,,,,367446.7042,5024562.518,45.35820822,-75.70038553,1751
20--2517,2020/02/18,2:53 PM,HAZELDEAN RD @ JOHNWOODS ST/VICTOR ST (0004683),4683,03 - At intersection,03 - P.D. only,02 - Angle,01 - Clear,01 - Daylight,02 - Wet,01 - Traffic signal,01 - Functioning,2,0,0,0,,0,,,,,350186.585,5015396.442,45.27705928,-75.92151788,1752
20--2518,2020/02/18,3:17 PM,HIGHWAY 417 btwn HWY417 IC139 RAMP15 & HWY417 IC138 RAMP51 (__3ZA2QR),__3ZA2QR,01 - Non intersection,02 - Non-fatal injury,07 - SMV other,03 - Snow,01 - Daylight,02 - Wet,10 - No control,,1,0,0,0,02 - Minor,1,,1,,,352188.1305,5019612.747,45.31486662,-75.89560535,1753
20--2519,2020/02/18,3:45 PM,INDUSTRIAL AVE @ ALTA VISTA DR/SANDFORD FLEMIN (0006979),6979,02 - Intersection related,03 - P.D. only,03 - Rear end,03 - Snow,01 - Daylight,04 - Slush,01 - Traffic signal,01 - Functioning,2,0,0,0,,0,,,,,370884.7228,5030557.58,45.41183401,-75.65570513,1754
20--252,2020/01/06,9:20 AM,TERON RD @ BEAVERBROOK RD/PENFIELD DR N (0002572),2572,02 - Intersection related,03 - P.D. only,07 - SMV other,03 - Snow,01 - Daylight,03 - Loose snow,01 - Traffic signal,01 - Functioning,1,0,0,0,,0,,,,,351884.6131,5021213.494,45.32929092,-75.89932404,1755
20--2520,2020/02/18,3:45 PM,HIGHWAY 416 btwn HWY416 IC75A RAMP26 & HWY416 IC72 RAMP62 (__3ZAZLF),__3ZAZLF,01 - Non intersection,03 - P.D. only,07 - SMV other,03 - Snow,01 - Daylight,03 - Loose snow,10 - No control,,1,0,0,0,,0,,,,,359257.2741,5020121.153,45.31892863,-75.80539486,1756
20--2521,2020/02/18,3:58 PM,NEPEAN ST @ BANK ST (0006938),6938,03 - At intersection,02 - Non-fatal injury,07 - SMV other,01 - Clear,01 - Daylight,01 - Dry,02 - Stop sign,01 - Functioning,1,0,0,1,01 - Minimal,1,1,,,,367562.7069,5031133.572,45.41732242,-75.69806938,1757
20--2522,2020/02/18,3:59 PM,HERON RD @ ALTA VISTA DR (0007188),7188,02 - Intersection related,03 - P.D. only,03 - Rear end,03 - Snow,01 - Daylight,03 - Loose snow,01 - Traffic signal,01 - Functioning,2,0,0,0,,0,,,,,370492.7234,5026902.535,45.37898416,-75.66119946,1758
20--2523,2020/02/18,4:00 PM,BRIAN COBURN BLVD @ MER BLEUE RD (0014363),14363,02 - Intersection related,03 - P.D. only,03 - Rear end,01 - Clear,01 - Daylight,04 - Slush,11 - Roundabout,01 - Functioning,2,0,0,0,,0,,,,,383150.8189,5034441.164,45.44550953,-75.49839849,1759
20--2524,2020/02/18,4:51 PM,SAVILLE ROW @ WOODROFFE AVE (0002760),2760,02 - Intersection related,03 - P.D. only,03 - Rear end,04 - Freezing Rain,01 - Daylight,02 - Wet,01 - Traffic signal,01 - Functioning,2,0,0,0,,0,,,,,361779.6629,5026185.542,45.37329553,-75.77252559,1760
20--2525,2020/02/18,5:23 PM,VANIER PKWY NB btwn DONALD ST & QUEEN MARY ST (__3ZA25X),__3ZA25X,01 - Non intersection,03 - P.D. only,03 - Rear end,04 - Freezing Rain,05 - Dusk,04 - Slush,10 - No control,,2,0,0,0,,0,,,,,370344.8872,5032057.964,45.42538463,-75.66240171,1761
20--2526,2020/02/18,5:29 PM,AQUAVIEW DR btwn SILVERADO CRES & SILVERADO CRES (__4V3IAE),__4V3IAE,01 - Non intersection,03 - P.D. only,05 - Turning movement,01 - Clear,05 - Dusk,02 - Wet,10 - No control,,2,0,0,0,,0,,,,,384654.0615,5035745.322,45.45707303,-75.47897304,1762
20--2033,2020/02/09,11:30 AM,MERIVALE RD @ COLDREY AVE/CRERAR AVE (0006176),6176,02 - Intersection related,03 - P.D. only,99 - Other,03 - Snow,01 - Daylight,03 - Loose snow,01 - Traffic signal,01 - Functioning,2,0,0,0,,0,,,,,364894.6965,5027392.551,45.38389577,-75.73261173,1763
20--2527,2020/02/18,5:57 PM,MARCH RD btwn CORKSTOWN RD & HWY417 IC138 RAMP62 (__3ZA417),__3ZA417,01 - Non intersection,03 - P.D. only,03 - Rear end,01 - Clear,07 - Dark,01 - Dry,10 - No control,,3,0,0,0,,0,,,,,352698.5503,5020791.883,45.3254421,-75.88898172,1764
20--2528,2020/02/18,6:33 AM,REGIONAL ROAD 174 btwn OR174 IC112 RAMP26 & OR174 IC112 RAMP61 (__3ZA2XF),__3ZA2XF,01 - Non intersection,03 - P.D. only,03 - Rear end,01 - Clear,03 - Dawn,01 - Dry,10 - No control,,3,0,0,0,,0,,,,,375170.3177,5033127.382,45.43453786,-75.60059208,1765
20--2529,2020/02/18,6:45 PM,HATHAWAY DR btwn OLDFIELD ST & KARENDALE ST (__30LKEQ),__30LKEQ,01 - Non intersection,03 - P.D. only,06 - SMV unattended vehicle,03 - Snow,07 - Dark,04 - Slush,10 - No control,,1,0,0,0,,0,,,,,366567.294,5015792.481,45.2793746,-75.71270277,1766
20--253,2020/01/06,9:20 AM,DES PERES BLANCS AVE @ MARIER AVE (0010058),10058,02 - Intersection related,03 - P.D. only,99 - Other,03 - Snow,01 - Daylight,04 - Slush,02 - Stop sign,01 - Functioning,2,0,0,0,,0,,,,,370063.6946,5033670.597,45.43992073,-75.66578094,1767
20--2530,2020/02/18,6:47 AM,HIGHWAY 417 btwn HWY417 IC123 RAMP62 & HWY417 IC122 RAMP16 (__3ZA2R9),__3ZA2R9,01 - Non intersection,03 - P.D. only,04 - Sideswipe,03 - Snow,03 - Dawn,03 - Loose snow,10 - No control,,2,0,0,0,,0,,,,,364892.3293,5028283.073,45.39190871,-75.73253352,1768
20--2212,2020/02/12,7:31 PM,CAMPEAU DR @ TERRY FOX DR (0008211),8211,03 - At intersection,02 - Non-fatal injury,05 - Turning movement,01 - Clear,07 - Dark,01 - Dry,01 - Traffic signal,01 - Functioning,2,0,0,0,02 - Minor,2,,2,,,350455.5968,5019010.455,45.30956183,-75.91775665,1769
20--2531,2020/02/18,6:50 PM,WOODRIDGE CRES btwn BAYSHORE PS & TRANSITWAY LINK (__6KE4J1B),__6KE4J1B,04 - At/near private drive,03 - P.D. only,07 - SMV other,05 - Drifting Snow,07 - Dark,06 - Ice,10 - No control,,1,0,0,1,,0,,,,,358740.9699,5023510.716,45.34946793,-75.81161044,1770
20--2532,2020/02/18,6:52 AM,ST. JOSEPH BLVD btwn YOUVILLE DR & NOTRE DAME ST W (__3ZA2BN),__3ZA2BN,01 - Non intersection,03 - P.D. only,04 - Sideswipe,01 - Clear,03 - Dawn,01 - Dry,10 - No control,,2,0,0,0,,0,,,,,379310.6991,5036195.386,45.46171261,-75.54721608,1771
20--2533,2020/02/18,7:07 AM,DONNELLY DR @ MERLYN WILSON RD EXTENSION (0013845),13845,02 - Intersection related,03 - P.D. only,02 - Angle,03 - Snow,03 - Dawn,03 - Loose snow,02 - Stop sign,01 - Functioning,2,0,0,0,,0,,,,,369062.6921,4990678.209,45.05317156,-75.68413155,1772
20--2534,2020/02/18,7:10 AM,INNES RD WB btwn INNES RD W & INNES RD (__3ZA3J8),__3ZA3J8,01 - Non intersection,03 - P.D. only,03 - Rear end,03 - Snow,03 - Dawn,03 - Loose snow,10 - No control,,2,0,0,0,,0,,,,,376871.076,5032185.848,45.42589329,-75.57899517,1773
20--2535,2020/02/18,7:22 PM,MARCH RD btwn CAMPEAU DR/HWY 417 MARCH IC138R63 & HWY417 IC138 RAMP36 (__33IVBV),__33IVBV,01 - Non intersection,03 - P.D. only,04 - Sideswipe,01 - Clear,07 - Dark,02 - Wet,10 - No control,,2,0,0,0,,0,,,,,352851.2072,5020453.033,45.32238262,-75.88706734,1774
20--2536,2020/02/18,7:28 AM,REVELSTOKE DR @ RIVERSIDE DR (0006918),6918,02 - Intersection related,03 - P.D. only,03 - Rear end,03 - Snow,01 - Daylight,03 - Loose snow,01 - Traffic signal,01 - Functioning,2,0,0,0,,0,,,,,368217.7134,5024423.532,45.35688834,-75.69056328,1775
20--2537,2020/02/18,7:30 AM,INNES RD @ ORIENT PARK DR (0004143),4143,02 - Intersection related,03 - P.D. only,04 - Sideswipe,03 - Snow,01 - Daylight,03 - Loose snow,01 - Traffic signal,01 - Functioning,2,0,0,0,,0,,,,,378320.749,5033036.557,45.43339654,-75.5603451,1776
20--2538,2020/02/18,7:42 AM,ASSINIBOINE DR btwn REDPINE DR & CHESTERTON DR (__3ZA0AZ),__3ZA0AZ,04 - At/near private drive,03 - P.D. only,02 - Angle,03 - Snow,01 - Daylight,03 - Loose snow,10 - No control,,2,0,0,0,,0,,,,,365732.4672,5023621.889,45.34989567,-75.7223797,1777
20--2539,2020/02/18,7:42 AM,ST. LAURENT BLVD btwn MORIN ST & MALARTIC AVE (__3ZA3MN),__3ZA3MN,01 - Non intersection,03 - P.D. only,07 - SMV other,03 - Snow,01 - Daylight,03 - Loose snow,10 - No control,,1,0,0,0,,0,,,,,371604.3386,5033674.858,45.43981356,-75.64608958,1778
20--254,2020/01/06,9:22 AM,BAYSHORE DR @ WOODRIDGE CRES S (0000360),360,02 - Intersection related,02 - Non-fatal injury,03 - Rear end,03 - Snow,01 - Daylight,05 - Packed snow,01 - Traffic signal,01 - Functioning,2,0,0,0,01 - Minimal,1,1,,,,359233.6384,5023509.487,45.34941881,-75.80532365,1779
20--2540,2020/02/18,7:50 AM,ROCKDALE RD N @ HIGHWAY 417 (0004640),4640,02 - Intersection related,03 - P.D. only,03 - Rear end,03 - Snow,01 - Daylight,03 - Loose snow,02 - Stop sign,00 - Unknown,2,0,0,0,,0,,,,,395345.88,5022677.855,45.33820448,-75.34469065,1780
20--2541,2020/02/18,7:53 AM,GEORGE ST @ DALHOUSIE ST (0008516),8516,03 - At intersection,03 - P.D. only,05 - Turning movement,03 - Snow,01 - Daylight,03 - Loose snow,01 - Traffic signal,01 - Functioning,2,0,0,0,,0,,,,,368157.691,5032315.603,45.42790431,-75.6903159,1781
20--2542,2020/02/18,7:55 AM,MARCH RD btwn HWY417 IC138 RAMP36 & HWY417 IC138 RAMP26 (__3ZAZEW),__3ZAZEW,01 - Non intersection,03 - P.D. only,04 - Sideswipe,03 - Snow,01 - Daylight,03 - Loose snow,10 - No control,,2,0,0,0,,0,,,,,352899.0737,5020335.983,45.32132611,-75.88646817,1782
20--2543,2020/02/18,8:00 AM,KING EDWARD AVE @ WILBROD ST (0002259),2259,02 - Intersection related,02 - Non-fatal injury,04 - Sideswipe,03 - Snow,01 - Daylight,03 - Loose snow,01 - Traffic signal,01 - Functioning,3,0,0,0,01 - Minimal,1,1,,,,368675.705,5032139.574,45.42627335,-75.68371941,1783
20--2544,2020/02/18,8:10 AM,BRIDGESTONE DR/STEEPLE CHASE DR @ STONEHAVEN D (0002781),2781,02 - Intersection related,03 - P.D. only,03 - Rear end,03 - Snow,01 - Daylight,04 - Slush,11 - Roundabout,01 - Functioning,2,0,0,0,,0,,,,,355105.6257,5016984.451,45.29101378,-75.85866421,1784
20--2545,2020/02/18,8:11 AM,CARLING AVE @ CHURCHILL AVE (0002149),2149,02 - Intersection related,03 - P.D. only,03 - Rear end,03 - Snow,01 - Daylight,04 - Slush,01 - Traffic signal,01 - Functioning,2,0,0,0,,0,,,,,363775.6706,5027013.526,45.38058046,-75.74694533,1785
20--2546,2020/02/18,8:15 AM,PLEASANT PARK RD @ ST. LAURENT BLVD (0008363),8363,02 - Intersection related,02 - Non-fatal injury,03 - Rear end,03 - Snow,01 - Daylight,03 - Loose snow,01 - Traffic signal,01 - Functioning,2,0,0,0,01 - Minimal,1,1,,,,373597.7347,5028795.549,45.39571864,-75.62129369,1786
20--2547,2020/02/18,8:16 PM,CHARTERS ST btwn UNITED AVE & NOVA LUX WAY (__3ZAZGB),__3ZAZGB,01 - Non intersection,03 - P.D. only,06 - SMV unattended vehicle,01 - Clear,07 - Dark,01 - Dry,10 - No control,,1,0,0,0,,0,,,,,385740.8626,5010998.971,45.23429975,-75.46912875,1787
20--2548,2020/02/18,8:25 AM,RIVERSIDE DR @ TREMBLAY RD/HWY417 IC117 RAMP52 (0010790),10790,02 - Intersection related,03 - P.D. only,03 - Rear end,03 - Snow,01 - Daylight,03 - Loose snow,01 - Traffic signal,01 - Functioning,2,0,0,0,,0,,,,,370802.0676,5031015.89,45.4159655,-75.65669964,1788
20--2549,2020/02/18,8:30 AM,ELGIN ST @ QUEEN ST (0007144),7144,02 - Intersection related,03 - P.D. only,04 - Sideswipe,03 - Snow,01 - Daylight,03 - Loose snow,01 - Traffic signal,01 - Functioning,2,0,0,0,,0,,,,,367804.6907,5031779.577,45.42311322,-75.69489521,1789
20--255,2020/01/06,9:28 AM,WALKLEY RD btwn THORNDALE DR & AVONCOURT WAY (__3ZBOEM),__3ZBOEM,04 - At/near private drive,03 - P.D. only,03 - Rear end,03 - Snow,01 - Daylight,03 - Loose snow,10 - No control,,3,0,0,0,,0,,,,,369578.3175,5025499.097,45.36644159,-75.67305792,1790
20--2550,2020/02/18,8:30 AM,KAREN WAY @ ST. LAURENT BLVD (0007145),7145,02 - Intersection related,03 - P.D. only,03 - Rear end,03 - Snow,01 - Daylight,06 - Ice,02 - Stop sign,01 - Functioning,2,0,0,0,,0,,,,,371270.7088,5034480.597,45.44709502,-75.65024482,1791
20--2551,2020/02/18,8:43 AM,GREENBANK RD @ MALVERN DR/FOXFIELD DR (0009821),9821,02 - Intersection related,03 - P.D. only,03 - Rear end,03 - Snow,01 - Daylight,04 - Slush,01 - Traffic signal,01 - Functioning,2,0,0,0,,0,,,,,363311.6766,5016194.42,45.28326975,-75.75414845,1792
20--2552,2020/02/18,8:45 AM,HAMPTON AVE @ WELLINGTON ST (0005578),5578,02 - Intersection related,03 - P.D. only,03 - Rear end,03 - Snow,01 - Daylight,06 - Ice,02 - Stop sign,01 - Functioning,2,0,0,0,,0,,,,,364454.7136,5029001.551,45.39841085,-75.73803514,1793
20--2553,2020/02/18,8:48 AM,ROBERTSON RD @ HAANEL DR (0000600),600,03 - At intersection,03 - P.D. only,05 - Turning movement,03 - Snow,01 - Daylight,05 - Packed snow,02 - Stop sign,01 - Functioning,2,0,0,0,,0,,,,,354989.6461,5019202.454,45.31098008,-75.85991818,1794
20--2554,2020/02/18,8:49 AM,ALBERT ST @ CITY CENTRE AVE (0006346),6346,03 - At intersection,02 - Non-fatal injury,05 - Turning movement,03 - Snow,01 - Daylight,05 - Packed snow,01 - Traffic signal,01 - Functioning,2,0,0,0,01 - Minimal,1,1,,,,365955.6975,5030344.578,45.41036557,-75.71869839,1795
20--2555,2020/02/18,8:55 AM,BORRISOKANE RD btwn CAMBRIAN RD & STRANDHERD DR (__3ZA1CC),__3ZA1CC,01 - Non intersection,03 - P.D. only,07 - SMV other,03 - Snow,01 - Daylight,03 - Loose snow,10 - No control,,1,0,0,0,,0,,,,,362712.8065,5012248.29,45.24781183,-75.76224174,1796
20--2556,2020/02/18,8:55 AM,HAWTHORNE RD/RUSSELL RD @ WALKLEY RD (0002618),2618,02 - Intersection related,03 - P.D. only,03 - Rear end,03 - Snow,01 - Daylight,03 - Loose snow,01 - Traffic signal,01 - Functioning,2,0,0,0,,0,,,,,374674.743,5028499.542,45.39294867,-75.60758139,1797
20--2557,2020/02/18,9:06 AM,BANK ST @ CAHILL DR/DAZE ST (0012178),12178,03 - At intersection,02 - Non-fatal injury,05 - Turning movement,03 - Snow,01 - Daylight,03 - Loose snow,01 - Traffic signal,01 - Functioning,2,0,0,0,01 - Minimal,3,3,,,,371306.8289,5024316.719,45.35564107,-75.65115374,1798
20--2558,2020/02/18,9:06 AM,ALTA VISTA DR @ RIDGEMONT AVE (0007000),7000,02 - Intersection related,03 - P.D. only,03 - Rear end,03 - Snow,01 - Daylight,03 - Loose snow,01 - Traffic signal,00 - Unknown,2,0,0,0,,0,,,,,370517.7279,5026673.525,45.37692126,-75.6609107,1799