Anom_ID,Accident_Date,Accident_Time,Location,Geo_ID,Accident_Location,Classification_of_Accident,Initial_Impact_Type,Environment_Condition,Light,Road_Surface_Condition,Traffic_Control,Traffic_Control_Condition,No__of_Vehicles,No__of_Bicycles,No__of_Motorcycles,No__of_Pedestrians,Max_Injury,No__of_Injuries,No__of_Minimal,No__of_Minor,No__of_Major,No__of_Fatal,X,Y,Latitude,Longitude,ObjectId
20--2275,2020/02/13,7:17 AM,BEAVER RDG btwn COMMANCHE DR & LEAVER AVE (__3ZAAKB),__3ZAAKB,01 - Non intersection,03 - P.D. only,01 - Approaching,03 - Snow,01 - Daylight,03 - Loose snow,10 - No control,,2,0,0,0,,0,,,,,364952.4782,5024555.987,45.35836789,-75.73221937,1880
20--2276,2020/02/13,7:22 PM,CUMBERLAND ST @ LAURIER AVE (0007751),7751,02 - Intersection related,03 - P.D. only,04 - Sideswipe,01 - Clear,07 - Dark,04 - Slush,01 - Traffic signal,01 - Functioning,2,0,0,0,,0,,,,,368597.7123,5031948.569,45.42456187,-75.68474073,1881
20--2277,2020/02/13,7:30 PM,CATHERINE ST btwn METCALFE ST & ELGIN ST (__3ZA3PE),__3ZA3PE,01 - Non intersection,03 - P.D. only,04 - Sideswipe,01 - Clear,07 - Dark,02 - Wet,10 - No control,,2,0,0,0,,0,,,,,368483.6747,5030538.055,45.41188094,-75.68638015,1882
20--2278,2020/02/13,7:37 PM,ESSON ST @ HUNT CLUB RD (0002152),2152,03 - At intersection,02 - Non-fatal injury,02 - Angle,01 - Clear,07 - Dark,02 - Wet,02 - Stop sign,01 - Functioning,2,0,0,0,02 - Minor,2,,2,,,374639.7428,5025907.52,45.36963036,-75.60839501,1883
20--2279,2020/02/13,7:52 AM,GEORGE ST btwn WILLIAM ST & DALHOUSIE ST (__3ZA8Z1),__3ZA8Z1,04 - At/near private drive,03 - P.D. only,07 - SMV other,03 - Snow,01 - Daylight,04 - Slush,10 - No control,,1,0,0,0,,0,,,,,368127.2139,5032295.798,45.42772887,-75.69070789,1884
20--228,2020/01/06,7:25 AM,PRINCE OF WALES DR btwn FISHER AVE & NE/OT BOUNDARY (__3ZA2TZ),__3ZA2TZ,01 - Non intersection,03 - P.D. only,03 - Rear end,03 - Snow,03 - Dawn,03 - Loose snow,10 - No control,,2,0,0,0,,0,,,,,367165.9545,5024042.486,45.35355411,-75.70403424,1885
20--2280,2020/02/13,8:45 PM,CEDARVIEW RD @ WEST HUNT CLUB RD (0010267),10267,02 - Intersection related,03 - P.D. only,03 - Rear end,01 - Clear,07 - Dark,02 - Wet,01 - Traffic signal,01 - Functioning,2,0,0,0,,0,,,,,359718.6593,5019554.482,45.31379375,-75.79957313,1886
20--2281,2020/02/13,8:50 AM,BANK ST btwn PARKWAY RD & MEADOW DR (__3ZA28M),__3ZA28M,01 - Non intersection,03 - P.D. only,04 - Sideswipe,03 - Snow,01 - Daylight,02 - Wet,10 - No control,,2,0,0,0,,0,,,,,378923.8676,5014112.423,45.26306398,-75.55547412,1887
20--2282,2020/02/13,8:55 AM,BRONSON AVE @ LISGAR ST (0006356),6356,03 - At intersection,03 - P.D. only,02 - Angle,03 - Snow,01 - Daylight,03 - Loose snow,02 - Stop sign,01 - Functioning,2,0,0,0,,0,,,,,366896.687,5030641.562,45.41295489,-75.70664041,1888
20--2283,2020/02/13,8:56 AM,ALBERT ST @ BOOTH ST (0002162),2162,02 - Intersection related,03 - P.D. only,03 - Rear end,03 - Snow,01 - Daylight,02 - Wet,01 - Traffic signal,01 - Functioning,2,0,0,0,,0,,,,,366428.6902,5030626.57,45.41286137,-75.71262094,1889
20--2284,2020/02/13,9:00 AM,HWY417 IC138 RAMP61 btwn HWY417 IC138 RAMP62 & HIGHWAY 417 (__3ZAYB2),__3ZAYB2,01 - Non intersection,03 - P.D. only,03 - Rear end,03 - Snow,01 - Daylight,02 - Wet,10 - No control,,2,0,0,0,,0,,,,,353341.7085,5020517.855,45.32293216,-75.88080461,1890
20--2285,2020/02/13,9:00 PM,HAWTHORNE AVE/ISABELLA ST @ QUEEN ELIZABETH DR (0002105),2105,03 - At intersection,02 - Non-fatal injury,02 - Angle,01 - Clear,07 - Dark,01 - Dry,01 - Traffic signal,01 - Functioning,2,0,0,0,02 - Minor,1,,1,,,368665.7243,5030476.573,45.41131116,-75.68406249,1891
20--2286,2020/02/13,9:00 PM,WILLIAM ST btwn YORK ST & GEORGE ST (__3ZBOX5),__3ZBOX5,01 - Non intersection,03 - P.D. only,99 - Other,03 - Snow,07 - Dark,05 - Packed snow,10 - No control,,2,0,0,0,,0,,,,,368041.627,5032244.466,45.42727475,-75.69180813,1892
20--2287,2020/02/13,9:00 PM,HIGHWAY 417 btwn HWY417 IC118 RAMP76 & HWY417 IC118 RAMP67 (__3ZA2YR),__3ZA2YR,01 - Non intersection,03 - P.D. only,07 - SMV other,01 - Clear,07 - Dark,06 - Ice,10 - No control,,1,0,0,0,,0,,,,,369645.4831,5031135.63,45.41715101,-75.67145985,1893
20--2288,2020/02/13,9:05 AM,HUNTSVILLE DR @ KANATA AVE (0014360),14360,02 - Intersection related,03 - P.D. only,02 - Angle,03 - Snow,01 - Daylight,02 - Wet,01 - Traffic signal,01 - Functioning,2,0,0,0,,0,,,,,349349.0951,5019618.393,45.31510329,-75.93181244,1894
20--2289,2020/02/13,9:24 AM,OLD PRESCOTT RD @ SPARKLING LAKE WAY (0013549),13549,03 - At intersection,03 - P.D. only,02 - Angle,03 - Snow,01 - Daylight,03 - Loose snow,02 - Stop sign,01 - Functioning,2,0,0,0,,0,,,,,377460.5551,5014679.843,45.26832209,-75.57403495,1895
20--229,2020/01/06,7:30 AM,CAMPEAU DR @ KANATA AVE (0012003),12003,03 - At intersection,03 - P.D. only,02 - Angle,03 - Snow,03 - Dawn,03 - Loose snow,01 - Traffic signal,01 - Functioning,2,0,0,0,,0,,,,,350594.8885,5019401.946,45.3130755,-75.91594418,1896
20--2290,2020/02/13,9:30 PM,JOCKVALE RD @ STRANDHERD DR (0010541),10541,02 - Intersection related,03 - P.D. only,04 - Sideswipe,01 - Clear,07 - Dark,04 - Slush,01 - Traffic signal,01 - Functioning,2,0,0,0,,0,,,,,363560.4735,5014577.823,45.26870282,-75.75116864,1897
20--2291,2020/02/13,9:30 PM,HIGHWAY 417 btwn HWY417 IC118 RAMP76 & HWY417 IC118 RAMP67 (__3ZA2YR),__3ZA2YR,01 - Non intersection,03 - P.D. only,03 - Rear end,01 - Clear,07 - Dark,06 - Ice,10 - No control,,2,0,0,0,,0,,,,,369691.7894,5031146.906,45.41724818,-75.67086677,1898
20--2292,2020/02/13,9:36 AM,NORDMANN FIR CRT btwn CRANESBILL RD & END (__00SM7P),__00SM7P,01 - Non intersection,03 - P.D. only,06 - SMV unattended vehicle,03 - Snow,01 - Daylight,03 - Loose snow,10 - No control,,1,0,0,0,,0,,,,,352241.269,5016387.423,45.28584077,-75.89523627,1899
20--2293,2020/02/13,9:50 PM,ASTURCON ST @ LIVERY ST (0014904),14904,03 - At intersection,03 - P.D. only,02 - Angle,03 - Snow,07 - Dark,06 - Ice,02 - Stop sign,01 - Functioning,2,0,0,0,,0,,,,,352651.3981,5015239.662,45.2754851,-75.89011906,1900
20--2294,2020/02/14,1:00 AM,HWY417 IC126 RAMP16 btwn HIGHWAY 417 & HWY417 IC126 RAMP26 (__3ZAYA0),__3ZAYA0,01 - Non intersection,03 - P.D. only,03 - Rear end,01 - Clear,07 - Dark,01 - Dry,10 - No control,,2,0,0,0,,0,,,,,363044.774,5025890.704,45.3705386,-75.75640971,1901
20--2295,2020/02/14,1:00 PM,AMBERWOOD CRES @ PRINCE OF WALES DR (0000048),48,02 - Intersection related,03 - P.D. only,03 - Rear end,01 - Clear,01 - Daylight,01 - Dry,01 - Traffic signal,01 - Functioning,2,0,0,0,,0,,,,,367435.6899,5020647.493,45.32298255,-75.70102174,1902
20--2296,2020/02/14,1:15 PM,LOYOLA AVE @ SHEFFORD RD (0009494),9494,03 - At intersection,03 - P.D. only,02 - Angle,01 - Clear,01 - Daylight,01 - Dry,02 - Stop sign,01 - Functioning,2,0,0,0,,0,,,,,376000.7273,5035167.586,45.4528103,-75.5896847,1903
20--2297,2020/02/14,1:30 PM,HIGHWAY 417 btwn HWY417 IC112 RAMP65 & HWY417 IC112 RAMP55 (__3ZA281),__3ZA281,01 - Non intersection,03 - P.D. only,04 - Sideswipe,01 - Clear,01 - Daylight,01 - Dry,10 - No control,,2,0,0,0,,0,,,,,374864.2538,5030687.421,45.41261515,-75.60485046,1904
20--2298,2020/02/14,10:00 AM,BOOTH ST @ GLADSTONE AVE (0002211),2211,03 - At intersection,03 - P.D. only,04 - Sideswipe,01 - Clear,01 - Daylight,02 - Wet,01 - Traffic signal,01 - Functioning,2,0,0,0,,0,,,,,366768.7028,5029850.561,45.40584903,-75.70837484,1905
20--2299,2020/02/14,10:05 AM,CARLING AVE @ VISCOUNT AVE (0006241),6241,02 - Intersection related,03 - P.D. only,04 - Sideswipe,01 - Clear,01 - Daylight,02 - Wet,01 - Traffic signal,01 - Functioning,2,0,0,0,,0,,,,,365130.7025,5027849.54,45.38798737,-75.72954243,1906
20--2034,2020/02/09,11:49 AM,GLOUCESTER ST btwn LYON ST N & KENT ST (__3ZA9NX),__3ZA9NX,01 - Non intersection,03 - P.D. only,99 - Other,01 - Clear,01 - Daylight,02 - Wet,10 - No control,,2,0,0,0,,0,,,,,367349.4242,5031093.66,45.41698241,-75.70079933,1907
20--2035,2020/02/09,Unknown,FAIRLEA CRES btwn CORLEY PRIV & GORE PRIV (__3ZA0T8),__3ZA0T8,01 - Non intersection,03 - P.D. only,06 - SMV unattended vehicle,01 - Clear,00 - Unknown,01 - Dry,10 - No control,,1,0,0,0,,0,,,,,372013.375,5026537.829,45.37555844,-75.64183476,1908
20--2036,2020/02/09,Unknown,KING GEORGE ST btwn VERA ST & QUILL ST (__3ZA4AH),__3ZA4AH,01 - Non intersection,03 - P.D. only,06 - SMV unattended vehicle,01 - Clear,00 - Unknown,01 - Dry,10 - No control,,1,0,0,0,,0,,,,,370692.9905,5032064.422,45.42541004,-75.65795292,1909
20--2037,2020/02/09,Unknown,DALHOUSIE ST btwn MURRAY ST & CLARENCE ST (__3ZA83M),__3ZA83M,01 - Non intersection,03 - P.D. only,06 - SMV unattended vehicle,01 - Clear,00 - Unknown,03 - Loose snow,10 - No control,,1,0,0,0,,0,,,,,368016.1814,5032547.782,45.43000618,-75.69209435,1910
20--2038,2020/02/09,12:24 PM,VANIER PKWY SB btwn RIVERSIDE DR & TO BE DETERMINED (__3ZA1Q9),__3ZA1Q9,07 - Overpass or bridge,03 - P.D. only,03 - Rear end,01 - Clear,01 - Daylight,01 - Dry,10 - No control,,3,0,0,0,,0,,,,,370803.1231,5031202.027,45.41764018,-75.65666122,1911
20--2039,2020/02/09,12:30 PM,HIGHWAY 417 btwn HWY417 IC124 RAMP57 & HWY417 IC124 RAMP55 (__3ZA2Y1),__3ZA2Y1,01 - Non intersection,03 - P.D. only,03 - Rear end,01 - Clear,01 - Daylight,01 - Dry,10 - No control,,3,0,0,0,,0,,,,,364321.9595,5027370.427,45.3837456,-75.7399274,1912
20--204,2020/01/06,3:25 PM,PRETORIA AVE btwn METCALFE ST & ELGIN ST (__3ZA97C),__3ZA97C,04 - At/near private drive,03 - P.D. only,02 - Angle,03 - Snow,01 - Daylight,05 - Packed snow,10 - No control,,2,0,0,0,,0,,,,,368623.8762,5030409.681,45.41071311,-75.68460574,1913
20--2040,2020/02/09,12:42 PM,FRANK BENDER ST @ JEANNE D'ARC BLVD (0003635),3635,03 - At intersection,02 - Non-fatal injury,05 - Turning movement,01 - Clear,01 - Daylight,01 - Dry,01 - Traffic signal,01 - Functioning,2,0,0,0,02 - Minor,4,1,3,,,381870.7473,5035883.579,45.4586295,-75.51453388,1914
20--2041,2020/02/09,12:45 PM,RIVERSIDE DR NB btwn TREMBLAY RD & HWY417 IC117 RAMP25 (__3ZAZPQ),__3ZAZPQ,01 - Non intersection,02 - Non-fatal injury,03 - Rear end,01 - Clear,01 - Daylight,02 - Wet,10 - No control,,2,0,0,0,02 - Minor,1,,1,,,370817.2312,5031025.164,45.41604751,-75.65650467,1915
20--2042,2020/02/09,12:58 PM,HWY 417 VANIER IC117R63 @ VANIER PKWY (0002101),2101,02 - Intersection related,03 - P.D. only,03 - Rear end,01 - Clear,01 - Daylight,01 - Dry,01 - Traffic signal,01 - Functioning,2,0,0,0,,0,,,,,370799.7093,5031397.563,45.41939986,-75.65667865,1916
20--2043,2020/02/09,12:59 PM,BASELINE RD/HERON RD @ PRINCE OF WALES DR (0002345),2345,03 - At intersection,03 - P.D. only,05 - Turning movement,03 - Snow,01 - Daylight,04 - Slush,01 - Traffic signal,01 - Functioning,2,0,0,0,,0,,,,,366873.7473,5026438.395,45.37513792,-75.70746229,1917
20--2044,2020/02/09,2:08 PM,WELLINGTON ST btwn OTTAWA RIVER PKWY & TO BE DETERMINED (__5VHJWJ),__5VHJWJ,01 - Non intersection,03 - P.D. only,03 - Rear end,01 - Clear,01 - Daylight,01 - Dry,10 - No control,,2,0,0,0,,0,,,,,366280.8435,5031018.927,45.41640469,-75.71446073,1918
20--2045,2020/02/09,2:39 PM,HIGHWAY 417 btwn HWY417 IC122 RAMP15 & HWY417 IC121B RAMP51 (__3ZA2RB),__3ZA2RB,01 - Non intersection,03 - P.D. only,99 - Other,01 - Clear,01 - Daylight,01 - Dry,10 - No control,,3,0,0,0,,0,,,,,365856.9719,5029210.314,45.40016837,-75.72010001,1919
20--2046,2020/02/09,3:00 PM,HWY 417 PALLADI IC142R36 @ PALLADIUM DR (0010683),10683,02 - Intersection related,03 - P.D. only,03 - Rear end,01 - Clear,01 - Daylight,01 - Dry,01 - Traffic signal,01 - Functioning,2,0,0,0,,0,,,,,348774.047,5017374.314,45.29494662,-75.93934544,1920
20--2047,2020/02/09,3:02 PM,OR174 IC112 RAMP15 btwn BLAIR RD & REGIONAL ROAD 174 (__3ZAYAH),__3ZAYAH,01 - Non intersection,02 - Non-fatal injury,07 - SMV other,01 - Clear,01 - Daylight,01 - Dry,10 - No control,,1,0,0,0,02 - Minor,1,,1,,,375103.7842,5033046.657,45.43381823,-75.60145388,1921
20--2048,2020/02/09,3:58 PM,QUINTON ST btwn JUNO AVE & LOUISIANA AVE (__3ZA9RW),__3ZA9RW,04 - At/near private drive,03 - P.D. only,06 - SMV unattended vehicle,01 - Clear,01 - Daylight,04 - Slush,10 - No control,,1,0,0,0,,0,,,,,372086.8195,5027729.946,45.3862776,-75.64073467,1922
20--2049,2020/02/09,4:04 PM,BELCOURT BLVD @ INNES RD (0004202),4202,02 - Intersection related,03 - P.D. only,03 - Rear end,01 - Clear,01 - Daylight,01 - Dry,01 - Traffic signal,01 - Functioning,2,0,0,0,,0,,,,,382121.5791,5035266.611,45.45305082,-75.5114241,1923
20--205,2020/01/06,3:30 PM,MONTREAL RD @ NORTH RIVER RD (0009805),9805,02 - Intersection related,03 - P.D. only,99 - Other,03 - Snow,01 - Daylight,02 - Wet,01 - Traffic signal,01 - Functioning,2,0,0,0,,0,,,,,369739.7099,5032887.581,45.43290564,-75.67002506,1924
20--2050,2020/02/09,4:43 PM,FALLOWFIELD RD @ WOODROFFE AVE (0010372),10372,02 - Intersection related,03 - P.D. only,04 - Sideswipe,01 - Clear,01 - Daylight,04 - Slush,01 - Traffic signal,01 - Functioning,2,0,0,0,,0,,,,,365085.1414,5017903.182,45.29849525,-75.73133634,1925
20--2051,2020/02/09,4:50 AM,HIGHWAY 417 btwn HWY417 IC129 RAMP25 & TRANSIT (__3ZA2SH),__3ZA2SH,01 - Non intersection,03 - P.D. only,07 - SMV other,01 - Clear,07 - Dark,01 - Dry,10 - No control,,1,0,0,0,,0,,,,,360877.1508,5023854.807,45.3523965,-75.78431178,1926
20--2052,2020/02/09,5:39 PM,LASSITER TER S @ OGILVIE RD (0012982),12982,03 - At intersection,03 - P.D. only,07 - SMV other,01 - Clear,05 - Dusk,02 - Wet,02 - Stop sign,00 - Unknown,1,0,0,0,,0,,,,,375508.7137,5034863.572,45.45012492,-75.5960181,1927
20--2053,2020/02/09,6:00 PM,INNES RD btwn TRIM RD & VALIN ST (__5QEFH3),__5QEFH3,01 - Non intersection,03 - P.D. only,03 - Rear end,01 - Clear,07 - Dark,01 - Dry,10 - No control,,2,0,0,0,,0,,,,,386705.6725,5037329.014,45.47108401,-75.45248129,1928
20--2054,2020/02/09,6:04 PM,OLD CARP RD btwn MARCH RD & LADY LOCHEAD LANE (__4TY8OU),__4TY8OU,01 - Non intersection,03 - P.D. only,07 - SMV other,01 - Clear,07 - Dark,01 - Dry,10 - No control,,1,0,0,0,,0,,,,,343560.5864,5022433.276,45.34077605,-76.00541681,1929
20--2055,2020/02/09,6:10 AM,WOODROFFE AVE btwn SERENA WAY & PAUL METIVIER DR (__49NRZ7),__49NRZ7,04 - At/near private drive,03 - P.D. only,02 - Angle,03 - Snow,07 - Dark,05 - Packed snow,10 - No control,,2,0,0,0,,0,,,,,366290.4803,5014942.076,45.27174697,-75.71633609,1930
20--2056,2020/02/09,6:20 PM,LISGAR ST btwn ELGIN ST & CARTIER ST (__3ZA9UF),__3ZA9UF,01 - Non intersection,03 - P.D. only,03 - Rear end,01 - Clear,07 - Dark,04 - Slush,10 - No control,,2,0,0,0,,0,,,,,368188.018,5031413.985,45.41978911,-75.69004439,1931
20--2057,2020/02/09,6:30 PM,ISLAND PARK DR btwn TURN LANE & OTTAWA RIVER PKWY (__3ZA23G),__3ZA23G,01 - Non intersection,02 - Non-fatal injury,03 - Rear end,01 - Clear,07 - Dark,02 - Wet,10 - No control,,2,0,0,0,02 - Minor,1,,1,,,363198.9937,5029502.132,45.40302086,-75.75401369,1932
20--2058,2020/02/09,6:31 PM,PRINCE OF WALES DR btwn WATERBRIDGE DR & CRESTWAY DR (__3ZA294),__3ZA294,01 - Non intersection,03 - P.D. only,07 - SMV other,01 - Clear,07 - Dark,01 - Dry,10 - No control,,1,0,0,0,,0,,,,,367358.4982,5016442.113,45.28514997,-75.70253702,1933
20--2059,2020/02/09,6:55 PM,FRANKTOWN RD btwn WOOD'S RD & MUNSTER RD (__3ZA3E9),__3ZA3E9,01 - Non intersection,03 - P.D. only,07 - SMV other,01 - Clear,07 - Dark,01 - Dry,10 - No control,,1,0,0,0,,0,,,,,350308.0828,5000410.885,45.14220489,-75.92133837,1934
20--206,2020/01/06,4:18 PM,CAMPEAU DR @ TERRY FOX DR (0008211),8211,03 - At intersection,02 - Non-fatal injury,05 - Turning movement,01 - Clear,01 - Daylight,04 - Slush,01 - Traffic signal,01 - Functioning,2,0,0,0,02 - Minor,1,,1,,,350455.6037,5019010.456,45.30956183,-75.91775656,1935
20--2060,2020/02/09,7:18 PM,SMYTH RD @ BOTSFORD ST/DAUPHIN RD (0007211),7211,02 - Intersection related,03 - P.D. only,03 - Rear end,03 - Snow,07 - Dark,03 - Loose snow,01 - Traffic signal,01 - Functioning,2,0,0,0,,0,,,,,372243.7372,5029261.543,45.40004318,-75.63852167,1936
20--2061,2020/02/09,8:28 PM,COVENTRY RD @ VANIER PKWY (0002139),2139,02 - Intersection related,02 - Non-fatal injury,03 - Rear end,01 - Clear,07 - Dark,04 - Slush,01 - Traffic signal,01 - Functioning,2,0,0,0,01 - Minimal,2,2,,,,370676.3774,5031611.71,45.42133829,-75.65822573,1937
20--2062,2020/02/09,8:41 PM,HIGHWAY 416 btwn HWY416 IC66 RAMP62 & HWY416 IC72 RAMP24 (__3ZAZMZ),__3ZAZMZ,01 - Non intersection,02 - Non-fatal injury,07 - SMV other,03 - Snow,07 - Dark,02 - Wet,10 - No control,,1,0,0,0,02 - Minor,1,,1,,,359666.1119,5017048.74,45.291251,-75.80052059,1938
20--2063,2020/02/09,9:35 AM,GRANVILLE ST @ MONTFORT ST (0009827),9827,03 - At intersection,03 - P.D. only,02 - Angle,01 - Clear,01 - Daylight,04 - Slush,02 - Stop sign,01 - Functioning,2,0,0,0,,0,,,,,370786.0245,5033601.251,45.43922899,-75.65655821,1939
20--2064,2020/02/09,9:35 PM,PARKDALE AVE btwn RUSKIN ST & INGLEWOOD PL (__3ZBOD1),__3ZBOD1,01 - Non intersection,03 - P.D. only,99 - Other,01 - Clear,07 - Dark,02 - Wet,10 - No control,,2,0,0,0,,0,,,,,365527.0487,5028406.518,45.39296469,-75.72441278,1940
20--2065,2020/02/10,1:06 PM,BOUNDARY RD @ MITCH OWENS RD (0001708),1708,03 - At intersection,02 - Non-fatal injury,05 - Turning movement,01 - Clear,01 - Daylight,02 - Wet,02 - Stop sign,01 - Functioning,3,0,0,0,02 - Minor,1,,1,,,388065.8281,5022162.472,45.33446925,-75.43764957,1941
20--2066,2020/02/10,1:46 PM,ROCHESTER ST btwn BALSAM ST & GLADSTONE AVE (__3ZAAJL),__3ZAAJL,01 - Non intersection,03 - P.D. only,03 - Rear end,01 - Clear,01 - Daylight,01 - Dry,10 - No control,,3,0,0,0,,0,,,,,366643.9864,5029833.734,45.40570865,-75.70997,1942
20--2067,2020/02/10,1:54 PM,RIVERSIDE DR @ HERON RD (0002236),2236,02 - Intersection related,03 - P.D. only,99 - Other,01 - Clear,01 - Daylight,05 - Packed snow,01 - Traffic signal,01 - Functioning,2,0,0,0,,0,,,,,368121.1039,5026647.215,45.37690522,-75.69151125,1943
20--2068,2020/02/10,10:00 AM,ST. JOSEPH BLVD @ TAYLOR CREEK DR (0004635),4635,03 - At intersection,03 - P.D. only,99 - Other,01 - Clear,01 - Daylight,05 - Packed snow,02 - Stop sign,01 - Functioning,2,0,0,0,,0,,,,,384034.5548,5039174.641,45.48799738,-75.48633989,1944
20--2069,2020/02/10,10:01 AM,BRONSON AVE @ FIRST AVE (0007719),7719,03 - At intersection,03 - P.D. only,02 - Angle,03 - Snow,01 - Daylight,04 - Slush,02 - Stop sign,01 - Functioning,2,0,0,0,,0,,,,,367489.7024,5029236.562,45.40026024,-75.69924331,1945
20--207,2020/01/06,4:30 PM,HERON RD @ WALKLEY RD (0011256),11256,02 - Intersection related,03 - P.D. only,03 - Rear end,01 - Clear,01 - Daylight,02 - Wet,01 - Traffic signal,01 - Functioning,2,0,0,0,,0,,,,,372267.1623,5027083.454,45.38044337,-75.63852028,1946
20--2070,2020/02/10,10:15 AM,INNES RD @ JEANNE D'ARC BLVD/MER BLEUE RD (0012475),12475,03 - At intersection,02 - Non-fatal injury,05 - Turning movement,01 - Clear,01 - Daylight,03 - Loose snow,01 - Traffic signal,01 - Functioning,2,0,0,0,02 - Minor,1,,1,,,382637.755,5035567.562,45.45570122,-75.50477803,1947
20--2071,2020/02/10,10:18 PM,BURTON RD @ EADIE RD (0004898),4898,02 - Intersection related,03 - P.D. only,07 - SMV other,"07 - Fog, mist, smoke, dust",07 - Dark,04 - Slush,02 - Stop sign,01 - Functioning,1,0,0,0,,0,,,,,392666.8531,5021172.435,45.32500087,-75.37913392,1948
20--2072,2020/02/10,10:25 AM,HIGHWAY 417 btwn HWY417 IC131 RAMP55 & HWY417 IC130 RAMP35 (__3ZA1MT),__3ZA1MT,01 - Non intersection,02 - Non-fatal injury,04 - Sideswipe,01 - Clear,01 - Daylight,01 - Dry,10 - No control,,2,0,0,0,01 - Minimal,1,1,,,,358834.3864,5022986.935,45.34474775,-75.81047558,1949
20--2073,2020/02/10,10:34 PM,INNES RD btwn 260 E OF BELCOURT BLVD/WALMART SC & JEANNE D'ARC BLVD/ME (__3ZA3JWB),__3ZA3JWB,01 - Non intersection,03 - P.D. only,04 - Sideswipe,"07 - Fog, mist, smoke, dust",07 - Dark,04 - Slush,10 - No control,,2,0,0,0,,0,,,,,382614.292,5035554.952,45.45559038,-75.50507997,1950
20--2074,2020/02/10,10:36 AM,FISHER AVE @ MEADOWLANDS DR (0002120),2120,03 - At intersection,03 - P.D. only,02 - Angle,01 - Clear,01 - Daylight,02 - Wet,01 - Traffic signal,01 - Functioning,2,0,0,0,,0,,,,,366575.0602,5025045.45,45.36263089,-75.71144965,1951
20--2075,2020/02/10,10:38 AM,NAVAN RD btwn INNES RD & ORLEANS BLVD (__42HNW4),__42HNW4,01 - Non intersection,03 - P.D. only,07 - SMV other,01 - Clear,01 - Daylight,04 - Slush,10 - No control,,1,0,0,0,,0,,,,,379772.9242,5033214.985,45.43484773,-75.54176053,1952
20--2076,2020/02/10,10:48 AM,BANK ST btwn BANK ST & TURN LANE (__3ZA28R),__3ZA28R,04 - At/near private drive,02 - Non-fatal injury,05 - Turning movement,01 - Clear,01 - Daylight,02 - Wet,10 - No control,,2,0,0,0,02 - Minor,1,,1,,,377833.0171,5015790.169,45.27827378,-75.56912571,1953
20--2077,2020/02/10,11:30 PM,EARL ARMSTRONG RD @ BOWESVILLE RD (0009411),9411,03 - At intersection,03 - P.D. only,02 - Angle,"07 - Fog, mist, smoke, dust",07 - Dark,02 - Wet,02 - Stop sign,01 - Functioning,2,0,0,0,,0,,,,,372560.7473,5017440.463,45.29365062,-75.63609239,1954
20--2078,2020/02/10,Unknown,BLOHM DR btwn MALAK ST & BRADLEY COLE PRIV (__3ZA8M0),__3ZA8M0,01 - Non intersection,03 - P.D. only,06 - SMV unattended vehicle,03 - Snow,00 - Unknown,05 - Packed snow,10 - No control,,1,0,0,0,,0,,,,,374126.2134,5025854.466,45.36920399,-75.61495761,1955
20--2079,2020/02/10,Unknown,KENT ST btwn GLADSTONE AVE & MCLEOD ST (__3ZA3P4),__3ZA3P4,01 - Non intersection,03 - P.D. only,06 - SMV unattended vehicle,01 - Clear,00 - Unknown,04 - Slush,10 - No control,,1,0,0,0,,0,,,,,367753.6316,5030444.893,45.41110876,-75.69571811,1956
20--208,2020/01/06,4:34 PM,HAWTHORNE RD btwn HUNT CLUB RD & HAWTHORNE RD (__3ZA8MK),__3ZA8MK,01 - Non intersection,03 - P.D. only,05 - Turning movement,01 - Clear,05 - Dusk,02 - Wet,10 - No control,,2,0,0,0,,0,,,,,375515.5912,5026387.382,45.3738601,-75.59714623,1957
20--2080,2020/02/10,Unknown,SECORD AVE btwn CLEMENTINE BLVD & GILLES ST (__3ZA869),__3ZA869,01 - Non intersection,03 - P.D. only,06 - SMV unattended vehicle,03 - Snow,00 - Unknown,03 - Loose snow,10 - No control,,1,0,0,0,,0,,,,,369693.3427,5026898.831,45.37902533,-75.6714058,1958
20--2081,2020/02/10,Unknown,LORETTA AVE   S btwn NOLAN AVE & BEECH ST (__3ZA04P),__3ZA04P,01 - Non intersection,03 - P.D. only,06 - SMV unattended vehicle,01 - Clear,00 - Unknown,05 - Packed snow,10 - No control,,1,0,0,0,,0,,,,,366371.6051,5029165.827,45.39972301,-75.71353261,1959
20--2082,2020/02/10,Unknown,GLEBE AVE btwn LYON ST S & BANK ST (__3ZA933),__3ZA933,01 - Non intersection,03 - P.D. only,06 - SMV unattended vehicle,01 - Clear,00 - Unknown,05 - Packed snow,10 - No control,,1,0,0,0,,0,,,,,368106.9153,5029708.57,45.40445169,-75.69129964,1960
20--2083,2020/02/10,Unknown,SPADINA AVE btwn GLADSTONE AVE & END (__3ZA055),__3ZA055,01 - Non intersection,03 - P.D. only,06 - SMV unattended vehicle,01 - Clear,00 - Unknown,05 - Packed snow,10 - No control,,1,0,0,0,,0,,,,,365914.2047,5029408.533,45.4019469,-75.71934446,1961