Anom_ID,Accident_Date,Accident_Time,Location,Geo_ID,Accident_Location,Classification_of_Accident,Initial_Impact_Type,Environment_Condition,Light,Road_Surface_Condition,Traffic_Control,Traffic_Control_Condition,No__of_Vehicles,No__of_Bicycles,No__of_Motorcycles,No__of_Pedestrians,Max_Injury,No__of_Injuries,No__of_Minimal,No__of_Minor,No__of_Major,No__of_Fatal,X,Y,Latitude,Longitude,ObjectId
20--3329,2020/03/05,3:30 PM,BRETBY CRES btwn BAMBURGH WAY & BAMBURGH WAY (__74S5V9),__74S5V9,04 - At/near private drive,03 - P.D. only,02 - Angle,01 - Clear,01 - Daylight,01 - Dry,10 - No control,,2,0,0,0,,0,,,,,361455.003,5014936.217,45.27210044,-75.77795726,2044
20--333,2020/01/09,1:09 PM,KENT ST @ LISGAR ST (0007733),7733,02 - Intersection related,03 - P.D. only,04 - Sideswipe,"07 - Fog, mist, smoke, dust",01 - Daylight,02 - Wet,02 - Stop sign,00 - Unknown,2,0,0,0,,0,,,,,367437.7029,5030963.563,45.41580394,-75.69968804,2045
20--3330,2020/03/05,3:30 PM,OTTAWA RIVER PKWY WB btwn OTTAWA RIVER PKWY WB RAMP/CARLING AVE WB & C (__3ZA24Z),__3ZA24Z,01 - Non intersection,02 - Non-fatal injury,03 - Rear end,01 - Clear,01 - Daylight,01 - Dry,10 - No control,,2,0,0,0,02 - Minor,1,,1,,,360900.7353,5025404.253,45.36633646,-75.78383493,2046
20--3331,2020/03/05,3:45 PM,FRESHWATER WAY btwn CAPE JACK WALK & DOVETAIL HTS (__8U6NDB),__8U6NDB,04 - At/near private drive,03 - P.D. only,99 - Other,01 - Clear,01 - Daylight,01 - Dry,10 - No control,,2,0,0,0,,0,,,,,363836.736,5012642.759,45.25126791,-75.74787824,2047
20--3332,2020/03/05,4:00 PM,BANK ST @ CAHILL DR/DAZE ST (0012178),12178,03 - At intersection,02 - Non-fatal injury,07 - SMV other,01 - Clear,01 - Daylight,01 - Dry,01 - Traffic signal,01 - Functioning,1,0,0,1,02 - Minor,1,,1,,,371306.8266,5024316.716,45.35564104,-75.65115377,2048
20--3333,2020/03/05,4:05 PM,ROBERTSON RD btwn VANIER RD & RICHMOND RD (__3ZA4YQ),__3ZA4YQ,01 - Non intersection,03 - P.D. only,04 - Sideswipe,01 - Clear,01 - Daylight,01 - Dry,10 - No control,,2,0,0,0,,0,,,,,357484.6135,5020696.318,45.32423928,-75.82794246,2049
20--3334,2020/03/05,4:31 PM,RIVERSIDE DR @ HERON RD (0002236),2236,02 - Intersection related,03 - P.D. only,03 - Rear end,01 - Clear,01 - Daylight,01 - Dry,01 - Traffic signal,01 - Functioning,2,0,0,0,,0,,,,,368121.1938,5026647.024,45.37690349,-75.69151012,2050
20--3335,2020/03/05,4:35 PM,EAGLESON RD @ HAZELDEAN RD/ROBERTSON RD (0002715),2715,02 - Intersection related,03 - P.D. only,03 - Rear end,01 - Clear,01 - Daylight,01 - Dry,01 - Traffic signal,01 - Functioning,2,0,0,0,,0,,,,,353673.6126,5018424.457,45.30407232,-75.87677761,2051
20--3336,2020/03/05,4:36 PM,HWY417 IC119A RAMP75 btwn METCALFE ST & HIGHWAY 417 (__3ZAY9U),__3ZAY9U,01 - Non intersection,03 - P.D. only,04 - Sideswipe,01 - Clear,01 - Daylight,01 - Dry,10 - No control,,2,0,0,0,,0,,,,,368491.2002,5030434.926,45.41095234,-75.68629734,2052
20--3337,2020/03/05,5:04 PM,TERRY FOX DR @ PALLADIUM DR/KATIMAVIK RD (0011858),11858,02 - Intersection related,03 - P.D. only,03 - Rear end,01 - Clear,01 - Daylight,01 - Dry,01 - Traffic signal,01 - Functioning,2,0,0,0,,0,,,,,351269.7139,5018181.767,45.30205168,-75.9074525,2053
20--3338,2020/03/05,5:07 PM,GREENBANK RD @ JOCKVALE RD (0010360),10360,02 - Intersection related,03 - P.D. only,03 - Rear end,01 - Clear,01 - Daylight,01 - Dry,01 - Traffic signal,01 - Functioning,2,0,0,0,,0,,,,,364121.6745,5014330.404,45.26642943,-75.74404699,2054
20--3339,2020/03/05,5:27 PM,WOODROFFE AVE btwn PINELAND AVE & SLACK RD (__3ZA3IC),__3ZA3IC,01 - Non intersection,03 - P.D. only,03 - Rear end,01 - Clear,05 - Dusk,01 - Dry,10 - No control,,2,0,0,0,,0,,,,,364235.9585,5019982.407,45.31727637,-75.74191351,2055
20--334,2020/01/09,1:10 AM,RIDEAU RD btwn ALBION RD & BANK ST (__3ZA7ZV),__3ZA7ZV,01 - Non intersection,03 - P.D. only,07 - SMV other,01 - Clear,07 - Dark,01 - Dry,10 - No control,,1,0,0,0,,0,,,,,376697.6393,5017682.187,45.29541446,-75.58332112,2056
20--3340,2020/03/05,6:07 AM,KING EDWARD AVE @ RIDEAU ST (0002121),2121,02 - Intersection related,03 - P.D. only,04 - Sideswipe,01 - Clear,03 - Dawn,01 - Dry,01 - Traffic signal,01 - Functioning,2,0,0,0,,0,,,,,368511.6957,5032413.585,45.42875376,-75.68577965,2057
20--3341,2020/03/05,6:21 AM,BANK ST @ MITCH OWENS RD (0001640),1640,03 - At intersection,03 - P.D. only,05 - Turning movement,01 - Clear,01 - Daylight,01 - Dry,01 - Traffic signal,01 - Functioning,2,0,0,0,,0,,,,,377758.7533,5015947.461,45.27969674,-75.57004903,2058
20--3342,2020/03/05,6:36 PM,LONGWOOD AVE @ RICHMOND RD (0001488),1488,02 - Intersection related,03 - P.D. only,02 - Angle,01 - Clear,07 - Dark,05 - Packed snow,02 - Stop sign,01 - Functioning,2,0,0,0,,0,,,,,357579.6527,5020135.462,45.3191855,-75.82678997,2059
20--3343,2020/03/05,6:43 PM,ASHENVALE WAY @ VALLIER WAY (0014201),14201,03 - At intersection,02 - Non-fatal injury,02 - Angle,01 - Clear,07 - Dark,02 - Wet,02 - Stop sign,01 - Functioning,2,0,0,0,01 - Minimal,2,2,,,,385647.7521,5034819.408,45.44862827,-75.46642181,2060
20--3344,2020/03/05,6:45 PM,MONTREAL RD @ VANIER PKWY (0004630),4630,02 - Intersection related,03 - P.D. only,03 - Rear end,01 - Clear,05 - Dusk,01 - Dry,01 - Traffic signal,01 - Functioning,2,0,0,0,,0,,,,,370072.7136,5033065.593,45.43447632,-75.66574589,2061
20--3345,2020/03/05,6:55 PM,HIGHWAY 417 btwn HWY417 IC121B RAMP51 & HWY417 IC121A RAMP51 (__3ZA2YW),__3ZA2YW,01 - Non intersection,03 - P.D. only,03 - Rear end,01 - Clear,07 - Dark,01 - Dry,10 - No control,,3,0,0,0,,0,,,,,366639.8827,5029532.894,45.40300214,-75.71006014,2062
20--3346,2020/03/05,7:00 AM,DONALD ST @ ST. LAURENT BLVD (0008630),8630,02 - Intersection related,03 - P.D. only,03 - Rear end,01 - Clear,03 - Dawn,01 - Dry,01 - Traffic signal,01 - Functioning,2,0,0,0,,0,,,,,372093.7124,5032472.58,45.4289491,-75.63999932,2063
20--302,2020/01/08,12:22 PM,AVIATION PKWY @ OGILVIE RD (0004114),4114,03 - At intersection,02 - Non-fatal injury,05 - Turning movement,01 - Clear,01 - Daylight,01 - Dry,01 - Traffic signal,01 - Functioning,3,0,0,0,02 - Minor,2,,2,,,373110.7137,5032376.577,45.42798672,-75.62701706,2064
20--3347,2020/03/05,7:00 AM,OTTAWA RIVER PKWY EB btwn TURN LANE & TRANSIT (__3ZA23J),__3ZA23J,01 - Non intersection,03 - P.D. only,03 - Rear end,01 - Clear,01 - Daylight,06 - Ice,10 - No control,,5,0,0,0,,0,,,,,361503.512,5027186.368,45.38232327,-75.77593607,2065
20--3348,2020/03/05,7:00 PM,WILBROD ST btwn COBOURG ST & CHARLOTTE ST (__3ZA83K),__3ZA83K,01 - Non intersection,03 - P.D. only,06 - SMV unattended vehicle,01 - Clear,07 - Dark,01 - Dry,10 - No control,,1,0,0,0,,0,,,,,369368.8463,5032562.073,45.43001119,-75.67480714,2066
20--3349,2020/03/05,8:30 AM,HIGHWAY 417 btwn HWY417 IC121B RAMP16 & HWY417 IC121A RAMP16 (__3ZA2YX),__3ZA2YX,01 - Non intersection,03 - P.D. only,03 - Rear end,01 - Clear,01 - Daylight,01 - Dry,10 - No control,,3,0,0,0,,0,,,,,366730.7127,5029577.704,45.4033973,-75.70889437,2067
20--335,2020/01/09,1:54 PM,SMYTH RD @ SMYTH RD NORTH SIDE RAMP/SMYTH RD S (0006582),6582,02 - Intersection related,03 - P.D. only,03 - Rear end,01 - Clear,01 - Daylight,01 - Dry,03 - Yield sign,01 - Functioning,2,0,0,0,,0,,,,,369917.1907,5029121.38,45.3990023,-75.66825462,2068
20--3350,2020/03/05,8:44 AM,COLOMBINE DRWY @ PARKDALE AVE (0014553),14553,03 - At intersection,03 - P.D. only,02 - Angle,01 - Clear,01 - Daylight,02 - Wet,02 - Stop sign,01 - Functioning,2,0,0,0,,0,,,,,364754.6951,5030178.567,45.40897576,-75.73406073,2069
20--3351,2020/03/05,8:55 AM,LAURIER AVE @ O'CONNOR ST (0002224),2224,03 - At intersection,02 - Non-fatal injury,07 - SMV other,01 - Clear,01 - Daylight,01 - Dry,01 - Traffic signal,01 - Functioning,1,0,0,1,01 - Minimal,1,1,,,,367636.6977,5031358.577,45.4193403,-75.69709539,2070
20--3352,2020/03/05,9:00 PM,BANK ST btwn CAHILL DR & TURN LANE (1) (__3ZA3HV),__3ZA3HV,04 - At/near private drive,02 - Non-fatal injury,07 - SMV other,01 - Clear,07 - Dark,01 - Dry,10 - No control,,1,0,0,1,02 - Minor,1,,1,,,371432.3233,5024191.969,45.3545067,-75.64956901,2071
20--3353,2020/03/05,9:25 AM,RIVERSIDE DR @ SMYTH RD SOUTH SIDE RAMP (0011480),11480,03 - At intersection,03 - P.D. only,03 - Rear end,01 - Clear,01 - Daylight,01 - Dry,01 - Traffic signal,01 - Functioning,2,0,0,0,,0,,,,,369788.4444,5028997.977,45.39790393,-75.66991519,2072
20--3354,2020/03/06,1:18 PM,TERRY FOX DR btwn MCKINLEY DR & LEGGET DR (__3ZA1CT),__3ZA1CT,04 - At/near private drive,02 - Non-fatal injury,02 - Angle,01 - Clear,01 - Daylight,01 - Dry,10 - No control,,2,0,0,0,01 - Minimal,1,1,,,,350022.3016,5023472.877,45.34974384,-75.9228745,2073
20--3355,2020/03/06,1:30 PM,HIGHWAY 417 btwn HWY417 IC123 RAMP62 & HWY417 IC122 RAMP16 (__3ZA2R9),__3ZA2R9,01 - Non intersection,03 - P.D. only,03 - Rear end,03 - Snow,01 - Daylight,02 - Wet,10 - No control,,3,0,0,0,,0,,,,,365146.4632,5028729.474,45.39590348,-75.72923356,2074
20--3356,2020/03/06,1:39 PM,KIRKWOOD AVE btwn CHATELAIN AVE & LEPAGE AVE (__3ZA3G9),__3ZA3G9,01 - Non intersection,03 - P.D. only,05 - Turning movement,03 - Snow,01 - Daylight,02 - Wet,10 - No control,,2,0,0,0,,0,,,,,364739.594,5026695.876,45.3776405,-75.73467674,2075
20--3357,2020/03/06,1:40 PM,ALBION RD @ FINDLAY CREEK DR (0013587),13587,02 - Intersection related,02 - Non-fatal injury,03 - Rear end,03 - Snow,01 - Daylight,02 - Wet,01 - Traffic signal,01 - Functioning,2,0,0,0,02 - Minor,1,,1,,,374010.0249,5019208.054,45.30941359,-75.61737042,2076
20--3358,2020/03/06,1:49 PM,QUEEN ST @ LYON ST (0002159),2159,02 - Intersection related,03 - P.D. only,03 - Rear end,03 - Snow,01 - Daylight,02 - Wet,01 - Traffic signal,01 - Functioning,2,0,0,0,,0,,,,,367018.7036,5031287.582,45.41875674,-75.70500009,2077
20--3359,2020/03/06,1:51 PM,HERON RD @ HERON RD RAMP 36 (0002387),2387,02 - Intersection related,03 - P.D. only,03 - Rear end,03 - Snow,01 - Daylight,03 - Loose snow,03 - Yield sign,01 - Functioning,2,0,0,0,,0,,,,,368477.9028,5026690.072,45.3772585,-75.68695054,2078
20--336,2020/01/09,10:03 AM,TERRY FOX DR S @ DIDSBURY RD/CENTRUM KANATA SC (0011820),11820,03 - At intersection,03 - P.D. only,02 - Angle,01 - Clear,01 - Daylight,01 - Dry,01 - Traffic signal,01 - Functioning,2,0,0,0,,0,,,,,350623.4759,5018915.723,45.30869847,-75.91562456,2079
20--3360,2020/03/06,1:54 PM,BANK ST SB btwn HUNT CLUB RD & 80 S OF HUNT CLUB RD/TOWNGATE PLAZA SC (__3ZA3HHA),__3ZA3HHA,01 - Non intersection,03 - P.D. only,04 - Sideswipe,01 - Clear,01 - Daylight,01 - Dry,10 - No control,,2,0,0,0,,0,,,,,371654.4017,5024093.419,45.35359884,-75.64674825,2080
20--3361,2020/03/06,10:00 AM,OXFORD ST btwn PARKDALE AVE & PINEHURST AVE (__3ZA0GF),__3ZA0GF,01 - Non intersection,03 - P.D. only,06 - SMV unattended vehicle,03 - Snow,01 - Daylight,05 - Packed snow,10 - No control,,1,0,0,0,,0,,,,,365069.8266,5029479.22,45.40265613,-75.73012068,2081
20--3362,2020/03/06,10:00 AM,HIGHWAY 417 btwn HIGHWAY 417 & HWY417 IC140 RAMP51 (__3ZA20L),__3ZA20L,01 - Non intersection,03 - P.D. only,03 - Rear end,03 - Snow,01 - Daylight,02 - Wet,10 - No control,,2,0,0,0,,0,,,,,350345.8497,5018211.061,45.30237578,-75.91922963,2082
20--3363,2020/03/06,10:00 PM,HIGHWAY 417 btwn HWY417 IC112 RAMP66 & HWY417 IC112 RAMP56 (__3ZA283),__3ZA283,01 - Non intersection,03 - P.D. only,04 - Sideswipe,01 - Clear,07 - Dark,01 - Dry,10 - No control,,2,0,0,0,,0,,,,,374471.8927,5030853.673,45.41415017,-75.60983921,2083
20--3364,2020/03/06,10:36 PM,REGIONAL ROAD 174 EB btwn OR174 IC109 RAMP55 & TRANSIT (__3ZA28V),__3ZA28V,01 - Non intersection,03 - P.D. only,03 - Rear end,01 - Clear,07 - Dark,01 - Dry,10 - No control,,2,0,0,0,,0,,,,,376479.2484,5034999.64,45.45125031,-75.58359198,2084
20--3365,2020/03/06,11:00 AM,WHITEWATER ST @ GROVEMONT DR (0010912),10912,03 - At intersection,02 - Non-fatal injury,07 - SMV other,01 - Clear,01 - Daylight,02 - Wet,02 - Stop sign,01 - Functioning,1,0,0,1,01 - Minimal,1,1,,,,366646.4364,5014604.026,45.26867399,-75.71184215,2085
20--3366,2020/03/06,11:12 AM,ROYDON PL btwn WOODFIELD DR & WEST HUNT CLUB RD (__3ZAYGP),__3ZAYGP,01 - Non intersection,02 - Non-fatal injury,01 - Approaching,01 - Clear,01 - Daylight,01 - Dry,10 - No control,,2,0,0,0,01 - Minimal,1,1,,,,365642.6977,5022374.299,45.33867783,-75.72367869,2086
20--3367,2020/03/06,11:29 AM,INNES RD @ TENTH LINE RD (0004633),4633,02 - Intersection related,03 - P.D. only,03 - Rear end,03 - Snow,01 - Daylight,04 - Slush,01 - Traffic signal,01 - Functioning,2,0,0,0,,0,,,,,383951.7657,5036159.559,45.46087987,-75.48788461,2087
20--3368,2020/03/06,11:57 AM,HAZELDEAN RD @ TERRY FOX DR (0003682),3682,03 - At intersection,02 - Non-fatal injury,03 - Rear end,01 - Clear,01 - Daylight,01 - Dry,01 - Traffic signal,01 - Functioning,2,0,0,0,01 - Minimal,1,1,,,,352207.6069,5017242.456,45.29353685,-75.89558365,2088
20--3369,2020/03/06,Unknown,MCLEOD ST btwn BANK ST & O'CONNOR ST (__3ZA8FF),__3ZA8FF,01 - Non intersection,03 - P.D. only,06 - SMV unattended vehicle,01 - Clear,00 - Unknown,02 - Wet,10 - No control,,1,0,0,0,,0,,,,,368020.7205,5030532.3,45.41187114,-75.69229497,2089
20--337,2020/01/09,10:14 AM,KILBORN AVE btwn DELMAR DR & FEATHERSTON DR (__3ZA7YR),__3ZA7YR,01 - Non intersection,03 - P.D. only,04 - Sideswipe,01 - Clear,01 - Daylight,01 - Dry,10 - No control,,2,0,0,0,,0,,,,,372105.5954,5027944.606,45.38820722,-75.64046565,2090
20--3370,2020/03/06,Unknown,CORK ST btwn CAMROSE ST & WESTON DR (__3ZA75G),__3ZA75G,01 - Non intersection,03 - P.D. only,06 - SMV unattended vehicle,01 - Clear,00 - Unknown,01 - Dry,10 - No control,,1,0,0,0,,0,,,,,372672.6181,5028693.116,45.39488727,-75.63312229,2091
20--3371,2020/03/06,Unknown,CLAPP LANE btwn MANOTICK MAIN ST & MILL ST (__3ZA9AR),__3ZA9AR,01 - Non intersection,03 - P.D. only,06 - SMV unattended vehicle,01 - Clear,00 - Unknown,01 - Dry,10 - No control,,1,0,0,0,,0,,,,,368797.9533,5009920.265,45.22633739,-75.68502932,2092
20--3372,2020/03/06,Unknown,DALHOUSIE ST btwn GEORGE ST & RIDEAU ST (__3ZA8ZX),__3ZA8ZX,01 - Non intersection,03 - P.D. only,06 - SMV unattended vehicle,01 - Clear,00 - Unknown,01 - Dry,10 - No control,,1,0,0,0,,0,,,,,368170.7867,5032292.342,45.42769383,-75.69015155,2093
20--3373,2020/03/06,Unknown,QUINCY AVE btwn BUCHANAN CRES & LA VERENDRYE DR (__3ZA7P5),__3ZA7P5,01 - Non intersection,03 - P.D. only,06 - SMV unattended vehicle,01 - Clear,00 - Unknown,01 - Dry,10 - No control,,1,0,0,0,,0,,,,,374432.2624,5035959.919,45.46009729,-75.60962318,2094
20--3374,2020/03/06,12:00 PM,TILLSONBURG ST btwn GUELPH PRIV & WALLACEBURG CRT (__6FWUGT),__6FWUGT,04 - At/near private drive,03 - P.D. only,06 - SMV unattended vehicle,01 - Clear,01 - Daylight,01 - Dry,10 - No control,,1,0,0,0,,0,,,,,349090.072,5019477.751,45.31385414,-75.93512848,2095
20--3375,2020/03/06,12:04 AM,SNAKE ISLAND RD btwn NIXON DR & DOYLE RD (__3ZA3T3),__3ZA3T3,01 - Non intersection,02 - Non-fatal injury,07 - SMV other,01 - Clear,07 - Dark,02 - Wet,10 - No control,,1,0,0,0,01 - Minimal,1,1,,,,375010.7196,5004150.23,45.17382779,-75.60673598,2096
20--3376,2020/03/06,12:47 PM,ALBERT ST @ BOOTH ST (0002162),2162,02 - Intersection related,03 - P.D. only,03 - Rear end,01 - Clear,01 - Daylight,02 - Wet,01 - Traffic signal,01 - Functioning,3,0,0,0,,0,,,,,366428.6802,5030626.58,45.41286146,-75.71262106,2097
20--3377,2020/03/06,2:03 PM,INDUSTRIAL AVE/INNES RD @ ST. LAURENT BLVD (0002203),2203,02 - Intersection related,03 - P.D. only,05 - Turning movement,03 - Snow,01 - Daylight,02 - Wet,01 - Traffic signal,01 - Functioning,2,0,0,0,,0,,,,,373099.7206,5030005.568,45.40665459,-75.62748616,2098
20--3378,2020/03/06,2:05 PM,HIGHWAY 417 btwn HWY417 IC127 RAMP67 & HWY417 IC126 RAMP16 (__3ZA2X0),__3ZA2X0,01 - Non intersection,03 - P.D. only,04 - Sideswipe,01 - Clear,01 - Daylight,02 - Wet,10 - No control,,2,0,0,0,,0,,,,,362637.183,5025254.825,45.36485078,-75.76168728,2099
20--3379,2020/03/06,2:30 PM,HIGHWAY 417 btwn HWY417 IC118 RAMP67 & HWY417 IC117 RAMP36 (__3ZA2YO),__3ZA2YO,01 - Non intersection,03 - P.D. only,03 - Rear end,03 - Snow,01 - Daylight,03 - Loose snow,10 - No control,,3,0,0,0,,0,,,,,370029.1988,5031123.09,45.41700252,-75.66655924,2100
20--338,2020/01/09,10:30 PM,METCALFE ST @ SPARKS ST (0006452),6452,02 - Intersection related,03 - P.D. only,04 - Sideswipe,01 - Clear,07 - Dark,01 - Dry,13 - MPS,01 - Functioning,2,0,0,0,,0,,,,,367607.6875,5031747.574,45.42284298,-75.69741644,2101
20--284,2020/01/07,6:25 PM,INDUSTRIAL AVE btwn RUSSELL RD & ST. LAURENT BLVD (__3ZA3R7),__3ZA3R7,01 - Non intersection,03 - P.D. only,04 - Sideswipe,01 - Clear,07 - Dark,01 - Dry,10 - No control,,2,0,0,0,,0,,,,,372657.6405,5030135.291,45.40786478,-75.63311513,2102
20--2840,2020/02/24,8:25 PM,KIRKWOOD AVE @ MERIVALE RD (0002243),2243,02 - Intersection related,03 - P.D. only,04 - Sideswipe,01 - Clear,07 - Dark,01 - Dry,01 - Traffic signal,01 - Functioning,2,0,0,0,,0,,,,,364853.7021,5026646.54,45.37718681,-75.73322591,2103
20--2841,2020/02/24,8:30 PM,CARP RD @ HAZELDEAN RD (0000086),86,03 - At intersection,03 - P.D. only,05 - Turning movement,01 - Clear,07 - Dark,01 - Dry,01 - Traffic signal,01 - Functioning,2,0,0,0,,0,,,,,348804.5761,5014360.433,45.26782475,-75.93922346,2104
20--2842,2020/02/24,8:45 PM,55 S OF RIDEAU ST @ COLONEL BY DR (0016433),16433,02 - Intersection related,03 - P.D. only,03 - Rear end,02 - Rain,07 - Dark,02 - Wet,01 - Traffic signal,01 - Functioning,2,0,0,0,,0,,,,,367938.6397,5031987.914,45.42497568,-75.69315701,2105
20--2843,2020/02/24,9:00 AM,COBOURG ST @ ST. PATRICK ST (0011483),11483,03 - At intersection,03 - P.D. only,05 - Turning movement,01 - Clear,01 - Daylight,01 - Dry,01 - Traffic signal,01 - Functioning,2,0,0,0,,0,,,,,368802.4585,5033234.249,45.43611124,-75.68195748,2106
20--2844,2020/02/24,9:00 AM,HIGHWAY 417 btwn HWY417 IC134 RAMP36 & HWY417 IC134 RAMP26 (__3ZA29C),__3ZA29C,01 - Non intersection,03 - P.D. only,03 - Rear end,01 - Clear,01 - Daylight,01 - Dry,10 - No control,,2,0,0,0,,0,,,,,356301.8584,5022222.875,45.33806318,-75.84287013,2107
20--2845,2020/02/24,9:18 AM,EARL ARMSTRONG RD btwn SPRATT RD & SHORELINE DR (__3ZAZTN),__3ZAZTN,01 - Non intersection,02 - Non-fatal injury,06 - SMV unattended vehicle,01 - Clear,01 - Daylight,01 - Dry,10 - No control,,1,0,0,0,02 - Minor,2,,2,,,368754.757,5015235.531,45.27416764,-75.68489551,2108
20--2846,2020/02/25,1:18 PM,CLARENDON AVE btwn WELLINGTON ST W & BYRON AVE (__3ZA016),__3ZA016,01 - Non intersection,03 - P.D. only,04 - Sideswipe,01 - Clear,01 - Daylight,01 - Dry,10 - No control,,2,0,0,0,,0,,,,,364542.4839,5028997.359,45.39836565,-75.73691466,2109
20--2847,2020/02/25,1:24 PM,ST. LAURENT BLVD @ WALKLEY RD (0007653),7653,02 - Intersection related,03 - P.D. only,99 - Other,01 - Clear,01 - Daylight,01 - Dry,01 - Traffic signal,01 - Functioning,2,0,0,0,,0,,,,,373902.7626,5028046.852,45.38895217,-75.61750309,2110
20--2848,2020/02/25,1:25 AM,SWEETLAND AVE btwn OSGOODE ST & SOMERSET ST E (__3ZA7GB),__3ZA7GB,04 - At/near private drive,03 - P.D. only,06 - SMV unattended vehicle,01 - Clear,07 - Dark,05 - Packed snow,10 - No control,,1,0,0,0,,0,,,,,369090.0569,5031946.089,45.42449448,-75.67845012,2111
20--2849,2020/02/25,1:47 PM,RAYMOND ST btwn HWY417 IC121A RAMP16 & BRONSON AVE (__3ZA890),__3ZA890,04 - At/near private drive,03 - P.D. only,03 - Rear end,01 - Clear,01 - Daylight,02 - Wet,10 - No control,,2,0,0,0,,0,,,,,367222.1235,5029788.018,45.405246,-75.70259105,2112
20--285,2020/01/07,6:44 AM,HWY417 IC122 RAMP15 btwn HWY417 IC122 RAMP51 & HIGHWAY 417 (__3ZAY93),__3ZAY93,01 - Non intersection,03 - P.D. only,03 - Rear end,01 - Clear,07 - Dark,02 - Wet,10 - No control,,3,0,0,0,,0,,,,,365552.947,5029011.36,45.39840467,-75.72400756,2113
20--2850,2020/02/25,1:48 PM,MOODIE DR btwn RICHMOND RD & RICHMOND RD (__3ZBOCV),__3ZBOCV,01 - Non intersection,02 - Non-fatal injury,03 - Rear end,01 - Clear,01 - Daylight,01 - Dry,10 - No control,,2,0,0,0,01 - Minimal,1,1,,,,357432.9958,5019545.681,45.3138896,-75.82872313,2114
20--311,2020/01/08,4:00 PM,DRIVEWAY (THE) @ PRINCE OF WALES DR (0002128),2128,03 - At intersection,03 - P.D. only,03 - Rear end,01 - Clear,01 - Daylight,01 - Dry,11 - Roundabout,00 - Unknown,3,0,0,0,,0,,,,,366883.7105,5028137.536,45.3904255,-75.70712141,2115
20--293,2020/01/07,9:19 AM,HUNTMAR DR @ PALLADIUM DR S (0011818),11818,03 - At intersection,03 - P.D. only,02 - Angle,01 - Clear,01 - Daylight,06 - Ice,01 - Traffic signal,01 - Functioning,2,0,0,0,,0,,,,,349675.6094,5017365.445,45.29480981,-75.92785219,2116
20--2851,2020/02/25,10:00 AM,CAMPOBELLO DR @ MESSOR CRES E (0013884),13884,03 - At intersection,03 - P.D. only,07 - SMV other,01 - Clear,01 - Daylight,03 - Loose snow,02 - Stop sign,01 - Functioning,1,0,0,0,,0,,,,,349868.5611,5016628.688,45.28816789,-75.92545919,2117
20--2852,2020/02/25,10:21 AM,MONTREAL RD @ VANIER PKWY (0004630),4630,02 - Intersection related,02 - Non-fatal injury,03 - Rear end,01 - Clear,01 - Daylight,01 - Dry,01 - Traffic signal,01 - Functioning,2,0,0,0,02 - Minor,1,,1,,,370072.7092,5033065.594,45.43447633,-75.66574594,2118
20--2853,2020/02/25,11:45 AM,INNES RD @ ORLEANS BLVD (0003611),3611,02 - Intersection related,03 - P.D. only,03 - Rear end,01 - Clear,01 - Daylight,01 - Dry,01 - Traffic signal,01 - Functioning,2,0,0,0,,0,,,,,380460.795,5034296.4,45.44450339,-75.53280378,2119
20--2854,2020/02/25,11:55 AM,MACKENZIE AVE @ MURRAY ST (0011914),11914,02 - Intersection related,03 - P.D. only,03 - Rear end,01 - Clear,01 - Daylight,01 - Dry,01 - Traffic signal,01 - Functioning,2,0,0,0,,0,,,,,367639.697,5032383.588,45.42856275,-75.69692631,2120
20--2855,2020/02/25,Unknown,MARITIME WAY btwn CANADIAN SHIELD AVE & GREAT LAKES AVE (__6REWQM),__6REWQM,01 - Non intersection,03 - P.D. only,06 - SMV unattended vehicle,01 - Clear,00 - Unknown,01 - Dry,10 - No control,,1,0,0,0,,0,,,,,351892.336,5019704.221,45.31570963,-75.89936905,2121
20--2856,2020/02/25,Unknown,SOMERSET ST    W btwn O'CONNOR ST & METCALFE ST (__3ZBOEW),__3ZBOEW,01 - Non intersection,03 - P.D. only,06 - SMV unattended vehicle,01 - Clear,00 - Unknown,01 - Dry,10 - No control,,1,0,0,0,,0,,,,,367986.0854,5031089.969,45.41689199,-75.69266593,2122
20--2857,2020/02/25,Unknown,HAZEL ST btwn GLENORA ST & MAIN ST (__3ZA96D),__3ZA96D,01 - Non intersection,03 - P.D. only,06 - SMV unattended vehicle,01 - Clear,00 - Unknown,01 - Dry,10 - No control,,1,0,0,0,,0,,,,,369132.3824,5030160.115,45.40842104,-75.67814246,2123
20--2858,2020/02/25,Unknown,BRITTANY DR btwn BANGS ST & TRURO ST (__3ZA8DJ),__3ZA8DJ,01 - Non intersection,03 - P.D. only,06 - SMV unattended vehicle,01 - Clear,00 - Unknown,01 - Dry,10 - No control,,1,0,0,0,,0,,,,,371662.2091,5034365.394,45.44602114,-75.64525613,2124