Anom_ID,Accident_Date,Accident_Time,Location,Geo_ID,Accident_Location,Classification_of_Accident,Initial_Impact_Type,Environment_Condition,Light,Road_Surface_Condition,Traffic_Control,Traffic_Control_Condition,No__of_Vehicles,No__of_Bicycles,No__of_Motorcycles,No__of_Pedestrians,Max_Injury,No__of_Injuries,No__of_Minimal,No__of_Minor,No__of_Major,No__of_Fatal,X,Y,Latitude,Longitude,ObjectId
20--2859,2020/02/25,12:47 PM,INDUSTRIAL AVE @ RIVERSIDE DR (0011905),11905,02 - Intersection related,03 - P.D. only,03 - Rear end,01 - Clear,01 - Daylight,01 - Dry,01 - Traffic signal,01 - Functioning,4,0,0,0,,0,,,,,370684.7217,5030592.553,45.41216754,-75.65825538,2125
20--286,2020/01/07,7:07 PM,KANATA AVE @ TERRY FOX DR (0012691),12691,03 - At intersection,03 - P.D. only,05 - Turning movement,01 - Clear,07 - Dark,02 - Wet,01 - Traffic signal,01 - Functioning,2,0,0,0,,0,,,,,349305.8635,5019211.582,45.31144543,-75.93240034,2126
20--2860,2020/02/25,2:11 PM,MAITLAND AVE btwn LENESTER AVE & HWY417 IC126 RAMP36 (__3ZA3G3),__3ZA3G3,04 - At/near private drive,03 - P.D. only,05 - Turning movement,01 - Clear,01 - Daylight,01 - Dry,10 - No control,,2,0,0,0,,0,,,,,363093.2273,5026111.152,45.37251814,-75.75576516,2127
20--2861,2020/02/25,2:35 PM,WALKLEY RD btwn AUDREY AVE & TAWNEY RD (__3ZA2EN),__3ZA2EN,01 - Non intersection,03 - P.D. only,04 - Sideswipe,01 - Clear,01 - Daylight,04 - Slush,10 - No control,,2,0,0,0,,0,,,,,374124.8594,5028179.101,45.39012014,-75.6146485,2128
20--2862,2020/02/25,3:05 PM,PRINCE OF WALES DR @ WEST HUNT CLUB RD (0000567),567,02 - Intersection related,03 - P.D. only,03 - Rear end,01 - Clear,01 - Daylight,02 - Wet,01 - Traffic signal,01 - Functioning,2,0,0,0,,0,,,,,367458.7114,5021891.506,45.33417392,-75.70057066,2129
20--2863,2020/02/25,3:11 PM,CORKSTOWN RD @ MARCH RD (0003153),3153,03 - At intersection,03 - P.D. only,02 - Angle,01 - Clear,01 - Daylight,01 - Dry,02 - Stop sign,01 - Functioning,2,0,0,0,,0,,,,,352657.6079,5020883.487,45.32626916,-75.88949512,2130
20--2864,2020/02/25,3:20 PM,BRONSON AVE @ SOMERSET ST (0002218),2218,02 - Intersection related,03 - P.D. only,04 - Sideswipe,01 - Clear,01 - Daylight,01 - Dry,01 - Traffic signal,01 - Functioning,2,0,0,0,,0,,,,,366967.7027,5030476.565,45.41146399,-75.705754,2131
20--3020,2020/02/27,7:45 AM,BLAIR RD @ INNES RD (0004165),4165,02 - Intersection related,03 - P.D. only,03 - Rear end,03 - Snow,01 - Daylight,04 - Slush,01 - Traffic signal,00 - Unknown,2,0,0,0,,0,,,,,375578.7393,5031439.558,45.41931056,-75.59561522,2132
20--2865,2020/02/25,3:20 PM,ROCKCLIFFE PKWY btwn BIRCH AVE EXT./ROCKCLIFFE PKWY & ROCKCLIFFE PRKY  (__3ZA2ST),__3ZA2ST,01 - Non intersection,03 - P.D. only,03 - Rear end,01 - Clear,01 - Daylight,01 - Dry,10 - No control,,2,0,0,0,,0,,,,,370228.753,5035749.952,45.45861441,-75.66339478,2133
20--2866,2020/02/25,3:36 PM,BELFAST RD @ COVENTRY RD (0002646),2646,03 - At intersection,02 - Non-fatal injury,07 - SMV other,01 - Clear,01 - Daylight,01 - Dry,01 - Traffic signal,01 - Functioning,1,0,0,1,02 - Minor,1,,1,,,371523.7235,5031641.571,45.42152666,-75.64739542,2134
20--2867,2020/02/25,3:40 PM,HIGHWAY 417 btwn HWY417 IC117 RAMP25 & HWY417 IC115 RAMP51 (__3ZA2R3),__3ZA2R3,01 - Non intersection,03 - P.D. only,03 - Rear end,01 - Clear,01 - Daylight,01 - Dry,10 - No control,,2,0,0,0,,0,,,,,371625.3392,5031407.417,45.41941015,-75.64612887,2135
20--2868,2020/02/25,3:56 PM,FALLOWFIELD RD @ MERIVALE RD (0000587),587,02 - Intersection related,03 - P.D. only,03 - Rear end,01 - Clear,01 - Daylight,01 - Dry,01 - Traffic signal,01 - Functioning,2,0,0,0,,0,,,,,366891.7082,5018844.464,45.30680747,-75.70818605,2136
20--2869,2020/02/25,4:00 PM,MONTREAL RD @ DUCHARME BLVD/CANTIN ST (0009319),9319,02 - Intersection related,03 - P.D. only,04 - Sideswipe,01 - Clear,01 - Daylight,01 - Dry,01 - Traffic signal,01 - Functioning,2,0,0,0,,0,,,,,371017.6991,5033565.591,45.43888623,-75.65360204,2137
20--287,2020/01/07,7:12 PM,ST. LAURENT BLVD @ COVENTRY RD/OGILVIE RD (0002151),2151,03 - At intersection,03 - P.D. only,02 - Angle,01 - Clear,07 - Dark,04 - Slush,01 - Traffic signal,01 - Functioning,2,0,0,0,,0,,,,,372305.7154,5031951.568,45.42424085,-75.63736168,2138
20--2870,2020/02/25,4:00 PM,HIGHWAY 417 btwn HWY417 IC117 RAMP35 & HWY417 IC117 RAMP25 (__3ZA1QA),__3ZA1QA,01 - Non intersection,03 - P.D. only,03 - Rear end,01 - Clear,01 - Daylight,01 - Dry,10 - No control,,2,0,0,0,,0,,,,,371175.1792,5031352.307,45.41895714,-75.65188765,2139
20--2871,2020/02/25,4:10 PM,BASELINE RD/HWY 416 RICHMOND IC75R53 @ RICHMON (0000148),148,02 - Intersection related,03 - P.D. only,04 - Sideswipe,01 - Clear,01 - Daylight,01 - Dry,01 - Traffic signal,01 - Functioning,2,0,0,0,,0,,,,,358635.6611,5021821.491,45.33427631,-75.81313811,2140
20--2872,2020/02/25,4:17 PM,TERRY FOX DR @ 135 S OF HAZELDEAN RD/SOBEY'S S (0012468),12468,03 - At intersection,03 - P.D. only,02 - Angle,01 - Clear,01 - Daylight,01 - Dry,01 - Traffic signal,01 - Functioning,2,0,0,0,,0,,,,,352292.213,5017139.575,45.29260539,-75.89451489,2141
20--2873,2020/02/25,4:42 PM,REGIONAL ROAD 174 btwn EAST ST & EAST SHORE RD (__3ZA27Y),__3ZA27Y,01 - Non intersection,03 - P.D. only,03 - Rear end,01 - Clear,01 - Daylight,01 - Dry,10 - No control,,2,0,0,0,,0,,,,,390470.336,5042712.045,45.51906238,-75.40340276,2142
20--2874,2020/02/25,4:43 PM,CARLING AVE @ CHAMPAGNE AVE (0002024),2024,03 - At intersection,03 - P.D. only,05 - Turning movement,01 - Clear,01 - Daylight,01 - Dry,01 - Traffic signal,01 - Functioning,2,0,0,0,,0,,,,,366627.6973,5028810.542,45.39650368,-75.71030634,2143
20--2875,2020/02/25,4:45 PM,DALY AVE @ NICHOLAS ST (0011451),11451,03 - At intersection,03 - P.D. only,05 - Turning movement,01 - Clear,01 - Daylight,01 - Dry,01 - Traffic signal,01 - Functioning,2,0,0,0,,0,,,,,368227.7002,5032046.579,45.42547738,-75.68945595,2144
20--2876,2020/02/25,5:15 PM,SOLANDT RD btwn LEGGET DR & END (__5GOPUS),__5GOPUS,04 - At/near private drive,03 - P.D. only,02 - Angle,01 - Clear,01 - Daylight,02 - Wet,10 - No control,,2,0,0,0,,0,,,,,350723.7571,5023045.87,45.34585596,-75.91396267,2145
20--2877,2020/02/25,5:20 PM,TERRY FOX DR N @ FLAMBOROUGH WAY/INNOVATION DR (0011795),11795,02 - Intersection related,03 - P.D. only,03 - Rear end,01 - Clear,05 - Dusk,02 - Wet,01 - Traffic signal,01 - Functioning,2,0,0,0,,0,,,,,349384.9804,5022955.857,45.34513238,-75.93105418,2146
20--2878,2020/02/25,5:45 PM,HOLLAND AVE/TUNNEY'S PASTURE @ SCOTT ST (0006494),6494,02 - Intersection related,03 - P.D. only,04 - Sideswipe,01 - Clear,05 - Dusk,01 - Dry,01 - Traffic signal,01 - Functioning,2,0,0,0,,0,,,,,364737.6955,5029595.55,45.40373136,-75.73434876,2147
20--2879,2020/02/25,5:56 PM,INNES RD @ STAR TOP RD/WINDMILL LANE (0008734),8734,02 - Intersection related,03 - P.D. only,02 - Angle,01 - Clear,05 - Dusk,01 - Dry,01 - Traffic signal,01 - Functioning,2,0,0,0,,0,,,,,374147.7248,5030666.565,45.41249887,-75.61400676,2148
20--288,2020/01/07,7:25 AM,JOHN QUINN RD btwn COOPER HILL RD & STONE SCHOOL RD (__3ZA64I),__3ZA64I,01 - Non intersection,03 - P.D. only,07 - SMV other,01 - Clear,03 - Dawn,02 - Wet,10 - No control,,1,0,0,0,,0,,,,,382569.4773,5013001.502,45.25267491,-75.50920049,2149
20--2880,2020/02/25,6:30 PM,BRIAN COBURN BLVD @ MER BLEUE RD (0014363),14363,03 - At intersection,03 - P.D. only,03 - Rear end,01 - Clear,07 - Dark,02 - Wet,11 - Roundabout,01 - Functioning,2,0,0,0,,0,,,,,383150.8189,5034441.164,45.44550953,-75.49839849,2150
20--2881,2020/02/25,6:45 AM,MEADOWLANDS DR/TALLWOOD DR @ WOODROFFE AVE (0000095),95,02 - Intersection related,03 - P.D. only,04 - Sideswipe,01 - Clear,03 - Dawn,01 - Dry,01 - Traffic signal,01 - Functioning,2,0,0,0,,0,,,,,363056.6936,5022730.486,45.34210227,-75.75662997,2151
20--2882,2020/02/25,6:45 PM,BAYSHORE DR @ WOODRIDGE CRES N (0001209),1209,02 - Intersection related,03 - P.D. only,03 - Rear end,01 - Clear,07 - Dark,01 - Dry,01 - Traffic signal,01 - Functioning,2,0,0,0,,0,,,,,359072.8719,5023875.077,45.35272085,-75.80733506,2152
20--2883,2020/02/25,7:04 AM,HERITAGE GLEN DR @ WOODROFFE AVE (0005312),5312,03 - At intersection,03 - P.D. only,05 - Turning movement,01 - Clear,03 - Dawn,02 - Wet,02 - Stop sign,01 - Functioning,2,0,0,0,,0,,,,,366011.8238,5015622.313,45.27789202,-75.71980322,2153
20--2884,2020/02/25,7:35 PM,DYNES RD @ PRINCE OF WALES DR (0003321),3321,02 - Intersection related,03 - P.D. only,03 - Rear end,01 - Clear,07 - Dark,01 - Dry,01 - Traffic signal,01 - Functioning,2,0,0,0,,0,,,,,367114.7241,5025923.544,45.37048402,-75.70445083,2154
20--2885,2020/02/25,7:40 AM,INNES RD @ PROVENCE AVE (0009244),9244,02 - Intersection related,03 - P.D. only,04 - Sideswipe,01 - Clear,01 - Daylight,01 - Dry,01 - Traffic signal,01 - Functioning,2,0,0,0,,0,,,,,386110.196,5037083.955,45.4689488,-75.46013631,2155
20--2886,2020/02/25,7:57 AM,BASELINE RD @ SANDCASTLE DR (0001122),1122,02 - Intersection related,03 - P.D. only,03 - Rear end,01 - Clear,01 - Daylight,02 - Wet,01 - Traffic signal,01 - Functioning,2,0,0,0,,0,,,,,359629.6667,5021987.49,45.33569301,-75.80043864,2156
20--2887,2020/02/25,8:19 AM,BRIAN COBURN BLVD @ ESPRIT DR (0013113),13113,02 - Intersection related,03 - P.D. only,04 - Sideswipe,01 - Clear,01 - Daylight,01 - Dry,02 - Stop sign,01 - Functioning,2,0,0,0,,0,,,,,385141.5765,5035343.547,45.45340235,-75.47280623,2157
20--2888,2020/02/25,8:40 AM,HIGHCROFT AVE btwn KENWOOD AVE & CLARE ST (__3ZA09Q),__3ZA09Q,01 - Non intersection,03 - P.D. only,06 - SMV unattended vehicle,01 - Clear,01 - Daylight,01 - Dry,10 - No control,,1,0,0,0,,0,,,,,363457.4834,5027959.614,45.38911993,-75.75089545,2158
20--2889,2020/02/25,9:22 AM,BASELINE RD @ WOODROFFE AVE (0002225),2225,02 - Intersection related,03 - P.D. only,99 - Other,01 - Clear,01 - Daylight,01 - Dry,01 - Traffic signal,01 - Functioning,2,0,0,0,,0,,,,,362549.6881,5023770.504,45.35150221,-75.76297751,2159
20--289,2020/01/07,8:00 AM,MARQUIS AVE btwn CARDINAL CRT & NASKAPI DR (__3ZA7YZ),__3ZA7YZ,01 - Non intersection,03 - P.D. only,06 - SMV unattended vehicle,01 - Clear,03 - Dawn,04 - Slush,10 - No control,,1,0,0,0,,0,,,,,375247.3768,5034529.704,45.44714737,-75.59940658,2160
20--2890,2020/02/25,9:27 AM,CUMBERLAND ST @ RIDEAU ST (0007759),7759,02 - Intersection related,03 - P.D. only,04 - Sideswipe,01 - Clear,01 - Daylight,01 - Dry,01 - Traffic signal,01 - Functioning,2,0,0,0,,0,,,,,368374.5089,5032329.973,45.42801393,-75.68754349,2161
20--2891,2020/02/25,9:44 PM,LAURIER AVE @ WALLER ST/TRANSITWAY (0002020),2020,02 - Intersection related,03 - P.D. only,03 - Rear end,02 - Rain,07 - Dark,02 - Wet,01 - Traffic signal,01 - Functioning,2,0,0,0,,0,,,,,368454.2781,5031858.943,45.42376852,-75.68658504,2162
20--2892,2020/02/26,1:30 PM,RIVERSIDE DR NB btwn BANK ST & RIVERSIDE DR NB RAMP FROM EB TO WB (__3ZBOEF),__3ZBOEF,01 - Non intersection,03 - P.D. only,04 - Sideswipe,03 - Snow,01 - Daylight,05 - Packed snow,10 - No control,,2,0,0,0,,0,,,,,369360.1308,5027975.356,45.38874235,-75.67551919,2163
20--2893,2020/02/26,1:34 PM,FITZGERALD RD @ ROBERTSON RD (0005301),5301,02 - Intersection related,03 - P.D. only,03 - Rear end,03 - Snow,01 - Daylight,02 - Wet,01 - Traffic signal,01 - Functioning,2,0,0,0,,0,,,,,356789.5676,5020289.294,45.32062865,-75.83685076,2164
20--2894,2020/02/26,1:58 PM,WHITBY AVE btwn WINSTON AVE & CHURCHILL AVE N (__3ZA0JF),__3ZA0JF,01 - Non intersection,03 - P.D. only,06 - SMV unattended vehicle,03 - Snow,01 - Daylight,04 - Slush,10 - No control,,1,0,0,0,,0,,,,,362971.1554,5028323.463,45.39243435,-75.75706284,2165
20--2895,2020/02/26,10:01 AM,RIVERDALE AVE btwn ECHO DR & GLENVIEW AVE (__3ZA9MY),__3ZA9MY,01 - Non intersection,03 - P.D. only,07 - SMV other,01 - Clear,01 - Daylight,01 - Dry,10 - No control,,1,0,0,0,,0,,,,,369191.0682,5029198.942,45.39976734,-75.67751833,2166
20--2896,2020/02/26,10:51 PM,LEITRIM RD @ LIMEBANK RD (0012318),12318,03 - At intersection,03 - P.D. only,07 - SMV other,02 - Rain,07 - Dark,04 - Slush,01 - Traffic signal,01 - Functioning,1,0,0,0,,0,,,,,369321.6239,5017960.099,45.2986311,-75.67731722,2167
20--2897,2020/02/26,11:00 AM,HIGHWAY 417 btwn HWY417 IC163 RAMP15 & HWY417 IC155 RAMP51 (__3ZAZNS),__3ZAZNS,01 - Non intersection,03 - P.D. only,07 - SMV other,01 - Clear,01 - Daylight,01 - Dry,10 - No control,,1,0,0,0,,0,,,,,336159.692,5020184.442,45.32090983,-76.09999175,2168
20--2898,2020/02/26,11:45 AM,BASELINE RD btwn FERGUSON ST & CORDOVA ST (__3ZA4HA),__3ZA4HA,01 - Non intersection,03 - P.D. only,04 - Sideswipe,01 - Clear,01 - Daylight,01 - Dry,10 - No control,,2,0,0,0,,0,,,,,363514.6176,5024360.924,45.35673462,-75.75059366,2169
20--2899,2020/02/26,Unknown,RIVERDALE AVE btwn ECHO DR & GLENVIEW AVE (__3ZA9MY),__3ZA9MY,01 - Non intersection,03 - P.D. only,06 - SMV unattended vehicle,03 - Snow,00 - Unknown,03 - Loose snow,10 - No control,,1,0,0,0,,0,,,,,369219.014,5029243.381,45.40016461,-75.6771556,2170
20--29,2020/01/02,12:01 PM,ISLAND PARK DR @ RICHMOND RD (0002125),2125,02 - Intersection related,03 - P.D. only,03 - Rear end,03 - Snow,01 - Daylight,03 - Loose snow,01 - Traffic signal,01 - Functioning,2,0,0,0,,0,,,,,364130.6848,5028867.56,45.39723276,-75.74218968,2171
20--290,2020/01/07,8:22 PM,ST. JOSEPH BLVD @ JEANNE D'ARC BLVD (0012421),12421,03 - At intersection,03 - P.D. only,04 - Sideswipe,01 - Clear,07 - Dark,02 - Wet,11 - Roundabout,01 - Functioning,2,0,0,0,,0,,,,,379860.7232,5036471.577,45.46413868,-75.54014163,2172
20--2900,2020/02/26,Unknown,BRANTHAVEN ST btwn ALLEGRO WAY & LAKERIDGE DR (__6REWPO),__6REWPO,01 - Non intersection,03 - P.D. only,06 - SMV unattended vehicle,03 - Snow,00 - Unknown,05 - Packed snow,10 - No control,,1,0,0,0,,0,,,,,384895.195,5034748.136,45.44807368,-75.47605274,2173
20--2901,2020/02/26,12:40 PM,MERIVALE RD btwn MEADOWLANDS DR & 210 S OF MEADOWLANDS DR/MERIVALE PL  (__3ZBPLPA),__3ZBPLPA,01 - Non intersection,03 - P.D. only,03 - Rear end,03 - Snow,01 - Daylight,02 - Wet,10 - No control,,2,0,0,0,,0,,,,,364889.5866,5023655.123,45.35026743,-75.73313153,2174
20--2902,2020/02/26,2:30 PM,ELM CRES S @ STITTSVILLE MAIN ST (0000071),71,02 - Intersection related,02 - Non-fatal injury,03 - Rear end,03 - Snow,01 - Daylight,06 - Ice,02 - Stop sign,01 - Functioning,2,0,0,0,01 - Minimal,1,1,,,,350869.5902,5012632.425,45.25214331,-75.91306934,2175
20--2903,2020/02/26,2:45 PM,MAIN ST btwn HERRIDGE ST & CLEGG ST (__3ZA3B6),__3ZA3B6,04 - At/near private drive,03 - P.D. only,99 - Other,01 - Clear,01 - Daylight,02 - Wet,10 - No control,,2,0,0,0,,0,,,,,369237.0109,5030004.721,45.40701323,-75.67682626,2176
20--2904,2020/02/26,3:10 PM,HIGHWAY 417 btwn HWY417 IC122 RAMP16 & HWY417 IC122 RAMP61 (__3ZA2RA),__3ZA2RA,01 - Non intersection,03 - P.D. only,03 - Rear end,03 - Snow,01 - Daylight,02 - Wet,10 - No control,,2,0,0,0,,0,,,,,365358.2339,5028912.543,45.39753241,-75.72650652,2177
20--2905,2020/02/26,3:22 PM,MERIVALE RD @ ANNA AVE/LAPERRIERE AVE (0006316),6316,03 - At intersection,03 - P.D. only,07 - SMV other,03 - Snow,01 - Daylight,02 - Wet,01 - Traffic signal,01 - Functioning,1,0,0,0,,0,,,,,364859.7062,5027164.55,45.38184726,-75.73308624,2178
20--2906,2020/02/26,3:27 PM,MERIVALE RD @ SLACK RD (0000110),110,02 - Intersection related,03 - P.D. only,04 - Sideswipe,01 - Clear,01 - Daylight,01 - Dry,01 - Traffic signal,01 - Functioning,2,0,0,0,,0,,,,,366019.6944,5020955.502,45.3258789,-75.71904433,2179
20--2907,2020/02/26,3:30 PM,HIGHWAY 417 btwn HWY417 IC129 RAMP25 & TRANSIT (__3ZA2SH),__3ZA2SH,01 - Non intersection,03 - P.D. only,04 - Sideswipe,03 - Snow,01 - Daylight,04 - Slush,10 - No control,,2,0,0,0,,0,,,,,361841.2403,5024603.399,45.35905452,-75.77192214,2180
20--2908,2020/02/26,3:35 PM,ALBERT ST @ BOOTH ST (0002162),2162,03 - At intersection,03 - P.D. only,05 - Turning movement,03 - Snow,01 - Daylight,02 - Wet,01 - Traffic signal,01 - Functioning,2,0,0,0,,0,,,,,366428.7072,5030626.563,45.4128613,-75.71262072,2181
20--2909,2020/02/26,3:44 PM,FALLOWFIELD RD @ WOODROFFE AVE (0010372),10372,02 - Intersection related,02 - Non-fatal injury,03 - Rear end,03 - Snow,01 - Daylight,04 - Slush,01 - Traffic signal,01 - Functioning,2,0,0,0,01 - Minimal,1,1,,,,365085.1442,5017903.187,45.2984953,-75.7313363,2182
20--291,2020/01/07,8:25 AM,FRANK KENNY RD btwn RUSSELL RD & DEVINE RD (__3ZA6HE),__3ZA6HE,04 - At/near private drive,02 - Non-fatal injury,02 - Angle,01 - Clear,01 - Daylight,02 - Wet,10 - No control,,2,0,0,0,02 - Minor,3,1,2,,,392575.0695,5026334.305,45.37145345,-75.37938841,2183
20--2910,2020/02/26,3:50 PM,O'CONNOR ST @ SLATER ST (0002230),2230,03 - At intersection,02 - Non-fatal injury,07 - SMV other,01 - Clear,01 - Daylight,01 - Dry,01 - Traffic signal,01 - Functioning,1,0,0,1,01 - Minimal,1,1,,,,367579.7171,5031450.575,45.42017319,-75.69781167,2184
20--2911,2020/02/26,3:52 PM,HAZEL ST @ MAIN ST (0007202),7202,02 - Intersection related,02 - Non-fatal injury,03 - Rear end,03 - Snow,01 - Daylight,02 - Wet,01 - Traffic signal,01 - Functioning,2,0,0,0,01 - Minimal,2,2,,,,369166.7041,5030173.548,45.40853875,-75.67770229,2185
20--2912,2020/02/26,4:00 PM,WEST HUNT CLUB RD @ WOODROFFE AVE (0000576),576,02 - Intersection related,03 - P.D. only,03 - Rear end,03 - Snow,01 - Daylight,02 - Wet,01 - Traffic signal,01 - Functioning,2,0,0,0,,0,,,,,363670.6799,5021246.476,45.32869801,-75.74897255,2186
20--2913,2020/02/26,4:45 PM,EMOND ST @ MONTREAL RD (0009802),9802,03 - At intersection,03 - P.D. only,02 - Angle,01 - Clear,01 - Daylight,01 - Dry,02 - Stop sign,01 - Functioning,2,0,0,0,,0,,,,,370194.715,5033134.586,45.43508569,-75.66417758,2187
20--2914,2020/02/26,5:12 PM,ALBION RD @ LESTER RD (0004175),4175,02 - Intersection related,03 - P.D. only,03 - Rear end,01 - Clear,01 - Daylight,01 - Dry,01 - Traffic signal,01 - Functioning,2,0,0,0,,0,,,,,372694.7415,5022332.496,45.33765472,-75.63371379,2188
20--2915,2020/02/26,5:41 AM,REGIONAL ROAD 174 btwn OR174 IC102 RAMP51 & REGIONAL ROAD 174 (__3ZA1I7),__3ZA1I7,01 - Non intersection,03 - P.D. only,07 - SMV other,03 - Snow,07 - Dark,02 - Wet,10 - No control,,1,0,0,0,,0,,,,,380986.0498,5037894.144,45.47681595,-75.52553275,2189
20--2916,2020/02/26,5:43 PM,LAURIER AVE   E btwn NELSON ST & SWEETLAND AVE (__3ZA3VS),__3ZA3VS,04 - At/near private drive,03 - P.D. only,02 - Angle,03 - Snow,07 - Dark,02 - Wet,10 - No control,,2,0,0,0,,0,,,,,368934.037,5032153.234,45.42637262,-75.68041669,2190
20--2917,2020/02/26,5:53 PM,HUNT CLUB RD @ UPLANDS DR (0010844),10844,03 - At intersection,03 - P.D. only,05 - Turning movement,03 - Snow,07 - Dark,02 - Wet,01 - Traffic signal,01 - Functioning,2,0,0,0,,0,,,,,370156.7247,5023121.489,45.34499487,-75.66598925,2191
20--2918,2020/02/26,6:04 PM,RENAUD RD @ NAVAN RD (0003685),3685,03 - At intersection,03 - P.D. only,02 - Angle,03 - Snow,07 - Dark,04 - Slush,01 - Traffic signal,01 - Functioning,2,0,0,0,,0,,,,,381816.7643,5032736.544,45.43032097,-75.51571659,2192
20--2919,2020/02/26,6:28 PM,LEMIEUX ST @ ST. LAURENT BLVD (0002021),2021,02 - Intersection related,03 - P.D. only,03 - Rear end,03 - Snow,07 - Dark,05 - Packed snow,01 - Traffic signal,01 - Functioning,2,0,0,0,,0,,,,,372391.7207,5031742.574,45.42235211,-75.63629144,2193
20--292,2020/01/07,8:35 AM,APPLEDALE DR btwn GATESBURY ST & CONLAN WAY (__3ZACEB),__3ZACEB,01 - Non intersection,03 - P.D. only,06 - SMV unattended vehicle,01 - Clear,01 - Daylight,04 - Slush,10 - No control,,1,0,0,0,,0,,,,,365323.2727,5015408.613,45.27602876,-75.72860464,2194
20--2920,2020/02/26,6:29 PM,WALKLEY RD @ HEATHERINGTON RD (0006928),6928,02 - Intersection related,02 - Non-fatal injury,03 - Rear end,03 - Snow,07 - Dark,02 - Wet,01 - Traffic signal,01 - Functioning,2,0,0,0,01 - Minimal,1,1,,,,371766.7211,5026794.518,45.37789165,-75.64494882,2195
20--2921,2020/02/26,6:59 PM,HERZBERG RD @ MARCH RD (0003170),3170,02 - Intersection related,03 - P.D. only,99 - Other,03 - Snow,07 - Dark,05 - Packed snow,01 - Traffic signal,01 - Functioning,2,0,0,0,,0,,,,,352323.6146,5021528.476,45.3320956,-75.89369361,2196
20--2922,2020/02/26,7:11 PM,BAY ST @ MACLAREN ST (0007815),7815,03 - At intersection,03 - P.D. only,02 - Angle,03 - Snow,07 - Dark,03 - Loose snow,02 - Stop sign,01 - Functioning,2,0,0,0,,0,,,,,367289.6968,5030575.579,45.41232621,-75.70162809,2197
20--2923,2020/02/26,7:24 PM,BANK ST @ KEMP DR (0009255),9255,02 - Intersection related,03 - P.D. only,07 - SMV other,05 - Drifting Snow,07 - Dark,03 - Loose snow,01 - Traffic signal,01 - Functioning,1,0,0,0,,0,,,,,375078.7449,5022204.395,45.33626737,-75.60331756,2198
20--2924,2020/02/26,7:24 PM,8TH LINE RD btwn MITCH OWENS RD & RODNEY FARM DR (__3ZA2TG),__3ZA2TG,01 - Non intersection,03 - P.D. only,07 - SMV other,04 - Freezing Rain,07 - Dark,03 - Loose snow,10 - No control,,1,0,0,0,,0,,,,,382836.1013,5017674.028,45.29468615,-75.50506977,2199
20--2925,2020/02/26,7:34 PM,CARLING AVE @ CLYDE AVE/COLE AVE (0006984),6984,03 - At intersection,02 - Non-fatal injury,05 - Turning movement,03 - Snow,07 - Dark,04 - Slush,01 - Traffic signal,01 - Functioning,2,0,0,0,02 - Minor,1,,1,,,363520.683,5026850.54,45.37913536,-75.75022034,2200
20--2926,2020/02/26,7:45 PM,JOCKVALE RD btwn WEYBRIDGE DR & TARTAN DR (__3ZAAA4),__3ZAAA4,01 - Non intersection,02 - Non-fatal injury,01 - Approaching,03 - Snow,07 - Dark,03 - Loose snow,10 - No control,,2,0,0,0,02 - Minor,1,,1,,,362558.2558,5015123.643,45.27369716,-75.76387614,2201
20--2927,2020/02/26,7:53 PM,RICHMOND RD btwn STINSON AVE & STAFFORD RD (__3ZBOCU),__3ZBOCU,04 - At/near private drive,03 - P.D. only,02 - Angle,03 - Snow,07 - Dark,04 - Slush,10 - No control,,2,0,0,0,,0,,,,,358078.6264,5021051.051,45.32738636,-75.82032745,2202
20--2928,2020/02/26,8:01 PM,HIGHWAY 417 btwn HWY417 IC110 RAMP55 & HWY417 IC104 RAMP51 (__3ZA2W8),__3ZA2W8,01 - Non intersection,02 - Non-fatal injury,07 - SMV other,03 - Snow,07 - Dark,03 - Loose snow,10 - No control,,1,0,0,0,02 - Minor,1,,1,,,376449.9251,5027572.234,45.38442587,-75.58504681,2203
20--2929,2020/02/26,8:06 PM,MONTREAL RD btwn ELMSMERE RD & BETHAMY LANE (__3ZA2DV),__3ZA2DV,01 - Non intersection,03 - P.D. only,99 - Other,03 - Snow,07 - Dark,04 - Slush,10 - No control,,2,0,0,0,,0,,,,,375131.0345,5034301.78,45.44510836,-75.60092629,2204
20--3380,2020/03/06,2:43 PM,BANK ST @ GILMOUR ST (0007270),7270,02 - Intersection related,03 - P.D. only,03 - Rear end,01 - Clear,01 - Daylight,01 - Dry,01 - Traffic signal,01 - Functioning,2,0,0,0,,0,,,,,367786.6873,5030774.561,45.41407203,-75.69525371,2205
20--3021,2020/02/27,7:45 AM,HIGHWAY 417 btwn HWY417 IC112 RAMP66 & HWY417 IC113 RAMP65 (__3ZA284),__3ZA284,01 - Non intersection,03 - P.D. only,03 - Rear end,03 - Snow,01 - Daylight,05 - Packed snow,10 - No control,,3,0,0,0,,0,,,,,374129.7333,5031598.609,45.42088671,-75.61410546,2206
20--3381,2020/03/06,2:47 PM,635 E OF HUNTMAR DR/IBER RD @ HAZELDEAN RD (0013519),13519,03 - At intersection,02 - Non-fatal injury,02 - Angle,03 - Snow,01 - Daylight,02 - Wet,01 - Traffic signal,01 - Functioning,2,0,0,0,03 - Major,1,,,1,,351410.32,5016506.602,45.28696877,-75.90581713,2207