Anom_ID,Accident_Date,Accident_Time,Location,Geo_ID,Accident_Location,Classification_of_Accident,Initial_Impact_Type,Environment_Condition,Light,Road_Surface_Condition,Traffic_Control,Traffic_Control_Condition,No__of_Vehicles,No__of_Bicycles,No__of_Motorcycles,No__of_Pedestrians,Max_Injury,No__of_Injuries,No__of_Minimal,No__of_Minor,No__of_Major,No__of_Fatal,X,Y,Latitude,Longitude,ObjectId
20--3022,2020/02/27,7:46 AM,CHAPEL CRES @ LEES AVE (0002241),2241,02 - Intersection related,03 - P.D. only,03 - Rear end,03 - Snow,01 - Daylight,03 - Loose snow,02 - Stop sign,01 - Functioning,2,0,0,0,,0,,,,,369691.708,5031286.564,45.41850477,-75.67084942,2208
20--3023,2020/02/27,7:50 AM,CAMPEAU DR @ TERON RD/COLCHESTER SQ (0009033),9033,02 - Intersection related,03 - P.D. only,05 - Turning movement,03 - Snow,01 - Daylight,03 - Loose snow,01 - Traffic signal,01 - Functioning,2,0,0,0,,0,,,,,352563.7182,5020467.521,45.32253261,-75.8907329,2209
20--3024,2020/02/27,7:52 AM,OLD TENTH LINE RD/OR174 IC101 RAMP63 @ ST. JOS (0009233),9233,02 - Intersection related,03 - P.D. only,02 - Angle,03 - Snow,01 - Daylight,05 - Packed snow,01 - Traffic signal,01 - Functioning,2,0,0,0,,0,,,,,383119.7344,5038785.598,45.48460038,-75.49810358,2210
20--3025,2020/02/27,7:53 AM,GREENBANK RD @ LISA AVE (0002753),2753,02 - Intersection related,03 - P.D. only,03 - Rear end,03 - Snow,01 - Daylight,03 - Loose snow,01 - Traffic signal,01 - Functioning,4,0,0,0,,0,,,,,360554.6709,5022893.492,45.34377232,-75.7885355,2211
20--3026,2020/02/27,8:02 AM,BAYSHORE DR @ RICHMOND RD (0010407),10407,02 - Intersection related,03 - P.D. only,03 - Rear end,03 - Snow,01 - Daylight,04 - Slush,01 - Traffic signal,01 - Functioning,2,0,0,0,,0,,,,,359372.6897,5023368.519,45.34813957,-75.80356478,2212
20--3027,2020/02/27,8:05 AM,BELFAST RD @ ST. LAURENT BLVD (0007658),7658,02 - Intersection related,03 - P.D. only,99 - Other,03 - Snow,01 - Daylight,03 - Loose snow,01 - Traffic signal,01 - Functioning,2,0,0,0,,0,,,,,372860.725,5030578.575,45.41183353,-75.63045982,2213
20--3028,2020/02/27,8:05 AM,ANDERSON RD btwn RUSSELL RD & HWY417 IC104 RAMP61 (__3ZA2CK),__3ZA2CK,01 - Non intersection,03 - P.D. only,01 - Approaching,03 - Snow,01 - Daylight,03 - Loose snow,10 - No control,,2,0,0,0,,0,,,,,379782.8304,5026687.272,45.37611471,-75.54262661,2214
20--3029,2020/02/27,8:06 AM,REGIONAL ROAD 174 btwn TRANSIT & OR174 IC109 RAMP54 (__3ZAZ6V),__3ZAZ6V,01 - Non intersection,03 - P.D. only,04 - Sideswipe,03 - Snow,01 - Daylight,03 - Loose snow,10 - No control,,2,0,0,0,,0,,,,,376356.3766,5034732.651,45.44886071,-75.58520151,2215
20--303,2020/01/08,12:50 PM,FORTUNE DR @ ST. JOVITE RDG S (0004378),4378,03 - At intersection,02 - Non-fatal injury,02 - Angle,01 - Clear,01 - Daylight,03 - Loose snow,02 - Stop sign,01 - Functioning,2,0,0,0,01 - Minimal,1,1,,,,380007.7475,5037617.59,45.47443379,-75.5380864,2216
20--3030,2020/02/27,8:07 PM,BRONSON AVE @ THIRD AVE (0007716),7716,03 - At intersection,03 - P.D. only,02 - Angle,03 - Snow,07 - Dark,04 - Slush,02 - Stop sign,01 - Functioning,2,0,0,0,,0,,,,,367550.707,5029087.562,45.39891412,-75.69848311,2217
20--3031,2020/02/27,8:16 AM,HUNTER'S RUN DR @ JEANNE D'ARC BLVD (0012419),12419,03 - At intersection,03 - P.D. only,07 - SMV other,03 - Snow,01 - Daylight,03 - Loose snow,01 - Traffic signal,03 - Obscured,1,0,0,0,,0,,,,,380567.7516,5036174.571,45.46139013,-75.53114739,2218
20--3032,2020/02/27,8:16 AM,BLACKBURN BYPASS @ NAVAN RD (0004201),4201,03 - At intersection,03 - P.D. only,04 - Sideswipe,03 - Snow,01 - Daylight,03 - Loose snow,01 - Traffic signal,01 - Functioning,2,0,0,0,,0,,,,,379617.7459,5033274.563,45.43540039,-75.54373456,2219
20--3033,2020/02/27,8:20 AM,HWY417 IC118 RAMP43 btwn GREENFIELD AVE & HWY417 IC118 RAMP76 (__3ZAYAZ),__3ZAYAZ,01 - Non intersection,03 - P.D. only,03 - Rear end,03 - Snow,01 - Daylight,04 - Slush,10 - No control,,2,0,0,0,,0,,,,,369292.2715,5031183.462,45.41761403,-75.67596616,2220
20--3034,2020/02/27,8:30 AM,HWY 7 HAZELDEAN RD IC RAMP 24 btwn HIGHWAY 7 & HAZELDEAN RD (__7JQ7J5),__7JQ7J5,01 - Non intersection,03 - P.D. only,07 - SMV other,03 - Snow,01 - Daylight,04 - Slush,10 - No control,,1,0,0,0,,0,,,,,346287.7576,5011904.656,45.24587957,-75.97150039,2221
20--3035,2020/02/27,8:32 AM,WEST HUNT CLUB RD @ ANTARES DR/LASER ST (0000116),116,02 - Intersection related,02 - Non-fatal injury,03 - Rear end,03 - Snow,01 - Daylight,05 - Packed snow,01 - Traffic signal,01 - Functioning,2,0,0,0,01 - Minimal,2,2,,,,367107.7179,5022081.497,45.33591468,-75.70502444,2222
20--3036,2020/02/27,8:35 AM,HIGHWAY 417 btwn HWY417 IC129 RAMP25 & TRANSIT (__3ZA2SH),__3ZA2SH,01 - Non intersection,03 - P.D. only,04 - Sideswipe,03 - Snow,01 - Daylight,04 - Slush,10 - No control,,2,0,0,0,,0,,,,,361403.1679,5024259.485,45.35599551,-75.77755265,2223
20--3037,2020/02/27,8:45 AM,MERIVALE RD btwn CLEOPATRA DR & SLACK RD (__3ZBOG3),__3ZBOG3,01 - Non intersection,03 - P.D. only,04 - Sideswipe,03 - Snow,01 - Daylight,04 - Slush,10 - No control,,2,0,0,0,,0,,,,,365970.8768,5021075.209,45.32696026,-75.71965223,2224
20--3038,2020/02/27,8:46 AM,CARTIER ST @ SOMERSET ST (0007073),7073,02 - Intersection related,03 - P.D. only,03 - Rear end,03 - Snow,01 - Daylight,03 - Loose snow,02 - Stop sign,01 - Functioning,2,0,0,0,,0,,,,,368315.6999,5031289.581,45.41865819,-75.68842911,2225
20--3039,2020/02/27,8:52 AM,ROBERTSON RD @ WESTCLIFFE RD (0010387),10387,02 - Intersection related,03 - P.D. only,02 - Angle,03 - Snow,01 - Daylight,05 - Packed snow,01 - Traffic signal,01 - Functioning,2,0,0,0,,0,,,,,356395.6518,5020053.459,45.31853564,-75.84189956,2226
20--304,2020/01/08,2:33 AM,WOODROFFE AVE btwn SAVILLE ROW & FLOWER AVE (__3ZA4NN),__3ZA4NN,01 - Non intersection,03 - P.D. only,07 - SMV other,05 - Drifting Snow,07 - Dark,02 - Wet,10 - No control,,1,0,0,0,,0,,,,,361786.2516,5026170.864,45.37316292,-75.77244317,2227
20--3040,2020/02/27,9:00 PM,HAWTHORNE RD btwn BLAIS RD & RIDEAU RD (__3ZA6GZ),__3ZA6GZ,01 - Non intersection,03 - P.D. only,07 - SMV other,03 - Snow,07 - Dark,06 - Ice,10 - No control,,1,0,0,0,,0,,,,,378602.5626,5018986.128,45.30694922,-75.55884292,2228
20--3041,2020/02/27,9:15 AM,INDUSTRIAL AVE @ RUSSELL RD (0007732),7732,02 - Intersection related,03 - P.D. only,03 - Rear end,03 - Snow,01 - Daylight,04 - Slush,01 - Traffic signal,01 - Functioning,2,0,0,0,,0,,,,,372465.7339,5030279.573,45.40918154,-75.63554667,2229
20--3042,2020/02/27,9:15 PM,PRINCE OF WALES DR btwn NATIONAL CAPITAL COMM DRWY & HARTWELL LOCKS/54 (__3ZA30ZA),__3ZA30ZA,01 - Non intersection,03 - P.D. only,01 - Approaching,03 - Snow,07 - Dark,06 - Ice,10 - No control,,2,0,0,0,,0,,,,,366994.6009,5027348.34,45.38331467,-75.7058048,2230
20--3043,2020/02/27,9:22 AM,BATHGATE DR btwn DEN HAAG DR & DES PIONNIERS PRIV (__3ZAZZQ),__3ZAZZQ,04 - At/near private drive,03 - P.D. only,02 - Angle,03 - Snow,01 - Daylight,04 - Slush,10 - No control,,2,0,0,0,,0,,,,,373458.6525,5033805.537,45.4408097,-75.62237179,2231
20--3044,2020/02/27,9:24 AM,PRINCE OF WALES DR btwn WATERBRIDGE DR & CRESTWAY DR (__3ZA294),__3ZA294,01 - Non intersection,03 - P.D. only,07 - SMV other,03 - Snow,01 - Daylight,03 - Loose snow,10 - No control,,1,0,0,0,,0,,,,,367319.7235,5015996.357,45.28114255,-75.70308741,2232
20--3045,2020/02/27,9:30 AM,PELHAM CRES btwn MEYNELL RD & MEYNELL RD (e___2J75),e___2J75,04 - At/near private drive,03 - P.D. only,07 - SMV other,03 - Snow,01 - Daylight,05 - Packed snow,10 - No control,,1,0,0,0,,0,,,,,356211.165,5005357.877,45.18631483,-75.84577256,2233
20--3046,2020/02/27,9:30 AM,HIGHWAY 417 btwn HWY417 IC131 RAMP53 & HWY417 IC131 RAMP51 (__3ZA1MU),__3ZA1MU,01 - Non intersection,03 - P.D. only,07 - SMV other,03 - Snow,01 - Daylight,04 - Slush,10 - No control,,1,0,0,0,,0,,,,,357657.7006,5022697.197,45.34223032,-75.82552099,2234
20--3047,2020/02/27,9:50 PM,LESTER RD btwn ALBION RD & UPLANDS DR (__3ZA2SC),__3ZA2SC,01 - Non intersection,03 - P.D. only,04 - Sideswipe,03 - Snow,07 - Dark,03 - Loose snow,10 - No control,,2,0,0,0,,0,,,,,371344.8925,5021358.048,45.32901624,-75.65106595,2235
20--3048,2020/02/27,9:52 AM,HIGHWAY 417 btwn HWY417 IC88 RAMP16 & HWY417 IC88 RAMP61 (__3ZAZE2),__3ZAZE2,01 - Non intersection,03 - P.D. only,07 - SMV other,03 - Snow,01 - Daylight,04 - Slush,10 - No control,,1,0,0,0,,0,,,,,395604.4493,5022503.023,45.33659813,-75.34142422,2236
20--3049,2020/02/27,9:53 AM,GRENFELL CRES @ WOODROFFE AVE (0001103),1103,03 - At intersection,03 - P.D. only,99 - Other,03 - Snow,01 - Daylight,04 - Slush,02 - Stop sign,01 - Functioning,2,0,0,0,,0,,,,,364543.6912,5019227.474,45.31045742,-75.73807986,2237
20--305,2020/01/08,3:28 PM,HIGHWAY 417 btwn HWY417 IC126 RAMP25 & HWY417 IC124 RAMP57 (__3ZA2R5),__3ZA2R5,01 - Non intersection,03 - P.D. only,03 - Rear end,01 - Clear,01 - Daylight,01 - Dry,10 - No control,,3,0,0,0,,0,,,,,363913.8578,5026827.533,45.37889528,-75.74520325,2238
20--3050,2020/02/27,9:55 AM,INNES RD @ TENTH LINE RD (0004633),4633,02 - Intersection related,03 - P.D. only,03 - Rear end,03 - Snow,01 - Daylight,03 - Loose snow,01 - Traffic signal,01 - Functioning,2,0,0,0,,0,,,,,383951.7719,5036159.563,45.4608799,-75.48788453,2239
20--3051,2020/02/27,9:58 AM,BRONSON AVE btwn BREWER WAY & RIVERSIDE DR RAMPS 34B & 42A-3 (__3ZA3BR),__3ZA3BR,01 - Non intersection,03 - P.D. only,04 - Sideswipe,03 - Snow,01 - Daylight,04 - Slush,10 - No control,,2,0,0,0,,0,,,,,368156.6007,5027679.291,45.38618834,-75.69092562,2240
20--3052,2020/02/28,1:00 PM,FABLE ST @ WHELAN DR (0001237),1237,02 - Intersection related,03 - P.D. only,07 - SMV other,01 - Clear,01 - Daylight,05 - Packed snow,02 - Stop sign,01 - Functioning,1,0,0,0,,0,,,,,362582.6762,5015423.436,45.27639271,-75.76353004,2241
20--3053,2020/02/28,1:00 PM,CASABELLA DR @ INNES RD (0012820),12820,03 - At intersection,03 - P.D. only,07 - SMV other,01 - Clear,01 - Daylight,02 - Wet,02 - Stop sign,01 - Functioning,1,0,0,0,,0,,,,,384628.9163,5036463.092,45.46353373,-75.47917796,2242
20--3054,2020/02/28,1:29 PM,CARLING AVE @ MAITLAND AVE/SHERBOURNE RD (0002641),2641,03 - At intersection,03 - P.D. only,05 - Turning movement,01 - Clear,01 - Daylight,01 - Dry,01 - Traffic signal,01 - Functioning,2,0,0,0,,0,,,,,362942.693,5026488.528,45.37592623,-75.75764245,2243
20--3055,2020/02/28,1:30 PM,OR174 IC109 RAMP55 btwn REGIONAL ROAD 174 & ST. JOSEPH BLVD (__3ZAY59),__3ZAY59,01 - Non intersection,03 - P.D. only,04 - Sideswipe,03 - Snow,01 - Daylight,02 - Wet,10 - No control,,2,0,0,0,,0,,,,,376458.5845,5034922.622,45.45055947,-75.58386735,2244
20--3056,2020/02/28,1:47 PM,CANOTEK RD @ SHEFFORD RD (0009369),9369,03 - At intersection,03 - P.D. only,04 - Sideswipe,01 - Clear,01 - Daylight,01 - Dry,01 - Traffic signal,01 - Functioning,2,0,0,0,,0,,,,,376029.73,5035093.597,45.45214164,-75.58932466,2245
20--3057,2020/02/28,1:50 PM,RICHMOND RD btwn ROBERTSON RD & STINSON AVE (__3ZA4YR),__3ZA4YR,04 - At/near private drive,02 - Non-fatal injury,02 - Angle,01 - Clear,01 - Daylight,02 - Wet,10 - No control,,2,0,0,0,02 - Minor,1,,1,,,357620.7876,5020775.728,45.32494358,-75.82619704,2246
20--3058,2020/02/28,10:00 AM,HERON RD @ JEFFERSON ST (0007192),7192,03 - At intersection,03 - P.D. only,02 - Angle,03 - Snow,01 - Daylight,04 - Slush,01 - Traffic signal,01 - Functioning,2,0,0,0,,0,,,,,371808.7213,5027052.543,45.38020924,-75.64437759,2247
20--3059,2020/02/28,10:18 AM,BRONSON AVE @ SUNNYSIDE AVE/UNIVERSITY RD - CA (0007209),7209,02 - Intersection related,03 - P.D. only,03 - Rear end,01 - Clear,01 - Daylight,06 - Ice,01 - Traffic signal,01 - Functioning,2,0,0,0,,0,,,,,367922.7053,5028091.549,45.38991884,-75.69385947,2248
20--306,2020/01/08,3:31 PM,DONALD ST @ VANIER PKWY (0007644),7644,02 - Intersection related,03 - P.D. only,03 - Rear end,04 - Freezing Rain,01 - Daylight,04 - Slush,01 - Traffic signal,01 - Functioning,2,0,0,0,,0,,,,,370311.7057,5032270.594,45.4273009,-75.66279741,2249
20--3060,2020/02/28,10:20 PM,HIGHWAY 417 btwn HWY417 IC118 RAMP67 & HWY417 IC117 RAMP36 (__3ZA2YO),__3ZA2YO,01 - Non intersection,02 - Non-fatal injury,07 - SMV other,01 - Clear,07 - Dark,01 - Dry,10 - No control,,1,0,0,0,01 - Minimal,1,1,,,,369752.0869,5031158.455,45.4173465,-75.6700949,2250
20--3061,2020/02/28,10:23 AM,LIMEBANK RD btwn EARL ARMSTRONG RD & RIDEAU RD (__3ZA6L5),__3ZA6L5,01 - Non intersection,03 - P.D. only,07 - SMV other,05 - Drifting Snow,01 - Daylight,06 - Ice,10 - No control,,1,0,0,0,,0,,,,,370851.2714,5014113.121,45.26387459,-75.65832753,2251
20--3062,2020/02/28,10:45 PM,BANK ST btwn RIVERSIDE DR & RIVERSIDE DR (__3ZA3NQ),__3ZA3NQ,04 - At/near private drive,03 - P.D. only,02 - Angle,01 - Clear,07 - Dark,02 - Wet,10 - No control,,2,0,0,0,,0,,,,,369272.1946,5027931.185,45.38835301,-75.67664786,2252
20--3063,2020/02/28,11:00 AM,MERIVALE RD @ EMERALD PLAZA SC (0005311),5311,03 - At intersection,03 - P.D. only,02 - Angle,01 - Clear,01 - Daylight,02 - Wet,01 - Traffic signal,01 - Functioning,2,0,0,0,,0,,,,,364737.132,5024005.446,45.35343264,-75.73503453,2253
20--3064,2020/02/28,11:00 PM,MONTREAL RD btwn BURMA RD & MONTREAL RD (__3ZA2D6),__3ZA2D6,01 - Non intersection,03 - P.D. only,04 - Sideswipe,01 - Clear,07 - Dark,01 - Dry,10 - No control,,2,0,0,0,,0,,,,,373909.8628,5034452.079,45.44658247,-75.61651409,2254
20--3065,2020/02/28,Unknown,RICHMOND RD btwn CHURCHILL AVE N & WINONA AVE (__3ZA4OX),__3ZA4OX,01 - Non intersection,03 - P.D. only,06 - SMV unattended vehicle,01 - Clear,00 - Unknown,04 - Slush,10 - No control,,1,0,0,0,,0,,,,,363258.4297,5028313.419,45.39232006,-75.7533954,2255
20--3066,2020/02/28,Unknown,MACLAREN ST btwn BANK ST & O'CONNOR ST (__3ZA9T0),__3ZA9T0,01 - Non intersection,03 - P.D. only,06 - SMV unattended vehicle,01 - Clear,00 - Unknown,03 - Loose snow,10 - No control,,1,0,0,0,,0,,,,,367891.2337,5030935.369,45.41550951,-75.69389753,2256
20--3067,2020/02/28,Unknown,RUSSELL AVE btwn LAURIER AVE E & OSGOODE ST (__3ZA8KN),__3ZA8KN,01 - Non intersection,03 - P.D. only,06 - SMV unattended vehicle,01 - Clear,00 - Unknown,05 - Packed snow,10 - No control,,1,0,0,0,,0,,,,,369111.6387,5032094.613,45.42582886,-75.67815497,2257
20--3068,2020/02/28,Unknown,ARISTA CRT btwn ALLANFORD AVE & END (__3ZAZQE),__3ZAZQE,01 - Non intersection,03 - P.D. only,06 - SMV unattended vehicle,01 - Clear,00 - Unknown,05 - Packed snow,10 - No control,,1,0,0,0,,0,,,,,373372.8556,5026153.837,45.37197172,-75.62453255,2258
20--3069,2020/02/28,12:00 PM,ALBERT ST @ BANK ST (0002115),2115,02 - Intersection related,03 - P.D. only,04 - Sideswipe,01 - Clear,01 - Daylight,02 - Wet,01 - Traffic signal,01 - Functioning,2,0,0,0,,0,,,,,367385.6894,5031423.572,45.41994761,-75.70029411,2259
20--307,2020/01/08,3:33 PM,BELMEADE RD btwn 5TH LINE RD & ACRES RD (__3ZA664),__3ZA664,01 - Non intersection,03 - P.D. only,07 - SMV other,05 - Drifting Snow,01 - Daylight,05 - Packed snow,10 - No control,,1,0,0,0,,0,,,,,383893.4172,4999070.196,45.12717994,-75.49454536,2260
20--3070,2020/02/28,12:00 PM,STONELEIGH ST btwn WOODROFFE AVE & SHADY GROVE ST (__44Z0H0),__44Z0H0,01 - Non intersection,03 - P.D. only,06 - SMV unattended vehicle,01 - Clear,01 - Daylight,02 - Wet,10 - No control,,1,0,0,0,,0,,,,,366499.6852,5014708.721,45.26962893,-75.71369913,2261
20--3071,2020/02/28,12:05 PM,POULIN AVE btwn PRISCILLA ST & MARIE ST (__3ZABXL),__3ZABXL,04 - At/near private drive,03 - P.D. only,02 - Angle,01 - Clear,01 - Daylight,02 - Wet,10 - No control,,2,0,0,0,,0,,,,,360283.1899,5024991.405,45.36267082,-75.79176408,2262
20--3072,2020/02/28,12:20 PM,KING EDWARD AVE @ RIDEAU ST (0002121),2121,02 - Intersection related,03 - P.D. only,03 - Rear end,01 - Clear,01 - Daylight,02 - Wet,01 - Traffic signal,01 - Functioning,2,0,0,0,,0,,,,,368511.7047,5032413.6,45.42875389,-75.68577954,2263
20--3073,2020/02/28,12:25 PM,MARIPOSA AVE btwn LISGAR RD & MINTO PL (__3ZA8EQ),__3ZA8EQ,01 - Non intersection,03 - P.D. only,06 - SMV unattended vehicle,01 - Clear,01 - Daylight,05 - Packed snow,10 - No control,,1,0,0,0,,0,,,,,368723.2204,5034515.636,45.44764791,-75.68280371,2264
20--3074,2020/02/28,12:31 PM,LAVERGNE ST @ DUFORD ST (0009145),9145,02 - Intersection related,03 - P.D. only,02 - Angle,01 - Clear,01 - Daylight,04 - Slush,10 - No control,,2,0,0,0,,0,,,,,370679.7093,5033945.597,45.44233728,-75.6578709,2265
20--3075,2020/02/28,12:39 PM,KING EDWARD AVE @ SUSSEX DR (0002653),2653,03 - At intersection,03 - P.D. only,05 - Turning movement,01 - Clear,01 - Daylight,01 - Dry,01 - Traffic signal,01 - Functioning,2,0,0,0,,0,,,,,367663.7006,5033503.596,45.43863803,-75.69647658,2266
20--3076,2020/02/28,2:00 PM,MERIVALE RD btwn KIRKWOOD AVE & CHATELAIN AVE (__3ZBODD),__3ZBODD,04 - At/near private drive,03 - P.D. only,05 - Turning movement,01 - Clear,01 - Daylight,02 - Wet,10 - No control,,2,0,0,0,,0,,,,,364845.8241,5026712.178,45.37777808,-75.7333185,2267
20--3077,2020/02/28,2:07 PM,CARLING AVE @ MAITLAND AVE/SHERBOURNE RD (0002641),2641,02 - Intersection related,03 - P.D. only,04 - Sideswipe,01 - Clear,01 - Daylight,01 - Dry,01 - Traffic signal,01 - Functioning,2,0,0,0,,0,,,,,362942.6975,5026488.532,45.37592626,-75.75764239,2268
20--3110,2020/02/28,8:00 AM,WOODROFFE AVE btwn 260 N OF FALLOWFIELD RD/TRANSITWAY & FALLOWFIELD RD (__3ZA3IOB),__3ZA3IOB,01 - Non intersection,03 - P.D. only,07 - SMV other,01 - Clear,01 - Daylight,01 - Dry,10 - No control,,1,0,0,0,,0,,,,,365082.2603,5017912.581,45.29858007,-75.73137193,2269
20--320,2020/01/08,6:10 PM,MERIVALE RD btwn SLACK RD & CAPITAL DR (__3ZA3IU),__3ZA3IU,01 - Non intersection,03 - P.D. only,03 - Rear end,03 - Snow,07 - Dark,03 - Loose snow,10 - No control,,2,0,0,0,,0,,,,,366063.8453,5020848.097,45.32490863,-75.71849446,2270
20--2930,2020/02/26,8:10 PM,MONTREAL RD btwn ST. LAURENT BLVD & HILLSIDE DR (__3ZA1MC),__3ZA1MC,01 - Non intersection,03 - P.D. only,03 - Rear end,03 - Snow,07 - Dark,03 - Loose snow,10 - No control,,2,0,0,0,,0,,,,,371683.1705,5033883.819,45.44168615,-75.64505365,2271
20--275,2020/01/07,4:27 PM,TENTH LINE RD @ TENTH LINE RD (0009412),9412,03 - At intersection,03 - P.D. only,05 - Turning movement,01 - Clear,01 - Daylight,01 - Dry,01 - Traffic signal,01 - Functioning,3,0,0,0,,0,,,,,383530.7012,5037154.956,45.46988313,-75.49310849,2272
20--3078,2020/02/28,2:15 PM,HWY417 IC118 RAMP35 btwn HWY417 IC118 RAMP45 & MANN AVE OVERPASS (__3ZAYAW),__3ZAYAW,01 - Non intersection,03 - P.D. only,04 - Sideswipe,01 - Clear,01 - Daylight,02 - Wet,10 - No control,,2,0,0,0,,0,,,,,369179.8631,5031257.506,45.41829061,-75.67739261,2273
20--3079,2020/02/28,2:30 PM,HWY417 IC130 RAMP61 btwn HWY417 IC130 RAMP66 & RAMP (__3ZAY7M),__3ZAY7M,01 - Non intersection,03 - P.D. only,99 - Other,01 - Clear,01 - Daylight,01 - Dry,10 - No control,,2,0,0,0,,0,,,,,359587.0372,5023144.305,45.34610538,-75.8008544,2274
20--308,2020/01/08,3:43 PM,HUNT CLUB RD btwn TURN LANE & TURN LANE (1) (__5AEE5B),__5AEE5B,01 - Non intersection,03 - P.D. only,03 - Rear end,01 - Clear,01 - Daylight,02 - Wet,10 - No control,,2,0,0,0,,0,,,,,371679.907,5024241.529,45.35492905,-75.64640273,2275
20--3080,2020/02/28,2:38 PM,FRONTIER RD btwn DEVINE RD & BURTON RD (__3ZA6VZ),__3ZA6VZ,01 - Non intersection,02 - Non-fatal injury,01 - Approaching,05 - Drifting Snow,01 - Daylight,03 - Loose snow,10 - No control,,2,0,0,0,01 - Minimal,1,1,,,,389782.277,5021591.195,45.32912365,-75.41585216,2276
20--3081,2020/02/28,2:40 PM,HIGHWAY 416 btwn HWY416 IC66 RAMP24 & HWY416 IC57 RAMP62 (__3ZA1OI),__3ZA1OI,01 - Non intersection,03 - P.D. only,07 - SMV other,03 - Snow,01 - Daylight,02 - Wet,10 - No control,,1,0,0,0,,0,,,,,362259.4465,5011957.6,45.24523333,-75.76805026,2277
20--3082,2020/02/28,3:00 PM,O'TOOLE RD btwn INNES RD & FRENCH HILL RD (__3ZA6J0),__3ZA6J0,04 - At/near private drive,02 - Non-fatal injury,02 - Angle,03 - Snow,01 - Daylight,06 - Ice,10 - No control,,2,0,0,0,01 - Minimal,1,1,,,,389336.2384,5037753.468,45.47458931,-75.41877102,2278
20--3083,2020/02/28,3:05 PM,TERRY FOX DR btwn 329 N OF CAMPEAU DR/SIGNATURE CENTRE & CAMPEAU DR (__49GU9G),__49GU9G,04 - At/near private drive,03 - P.D. only,02 - Angle,01 - Clear,01 - Daylight,02 - Wet,10 - No control,,2,0,0,0,,0,,,,,350384.4027,5019031.153,45.3097527,-75.91866263,2279
20--3084,2020/02/28,3:10 PM,REGIONAL RD 174 @ TRIM RD (0012835),12835,03 - At intersection,03 - P.D. only,04 - Sideswipe,01 - Clear,01 - Daylight,01 - Dry,01 - Traffic signal,01 - Functioning,2,0,0,0,,0,,,,,384351.8501,5039990.338,45.49530013,-75.48214913,2280
20--3085,2020/02/28,3:15 PM,HWY417 IC140 RAMP16 btwn TERRY FOX DR & HIGHWAY 417 (__3ZAY6R),__3ZAY6R,01 - Non intersection,03 - P.D. only,03 - Rear end,01 - Clear,01 - Daylight,02 - Wet,10 - No control,,2,0,0,0,,0,,,,,350999.6652,5018735.279,45.30705014,-75.91084419,2281
20--3086,2020/02/28,3:28 PM,OLD CARP RD btwn HUNTMAR DR & SECOND LINE RD (__3ZACVV),__3ZACVV,01 - Non intersection,03 - P.D. only,07 - SMV other,01 - Clear,01 - Daylight,06 - Ice,10 - No control,,1,0,0,0,,0,,,,,347382.1013,5023194.812,45.34740701,-75.95659102,2282
20--3087,2020/02/28,3:30 PM,BARRETTE ST @ ST. CHARLES ST (0010059),10059,03 - At intersection,03 - P.D. only,02 - Angle,03 - Snow,01 - Daylight,02 - Wet,02 - Stop sign,01 - Functioning,2,0,0,0,,0,,,,,369470.7083,5033730.607,45.44051578,-75.67335197,2283
20--3088,2020/02/28,3:33 PM,MAPLE GROVE RD @ TERRY FOX DR (0003177),3177,02 - Intersection related,03 - P.D. only,03 - Rear end,01 - Clear,01 - Daylight,01 - Dry,01 - Traffic signal,01 - Functioning,2,0,0,0,,0,,,,,351553.6021,5017864.469,45.29917771,-75.90386269,2284
20--3089,2020/02/28,3:40 PM,CARLING AVE @ CLYDE AVE/COLE AVE (0006984),6984,02 - Intersection related,03 - P.D. only,03 - Rear end,01 - Clear,01 - Daylight,01 - Dry,01 - Traffic signal,02 - Not functioning,2,0,0,0,,0,,,,,363520.6783,5026850.538,45.37913534,-75.7502204,2285
20--309,2020/01/08,3:45 PM,MEADOWLANDS DR btwn TURN LANE & SULLIVAN AVE (__3ZA3GE),__3ZA3GE,04 - At/near private drive,03 - P.D. only,99 - Other,01 - Clear,01 - Daylight,01 - Dry,10 - No control,,2,0,0,0,,0,,,,,363103.8001,5022757.01,45.34233702,-75.7560258,2286
20--3090,2020/02/28,3:45 PM,REGIONAL ROAD 174 EB btwn HWY417 IC113 RAMP65 & OR174 BLAIR IC112 RAMP51 (__3ZAZFJ),__3ZAZFJ,01 - Non intersection,03 - P.D. only,03 - Rear end,01 - Clear,01 - Daylight,01 - Dry,10 - No control,,2,0,0,0,,0,,,,,374624.0893,5032691.076,45.43066697,-75.60763448,2287
20--3091,2020/02/28,4:00 PM,BANK ST @ CECIL AVE (0002601),2601,03 - At intersection,03 - P.D. only,02 - Angle,03 - Snow,01 - Daylight,04 - Slush,02 - Stop sign,01 - Functioning,2,0,0,0,,0,,,,,369944.7095,5026989.55,45.37981826,-75.66818458,2288