Anom_ID,Accident_Date,Accident_Time,Location,Geo_ID,Accident_Location,Classification_of_Accident,Initial_Impact_Type,Environment_Condition,Light,Road_Surface_Condition,Traffic_Control,Traffic_Control_Condition,No__of_Vehicles,No__of_Bicycles,No__of_Motorcycles,No__of_Pedestrians,Max_Injury,No__of_Injuries,No__of_Minimal,No__of_Minor,No__of_Major,No__of_Fatal,X,Y,Latitude,Longitude,ObjectId
20--3092,2020/02/28,4:45 PM,MAPLE GROVE RD @ TERRY FOX DR (0003177),3177,02 - Intersection related,03 - P.D. only,03 - Rear end,01 - Clear,01 - Daylight,02 - Wet,01 - Traffic signal,01 - Functioning,2,0,0,0,,0,,,,,351553.6066,5017864.465,45.29917767,-75.90386263,2289
20--3093,2020/02/28,5:15 AM,HIGHWAY 417 btwn HWY417 IC96 RAMP61 & HWY417 IC88 RAMP16 (__3ZA27Z),__3ZA27Z,01 - Non intersection,03 - P.D. only,07 - SMV other,03 - Snow,07 - Dark,06 - Ice,10 - No control,,1,0,0,0,,0,,,,,392137.7687,5022965.108,45.34119557,-75.38556553,2290
20--3094,2020/02/28,5:15 AM,HIGHWAY 417 btwn HWY417 IC96 RAMP61 & HWY417 IC88 RAMP16 (__3ZA27Z),__3ZA27Z,01 - Non intersection,03 - P.D. only,03 - Rear end,03 - Snow,07 - Dark,06 - Ice,10 - No control,,3,0,0,0,,0,,,,,392142.9005,5022963.975,45.34118473,-75.38550026,2291
20--3095,2020/02/28,5:27 PM,KIRKWOOD AVE btwn BUELL ST & DEVONSHIRE PL (__3ZA4OH),__3ZA4OH,01 - Non intersection,03 - P.D. only,03 - Rear end,01 - Clear,05 - Dusk,02 - Wet,10 - No control,,2,0,0,0,,0,,,,,364123.8438,5027841.294,45.38799918,-75.74240044,2292
20--3096,2020/02/28,5:30 PM,HINCKS LANE @ RIVERSIDE DR (0011354),11354,02 - Intersection related,03 - P.D. only,03 - Rear end,01 - Clear,05 - Dusk,01 - Dry,01 - Traffic signal,01 - Functioning,2,0,0,0,,0,,,,,370166.714,5030205.561,45.40873411,-75.66492407,2293
20--3097,2020/02/28,6:05 PM,DALY AVE @ WALLER ST (0008233),8233,02 - Intersection related,03 - P.D. only,04 - Sideswipe,03 - Snow,07 - Dark,05 - Packed snow,01 - Traffic signal,01 - Functioning,2,0,0,0,,0,,,,,368341.1823,5032120.452,45.42613176,-75.68799637,2294
20--3098,2020/02/28,6:10 AM,CONOVER ST @ CRAIG HENRY DR (0000703),703,03 - At intersection,03 - P.D. only,05 - Turning movement,01 - Clear,07 - Dark,05 - Packed snow,02 - Stop sign,01 - Functioning,2,0,0,0,,0,,,,,361896.6902,5021625.485,45.33225489,-75.77155818,2295
20--3099,2020/02/28,6:15 PM,NELSON ST @ RIDEAU ST (0007626),7626,02 - Intersection related,03 - P.D. only,04 - Sideswipe,01 - Clear,07 - Dark,01 - Dry,01 - Traffic signal,01 - Functioning,2,0,0,0,,0,,,,,368650.9805,5032498.949,45.42950913,-75.68398874,2296
20--31,2020/01/02,12:10 PM,BANK ST btwn BLAIS RD & RIDEAU RD (__3ZA29L),__3ZA29L,01 - Non intersection,03 - P.D. only,99 - Other,01 - Clear,01 - Daylight,02 - Wet,10 - No control,,2,0,0,0,,0,,,,,376558.7432,5018780.94,45.3053148,-75.58493276,2297
20--310,2020/01/08,3:59 PM,WOODRIDGE CRES btwn 220 W OF BAYSHORE DR/BAYSHORE SC & BAYSHORE DR (__3ZAA4NB),__3ZAA4NB,01 - Non intersection,03 - P.D. only,04 - Sideswipe,01 - Clear,01 - Daylight,01 - Dry,10 - No control,,2,0,0,0,,0,,,,,359080.45,5023401.45,45.34845856,-75.80729034,2298
20--3100,2020/02/28,6:30 PM,ALBION RD @ HUNT CLUB RD (0006974),6974,02 - Intersection related,03 - P.D. only,04 - Sideswipe,01 - Clear,07 - Dark,01 - Dry,01 - Traffic signal,01 - Functioning,2,0,0,0,,0,,,,,371867.7235,5024320.525,45.35562189,-75.64399516,2299
20--3101,2020/02/28,6:36 AM,RIVER RD btwn MULLIGAN ST & LEITRIM RD (__3ZA38K),__3ZA38K,01 - Non intersection,03 - P.D. only,03 - Rear end,01 - Clear,03 - Dawn,06 - Ice,10 - No control,,2,0,0,0,,0,,,,,367984.1097,5017374.254,45.2934813,-75.69444412,2300
20--3102,2020/02/28,6:36 PM,MOODIE DR btwn WEST HUNT CLUB RD & ALTI PL (__3ZBOCW),__3ZBOCW,01 - Non intersection,03 - P.D. only,07 - SMV other,01 - Clear,07 - Dark,02 - Wet,10 - No control,,1,0,0,0,,0,,,,,358215.4464,5017760.739,45.29776942,-75.81893688,2301
20--3103,2020/02/28,6:55 AM,MITCH OWENS RD @ OLD PRESCOTT RD (0009275),9275,02 - Intersection related,03 - P.D. only,03 - Rear end,03 - Snow,03 - Dawn,06 - Ice,01 - Traffic signal,01 - Functioning,2,0,0,0,,0,,,,,377088.7606,5015548.451,45.27617581,-75.57864592,2302
20--3104,2020/02/28,7:00 PM,BANK ST @ HUNT CLUB RD (0002119),2119,02 - Intersection related,03 - P.D. only,03 - Rear end,01 - Clear,07 - Dark,01 - Dry,01 - Traffic signal,01 - Functioning,2,0,0,0,,0,,,,,371608.7397,5024096.507,45.35363097,-75.64733055,2303
20--3105,2020/02/28,7:18 PM,CARP RD btwn THOMAS A. DOLAN PKWY & NORMA LANE (__3ZAZ54),__3ZAZ54,01 - Non intersection,03 - P.D. only,07 - SMV other,01 - Clear,07 - Dark,02 - Wet,10 - No control,,1,0,0,0,,0,,,,,337232.4297,5025360.961,45.36744172,-76.0859694,2304
20--3106,2020/02/28,7:19 AM,WILLIAM MCEWEN DR btwn CENTURY RD W & CEDARVIEW RD (__3ZABLE),__3ZABLE,01 - Non intersection,03 - P.D. only,07 - SMV other,01 - Clear,01 - Daylight,06 - Ice,10 - No control,,1,0,0,0,,0,,,,,364639.816,5007348.227,45.20355951,-75.73828457,2305
20--3107,2020/02/28,7:30 PM,TENTH LINE RD btwn HARVEST VALLEY AVE/SWEETVALLEY DR & WALL RD (__3ZA3Y2),__3ZA3Y2,01 - Non intersection,03 - P.D. only,07 - SMV other,01 - Clear,07 - Dark,06 - Ice,10 - No control,,1,0,0,0,,0,,,,,384851.4611,5034020.889,45.44153559,-75.47673006,2306
20--3108,2020/02/28,7:40 PM,CAMPEAU DR/HWY 417 MARCH IC138R63 @ MARCH RD (0009710),9710,02 - Intersection related,03 - P.D. only,03 - Rear end,01 - Clear,07 - Dark,02 - Wet,01 - Traffic signal,01 - Functioning,2,0,0,0,,0,,,,,352841.6214,5020476.469,45.32259416,-75.88718734,2307
20--3109,2020/02/28,7:55 AM,CYRVILLE RD @ ST. LAURENT BLVD (0002647),2647,02 - Intersection related,03 - P.D. only,03 - Rear end,01 - Clear,01 - Daylight,06 - Ice,01 - Traffic signal,01 - Functioning,3,0,0,0,,0,,,,,372241.723,5032111.582,45.42568675,-75.63815742,2308
20--3470,2020/03/07,4:05 PM,HAZELDEAN RD @ TERRY FOX DR (0003682),3682,02 - Intersection related,02 - Non-fatal injury,03 - Rear end,01 - Clear,01 - Daylight,01 - Dry,01 - Traffic signal,01 - Functioning,2,0,0,0,02 - Minor,1,,1,,,352207.6109,5017242.458,45.29353687,-75.8955836,2309
20--3471,2020/03/07,4:10 PM,REGIONAL RD 174 @ TRIM RD (0012835),12835,02 - Intersection related,02 - Non-fatal injury,03 - Rear end,01 - Clear,01 - Daylight,01 - Dry,01 - Traffic signal,01 - Functioning,2,0,0,0,01 - Minimal,1,1,,,,384351.8441,5039990.347,45.49530021,-75.4821492,2310
20--3472,2020/03/07,4:30 PM,HIGHWAY 417 btwn RAMP & HWY417 IC145 RAMP55 (__3ZA2Q1),__3ZA2Q1,01 - Non intersection,03 - P.D. only,07 - SMV other,01 - Clear,01 - Daylight,01 - Dry,10 - No control,,1,0,0,0,,0,,,,,346589.7522,5015070.726,45.27435135,-75.96738724,2311
20--3382,2020/03/06,2:50 PM,SWEETNAM DR btwn ORCHARD DR & HARRY DOUGLAS DR (__3ZA2HY),__3ZA2HY,04 - At/near private drive,03 - P.D. only,02 - Angle,05 - Drifting Snow,01 - Daylight,02 - Wet,10 - No control,,2,0,0,0,,0,,,,,350655.3199,5015322.033,45.27635931,-75.91555073,2312
20--3200,2020/03/02,2:17 PM,BOWESVILLE RD btwn HIGH RD & EARL ARMSTRONG RD (__3ZA7ZY),__3ZA7ZY,01 - Non intersection,03 - P.D. only,07 - SMV other,01 - Clear,01 - Daylight,03 - Loose snow,10 - No control,,1,0,0,0,,0,,,,,372505.2508,5017574.823,45.2948649,-75.63678151,2313
20--3473,2020/03/07,5:45 PM,BANK ST @ RIVERSIDE DR N (0010778),10778,03 - At intersection,03 - P.D. only,07 - SMV other,01 - Clear,01 - Daylight,01 - Dry,01 - Traffic signal,01 - Functioning,1,0,0,0,,0,,,,,369225.7091,5027983.544,45.3888284,-75.67723461,2314
20--3383,2020/03/06,2:50 PM,JOHNSTON RD btwn ALLANFORD AVE & ROWALLEN PL (__4BQ6F7),__4BQ6F7,01 - Non intersection,03 - P.D. only,01 - Approaching,03 - Snow,01 - Daylight,04 - Slush,10 - No control,,2,0,0,0,,0,,,,,373088.0892,5025954.801,45.37020868,-75.62819524,2315
20--3201,2020/03/02,2:20 PM,CASTLEFRANK RD @ HAZELDEAN RD (0003608),3608,02 - Intersection related,03 - P.D. only,03 - Rear end,02 - Rain,01 - Daylight,02 - Wet,01 - Traffic signal,01 - Functioning,2,0,0,0,,0,,,,,352677.8853,5017676.76,45.29741294,-75.88954631,2316
20--3111,2020/02/28,8:04 AM,ST. LAURENT BLVD btwn BELFAST RD & INDUSTRIAL AVE (__3ZA3R8),__3ZA3R8,01 - Non intersection,03 - P.D. only,04 - Sideswipe,03 - Snow,01 - Daylight,03 - Loose snow,10 - No control,,2,0,0,0,,0,,,,,373099.5347,5030006.011,45.4066586,-75.62748848,2317
20--3474,2020/03/07,7:20 PM,CARLING AVE @ RICHMOND RD (0010847),10847,02 - Intersection related,03 - P.D. only,04 - Sideswipe,01 - Clear,07 - Dark,01 - Dry,01 - Traffic signal,01 - Functioning,2,0,0,0,,0,,,,,360245.6815,5024781.513,45.36078519,-75.79226638,2318
20--3202,2020/03/02,2:38 PM,EARL ARMSTRONG RD @ SPRATT RD (0013063),13063,02 - Intersection related,03 - P.D. only,03 - Rear end,02 - Rain,01 - Daylight,02 - Wet,01 - Traffic signal,01 - Functioning,2,0,0,0,,0,,,,,368396.725,5015009.843,45.2721694,-75.68948708,2319
20--3384,2020/03/06,3:18 PM,DATA CENTRE RD @ HERON RD (0007176),7176,02 - Intersection related,03 - P.D. only,03 - Rear end,01 - Clear,01 - Daylight,02 - Wet,02 - Stop sign,00 - Unknown,2,0,0,0,,0,,,,,368941.7164,5026732.535,45.37759826,-75.68102359,2320
20--2931,2020/02/26,8:15 AM,FALLOWFIELD RD @ VIA PARK PL/275 W OF WOODROFFE AVE (0010154),10154,02 - Intersection related,03 - P.D. only,04 - Sideswipe,01 - Clear,01 - Daylight,01 - Dry,01 - Traffic signal,01 - Functioning,3,0,0,0,,0,,,,,364847.238,5017766.012,45.29728138,-75.73438606,2321
20--3475,2020/03/07,7:39 AM,AVIATION PKWY btwn RAMP & MONTREAL RD (__3ZA2SR),__3ZA2SR,04 - At/near private drive,03 - P.D. only,02 - Angle,01 - Clear,01 - Daylight,01 - Dry,10 - No control,,2,0,0,0,,0,,,,,371947.2354,5034370.737,45.44604189,-75.64161213,2322
20--2932,2020/02/26,8:15 PM,HIGHWAY 417 btwn HWY417 IC122 RAMP15 & HWY417 IC121B RAMP51 (__3ZA2RB),__3ZA2RB,01 - Non intersection,03 - P.D. only,07 - SMV other,03 - Snow,07 - Dark,04 - Slush,10 - No control,,1,0,0,0,,0,,,,,365765.2769,5029160.69,45.39972985,-75.72127728,2323
20--2750,2020/02/22,2:44 PM,ROLAND MICHENER DR btwn EARL GREY DR & END (__3ZA1UP),__3ZA1UP,04 - At/near private drive,03 - P.D. only,05 - Turning movement,01 - Clear,01 - Daylight,01 - Dry,10 - No control,,2,0,0,0,,0,,,,,350872.3315,5018912.471,45.30865292,-75.91245144,2324
20--3112,2020/02/28,8:18 AM,MARCH RD btwn HALTON TERR/MAXWELL BRIDGE RD & MAXWELL RD (__3ZA2GD),__3ZA2GD,01 - Non intersection,03 - P.D. only,07 - SMV other,01 - Clear,01 - Daylight,05 - Packed snow,10 - No control,,1,0,0,0,,0,,,,,348594.3141,5024793.733,45.36171984,-75.94098053,2325
20--3203,2020/03/02,3:00 PM,MEADOWLANDS DR btwn CHESTERTON DR & TIVERTON DR (__3ZA4H3),__3ZA4H3,01 - Non intersection,02 - Non-fatal injury,03 - Rear end,01 - Clear,01 - Daylight,01 - Dry,10 - No control,,2,0,0,0,01 - Minimal,1,1,,,,365104.8757,5024018.862,45.35352183,-75.73033988,2326
20--3385,2020/03/06,3:26 PM,FRANK KENNY RD W @ INNES RD (0010153),10153,03 - At intersection,03 - P.D. only,04 - Sideswipe,01 - Clear,01 - Daylight,01 - Dry,02 - Stop sign,01 - Functioning,2,0,0,0,,0,,,,,387530.2776,5037629.871,45.47369361,-75.44188628,2327
20--3476,2020/03/07,8:47 AM,CARLING AVE @ EDGEWORTH AVE (0002718),2718,03 - At intersection,03 - P.D. only,05 - Turning movement,01 - Clear,01 - Daylight,01 - Dry,01 - Traffic signal,02 - Not functioning,2,0,0,0,,0,,,,,361262.6797,5025424.524,45.36648979,-75.77921251,2328
20--3113,2020/02/28,8:30 AM,ARGYLE AVE @ O'CONNOR ST (0007254),7254,03 - At intersection,03 - P.D. only,05 - Turning movement,01 - Clear,01 - Daylight,03 - Loose snow,01 - Traffic signal,01 - Functioning,2,0,0,0,,0,,,,,368184.7075,5030485.571,45.41143585,-75.6902061,2329
20--3204,2020/03/02,3:00 PM,REGIONAL ROAD 174 btwn HIGHWAY 417 & HWY417 IC113 RAMP65 (__3ZA2YL),__3ZA2YL,01 - Non intersection,03 - P.D. only,04 - Sideswipe,02 - Rain,01 - Daylight,02 - Wet,10 - No control,,2,0,0,0,,0,,,,,373344.8503,5031738.755,45.42222501,-75.624114,2330
20--3205,2020/03/02,3:01 PM,BRONSON AVE btwn NEPEAN ST & PRIMROSE AVE (__3ZA2G3),__3ZA2G3,01 - Non intersection,03 - P.D. only,03 - Rear end,02 - Rain,01 - Daylight,02 - Wet,10 - No control,,2,0,0,0,,0,,,,,366873.8952,5030697.442,45.4134597,-75.70692454,2331
20--3206,2020/03/02,3:58 PM,MONTREAL RD @ ST. LAURENT BLVD (0002604),2604,03 - At intersection,03 - P.D. only,04 - Sideswipe,02 - Rain,01 - Daylight,04 - Slush,01 - Traffic signal,01 - Functioning,2,0,0,0,,0,,,,,371545.706,5033817.607,45.44110354,-75.6468196,2332
20--3207,2020/03/02,4:00 PM,INDUSTRIAL AVE/INNES RD @ ST. LAURENT BLVD (0002203),2203,02 - Intersection related,03 - P.D. only,04 - Sideswipe,01 - Clear,01 - Daylight,01 - Dry,01 - Traffic signal,01 - Functioning,2,0,0,0,,0,,,,,373099.7151,5030005.57,45.40665461,-75.62748623,2333
20--3208,2020/03/02,4:26 PM,BARNSDALE RD @ PRINCE OF WALES DR (0001082),1082,03 - At intersection,03 - P.D. only,02 - Angle,02 - Rain,01 - Daylight,02 - Wet,02 - Stop sign,01 - Functioning,2,0,0,0,,0,,,,,366646.7034,5011532.419,45.24103574,-75.71222099,2334
20--3209,2020/03/02,4:30 AM,ROMINA ST btwn BRIGITTA ST & OPUS ST (__6OD78F),__6OD78F,04 - At/near private drive,03 - P.D. only,06 - SMV unattended vehicle,05 - Drifting Snow,07 - Dark,05 - Packed snow,10 - No control,,1,0,0,0,,0,,,,,354542.1907,5015195.384,45.27495545,-75.86602621,2335
20--321,2020/01/08,6:10 PM,BASELINE RD @ FISHER AVE (0002346),2346,02 - Intersection related,03 - P.D. only,03 - Rear end,03 - Snow,07 - Dark,06 - Ice,01 - Traffic signal,00 - Unknown,2,0,0,0,,0,,,,,366166.6983,5026028.533,45.37151235,-75.71653974,2336
20--3210,2020/03/02,4:30 PM,PRINCE OF WALES DR @ MERIVALE RD (0000564),564,03 - At intersection,02 - Non-fatal injury,02 - Angle,01 - Clear,01 - Daylight,02 - Wet,01 - Traffic signal,01 - Functioning,2,0,0,0,02 - Minor,1,,1,,,367449.7076,5017616.459,45.29570848,-75.70122613,2337
20--3211,2020/03/02,4:33 PM,GEORGE ST @ PRESTON ST (0006190),6190,02 - Intersection related,03 - P.D. only,03 - Rear end,01 - Clear,01 - Daylight,01 - Dry,01 - Traffic signal,01 - Functioning,2,0,0,0,,0,,,,,366618.7032,5029416.551,45.40195719,-75.71034525,2338
20--3212,2020/03/02,5:28 PM,HUNT CLUB RD @ DOWNPATRICK RD/MCCARTHY RD (0006931),6931,03 - At intersection,03 - P.D. only,05 - Turning movement,01 - Clear,05 - Dusk,01 - Dry,01 - Traffic signal,01 - Functioning,2,0,0,0,,0,,,,,370507.7379,5023400.507,45.3474726,-75.66147342,2339
20--3213,2020/03/02,5:50 PM,HIGHWAY 417 btwn HWY417 IC122 RAMP15 & HWY417 IC121B RAMP51 (__3ZA2RB),__3ZA2RB,01 - Non intersection,03 - P.D. only,03 - Rear end,02 - Rain,05 - Dusk,02 - Wet,10 - No control,,3,0,0,0,,0,,,,,366436.6004,5029471.103,45.40246409,-75.71266434,2340
20--3214,2020/03/02,6:20 AM,HIGHWAY 417 btwn HWY417 IC127 RAMP63 & HWY417 IC127 RAMP67 (__3ZA2RF),__3ZA2RF,01 - Non intersection,02 - Non-fatal injury,04 - Sideswipe,01 - Clear,03 - Dawn,04 - Slush,10 - No control,,2,0,0,0,02 - Minor,2,,2,,,362132.4861,5024858.893,45.36132968,-75.76817532,2341
20--3215,2020/03/02,6:35 AM,AVIATION PKWY btwn MONTREAL RD & LA CITE PRIV (2) (__3ZBPNZ),__3ZBPNZ,04 - At/near private drive,03 - P.D. only,02 - Angle,01 - Clear,01 - Daylight,02 - Wet,10 - No control,,2,0,0,0,,0,,,,,372323.0318,5033762.773,45.44053553,-75.63689204,2342
20--3216,2020/03/02,6:36 AM,BASELINE RD @ CLYDE AVE (0002343),2343,02 - Intersection related,03 - P.D. only,04 - Sideswipe,01 - Clear,03 - Dawn,04 - Slush,01 - Traffic signal,01 - Functioning,2,0,0,0,,0,,,,,364358.6962,5024890.513,45.3614286,-75.73975736,2343
20--3217,2020/03/02,6:40 AM,CARP RD btwn RICHARDSON SIDE RD & HWY417 IC144 RAMP62 (__3ZA3FS),__3ZA3FS,01 - Non intersection,03 - P.D. only,99 - Other,01 - Clear,01 - Daylight,01 - Dry,10 - No control,,2,0,0,0,,0,,,,,346713.295,5016585.407,45.28797368,-75.96568483,2344
20--2751,2020/02/22,2:45 AM,SABOURIN RD btwn CARLSBAD LANE & MILTON RD (__3ZA6VM),__3ZA6VM,01 - Non intersection,02 - Non-fatal injury,07 - SMV other,01 - Clear,07 - Dark,06 - Ice,10 - No control,,1,0,0,0,02 - Minor,1,,1,,,389752.6828,5025306.119,45.36255064,-75.4155916,2345
20--2933,2020/02/26,8:16 AM,SMYTH RD btwn MAIN ST & RAMP (__3ZA3OL),__3ZA3OL,01 - Non intersection,03 - P.D. only,04 - Sideswipe,01 - Clear,01 - Daylight,01 - Dry,10 - No control,,2,0,0,0,,0,,,,,369885.4411,5029124.921,45.39903711,-75.66865965,2346
20--3218,2020/03/02,7:00 AM,FRANKTOWN RD btwn DWYER HILL RD & MATILDA GT (__3ZA3E7),__3ZA3E7,01 - Non intersection,03 - P.D. only,07 - SMV other,01 - Clear,01 - Daylight,02 - Wet,10 - No control,,1,0,0,0,,0,,,,,348594.4322,4998899.806,45.12871563,-75.94325971,2347
20--3219,2020/03/02,7:45 AM,CHARKAY ST @ WALGATE AVE (0001026),1026,03 - At intersection,03 - P.D. only,02 - Angle,01 - Clear,01 - Daylight,04 - Slush,02 - Stop sign,01 - Functioning,2,0,0,0,,0,,,,,365485.7427,5024259.534,45.3556545,-75.72544985,2348
20--322,2020/01/08,6:30 PM,ST. JOSEPH BLVD/OLD MONTREAL RD @ TRIM RD (0004118),4118,03 - At intersection,03 - P.D. only,04 - Sideswipe,01 - Clear,07 - Dark,01 - Dry,11 - Roundabout,00 - Unknown,2,0,0,0,,0,,,,,384682.7469,5039285.583,45.48892164,-75.47803074,2349
20--3220,2020/03/02,7:45 PM,HWY 417 IS.PARK IC123R62 @ ISLAND PARK DR (0002605),2605,02 - Intersection related,03 - P.D. only,03 - Rear end,01 - Clear,07 - Dark,01 - Dry,03 - Yield sign,01 - Functioning,2,0,0,0,,0,,,,,364547.7002,5028049.548,45.38983698,-75.73696282,2350
20--3221,2020/03/02,7:49 AM,PRINCE OF WALES DR btwn BASELINE RD/HERON RD & GREEN VALLEY CRES (__3ZA3G7),__3ZA3G7,01 - Non intersection,03 - P.D. only,03 - Rear end,01 - Clear,01 - Daylight,02 - Wet,10 - No control,,2,0,0,0,,0,,,,,366934.3729,5026596.792,45.37655777,-75.70666839,2351
20--3222,2020/03/02,7:49 AM,HUNTMAR DR btwn OLD CARP RD & BRADLEY SIDE RD (__3ZACWD),__3ZACWD,01 - Non intersection,03 - P.D. only,07 - SMV other,01 - Clear,01 - Daylight,05 - Packed snow,10 - No control,,1,0,0,0,,0,,,,,347554.486,5019739.599,45.31630551,-75.9546897,2352
20--3223,2020/03/02,8:30 AM,LANCASTER RD btwn SHELBOURN LANE & DELRIDGE LANE (__3ZA78H),__3ZA78H,04 - At/near private drive,03 - P.D. only,05 - Turning movement,01 - Clear,01 - Daylight,02 - Wet,10 - No control,,2,0,0,0,,0,,,,,374224.6346,5029305.857,45.40024827,-75.61321586,2353
20--3224,2020/03/02,8:32 AM,STRANDHERD DR btwn LONGFIELDS DR & CLARIDGE DR (__4BRV9S),__4BRV9S,04 - At/near private drive,02 - Non-fatal injury,05 - Turning movement,01 - Clear,01 - Daylight,02 - Wet,10 - No control,,2,0,0,0,02 - Minor,1,,1,,,364688.4031,5015255.023,45.27470112,-75.73671413,2354
20--3225,2020/03/02,8:34 AM,SUSSEX DR @ 262 N OF KING EDWARD AVE (0008806),8806,02 - Intersection related,02 - Non-fatal injury,03 - Rear end,03 - Snow,01 - Daylight,04 - Slush,01 - Traffic signal,01 - Functioning,3,0,0,0,01 - Minimal,2,2,,,,367768.7074,5033733.918,45.44070094,-75.69510505,2355
20--3226,2020/03/02,8:48 AM,BANK ST @ JOHNSTON RD (0006967),6967,02 - Intersection related,03 - P.D. only,03 - Rear end,01 - Clear,01 - Daylight,01 - Dry,01 - Traffic signal,01 - Functioning,2,0,0,0,,0,,,,,370851.7291,5024839.515,45.36038804,-75.65689182,2356
20--3227,2020/03/02,9:00 PM,BLACKBURN BYPASS @ NAVAN RD (0004201),4201,02 - Intersection related,03 - P.D. only,03 - Rear end,01 - Clear,07 - Dark,02 - Wet,01 - Traffic signal,01 - Functioning,2,0,0,0,,0,,,,,379617.7373,5033274.568,45.43540043,-75.54373467,2357
20--3228,2020/03/02,9:01 PM,HUNTLEY RD @ PERTH ST (0010384),10384,03 - At intersection,03 - P.D. only,02 - Angle,01 - Clear,07 - Dark,02 - Wet,01 - Traffic signal,01 - Functioning,2,0,0,0,,0,,,,,356891.6252,5006389.336,45.1955463,-75.83700625,2358
20--3229,2020/03/02,9:05 AM,CARLING AVE @ WOODROFFE AVE W (0011470),11470,03 - At intersection,03 - P.D. only,04 - Sideswipe,01 - Clear,01 - Daylight,01 - Dry,01 - Traffic signal,01 - Functioning,2,0,0,0,,0,,,,,361767.682,5025725.517,45.36915724,-75.7727316,2359
20--323,2020/01/08,6:55 AM,FRANKTOWN RD @ DWYER HILL RD (0000087),87,03 - At intersection,03 - P.D. only,02 - Angle,01 - Clear,07 - Dark,01 - Dry,02 - Stop sign,01 - Functioning,2,0,0,0,,0,,,,,348404.5281,4998730.345,45.12720246,-75.94568854,2360
20--3230,2020/03/03,1:00 PM,BEECH ST btwn LORETTA AVE S & CHAMPAGNE AVE S (__3ZA04Q),__3ZA04Q,01 - Non intersection,03 - P.D. only,06 - SMV unattended vehicle,03 - Snow,01 - Daylight,04 - Slush,10 - No control,,1,0,0,0,,0,,,,,366430.5089,5029162.048,45.39968383,-75.71278076,2361
20--3231,2020/03/03,1:30 PM,METCALFE ST btwn SLATER ST & LAURIER AVE W (__3ZBOEQ),__3ZBOEQ,01 - Non intersection,03 - P.D. only,04 - Sideswipe,01 - Clear,01 - Daylight,02 - Wet,10 - No control,,2,0,0,0,,0,,,,,367753.6233,5031514.355,45.42073143,-75.6955816,2362
20--3232,2020/03/03,1:46 PM,KING EDWARD AVE btwn THOMAS MORE PRIV & MARIE CURIE PRIV (__3ZA3US),__3ZA3US,01 - Non intersection,03 - P.D. only,99 - Other,01 - Clear,01 - Daylight,01 - Dry,10 - No control,,2,0,0,0,,0,,,,,368862.4259,5031833.498,45.42350231,-75.68137331,2363
20--3233,2020/03/03,1:55 PM,FLEWELLYN RD btwn CONLEY RD & NO NAME (__5RG4JY),__5RG4JY,01 - Non intersection,03 - P.D. only,07 - SMV other,01 - Clear,01 - Daylight,01 - Dry,10 - No control,,1,0,0,0,,0,,,,,348515.2448,5008168.201,45.21212248,-75.94345466,2364
20--3234,2020/03/03,10:15 AM,ALBERT ST @ CITY CENTRE AVE (0006346),6346,02 - Intersection related,03 - P.D. only,03 - Rear end,01 - Clear,01 - Daylight,02 - Wet,01 - Traffic signal,01 - Functioning,2,0,0,0,,0,,,,,365955.6958,5030344.563,45.41036544,-75.71869842,2365
20--3235,2020/03/03,11:30 AM,SMYTH RD @ GENERAL HOSPITAL E (0008855),8855,02 - Intersection related,03 - P.D. only,03 - Rear end,01 - Clear,01 - Daylight,03 - Loose snow,01 - Traffic signal,01 - Functioning,2,0,0,0,,0,,,,,371516.7143,5029181.556,45.39939315,-75.64781792,2366
20--3236,2020/03/03,11:47 AM,BOOTHFIELD ST btwn COOKS MILL CRES & SPRATT RD (__78TO1Q),__78TO1Q,01 - Non intersection,03 - P.D. only,01 - Approaching,01 - Clear,01 - Daylight,01 - Dry,10 - No control,,2,0,0,0,,0,,,,,370218.372,5016818.913,45.28828,-75.66603496,2367
20--3237,2020/03/03,11:53 AM,RIVERSIDE DR @ SAN REMO PRIV (0011379),11379,02 - Intersection related,02 - Non-fatal injury,03 - Rear end,01 - Clear,01 - Daylight,01 - Dry,01 - Traffic signal,01 - Functioning,2,0,0,0,02 - Minor,1,,1,,,370385.9393,5030402.198,45.41048286,-75.66209755,2368
20--3238,2020/03/03,Unknown,ANDERSON ST btwn PRESTON ST & ROCHESTER ST (__3ZBOM1),__3ZBOM1,01 - Non intersection,03 - P.D. only,06 - SMV unattended vehicle,01 - Clear,00 - Unknown,03 - Loose snow,10 - No control,,1,0,0,0,,0,,,,,366453.1678,5030046.586,45.40764067,-75.71238077,2369
20--3239,2020/03/03,Unknown,DANFORTH AVE btwn ROOSEVELT AVE & CHURCHILL AVE N (__3ZA4A5),__3ZA4A5,01 - Non intersection,03 - P.D. only,06 - SMV unattended vehicle,02 - Rain,00 - Unknown,02 - Wet,10 - No control,,1,0,0,0,,0,,,,,363196.7448,5028178.283,45.39110927,-75.75419914,2370
20--324,2020/01/08,6:56 AM,HIGHWAY 416 btwn HWY416 IC66 RAMP62 & HWY416 IC72 RAMP24 (__3ZAZMZ),__3ZAZMZ,01 - Non intersection,03 - P.D. only,03 - Rear end,01 - Clear,07 - Dark,01 - Dry,10 - No control,,2,0,0,0,,0,,,,,359755.367,5019153.036,45.31017864,-75.79914953,2371