Anom_ID,Accident_Date,Accident_Time,Location,Geo_ID,Accident_Location,Classification_of_Accident,Initial_Impact_Type,Environment_Condition,Light,Road_Surface_Condition,Traffic_Control,Traffic_Control_Condition,No__of_Vehicles,No__of_Bicycles,No__of_Motorcycles,No__of_Pedestrians,Max_Injury,No__of_Injuries,No__of_Minimal,No__of_Minor,No__of_Major,No__of_Fatal,X,Y,Latitude,Longitude,ObjectId
20--3240,2020/03/03,12:13 AM,HUNT CLUB RD @ PAUL ANKA DR (0008224),8224,03 - At intersection,03 - P.D. only,05 - Turning movement,01 - Clear,07 - Dark,02 - Wet,01 - Traffic signal,01 - Functioning,3,0,0,0,,0,,,,,369777.7142,5022897.495,45.34301464,-75.67085468,2372
20--3241,2020/03/03,12:45 AM,HIGHWAY 417 btwn HWY417 IC127 RAMP67 & HWY417 IC126 RAMP16 (__3ZA2X0),__3ZA2X0,01 - Non intersection,02 - Non-fatal injury,07 - SMV other,01 - Clear,07 - Dark,06 - Ice,10 - No control,,1,0,0,0,01 - Minimal,1,1,,,,362759.0188,5025351.045,45.3657065,-75.76012085,2373
20--3242,2020/03/03,2:23 AM,WALKLEY EXTENSION RD btwn HWY417 IC110 RAMP66 & RAMSAYVILLE RD (__3ZA2LZ),__3ZA2LZ,01 - Non intersection,02 - Non-fatal injury,07 - SMV other,01 - Clear,07 - Dark,02 - Wet,10 - No control,,1,0,0,0,02 - Minor,1,,1,,,376449.1595,5029423.192,45.40107986,-75.5847878,2374
20--3243,2020/03/03,3:00 PM,VICTORIA ST btwn BRENTWOOD AVE & GLEN ST (__3ZA208),__3ZA208,04 - At/near private drive,02 - Non-fatal injury,03 - Rear end,02 - Rain,01 - Daylight,02 - Wet,10 - No control,,2,0,0,0,02 - Minor,3,,3,,,384790.5916,5010771.88,45.2323651,-75.48126608,2375
20--3244,2020/03/03,3:08 PM,CUMMINGS AVE/LABELLE ST @ CYRVILLE RD (0008791),8791,02 - Intersection related,02 - Non-fatal injury,03 - Rear end,02 - Rain,01 - Daylight,02 - Wet,01 - Traffic signal,01 - Functioning,2,0,0,0,01 - Minimal,2,2,,,,372860.7177,5031871.574,45.42346732,-75.63028132,2376
20--3245,2020/03/03,3:40 PM,ALTA VISTA DR btwn PALEN AVE & WESMAR DR (__3ZBOUL),__3ZBOUL,01 - Non intersection,03 - P.D. only,03 - Rear end,02 - Rain,01 - Daylight,02 - Wet,10 - No control,,2,0,0,0,,0,,,,,370457.0249,5027096.517,45.38073289,-75.66162943,2377
20--3246,2020/03/03,4:15 PM,HIGHWAY 417 btwn HWY417 IC124 RAMP65 & HWY417 IC122 RAMP51 (__3ZA2R8),__3ZA2R8,01 - Non intersection,03 - P.D. only,04 - Sideswipe,02 - Rain,01 - Daylight,02 - Wet,10 - No control,,2,0,0,0,,0,,,,,364854.8432,5028178.068,45.39096711,-75.73302501,2378
20--3247,2020/03/03,4:20 PM,HAZELDEAN RD @ HUNTMAR DR/IBER RD (0000075),75,02 - Intersection related,03 - P.D. only,03 - Rear end,02 - Rain,01 - Daylight,02 - Wet,01 - Traffic signal,01 - Functioning,2,0,0,0,,0,,,,,350942.5973,5016079.431,45.28315582,-75.91181901,2379
20--3248,2020/03/03,4:25 PM,HIGHWAY 417 btwn HWY417 IC119B RAMP57 & HWY417 IC119A RAMP75 (__3ZA1QN),__3ZA1QN,01 - Non intersection,03 - P.D. only,03 - Rear end,02 - Rain,01 - Daylight,02 - Wet,10 - No control,,2,0,0,0,,0,,,,,368596.721,5030519.18,45.41170082,-75.68493846,2380
20--3249,2020/03/03,4:30 PM,CASTLEFRANK RD @ TERRY FOX DR (0011757),11757,02 - Intersection related,03 - P.D. only,03 - Rear end,02 - Rain,01 - Daylight,02 - Wet,01 - Traffic signal,01 - Functioning,2,0,0,0,,0,,,,,352994.0118,5016304.802,45.28504611,-75.88564916,2381
20--325,2020/01/08,7:20 AM,DORACK DR @ RIDEAU VALLEY DR (0003681),3681,02 - Intersection related,03 - P.D. only,02 - Angle,01 - Clear,03 - Dawn,02 - Wet,02 - Stop sign,01 - Functioning,2,0,0,0,,0,,,,,371747.693,5001875.594,45.15367781,-75.64855046,2382
20--3250,2020/03/03,4:48 PM,PAUL ANKA DR btwn UPLANDS DR & MCCARTHY RD (__3ZA9CH),__3ZA9CH,01 - Non intersection,03 - P.D. only,03 - Rear end,02 - Rain,01 - Daylight,02 - Wet,10 - No control,,2,0,0,0,,0,,,,,369687.1639,5023860.861,45.35169114,-75.67188363,2383
20--3251,2020/03/03,5:00 PM,HIGHWAY 417 btwn HWY417 IC118 RAMP35 & HWY417 IC117 RAMP51 (__3ZA2YP),__3ZA2YP,01 - Non intersection,03 - P.D. only,04 - Sideswipe,02 - Rain,01 - Daylight,02 - Wet,10 - No control,,2,0,0,0,,0,,,,,370434.7888,5031132.355,45.41704795,-75.6613763,2384
20--3252,2020/03/03,5:45 AM,DALHOUSIE ST @ RIDEAU ST (0007646),7646,03 - At intersection,02 - Non-fatal injury,05 - Turning movement,01 - Clear,03 - Dawn,02 - Wet,01 - Traffic signal,01 - Functioning,2,0,0,0,02 - Minor,2,,2,,,368206.7094,5032227.575,45.42710782,-75.68970086,2385
20--3253,2020/03/03,5:51 PM,RICHMOND RD @ STONEHAVEN DR (0010370),10370,03 - At intersection,03 - P.D. only,05 - Turning movement,02 - Rain,05 - Dusk,02 - Wet,01 - Traffic signal,01 - Functioning,2,0,0,0,,0,,,,,356781.6433,5015891.436,45.28105667,-75.83741294,2386
20--3254,2020/03/03,6:40 PM,DALY AVE @ NICHOLAS ST (0011451),11451,02 - Intersection related,03 - P.D. only,04 - Sideswipe,02 - Rain,05 - Dusk,02 - Wet,01 - Traffic signal,01 - Functioning,2,0,0,0,,0,,,,,368227.6986,5032046.572,45.42547732,-75.68945597,2387
20--3255,2020/03/03,6:54 AM,BARNSDALE RD N @ MOODIE DR (0000636),636,03 - At intersection,02 - Non-fatal injury,02 - Angle,"07 - Fog, mist, smoke, dust",01 - Daylight,06 - Ice,02 - Stop sign,01 - Functioning,2,0,0,0,02 - Minor,1,,1,,,361933.6641,5008863.373,45.21741759,-75.7725552,2388
20--3256,2020/03/03,7:00 AM,MACLAREN ST btwn CARTIER ST & MACDONALD ST (__3ZA9U4),__3ZA9U4,01 - Non intersection,03 - P.D. only,04 - Sideswipe,01 - Clear,01 - Daylight,01 - Dry,10 - No control,,2,0,0,0,,0,,,,,368370.6662,5031222.764,45.418052,-75.68773547,2389
20--3257,2020/03/03,7:03 PM,CASTLEFRANK RD @ HAZELDEAN RD (0003608),3608,03 - At intersection,03 - P.D. only,05 - Turning movement,02 - Rain,07 - Dark,02 - Wet,01 - Traffic signal,01 - Functioning,2,0,0,0,,0,,,,,352677.8616,5017676.747,45.29741283,-75.88954662,2390
20--3258,2020/03/03,7:07 AM,SWEETVALLEY DR btwn BROADLEAF ST & TENTH LINE RD (e___2IN3),e___2IN3,01 - Non intersection,02 - Non-fatal injury,01 - Approaching,01 - Clear,01 - Daylight,06 - Ice,10 - No control,,2,0,0,0,02 - Minor,1,,1,,,384517.583,5034338.322,45.44442971,-75.48094581,2391
20--3259,2020/03/03,7:08 AM,SCOTT ST btwn WINONA AVE & ATHLONE AVE (__3ZA4OF),__3ZA4OF,01 - Non intersection,03 - P.D. only,04 - Sideswipe,01 - Clear,01 - Daylight,02 - Wet,10 - No control,,2,0,0,0,,0,,,,,363178.5513,5028638.98,45.39525607,-75.75437696,2392
20--326,2020/01/08,7:30 PM,COLONNADE RD @ MERIVALE RD (0004569),4569,02 - Intersection related,03 - P.D. only,03 - Rear end,01 - Clear,07 - Dark,01 - Dry,01 - Traffic signal,01 - Functioning,2,0,0,0,,0,,,,,365363.7039,5022544.489,45.34023332,-75.72721734,2393
20--3260,2020/03/03,7:13 AM,HELMSDALE DR @ TERRY FOX DR (0009117),9117,03 - At intersection,03 - P.D. only,02 - Angle,01 - Clear,01 - Daylight,02 - Wet,02 - Stop sign,01 - Functioning,2,0,0,0,,0,,,,,350581.8479,5023785.795,45.35252323,-75.91570499,2394
20--3261,2020/03/03,7:17 AM,BASELINE RD @ CEDARVIEW RD (0010259),10259,02 - Intersection related,03 - P.D. only,03 - Rear end,01 - Clear,01 - Daylight,06 - Ice,01 - Traffic signal,01 - Functioning,2,0,0,0,,0,,,,,358967.6668,5021674.509,45.33292821,-75.80891861,2395
20--3262,2020/03/03,7:23 AM,MOODIE DR @ TIMM DR (0001106),1106,02 - Intersection related,03 - P.D. only,07 - SMV other,01 - Clear,01 - Daylight,06 - Ice,01 - Traffic signal,01 - Functioning,1,0,0,0,,0,,,,,356815.6565,5021082.51,45.32776416,-75.83643468,2396
20--3263,2020/03/03,7:28 AM,CARLING AVE @ FAIRMONT AVE (0006303),6303,03 - At intersection,02 - Non-fatal injury,07 - SMV other,01 - Clear,01 - Daylight,02 - Wet,02 - Stop sign,01 - Functioning,1,0,0,1,01 - Minimal,1,1,,,,366115.7093,5028486.546,45.39363347,-75.71688535,2397
20--3264,2020/03/03,7:45 AM,HIGHWAY 417 btwn HWY417 IC127 RAMP35 & HWY417 IC127 RAMP25 (__3ZA2RE),__3ZA2RE,01 - Non intersection,03 - P.D. only,03 - Rear end,01 - Clear,01 - Daylight,01 - Dry,10 - No control,,2,0,0,0,,0,,,,,362329.69,5024986.788,45.36246432,-75.76564342,2398
20--3265,2020/03/03,7:50 AM,BASELINE RD btwn CONSTELLATION CRES & WOODROFFE AVE (__3ZA34J),__3ZA34J,01 - Non intersection,03 - P.D. only,03 - Rear end,01 - Clear,01 - Daylight,02 - Wet,10 - No control,,2,0,0,0,,0,,,,,362464.8757,5023716.966,45.35102745,-75.76406607,2399
20--3266,2020/03/03,7:50 PM,BAY ST @ WELLINGTON ST (0010737),10737,03 - At intersection,03 - P.D. only,02 - Angle,02 - Rain,07 - Dark,02 - Wet,01 - Traffic signal,01 - Functioning,2,0,0,0,,0,,,,,366814.6988,5031351.555,45.41935047,-75.70759846,2400
20--3267,2020/03/03,7:53 AM,GREENBANK RD btwn BERRIGAN DR/WESSEX RD & 220 N OF STRANDHERD DR (__3ZA4JFA),__3ZA4JFA,04 - At/near private drive,03 - P.D. only,02 - Angle,"07 - Fog, mist, smoke, dust",01 - Daylight,06 - Ice,10 - No control,,2,0,0,0,,0,,,,,363768.4789,5015169.351,45.27400799,-75.74844785,2401
20--3268,2020/03/03,7:55 AM,RICHMOND RD @ STONEHAVEN DR (0010370),10370,02 - Intersection related,03 - P.D. only,04 - Sideswipe,01 - Clear,01 - Daylight,02 - Wet,01 - Traffic signal,01 - Functioning,2,0,0,0,,0,,,,,356781.6264,5015891.452,45.28105681,-75.83741315,2402
20--3269,2020/03/03,7:56 AM,SHORELINE DR btwn ROLLING RIVER CRES & COVEHEAD CRES (__3ZA1J8),__3ZA1J8,01 - Non intersection,03 - P.D. only,03 - Rear end,01 - Clear,01 - Daylight,06 - Ice,10 - No control,,3,0,0,0,,0,,,,,368070.4333,5015522.966,45.27681586,-75.69357972,2403
20--327,2020/01/08,7:40 AM,KENT ST btwn MCLEOD ST & FLORA ST (__3ZA3PX),__3ZA3PX,01 - Non intersection,03 - P.D. only,04 - Sideswipe,01 - Clear,03 - Dawn,01 - Dry,10 - No control,,3,0,0,0,,0,,,,,367817.1274,5030342.035,45.41017756,-75.69492013,2404
20--3270,2020/03/03,7:56 AM,LAURIER AVE @ NICHOLAS ST (0010711),10711,02 - Intersection related,03 - P.D. only,04 - Sideswipe,01 - Clear,01 - Daylight,02 - Wet,01 - Traffic signal,01 - Functioning,2,0,0,0,,0,,,,,368373.6362,5031798.271,45.42322994,-75.68762326,2405
20--3271,2020/03/03,8:05 AM,BLAIR RD btwn OR174 IC112 RAMP15 & MEADOWBROOK RD (__3ZA2E1),__3ZA2E1,01 - Non intersection,02 - Non-fatal injury,03 - Rear end,01 - Clear,01 - Daylight,01 - Dry,10 - No control,,2,0,0,0,01 - Minimal,1,1,,,,375162.4224,5032350.961,45.42755285,-75.60080393,2406
20--3272,2020/03/03,8:11 AM,ROCKY HILL DR @ PRINCE OF WALES DR (0010328),10328,02 - Intersection related,03 - P.D. only,03 - Rear end,01 - Clear,01 - Daylight,02 - Wet,01 - Traffic signal,01 - Functioning,2,0,0,0,,0,,,,,366968.7763,5014403.418,45.26684052,-75.70775982,2407
20--3273,2020/03/03,8:15 AM,GARFIELD AVE @ MAITLAND AVE (0002031),2031,02 - Intersection related,03 - P.D. only,03 - Rear end,01 - Clear,01 - Daylight,02 - Wet,01 - Traffic signal,01 - Functioning,2,0,0,0,,0,,,,,363342.6945,5025562.527,45.36756088,-75.75264548,2408
20--3274,2020/03/03,8:43 AM,REGIONAL ROAD 174 btwn OR174 IC105 RAMP63 & OR174 IC102 RAMP36 (__3ZA27F),__3ZA27F,01 - Non intersection,02 - Non-fatal injury,03 - Rear end,01 - Clear,01 - Daylight,06 - Ice,10 - No control,,3,0,0,0,01 - Minimal,1,1,,,,380696.2431,5037760.124,45.47564171,-75.52925973,2409
20--3275,2020/03/03,8:45 AM,HWY 417 WALKLEY IC110R64 @ WALKLEY EXTENSION R (0004205),4205,03 - At intersection,03 - P.D. only,07 - SMV other,01 - Clear,01 - Daylight,02 - Wet,02 - Stop sign,01 - Functioning,1,0,0,0,,0,,,,,375988.741,5029175.519,45.3988984,-75.59070397,2410
20--3276,2020/03/03,8:53 AM,SMIRLE AVE @ WELLINGTON ST (0006104),6104,03 - At intersection,02 - Non-fatal injury,02 - Angle,01 - Clear,01 - Daylight,01 - Dry,02 - Stop sign,01 - Functioning,2,0,0,0,02 - Minor,1,,1,,,364670.7062,5029066.559,45.39897734,-75.73526864,2411
20--3277,2020/03/03,8:57 AM,MARIER AVE @ MONTREAL RD (0009346),9346,02 - Intersection related,02 - Non-fatal injury,07 - SMV other,01 - Clear,01 - Daylight,02 - Wet,01 - Traffic signal,01 - Functioning,1,0,0,1,02 - Minor,2,,2,,,370419.6942,5033261.575,45.43620721,-75.66128546,2412
20--3278,2020/03/03,9:00 PM,HIGHWAY 417 btwn HWY417 IC180 RAMP61 & HWY417 IC169 RAMP36 (__5DVYB1),__5DVYB1,01 - Non intersection,03 - P.D. only,07 - SMV other,03 - Snow,07 - Dark,06 - Ice,10 - No control,,1,0,0,0,,0,,,,,319485.5976,5030921.374,45.41807395,-76.31235701,2413
20--3279,2020/03/03,9:08 AM,HIGHWAY 417 btwn HWY417 IC129 RAMP25 & TRANSIT (__3ZA2SH),__3ZA2SH,01 - Non intersection,03 - P.D. only,03 - Rear end,01 - Clear,01 - Daylight,01 - Dry,10 - No control,,2,0,0,0,,0,,,,,361386.1312,5024246.647,45.35588137,-75.77777155,2414
20--328,2020/01/08,8:09 PM,FLEWELLYN RD btwn ORMROD RD & DWYER HILL RD (__3ZAC6N),__3ZAC6N,01 - Non intersection,03 - P.D. only,07 - SMV other,05 - Drifting Snow,07 - Dark,03 - Loose snow,10 - No control,,1,0,0,0,,0,,,,,343168.0278,5003409.826,45.16961522,-76.01189437,2415
20--3280,2020/03/03,9:35 AM,HIGHWAY 417 btwn HWY417 IC112 RAMP66 & HWY417 IC112 RAMP56 (__3ZA283),__3ZA283,01 - Non intersection,03 - P.D. only,03 - Rear end,01 - Clear,01 - Daylight,01 - Dry,10 - No control,,2,0,0,0,,0,,,,,374472.1475,5030853.472,45.41414834,-75.60983598,2416
20--3281,2020/03/03,9:38 AM,INDUSTRIAL AVE/INNES RD @ ST. LAURENT BLVD (0002203),2203,02 - Intersection related,03 - P.D. only,03 - Rear end,01 - Clear,01 - Daylight,02 - Wet,01 - Traffic signal,01 - Functioning,2,0,0,0,,0,,,,,373099.7271,5030005.564,45.40665456,-75.62748608,2417
20--3282,2020/03/03,9:51 AM,MONTREAL RD @ VANIER PKWY (0004630),4630,02 - Intersection related,03 - P.D. only,02 - Angle,01 - Clear,01 - Daylight,01 - Dry,01 - Traffic signal,01 - Functioning,2,0,0,0,,0,,,,,370072.7174,5033065.586,45.43447625,-75.66574584,2418
20--3283,2020/03/03,9:52 AM,ADIRONDACK DR @ WOODROFFE AVE (0005644),5644,03 - At intersection,03 - P.D. only,05 - Turning movement,01 - Clear,01 - Daylight,02 - Wet,02 - Stop sign,00 - Unknown,2,0,0,0,,0,,,,,362457.6856,5024005.525,45.35362448,-75.76412417,2419
20--3284,2020/03/03,9:55 AM,PINECREST RD btwn HWY417 IC129 RAMP26 & GREENBANK RD (__3ZA4MX),__3ZA4MX,01 - Non intersection,03 - P.D. only,04 - Sideswipe,01 - Clear,01 - Daylight,01 - Dry,10 - No control,,2,0,0,0,,0,,,,,360435.5375,5023556.524,45.34974773,-75.78998102,2420
20--3285,2020/03/04,1:18 PM,GREENBANK RD @ HIGHBURY PARK DR (0005310),5310,03 - At intersection,03 - P.D. only,02 - Angle,01 - Clear,01 - Daylight,02 - Wet,01 - Traffic signal,01 - Functioning,2,0,0,0,,0,,,,,363615.9174,5015523.941,45.27721138,-75.75035006,2421
20--3286,2020/03/04,10:40 AM,ARGYLE AVE btwn BANK ST & O'CONNOR ST (__3ZA8F6),__3ZA8F6,01 - Non intersection,03 - P.D. only,04 - Sideswipe,01 - Clear,01 - Daylight,01 - Dry,10 - No control,,2,0,0,0,,0,,,,,368144.1059,5030461.281,45.41122098,-75.69072789,2422
20--3287,2020/03/04,10:45 AM,DEN HAAG DR btwn CARSON'S RD & BATHGATE DR (__3ZA7W2),__3ZA7W2,01 - Non intersection,03 - P.D. only,99 - Other,01 - Clear,01 - Daylight,01 - Dry,10 - No control,,2,0,0,0,,0,,,,,373317.527,5033888.996,45.44157446,-75.6241639,2423
20--3288,2020/03/04,11:00 AM,COBOURG ST @ STEWART ST (0008411),8411,03 - At intersection,03 - P.D. only,02 - Angle,01 - Clear,01 - Daylight,01 - Dry,02 - Stop sign,01 - Functioning,2,0,0,0,,0,,,,,369254.7103,5032584.594,45.43022435,-75.6762627,2424
20--3289,2020/03/04,11:46 PM,FALLOWFIELD RD btwn MUNSTER RD & CONLEY RD (__3ZA3EQ),__3ZA3EQ,01 - Non intersection,03 - P.D. only,07 - SMV other,03 - Snow,07 - Dark,03 - Loose snow,10 - No control,,1,0,0,0,,0,,,,,347248.1961,5005110.926,45.18468902,-75.95984528,2425
20--329,2020/01/08,8:23 AM,ROGER STEVENS DR btwn SECOND LINE RD S & DORACK DR (__3ZA39U),__3ZA39U,04 - At/near private drive,03 - P.D. only,02 - Angle,01 - Clear,01 - Daylight,02 - Wet,10 - No control,,2,0,0,0,,0,,,,,370971.6926,5002112.622,45.15588374,-75.65838726,2426
20--3386,2020/03/06,3:33 PM,CONROY RD @ HUNT CLUB RD (0002257),2257,02 - Intersection related,02 - Non-fatal injury,03 - Rear end,03 - Snow,01 - Daylight,02 - Wet,01 - Traffic signal,00 - Unknown,2,0,0,0,01 - Minimal,1,1,,,,373763.7361,5025404.523,45.36519135,-75.61964738,2427
20--3477,2020/03/07,9:15 PM,HWY 417 ST.LAURE IC115R51 @ ST. LAURENT BLVD (0002712),2712,02 - Intersection related,03 - P.D. only,99 - Other,01 - Clear,07 - Dark,01 - Dry,01 - Traffic signal,00 - Unknown,2,0,0,0,,0,,,,,372530.7232,5031410.578,45.41935152,-75.63456107,2428
20--3114,2020/02/28,8:38 AM,CYRVILLE RD @ ST. LAURENT BLVD (0002647),2647,02 - Intersection related,03 - P.D. only,03 - Rear end,01 - Clear,01 - Daylight,06 - Ice,01 - Traffic signal,01 - Functioning,2,0,0,0,,0,,,,,372241.7163,5032111.578,45.42568672,-75.63815751,2429
20--3387,2020/03/06,4:19 PM,WILBROD ST btwn KING EDWARD AVE & CORNWALL ST (__3ZA4F5),__3ZA4F5,01 - Non intersection,03 - P.D. only,03 - Rear end,01 - Clear,01 - Daylight,02 - Wet,10 - No control,,2,0,0,0,,0,,,,,368679.6521,5032141.978,45.42629462,-75.68366866,2430
20--2752,2020/02/22,3:00 PM,ROBERTSON RD @ VANIER RD (0000640),640,02 - Intersection related,03 - P.D. only,04 - Sideswipe,01 - Clear,01 - Daylight,01 - Dry,01 - Traffic signal,01 - Functioning,2,0,0,0,,0,,,,,357395.6531,5020645.483,45.32378853,-75.82908258,2431
20--2934,2020/02/26,8:17 PM,EARL MULLIGAN DR @ WOODROFFE AVE (0000591),591,02 - Intersection related,03 - P.D. only,02 - Angle,03 - Snow,07 - Dark,03 - Loose snow,01 - Traffic signal,01 - Functioning,2,0,0,0,,0,,,,,365250.707,5017506.453,45.29491128,-75.72927386,2432
20--3115,2020/02/28,8:41 AM,RIVER RD btwn LOWEN DR & BALMORAL DR (__3ZA38M),__3ZA38M,01 - Non intersection,02 - Non-fatal injury,01 - Approaching,01 - Clear,01 - Daylight,06 - Ice,10 - No control,,3,0,0,0,02 - Minor,1,,1,,,368009.7127,5018673.191,45.30516665,-75.69395214,2433
20--3388,2020/03/06,4:20 PM,CARLING AVE @ MAITLAND AVE/SHERBOURNE RD (0002641),2641,03 - At intersection,03 - P.D. only,02 - Angle,01 - Clear,01 - Daylight,01 - Dry,01 - Traffic signal,01 - Functioning,2,0,0,0,,0,,,,,362942.696,5026488.525,45.3759262,-75.75764241,2434
20--3478,2020/03/07,9:29 PM,GRENON AVE @ RICHMOND RD (0002741),2741,03 - At intersection,03 - P.D. only,05 - Turning movement,01 - Clear,07 - Dark,01 - Dry,01 - Traffic signal,02 - Not functioning,2,0,0,0,,0,,,,,359806.6755,5024033.503,45.35408919,-75.79795286,2435
20--2935,2020/02/26,8:30 AM,NICHOLAS ST SB btwn Continuation of WALLER ST & HWY417 IC118 RAMP35 (__6KCDVW),__6KCDVW,01 - Non intersection,03 - P.D. only,04 - Sideswipe,01 - Clear,01 - Daylight,01 - Dry,10 - No control,,2,0,0,0,,0,,,,,368807.4284,5031465.588,45.42019703,-75.68212383,2436
20--2753,2020/02/22,3:17 PM,CARLING AVE @ WOODROFFE AVE W (0011470),11470,02 - Intersection related,03 - P.D. only,03 - Rear end,01 - Clear,01 - Daylight,01 - Dry,01 - Traffic signal,01 - Functioning,2,0,0,0,,0,,,,,361767.6929,5025725.514,45.36915721,-75.77273146,2437
20--3116,2020/02/28,8:45 AM,TENTH LINE RD btwn HARVEST VALLEY AVE/SWEETVALLEY DR & WALL RD (__3ZA3Y2),__3ZA3Y2,04 - At/near private drive,03 - P.D. only,03 - Rear end,03 - Snow,01 - Daylight,06 - Ice,10 - No control,,2,0,0,0,,0,,,,,384896.6311,5033913.946,45.44056824,-75.47617017,2438
20--3389,2020/03/06,5:00 PM,BASELINE RD @ FISHER AVE (0002346),2346,02 - Intersection related,03 - P.D. only,03 - Rear end,01 - Clear,01 - Daylight,02 - Wet,01 - Traffic signal,01 - Functioning,2,0,0,0,,0,,,,,366166.6843,5026028.527,45.37151229,-75.71653992,2439
20--3479,2020/03/07,9:30 PM,BANK ST @ COLLINS AVE/WILDWOOD AVE (0006959),6959,03 - At intersection,03 - P.D. only,02 - Angle,01 - Clear,07 - Dark,06 - Ice,02 - Stop sign,01 - Functioning,2,0,0,0,,0,,,,,370050.7075,5026697.541,45.37718099,-75.66686985,2440
20--2936,2020/02/26,8:34 PM,HIGHWAY 417 btwn HWY417 IC144 RAMP25 & HWY417 IC142 RAMP51 (__3ZA20J),__3ZA20J,01 - Non intersection,02 - Non-fatal injury,04 - Sideswipe,03 - Snow,07 - Dark,03 - Loose snow,10 - No control,,2,0,0,0,02 - Minor,1,,1,,,348306.0995,5016634.434,45.28831805,-75.94537623,2441
20--2937,2020/02/26,9:00 PM,HIGHWAY 417 btwn HWY417 IC122 RAMP15 & HWY417 IC121B RAMP51 (__3ZA2RB),__3ZA2RB,01 - Non intersection,03 - P.D. only,07 - SMV other,03 - Snow,07 - Dark,04 - Slush,10 - No control,,1,0,0,0,,0,,,,,365802.2115,5029181.723,45.39991589,-75.72080295,2442
20--2938,2020/02/26,9:04 PM,HIGHWAY 417 btwn HWY417 IC122 RAMP61 & HWY417 IC121B RAMP16 (__3ZA2Y4),__3ZA2Y4,01 - Non intersection,03 - P.D. only,07 - SMV other,03 - Snow,07 - Dark,04 - Slush,10 - No control,,1,0,0,0,,0,,,,,365688.4864,5029135.606,45.39951084,-75.72226115,2443
20--2939,2020/02/26,9:05 PM,TERRY FOX DR @ HALKIRK AVE/WINCHESTER DR (0012574),12574,02 - Intersection related,03 - P.D. only,03 - Rear end,01 - Clear,07 - Dark,03 - Loose snow,01 - Traffic signal,01 - Functioning,2,0,0,0,,0,,,,,352511.8851,5016870.002,45.29016482,-75.89174034,2444
20--294,2020/01/07,9:26 PM,ELGIN ST @ SLATER ST (0002228),2228,02 - Intersection related,03 - P.D. only,04 - Sideswipe,01 - Clear,07 - Dark,01 - Dry,01 - Traffic signal,01 - Functioning,2,0,0,0,,0,,,,,367890.7176,5031646.572,45.42190873,-75.69381306,2445
20--2940,2020/02/26,9:15 AM,LAURIER AVE @ O'CONNOR ST (0002224),2224,02 - Intersection related,03 - P.D. only,04 - Sideswipe,01 - Clear,01 - Daylight,01 - Dry,01 - Traffic signal,01 - Functioning,2,0,0,0,,0,,,,,367636.6918,5031358.58,45.41934033,-75.69709546,2446
20--2941,2020/02/26,9:28 AM,GEORGE ST @ SUSSEX DR (0002109),2109,03 - At intersection,02 - Non-fatal injury,07 - SMV other,03 - Snow,01 - Daylight,02 - Wet,01 - Traffic signal,01 - Functioning,1,0,0,1,02 - Minor,1,,1,,,367869.2183,5032130.687,45.42626657,-75.69402577,2447
20--2942,2020/02/26,9:28 PM,HIGHWAY 417 btwn HWY417 IC124 RAMP65 & HWY417 IC122 RAMP51 (__3ZA2R8),__3ZA2R8,01 - Non intersection,03 - P.D. only,07 - SMV other,03 - Snow,07 - Dark,04 - Slush,10 - No control,,1,0,0,0,,0,,,,,365003.6386,5028452.432,45.39342301,-75.73109141,2448
20--2943,2020/02/26,9:28 PM,HIGHWAY 417 btwn HWY417 IC124 RAMP65 & HWY417 IC122 RAMP51 (__3ZA2R8),__3ZA2R8,01 - Non intersection,02 - Non-fatal injury,07 - SMV other,03 - Snow,07 - Dark,04 - Slush,10 - No control,,1,0,0,0,02 - Minor,1,,1,,,364980.6236,5028410.95,45.39305174,-75.73139038,2449
20--2944,2020/02/26,9:28 PM,HIGHWAY 417 btwn HWY417 IC124 RAMP65 & HWY417 IC122 RAMP51 (__3ZA2R8),__3ZA2R8,01 - Non intersection,03 - P.D. only,99 - Other,03 - Snow,07 - Dark,04 - Slush,10 - No control,,2,0,0,0,,0,,,,,364985.4581,5028419.661,45.3931297,-75.73132758,2450
20--2945,2020/02/26,9:37 PM,VIEWMOUNT DR @ MERIVALE RD (0001528),1528,02 - Intersection related,03 - P.D. only,99 - Other,03 - Snow,07 - Dark,03 - Loose snow,01 - Traffic signal,01 - Functioning,2,0,0,0,,0,,,,,365193.7048,5022948.497,45.34388319,-75.72933699,2451
20--2946,2020/02/26,9:41 PM,BRONSON AVE btwn FINDLAY AVE & BRONSON AVE SB OFF RAMP 34 (__3ZA3N5),__3ZA3N5,07 - Overpass or bridge,03 - P.D. only,07 - SMV other,03 - Snow,07 - Dark,04 - Slush,10 - No control,,1,0,0,0,,0,,,,,367748.0581,5028486.016,45.39348387,-75.69603935,2452
20--2947,2020/02/27,1:15 PM,BANK ST @ WALKLEY RD (0011423),11423,02 - Intersection related,03 - P.D. only,07 - SMV other,03 - Snow,01 - Daylight,05 - Packed snow,01 - Traffic signal,01 - Functioning,1,0,0,0,,0,,,,,370337.8575,5025947.723,45.37040758,-75.66330337,2453