Anom_ID,Accident_Date,Accident_Time,Location,Geo_ID,Accident_Location,Classification_of_Accident,Initial_Impact_Type,Environment_Condition,Light,Road_Surface_Condition,Traffic_Control,Traffic_Control_Condition,No__of_Vehicles,No__of_Bicycles,No__of_Motorcycles,No__of_Pedestrians,Max_Injury,No__of_Injuries,No__of_Minimal,No__of_Minor,No__of_Major,No__of_Fatal,X,Y,Latitude,Longitude,ObjectId
20--2948,2020/02/27,1:21 PM,MAITLAND AVE/HWY 417 MAITLAND IC126R53 @ HWY 4 (0008229),8229,03 - At intersection,03 - P.D. only,05 - Turning movement,03 - Snow,01 - Daylight,02 - Wet,01 - Traffic signal,01 - Functioning,2,0,0,0,,0,,,,,363229.6847,5025774.515,45.36947776,-75.75406296,2454
20--2949,2020/02/27,1:38 PM,HIGHWAY 417 btwn HWY417 IC110 RAMP55 & HWY417 IC104 RAMP51 (__3ZA2W8),__3ZA2W8,01 - Non intersection,02 - Non-fatal injury,07 - SMV other,03 - Snow,01 - Daylight,04 - Slush,10 - No control,,1,0,0,0,02 - Minor,1,,1,,,377557.9632,5026489.759,45.37457215,-75.57105878,2455
20--295,2020/01/07,9:40 AM,HIGHLAND AVE btwn PRINCETON AVE & AVONDALE AVE (__3ZBOO4),__3ZBOO4,01 - Non intersection,03 - P.D. only,07 - SMV other,01 - Clear,01 - Daylight,05 - Packed snow,10 - No control,,1,0,0,0,,0,,,,,362958.3701,5027406.605,45.38418566,-75.75733416,2456
20--2950,2020/02/27,1:40 PM,LAURIER AVE   W btwn LYON ST N & KENT ST (__3ZA3CQ),__3ZA3CQ,04 - At/near private drive,02 - Non-fatal injury,02 - Angle,03 - Snow,01 - Daylight,05 - Packed snow,10 - No control,,2,0,0,0,01 - Minimal,1,1,,,,367263.6025,5031133.721,45.41735053,-75.7018907,2457
20--2951,2020/02/27,1:44 PM,REGIONAL ROAD 174 btwn OR174 IC105 RAMP16 & OR174 IC105 RAMP26 (__3ZA1PU),__3ZA1PU,01 - Non intersection,03 - P.D. only,99 - Other,03 - Snow,01 - Daylight,03 - Loose snow,10 - No control,,2,0,0,0,,0,,,,,379133.7776,5036878.626,45.46787874,-75.54937478,2458
20--2952,2020/02/27,1:49 PM,BASELINE RD @ MERIVALE RD (0002342),2342,02 - Intersection related,03 - P.D. only,03 - Rear end,03 - Snow,01 - Daylight,04 - Slush,01 - Traffic signal,01 - Functioning,2,0,0,0,,0,,,,,365054.693,5025325.519,45.36528324,-75.730821,2459
20--2953,2020/02/27,10:00 AM,HIGHWAY 417 btwn RAMP & HWY417 IC145 RAMP55 (__3ZA2Q1),__3ZA2Q1,01 - Non intersection,03 - P.D. only,07 - SMV other,01 - Clear,01 - Daylight,05 - Packed snow,10 - No control,,1,0,0,0,,0,,,,,346057.0759,5014780.769,45.27177365,-75.97420004,2460
20--2954,2020/02/27,10:08 AM,HUNT CLUB RD @ BRIDLE PATH DR/DAZE ST (0008214),8214,03 - At intersection,03 - P.D. only,01 - Approaching,03 - Snow,01 - Daylight,03 - Loose snow,01 - Traffic signal,01 - Functioning,2,0,0,0,,0,,,,,371291.7239,5023864.501,45.35157359,-75.65140732,2461
20--2955,2020/02/27,10:26 AM,HUNT CLUB RD btwn RIVERSIDE DR & LINDBERGH PRIV (__4B3PLN),__4B3PLN,01 - Non intersection,03 - P.D. only,99 - Other,03 - Snow,01 - Daylight,03 - Loose snow,10 - No control,,2,0,0,0,,0,,,,,368247.3035,5022063.174,45.33564769,-75.69048842,2462
20--2956,2020/02/27,10:38 AM,BRONSON AVE @ FINDLAY AVE (0007220),7220,03 - At intersection,02 - Non-fatal injury,07 - SMV other,03 - Snow,01 - Daylight,03 - Loose snow,02 - Stop sign,01 - Functioning,1,0,0,0,01 - Minimal,1,1,,,,367728.705,5028661.556,45.39506506,-75.69626411,2463
20--2957,2020/02/27,10:40 AM,635 E OF HUNTMAR DR/IBER RD @ HAZELDEAN RD (0013519),13519,03 - At intersection,03 - P.D. only,04 - Sideswipe,01 - Clear,01 - Daylight,03 - Loose snow,01 - Traffic signal,01 - Functioning,2,0,0,0,,0,,,,,351410.32,5016506.602,45.28696877,-75.90581713,2464
20--2958,2020/02/27,10:45 AM,CRESTWAY DR @ LEIKIN DR (0009767),9767,02 - Intersection related,03 - P.D. only,04 - Sideswipe,03 - Snow,01 - Daylight,08 - Loose sand or gravel,02 - Stop sign,01 - Functioning,2,0,0,0,,0,,,,,366939.3961,5016514.562,45.28583903,-75.70786993,2465
20--2959,2020/02/27,10:45 PM,HWY417 IC140 RAMP25 btwn TERRY FOX DR & HIGHWAY 417 (__3ZAYB5),__3ZAYB5,01 - Non intersection,03 - P.D. only,07 - SMV other,03 - Snow,07 - Dark,06 - Ice,10 - No control,,1,0,0,0,,0,,,,,351117.6563,5018642.955,45.30621161,-75.90934823,2466
20--296,2020/01/08,1:16 PM,RICHMOND RD btwn PERTH ST & CAMBRIAN RD (__3ZAB98),__3ZAB98,01 - Non intersection,03 - P.D. only,07 - SMV other,05 - Drifting Snow,01 - Daylight,03 - Loose snow,10 - No control,,1,0,0,0,,0,,,,,359062.0163,5009229.15,45.22093595,-75.80907537,2467
20--2960,2020/02/27,10:51 AM,RIVER RD btwn NICOLLS ISLAND RD & RIDEAU RD (__3ZA3H5),__3ZA3H5,01 - Non intersection,03 - P.D. only,99 - Other,03 - Snow,01 - Daylight,03 - Loose snow,10 - No control,,2,0,0,0,,0,,,,,367990.0032,5012488.793,45.24952185,-75.6949907,2468
20--2961,2020/02/27,11:00 AM,BANK ST btwn PARK LANE & LYNCH ST (__3ZBPHM),__3ZBPHM,01 - Non intersection,03 - P.D. only,01 - Approaching,03 - Snow,01 - Daylight,03 - Loose snow,10 - No control,,2,0,0,0,,0,,,,,374546.5727,5022488.316,45.33887508,-75.61006667,2469
20--2962,2020/02/27,11:00 AM,ALTA VISTA DR @ BANK ST (0011318),11318,02 - Intersection related,03 - P.D. only,03 - Rear end,03 - Snow,01 - Daylight,05 - Packed snow,01 - Traffic signal,01 - Functioning,2,0,0,0,,0,,,,,370248.0703,5026200.731,45.37269245,-75.664416,2470
20--2963,2020/02/27,11:00 PM,HUNTMAR DR btwn PALLADIUM DR & MAPLE GROVE RD (__3ZA1EH),__3ZA1EH,01 - Non intersection,03 - P.D. only,99 - Other,01 - Clear,07 - Dark,03 - Loose snow,10 - No control,,2,0,0,0,,0,,,,,350218.5129,5016767.622,45.28939553,-75.92098546,2471
20--2964,2020/02/27,11:10 AM,REGIONAL ROAD 174 btwn OR174 IC102 RAMP26 & REGIONAL ROAD 174 (__3ZA1SH),__3ZA1SH,06 - Underpass or tunnel,03 - P.D. only,07 - SMV other,03 - Snow,01 - Daylight,03 - Loose snow,10 - No control,,1,0,0,0,,0,,,,,381570.0443,5038249.26,45.47994702,-75.51800869,2472
20--2965,2020/02/27,11:20 PM,HIGHWAY 417 btwn RAMP & HWY417 IC88 RAMP51 (__3ZA2W2),__3ZA2W2,01 - Non intersection,02 - Non-fatal injury,04 - Sideswipe,05 - Drifting Snow,07 - Dark,06 - Ice,10 - No control,,3,0,0,0,01 - Minimal,1,1,,,,391433.7453,5023081.841,45.34233311,-75.39452678,2473
20--2966,2020/02/27,11:27 PM,QUEEN ELIZABETH DRWY @ SECOND AVE (0006911),6911,03 - At intersection,03 - P.D. only,02 - Angle,03 - Snow,07 - Dark,05 - Packed snow,02 - Stop sign,00 - Unknown,2,0,0,0,,0,,,,,368819.2825,5029924.918,45.40633352,-75.6821725,2474
20--2967,2020/02/27,11:30 PM,LIMEBANK RD btwn EARL ARMSTRONG RD & RIDEAU RD (__3ZA6L5),__3ZA6L5,01 - Non intersection,03 - P.D. only,07 - SMV other,03 - Snow,07 - Dark,06 - Ice,10 - No control,,1,0,0,0,,0,,,,,370806.7493,5014235.658,45.26498133,-75.65887852,2475
20--2968,2020/02/27,11:39 AM,INNES RD @ STAR TOP RD/WINDMILL LANE (0008734),8734,02 - Intersection related,03 - P.D. only,03 - Rear end,03 - Snow,01 - Daylight,03 - Loose snow,01 - Traffic signal,01 - Functioning,2,0,0,0,,0,,,,,374147.715,5030666.552,45.41249875,-75.61400688,2476
20--2969,2020/02/27,11:53 PM,HUNT CLUB RD @ BRIDLE PATH DR/DAZE ST (0008214),8214,03 - At intersection,03 - P.D. only,02 - Angle,03 - Snow,07 - Dark,05 - Packed snow,01 - Traffic signal,01 - Functioning,2,0,0,0,,0,,,,,371291.7265,5023864.513,45.3515737,-75.65140729,2477
20--297,2020/01/08,1:25 PM,ST. LAURENT BLVD btwn HWY417 IC115 RAMP26 & HWY417 IC115 RAMP51 (__3ZAZEC),__3ZAZEC,01 - Non intersection,03 - P.D. only,04 - Sideswipe,01 - Clear,01 - Daylight,01 - Dry,10 - No control,,2,0,0,0,,0,,,,,372508.0472,5031466.662,45.41985834,-75.63484307,2478
20--2970,2020/02/27,Unknown,WELLINGTON ST    W btwn HAMILTON AVE N & PARKDALE AVE (__3ZA4QX),__3ZA4QX,01 - Non intersection,03 - P.D. only,06 - SMV unattended vehicle,01 - Clear,00 - Unknown,01 - Dry,10 - No control,,1,0,0,0,,0,,,,,365096.6609,5029241.835,45.40051788,-75.72980696,2479
20--2971,2020/02/27,12:00 PM,REGIONAL ROAD 174 btwn OR174 IC102 RAMP26 & REGIONAL ROAD 174 (__3ZA1SH),__3ZA1SH,01 - Non intersection,03 - P.D. only,04 - Sideswipe,03 - Snow,01 - Daylight,04 - Slush,10 - No control,,2,0,0,0,,0,,,,,381526.1884,5038224.758,45.47973139,-75.51857341,2480
20--2972,2020/02/27,12:07 AM,LAVERGNE ST W @ MICHEL CIRC W (0009970),9970,03 - At intersection,03 - P.D. only,02 - Angle,03 - Snow,07 - Dark,03 - Loose snow,02 - Stop sign,01 - Functioning,2,0,0,0,,0,,,,,370014.7235,5034058.607,45.44341645,-75.66635542,2481
20--2973,2020/02/27,12:24 PM,RICHMOND RD @ HOLLY ACRES RD/NANAIMO DR (0001068),1068,02 - Intersection related,02 - Non-fatal injury,03 - Rear end,03 - Snow,01 - Daylight,03 - Loose snow,01 - Traffic signal,01 - Functioning,2,0,0,0,01 - Minimal,2,2,,,,359058.6683,5022748.493,45.34258493,-75.80763992,2482
20--2974,2020/02/27,12:38 PM,COLONEL BY DR btwn HAWTHORNE AVE & MAIN ST (__3ZA218),__3ZA218,01 - Non intersection,02 - Non-fatal injury,04 - Sideswipe,03 - Snow,01 - Daylight,04 - Slush,10 - No control,,2,0,0,1,02 - Minor,1,,1,,,368753.7198,5030627.269,45.41265904,-75.68291884,2483
20--2975,2020/02/27,2:27 PM,HAZELDEAN RD @ SPRINGBROOK DR (0005279),5279,03 - At intersection,03 - P.D. only,05 - Turning movement,03 - Snow,01 - Daylight,02 - Wet,01 - Traffic signal,01 - Functioning,2,0,0,0,,0,,,,,349870.5931,5015110.431,45.27450598,-75.92557117,2484
20--2976,2020/02/27,2:30 AM,BOOTH ST @ SIR JOHN A. MACDONALD PKWY/WELLINGTON ST (0012252),12252,02 - Intersection related,03 - P.D. only,04 - Sideswipe,03 - Snow,07 - Dark,03 - Loose snow,01 - Traffic signal,01 - Functioning,2,0,0,0,,0,,,,,366264.2511,5031006.692,45.41629606,-75.71467423,2485
20--2977,2020/02/27,2:43 PM,KING EDWARD AVE @ ST. PATRICK ST (0002714),2714,03 - At intersection,03 - P.D. only,05 - Turning movement,03 - Snow,01 - Daylight,03 - Loose snow,01 - Traffic signal,01 - Functioning,2,0,0,0,,0,,,,,368248.7114,5032823.585,45.4324667,-75.68908736,2486
20--2978,2020/02/27,2:56 PM,GREENBANK RD btwn WEST HUNT CLUB RD & FALLOWFIELD RD (__3ZA1NE),__3ZA1NE,01 - Non intersection,03 - P.D. only,07 - SMV other,03 - Snow,01 - Daylight,05 - Packed snow,10 - No control,,1,0,0,0,,0,,,,,362798.7771,5017383.937,45.29401555,-75.76054679,2487
20--2979,2020/02/27,3:00 PM,BASELINE RD @ GREENBANK RD (0002357),2357,02 - Intersection related,03 - P.D. only,04 - Sideswipe,03 - Snow,01 - Daylight,03 - Loose snow,01 - Traffic signal,01 - Functioning,2,0,0,0,,0,,,,,360597.6877,5022584.487,45.34098848,-75.78802148,2488
20--298,2020/01/08,1:26 PM,HIGHWAY 417 btwn HWY417 IC126 RAMP61 & HWY417 IC124 RAMP76 (__3ZA2Y2),__3ZA2Y2,01 - Non intersection,03 - P.D. only,03 - Rear end,01 - Clear,01 - Daylight,01 - Dry,10 - No control,,2,0,0,0,,0,,,,,363731.38,5026611.663,45.37696829,-75.74755878,2489
20--2980,2020/02/27,3:00 PM,JOHNSTON RD @ ZAIDAN DR (0008978),8978,02 - Intersection related,03 - P.D. only,03 - Rear end,03 - Snow,01 - Daylight,05 - Packed snow,02 - Stop sign,01 - Functioning,2,0,0,0,,0,,,,,372796.5604,5025722.023,45.36814258,-75.63194867,2490
20--2981,2020/02/27,3:01 PM,ALBERT ST @ ELGIN ST/MACKENZIE KING BRIDGE (0002226),2226,03 - At intersection,03 - P.D. only,05 - Turning movement,03 - Snow,01 - Daylight,03 - Loose snow,01 - Traffic signal,01 - Functioning,2,0,0,0,,0,,,,,367850.7066,5031711.579,45.42249725,-75.69431596,2491
20--2982,2020/02/27,3:10 PM,BANK ST @ WALKLEY RD (0011423),11423,02 - Intersection related,03 - P.D. only,03 - Rear end,03 - Snow,01 - Daylight,03 - Loose snow,01 - Traffic signal,01 - Functioning,2,0,0,0,,0,,,,,370337.8459,5025947.735,45.37040769,-75.66330351,2492
20--2983,2020/02/27,3:20 PM,FALK AVE btwn KNOLLSBROOK DR & FOXFIELD DR (__3ZABLQ),__3ZABLQ,01 - Non intersection,03 - P.D. only,06 - SMV unattended vehicle,03 - Snow,01 - Daylight,03 - Loose snow,10 - No control,,1,0,0,0,,0,,,,,363432.4085,5016280.968,45.28403845,-75.75259938,2493
20--2984,2020/02/27,3:45 PM,LESTER RD btwn ALBION RD & UPLANDS DR (__3ZA2SC),__3ZA2SC,01 - Non intersection,03 - P.D. only,07 - SMV other,03 - Snow,01 - Daylight,05 - Packed snow,10 - No control,,1,0,0,0,,0,,,,,372609.1949,5022282.356,45.33721185,-75.63481205,2494
20--2985,2020/02/27,3:50 PM,CONDUCTOR AVE btwn HOBIN ST & BEVERLY ST (__3ZACOC),__3ZACOC,01 - Non intersection,03 - P.D. only,06 - SMV unattended vehicle,01 - Clear,01 - Daylight,03 - Loose snow,10 - No control,,1,0,0,0,,0,,,,,349457.2877,5013733.357,45.26214095,-75.93096235,2495
20--2986,2020/02/27,3:55 PM,CEDARVIEW RD btwn CAMBRIAN RD & BARNSDALE RD (__3ZA1T5),__3ZA1T5,01 - Non intersection,03 - P.D. only,01 - Approaching,03 - Snow,01 - Daylight,04 - Slush,10 - No control,,2,0,0,0,,0,,,,,364023.1757,5010060.084,45.22801316,-75.74581075,2496
20--2987,2020/02/27,4:00 PM,KENNEVALE DR @ STRANDHERD DR (0010896),10896,02 - Intersection related,03 - P.D. only,03 - Rear end,03 - Snow,01 - Daylight,04 - Slush,01 - Traffic signal,01 - Functioning,2,0,0,0,,0,,,,,361491.8564,5014099.545,45.26456903,-75.77758312,2497
20--2988,2020/02/27,4:10 PM,AGATHA ST btwn PENELOPE ST & LISBON ST (__4NBCGR),__4NBCGR,04 - At/near private drive,03 - P.D. only,06 - SMV unattended vehicle,03 - Snow,01 - Daylight,04 - Slush,10 - No control,,1,0,0,0,,0,,,,,385494.96,5038079.48,45.4779769,-75.46783968,2498
20--2989,2020/02/27,4:13 AM,HIGHWAY 417 btwn HWY417 IC163 RAMP15 & HWY417 IC155 RAMP51 (__3ZAZNS),__3ZAZNS,01 - Non intersection,03 - P.D. only,03 - Rear end,03 - Snow,07 - Dark,03 - Loose snow,10 - No control,,3,0,0,0,,0,,,,,335525.5835,5020348.924,45.32241796,-76.10806972,2499
20--299,2020/01/08,1:45 PM,HIGHWAY 416 btwn HWY416 IC66 RAMP53 & HWY416 IC57 RAMP34 (__3ZAZLC),__3ZAZLC,01 - Non intersection,02 - Non-fatal injury,07 - SMV other,01 - Clear,01 - Daylight,01 - Dry,10 - No control,,1,0,0,0,02 - Minor,1,,1,,,362614.7687,5011841.158,45.24415648,-75.76353789,2500
20--2990,2020/02/27,4:15 PM,BLACKBURN BYPASS EB btwn 1700 W OF NAVAN RD & NAVAN RD (__3ZA3J6B),__3ZA3J6B,01 - Non intersection,03 - P.D. only,07 - SMV other,03 - Snow,01 - Daylight,04 - Slush,10 - No control,,1,0,0,0,,0,,,,,378506.0339,5032571.663,45.42919423,-75.55804691,2501
20--2991,2020/02/27,4:26 PM,ANDERSON RD @ RIDGE RD (0003631),3631,03 - At intersection,02 - Non-fatal injury,02 - Angle,03 - Snow,01 - Daylight,03 - Loose snow,02 - Stop sign,01 - Functioning,2,0,0,0,02 - Minor,1,,1,,,379029.7687,5028508.527,45.39258142,-75.55196643,2502
20--2992,2020/02/27,4:57 AM,HWY417 IC142 RAMP25 btwn PALLADIUM DR & HIGHWAY 417 (__3ZAY5D),__3ZAY5D,01 - Non intersection,03 - P.D. only,04 - Sideswipe,03 - Snow,07 - Dark,03 - Loose snow,10 - No control,,2,0,0,0,,0,,,,,349382.9878,5017612.205,45.29704886,-75.93156064,2503
20--2993,2020/02/27,4:58 PM,ROCKDALE RD @ RUSSLAND RD/HIGHWAY LANE (0012437),12437,02 - Intersection related,03 - P.D. only,03 - Rear end,03 - Snow,01 - Daylight,05 - Packed snow,02 - Stop sign,01 - Functioning,2,0,0,0,,0,,,,,395330.877,5022984.435,45.34096467,-75.34482594,2504
20--2994,2020/02/27,5:08 PM,HUNTMAR DR btwn PALLADIUM DR & MAPLE GROVE RD (__3ZA1EH),__3ZA1EH,01 - Non intersection,02 - Non-fatal injury,03 - Rear end,03 - Snow,01 - Daylight,03 - Loose snow,10 - No control,,3,0,0,0,01 - Minimal,3,3,,,,350011.1848,5016996.045,45.29146432,-75.92360761,2505
20--2995,2020/02/27,5:15 PM,CHECKERS RD btwn CALDER AVE & FIELD ST (__3ZBOMJ),__3ZBOMJ,04 - At/near private drive,03 - P.D. only,06 - SMV unattended vehicle,03 - Snow,01 - Daylight,03 - Loose snow,10 - No control,,1,0,0,0,,0,,,,,362408.4998,5024391.111,45.35709799,-75.76470694,2506
20--2996,2020/02/27,5:15 PM,HUNTMAR DR btwn PALLADIUM DR & MAPLE GROVE RD (__3ZA1EH),__3ZA1EH,01 - Non intersection,03 - P.D. only,07 - SMV other,03 - Snow,05 - Dusk,03 - Loose snow,10 - No control,,1,0,0,0,,0,,,,,349758.4759,5017273.804,45.2939799,-75.92680403,2507
20--2997,2020/02/27,5:21 AM,VIEWMOUNT DR @ MERIVALE RD (0001528),1528,02 - Intersection related,03 - P.D. only,07 - SMV other,03 - Snow,07 - Dark,03 - Loose snow,01 - Traffic signal,01 - Functioning,1,0,0,0,,0,,,,,365193.6899,5022948.493,45.34388315,-75.72933718,2508
20--2998,2020/02/27,5:30 AM,HIGHWAY 417 btwn HWY417 IC126 RAMP61 & HWY417 IC124 RAMP76 (__3ZA2Y2),__3ZA2Y2,01 - Non intersection,03 - P.D. only,99 - Other,03 - Snow,07 - Dark,06 - Ice,10 - No control,,2,0,0,0,,0,,,,,364080.5052,5027084.67,45.38119488,-75.74304472,2509
20--2999,2020/02/27,5:48 PM,GREENBANK RD @ STRANDHERD DR (0005563),5563,02 - Intersection related,03 - P.D. only,03 - Rear end,03 - Snow,07 - Dark,04 - Slush,01 - Traffic signal,01 - Functioning,2,0,0,0,,0,,,,,363933.6887,5014784.42,45.27053051,-75.74638828,2510
20--30,2020/01/02,12:01 PM,GREENFIELD AVE btwn HAVELOCK ST & MONTCALM ST (__3ZA3CI),__3ZA3CI,01 - Non intersection,03 - P.D. only,06 - SMV unattended vehicle,01 - Clear,01 - Daylight,03 - Loose snow,10 - No control,,1,0,0,0,,0,,,,,368973.6943,5030907.44,45.41515978,-75.68007222,2511
20--300,2020/01/08,11:30 AM,CYRVILLE RD @ LABRIE AVE (0012383),12383,03 - At intersection,02 - Non-fatal injury,02 - Angle,01 - Clear,01 - Daylight,01 - Dry,02 - Stop sign,01 - Functioning,2,0,0,0,02 - Minor,3,2,1,,,373401.7352,5031681.55,45.42170473,-75.62339516,2512
20--3000,2020/02/27,6:05 AM,HIGHWAY 417 btwn HWY417 IC127 RAMP67 & HWY417 IC126 RAMP16 (__3ZA2X0),__3ZA2X0,01 - Non intersection,03 - P.D. only,04 - Sideswipe,03 - Snow,07 - Dark,03 - Loose snow,10 - No control,,2,0,0,0,,0,,,,,362334.3205,5025015.658,45.36272371,-75.76558096,2513
20--3001,2020/02/27,6:25 AM,HIGHWAY 417 btwn HWY417 IC127 RAMP63 & HWY417 IC127 RAMP67 (__3ZA2RF),__3ZA2RF,01 - Non intersection,03 - P.D. only,03 - Rear end,03 - Snow,03 - Dawn,03 - Loose snow,10 - No control,,2,0,0,0,,0,,,,,362126.7034,5024854.407,45.36128979,-75.76824965,2514
20--3002,2020/02/27,6:45 PM,WILLOWBARK DR btwn SANSONNET ST & DES TREFLIERES GDN (__3ZBO3T),__3ZBO3T,01 - Non intersection,03 - P.D. only,06 - SMV unattended vehicle,03 - Snow,07 - Dark,05 - Packed snow,10 - No control,,1,0,0,0,,0,,,,,379954.5242,5034684.368,45.44804865,-75.53921542,2515
20--3003,2020/02/27,6:50 AM,SMYTH RD @ RIVERSIDE HOSPITAL (0009069),9069,02 - Intersection related,03 - P.D. only,03 - Rear end,04 - Freezing Rain,03 - Dawn,06 - Ice,01 - Traffic signal,01 - Functioning,3,0,0,0,,0,,,,,369987.8742,5029120.142,45.39898459,-75.66735203,2516
20--3004,2020/02/27,6:53 AM,HOCHELAGA ST @ MONTREAL RD (0007649),7649,02 - Intersection related,03 - P.D. only,04 - Sideswipe,03 - Snow,03 - Dawn,03 - Loose snow,02 - Stop sign,00 - Unknown,2,0,0,0,,0,,,,,372970.7165,5034467.598,45.44681433,-75.62851638,2517
20--3005,2020/02/27,6:57 AM,CONROY RD @ JOHNSTON RD (0011908),11908,02 - Intersection related,03 - P.D. only,07 - SMV other,03 - Snow,03 - Dawn,03 - Loose snow,01 - Traffic signal,01 - Functioning,1,0,0,0,,0,,,,,373396.8056,5026308.459,45.3733606,-75.62420534,2518
20--3006,2020/02/27,7:00 AM,MAITLAND AVE btwn GARFIELD AVE & AGINCOURT RD (__3ZA4IG),__3ZA4IG,01 - Non intersection,03 - P.D. only,04 - Sideswipe,03 - Snow,03 - Dawn,03 - Loose snow,10 - No control,,2,0,0,0,,0,,,,,363389.7574,5025510.989,45.36709322,-75.75205083,2519
20--3007,2020/02/27,7:00 AM,INNOVATION DR btwn FLAMBOROUGH WAY & FLAMBOROUGH WAY (__3G5TW2),__3G5TW2,04 - At/near private drive,03 - P.D. only,02 - Angle,03 - Snow,03 - Dawn,03 - Loose snow,10 - No control,,2,0,0,0,,0,,,,,349547.3689,5022474.995,45.34079513,-75.92902555,2520
20--3008,2020/02/27,7:00 PM,DES SOLDATS-RIENDEAU ST btwn LAMPREY ST & RIVER MIST RD (e___2HJX),e___2HJX,04 - At/near private drive,03 - P.D. only,06 - SMV unattended vehicle,03 - Snow,07 - Dark,05 - Packed snow,10 - No control,,1,0,0,0,,0,,,,,364830.94,5011722.625,45.2429044,-75.73532441,2521
20--3009,2020/02/27,7:09 AM,BANK ST @ DALMENY RD/MARVELVILLE RD (0001081),1081,02 - Intersection related,03 - P.D. only,07 - SMV other,03 - Snow,03 - Dawn,03 - Loose snow,02 - Stop sign,01 - Functioning,1,0,0,0,,0,,,,,385828.7728,5004368.337,45.17463089,-75.46908749,2522
20--301,2020/01/08,Unknown,CONROY RD S @ DAVIDSON RD (0013695),13695,02 - Intersection related,03 - P.D. only,03 - Rear end,04 - Freezing Rain,07 - Dark,06 - Ice,02 - Stop sign,00 - Unknown,2,0,0,0,,0,,,,,374593.746,5023467.508,45.34768076,-75.60932669,2523
20--3010,2020/02/27,7:10 PM,BRIAN COBURN BLVD @ TRIM RD (0015655),15655,03 - At intersection,03 - P.D. only,02 - Angle,03 - Snow,07 - Dark,06 - Ice,11 - Roundabout,01 - Functioning,2,0,0,0,,0,,,,,387159.8738,5035824.92,45.45749831,-75.44692535,2524
20--3011,2020/02/27,7:25 AM,ROCKCLIFFE PKWY btwn GL/OT BOUNDARY & ST. JOSEPH BLVD (__3ZA21V),__3ZA21V,01 - Non intersection,03 - P.D. only,01 - Approaching,03 - Snow,01 - Daylight,03 - Loose snow,10 - No control,,2,0,0,0,,0,,,,,377121.859,5037175.033,45.47075682,-75.57505737,2525
20--3012,2020/02/27,7:26 AM,CARLING AVE EB btwn MERIVALE RD EXTENSION & VISCOUNT AVE (__3ZA26Q),__3ZA26Q,01 - Non intersection,03 - P.D. only,03 - Rear end,03 - Snow,03 - Dawn,05 - Packed snow,10 - No control,,2,0,0,0,,0,,,,,364994.1547,5027762.449,45.3872155,-75.73129669,2526
20--3013,2020/02/27,7:30 AM,WEST HUNT CLUB RD @ CLEOPATRA DR/LANCELOT DR (0000114),114,02 - Intersection related,03 - P.D. only,03 - Rear end,03 - Snow,01 - Daylight,03 - Loose snow,01 - Traffic signal,01 - Functioning,2,0,0,0,,0,,,,,365235.7006,5021732.492,45.33293811,-75.72894966,2527
20--3014,2020/02/27,7:36 AM,LEITRIM RD btwn FARMERS WAY & FOUBERT CRT (__3ZA2BE),__3ZA2BE,07 - Overpass or bridge,02 - Non-fatal injury,07 - SMV other,03 - Snow,01 - Daylight,03 - Loose snow,10 - No control,,1,0,0,0,02 - Minor,1,,1,,,381490.7678,5025620.431,45.36633114,-75.52098863,2528
20--3015,2020/02/27,7:40 AM,CARP RD btwn RICHARDSON SIDE RD & HWY417 IC144 RAMP62 (__3ZA3FS),__3ZA3FS,01 - Non intersection,03 - P.D. only,01 - Approaching,03 - Snow,01 - Daylight,04 - Slush,10 - No control,,2,0,0,0,,0,,,,,346717.7078,5016580.316,45.28792761,-75.96562901,2529
20--3016,2020/02/27,7:40 AM,INDUSTRIAL AVE @ RIVERSIDE DR (0011905),11905,02 - Intersection related,03 - P.D. only,03 - Rear end,03 - Snow,01 - Daylight,04 - Slush,01 - Traffic signal,01 - Functioning,2,0,0,0,,0,,,,,370684.7175,5030592.547,45.41216749,-75.65825544,2530
20--3017,2020/02/27,7:40 AM,KING EDWARD AVE @ RIDEAU ST (0002121),2121,02 - Intersection related,03 - P.D. only,03 - Rear end,03 - Snow,01 - Daylight,04 - Slush,01 - Traffic signal,01 - Functioning,2,0,0,0,,0,,,,,368511.6989,5032413.594,45.42875384,-75.68577961,2531
20--3018,2020/02/27,7:40 AM,CARLING AVE EB btwn TAVISTOCK RD & CONNAUGHT AVE (__3ZA4V6),__3ZA4V6,01 - Non intersection,03 - P.D. only,03 - Rear end,03 - Snow,01 - Daylight,03 - Loose snow,10 - No control,,2,0,0,0,,0,,,,,360745.2014,5025079.327,45.36342522,-75.78585707,2532
20--3019,2020/02/27,7:45 AM,CEDARVIEW RD @ WEST HUNT CLUB RD (0010267),10267,02 - Intersection related,02 - Non-fatal injury,03 - Rear end,03 - Snow,01 - Daylight,03 - Loose snow,01 - Traffic signal,01 - Functioning,2,0,0,0,01 - Minimal,1,1,,,,359718.6755,5019554.475,45.31379369,-75.79957293,2533