Anom_ID,Accident_Date,Accident_Time,Location,Geo_ID,Accident_Location,Classification_of_Accident,Initial_Impact_Type,Environment_Condition,Light,Road_Surface_Condition,Traffic_Control,Traffic_Control_Condition,No__of_Vehicles,No__of_Bicycles,No__of_Motorcycles,No__of_Pedestrians,Max_Injury,No__of_Injuries,No__of_Minimal,No__of_Minor,No__of_Major,No__of_Fatal,X,Y,Latitude,Longitude,ObjectId
20--3527,2020/03/09,4:45 PM,BASELINE RD @ GREENBANK RD (0002357),2357,02 - Intersection related,03 - P.D. only,03 - Rear end,01 - Clear,01 - Daylight,02 - Wet,01 - Traffic signal,01 - Functioning,2,0,0,0,,0,,,,,360597.6758,5022584.49,45.3409885,-75.78802163,2616
20--3528,2020/03/09,4:51 PM,CARP RD @ HAZELDEAN RD (0000086),86,02 - Intersection related,03 - P.D. only,03 - Rear end,01 - Clear,01 - Daylight,01 - Dry,01 - Traffic signal,01 - Functioning,2,0,0,0,,0,,,,,348804.5762,5014360.437,45.26782479,-75.93922346,2617
20--3529,2020/03/09,5:00 PM,KATIMAVIK RD @ MCGIBBON DR/SEWELL WAY (0003484),3484,03 - At intersection,02 - Non-fatal injury,07 - SMV other,01 - Clear,01 - Daylight,01 - Dry,02 - Stop sign,01 - Functioning,1,0,0,1,02 - Minor,1,,1,,,351725.6101,5018738.457,45.30703061,-75.90158687,2618
20--353,2020/01/09,4:30 PM,CYRVILLE RD @ INNES RD (0009352),9352,03 - At intersection,02 - Non-fatal injury,02 - Angle,01 - Clear,01 - Daylight,01 - Dry,01 - Traffic signal,01 - Functioning,5,0,0,0,01 - Minimal,2,2,,,,375047.7255,5031119.559,45.4164849,-75.6024451,2619
20--3530,2020/03/09,5:39 PM,GREENBANK RD @ MALVERN DR/FOXFIELD DR (0009821),9821,02 - Intersection related,02 - Non-fatal injury,03 - Rear end,01 - Clear,01 - Daylight,01 - Dry,01 - Traffic signal,01 - Functioning,2,0,0,0,02 - Minor,1,,1,,,363311.6838,5016194.425,45.28326979,-75.75414836,2620
20--3531,2020/03/09,5:54 AM,BANK ST btwn KENNEDY RD & BELMEADE RD (__3ZBPHO),__3ZBPHO,01 - Non intersection,02 - Non-fatal injury,01 - Approaching,01 - Clear,07 - Dark,01 - Dry,10 - No control,,2,0,0,0,01 - Minimal,2,2,,,,387977.0258,5001190.318,45.14578691,-75.44228956,2621
20--3532,2020/03/09,6:40 AM,HIGHWAY 417 btwn HWY417 IC122 RAMP61 & HWY417 IC121B RAMP16 (__3ZA2Y4),__3ZA2Y4,01 - Non intersection,03 - P.D. only,03 - Rear end,01 - Clear,01 - Daylight,01 - Dry,10 - No control,,2,0,0,0,,0,,,,,365714.2042,5029151.734,45.39965371,-75.72193069,2622
20--3533,2020/03/09,7:25 PM,KING EDWARD AVE @ ST. PATRICK ST (0002714),2714,02 - Intersection related,03 - P.D. only,04 - Sideswipe,01 - Clear,07 - Dark,01 - Dry,01 - Traffic signal,01 - Functioning,2,0,0,0,,0,,,,,368248.6992,5032823.589,45.43246674,-75.68908752,2623
20--3534,2020/03/09,8:12 AM,GREENBANK RD @ 207 S OF BELLMAN DR/GREENBANK S (0004604),4604,02 - Intersection related,02 - Non-fatal injury,03 - Rear end,01 - Clear,01 - Daylight,01 - Dry,01 - Traffic signal,01 - Functioning,3,0,0,0,02 - Minor,3,1,2,,,361337.6664,5020827.464,45.32511956,-75.7787808,2624
20--3535,2020/03/09,8:16 PM,BALMORAL DR @ LIMEBANK RD (0008668),8668,02 - Intersection related,03 - P.D. only,07 - SMV other,02 - Rain,07 - Dark,02 - Wet,02 - Stop sign,00 - Unknown,1,0,0,0,,0,,,,,368566.731,5019860.464,45.31579918,-75.686697,2625
20--3536,2020/03/09,8:30 PM,INNES RD @ STAR TOP RD/WINDMILL LANE (0008734),8734,03 - At intersection,03 - P.D. only,02 - Angle,02 - Rain,07 - Dark,02 - Wet,01 - Traffic signal,01 - Functioning,2,0,0,0,,0,,,,,374147.7231,5030666.568,45.4124989,-75.61400678,2626
20--3537,2020/03/09,8:36 PM,FISHER AVE btwn MCCOOEY LANE & BASELINE RD (__3ZA4JS),__3ZA4JS,01 - Non intersection,03 - P.D. only,01 - Approaching,01 - Clear,07 - Dark,01 - Dry,10 - No control,,2,0,0,0,,0,,,,,366146.4906,5026079.024,45.37196842,-75.71679143,2627
20--3538,2020/03/09,8:39 PM,FISHER AVE btwn KINTYRE PRIV & FOREST PARK AVE (__3ZA4IZ),__3ZA4IZ,01 - Non intersection,02 - Non-fatal injury,03 - Rear end,01 - Clear,07 - Dark,01 - Dry,10 - No control,,2,0,0,0,02 - Minor,1,,1,,,366517.5223,5025187.287,45.36391218,-75.71216633,2628
20--3539,2020/03/09,8:45 PM,DORIMA ST @ INNES RD (0012920),12920,03 - At intersection,02 - Non-fatal injury,07 - SMV other,02 - Rain,07 - Dark,02 - Wet,02 - Stop sign,01 - Functioning,1,0,0,2,02 - Minor,2,,2,,,384312.7633,5036322.566,45.46230546,-75.48324289,2629
20--354,2020/01/09,4:46 PM,BANK ST @ FINDLAY CREEK SC/310 S OF FINDLAY CREEK DR (0013532),13532,02 - Intersection related,02 - Non-fatal injury,03 - Rear end,01 - Clear,05 - Dusk,01 - Dry,01 - Traffic signal,01 - Functioning,2,0,0,0,01 - Minimal,1,1,,,,375967.5345,5020175.263,45.31792052,-75.59227064,2630
20--3540,2020/03/09,8:46 AM,ST. LAURENT BLVD btwn DWELLINGHAM PRIV & TAWNEY RD (__3ZA76V),__3ZA76V,01 - Non intersection,03 - P.D. only,04 - Sideswipe,01 - Clear,01 - Daylight,01 - Dry,10 - No control,,2,0,0,0,,0,,,,,373553.8328,5028907.181,45.39672736,-75.62183879,2631
20--3541,2020/03/09,9:02 AM,BESSERER ST @ NICHOLAS ST (0007614),7614,02 - Intersection related,03 - P.D. only,04 - Sideswipe,01 - Clear,01 - Daylight,01 - Dry,01 - Traffic signal,01 - Functioning,2,0,0,0,,0,,,,,368185.7158,5032111.562,45.42606588,-75.68998405,2632
20--3542,2020/03/09,9:45 PM,BANK ST btwn ALTA VISTA DR & WALKLEY RD (__3ZA4TX),__3ZA4TX,01 - Non intersection,03 - P.D. only,04 - Sideswipe,02 - Rain,07 - Dark,02 - Wet,10 - No control,,2,0,0,0,,0,,,,,370308.9374,5026034.237,45.37118871,-75.66366107,2633
20--3543,2020/03/09,9:50 AM,CUMMINGS AVE/LABELLE ST @ CYRVILLE RD (0008791),8791,03 - At intersection,03 - P.D. only,02 - Angle,01 - Clear,01 - Daylight,01 - Dry,01 - Traffic signal,01 - Functioning,2,0,0,0,,0,,,,,372860.7116,5031871.55,45.42346711,-75.6302814,2634
20--3544,2020/03/10,10:00 AM,HIGHWAY 417 btwn HWY417 IC131 RAMP66 & HWY417 IC130 RAMP26 (__3ZA29A),__3ZA29A,01 - Non intersection,03 - P.D. only,04 - Sideswipe,02 - Rain,01 - Daylight,02 - Wet,10 - No control,,2,0,0,0,,0,,,,,358965.0605,5023047.135,45.34527935,-75.8088016,2635
20--3545,2020/03/10,10:20 PM,BROOKFIELD RD btwn 200 W OF FLANNERY DR & BROOKFIELD RAMP 36 (__3ZA225B),__3ZA225B,01 - Non intersection,03 - P.D. only,06 - SMV unattended vehicle,02 - Rain,07 - Dark,06 - Ice,10 - No control,,1,0,0,0,,0,,,,,368554.9898,5026262.411,45.37340351,-75.68602159,2636
20--3546,2020/03/10,10:22 PM,BASELINE RD btwn MORLEY BLVD & PRINCE OF WALES DR (__3ZA4JU),__3ZA4JU,01 - Non intersection,03 - P.D. only,07 - SMV other,01 - Clear,07 - Dark,06 - Ice,10 - No control,,1,0,0,0,,0,,,,,366781.173,5026410.109,45.3748916,-75.70864769,2637
20--3547,2020/03/10,10:30 AM,OLD SECOND LINE RD @ TERRY FOX DR (0013616),13616,02 - Intersection related,03 - P.D. only,03 - Rear end,01 - Clear,01 - Daylight,01 - Dry,01 - Traffic signal,01 - Functioning,2,0,0,0,,0,,,,,348795.2,5022408.413,45.34024358,-75.93862864,2638
20--3548,2020/03/10,10:54 PM,RIVERSIDE DR @ BROOKFIELD RD/HOG'S BACK RD (0001627),1627,02 - Intersection related,03 - P.D. only,03 - Rear end,01 - Clear,07 - Dark,06 - Ice,01 - Traffic signal,01 - Functioning,2,0,0,0,,0,,,,,368167.6999,5026222.506,45.37307959,-75.69097086,2639
20--3549,2020/03/10,10:55 AM,BANK ST @ CHAMBERLAIN AVE N/ISABELLA ST (0002132),2132,03 - At intersection,03 - P.D. only,04 - Sideswipe,01 - Clear,01 - Daylight,02 - Wet,01 - Traffic signal,01 - Functioning,2,0,0,0,,0,,,,,368082.7159,5030166.562,45.40857474,-75.69154995,2640
20--355,2020/01/09,4:58 PM,DIDSBURY RD btwn TERRY FOX DR & END (__3ZA2NE),__3ZA2NE,04 - At/near private drive,03 - P.D. only,05 - Turning movement,01 - Clear,05 - Dusk,01 - Dry,10 - No control,,2,0,0,0,,0,,,,,350585.4127,5018867.684,45.30826868,-75.91611439,2641
20--3550,2020/03/10,10:56 PM,BASELINE RD btwn MERIVALE RD & FARLANE BLVD (__3ZA4ID),__3ZA4ID,01 - Non intersection,03 - P.D. only,03 - Rear end,01 - Clear,07 - Dark,06 - Ice,10 - No control,,2,0,0,0,,0,,,,,365318.9426,5025493.113,45.36676845,-75.72742751,2642
20--3551,2020/03/10,10:58 PM,BASELINE RD btwn FISHER AVE & LEXINGTON ST (__3ZA4JR),__3ZA4JR,01 - Non intersection,03 - P.D. only,99 - Other,01 - Clear,07 - Dark,06 - Ice,10 - No control,,2,0,0,0,,0,,,,,366380.2371,5026162.259,45.37269685,-75.7137971,2643
20--3552,2020/03/10,10:58 PM,BASELINE RD btwn LEXINGTON ST & MORLEY BLVD (__3ZA4JT),__3ZA4JT,01 - Non intersection,03 - P.D. only,03 - Rear end,01 - Clear,07 - Dark,06 - Ice,10 - No control,,2,0,0,0,,0,,,,,366583.5547,5026287.793,45.37380848,-75.71118586,2644
20--3553,2020/03/10,10:59 PM,AIRPORT PKWY btwn RAMP & TO BE DETERMINED (__3ZA222),__3ZA222,01 - Non intersection,03 - P.D. only,07 - SMV other,01 - Clear,07 - Dark,06 - Ice,10 - No control,,1,0,0,0,,0,,,,,369244.8276,5026061.928,45.37153652,-75.6772413,2645
20--3554,2020/03/10,11:09 PM,RIVERSIDE DR btwn TURN LANE & HUNT CLUB RD (__3ZA37H),__3ZA37H,01 - Non intersection,02 - Non-fatal injury,07 - SMV other,01 - Clear,07 - Dark,06 - Ice,10 - No control,,1,0,0,0,01 - Minimal,1,1,,,,368040.2454,5021864.795,45.33388141,-75.69315532,2646
20--3555,2020/03/10,11:28 AM,BASELINE RD @ JOHN SUTHERLAND DR/VALLEY STREAM (0000011),11,03 - At intersection,02 - Non-fatal injury,02 - Angle,02 - Rain,01 - Daylight,02 - Wet,01 - Traffic signal,01 - Functioning,2,0,0,0,02 - Minor,1,,1,,,359310.6814,5021789.495,45.3339363,-75.80453002,2647
20--3556,2020/03/10,11:29 AM,HIGHWAY 417 btwn HWY417 IC122 RAMP51 & HWY417 IC122 RAMP15 (__3ZA2R0),__3ZA2R0,01 - Non intersection,03 - P.D. only,03 - Rear end,02 - Rain,01 - Daylight,02 - Wet,10 - No control,,2,0,0,0,,0,,,,,365645.425,5029082.678,45.39903835,-75.72281766,2648
20--3557,2020/03/10,12:47 PM,WOODROFFE AVE @ SPORTSPLEX N (0005568),5568,02 - Intersection related,03 - P.D. only,04 - Sideswipe,02 - Rain,01 - Daylight,02 - Wet,01 - Traffic signal,01 - Functioning,2,0,0,0,,0,,,,,363763.656,5021067.236,45.32707742,-75.74780788,2649
20--3558,2020/03/10,12:56 PM,PINECREST RD @ RICHMOND RD (0002353),2353,02 - Intersection related,02 - Non-fatal injury,03 - Rear end,02 - Rain,01 - Daylight,02 - Wet,01 - Traffic signal,01 - Functioning,2,0,0,0,01 - Minimal,1,1,,,,360072.6512,5024471.521,45.35800955,-75.79450951,2650
20--3559,2020/03/10,2:45 PM,RIVERSIDE DR @ SMYTH RD NORTH SIDE RAMP (0011479),11479,02 - Intersection related,03 - P.D. only,03 - Rear end,02 - Rain,01 - Daylight,02 - Wet,01 - Traffic signal,01 - Functioning,2,0,0,0,,0,,,,,369937.564,5029316.758,45.40075835,-75.66796861,2651
20--356,2020/01/09,5:05 PM,BOOTH ST @ CARLING AVE (0002135),2135,02 - Intersection related,03 - P.D. only,03 - Rear end,01 - Clear,05 - Dusk,01 - Dry,01 - Traffic signal,01 - Functioning,2,0,0,0,,0,,,,,367094.7248,5029106.57,45.39912587,-75.70430442,2652
20--3569,2020/03/10,4:40 PM,REGIONAL ROAD 174 btwn OR174 IC101 RAMP63 & OR174 IC101 RAMP45 (__3ZA11Q),__3ZA11Q,01 - Non intersection,03 - P.D. only,03 - Rear end,01 - Clear,01 - Daylight,01 - Dry,10 - No control,,2,0,0,0,,0,,,,,382813.1941,5038926.575,45.48590308,-75.50200196,2653
20--3124,2020/02/29,10:12 PM,BANK ST @ WALKLEY RD (0011423),11423,02 - Intersection related,03 - P.D. only,02 - Angle,01 - Clear,07 - Dark,03 - Loose snow,01 - Traffic signal,01 - Functioning,2,0,0,0,,0,,,,,370337.8501,5025947.737,45.3704077,-75.66330346,2654
20--3125,2020/02/29,10:15 AM,HOLLY ACRES RD btwn AERO DR & TRANSIT (__6KE582),__6KE582,01 - Non intersection,03 - P.D. only,07 - SMV other,01 - Clear,01 - Daylight,01 - Dry,10 - No control,,1,0,0,0,,0,,,,,358365.443,5023177.301,45.34649663,-75.81643865,2655
20--3397,2020/03/06,7:00 AM,JOCKVALE RD @ FABLE ST/WEYBRIDGE DR E (0000722),722,03 - At intersection,03 - P.D. only,07 - SMV other,03 - Snow,01 - Daylight,03 - Loose snow,11 - Roundabout,01 - Functioning,1,0,0,0,,0,,,,,362512.6787,5015143.424,45.27387889,-75.76445467,2656
20--357,2020/01/09,5:15 PM,THOMAS A. DOLAN PKWY btwn TORWOOD DR & STONERIDGE RD (__3ZAC2A),__3ZAC2A,01 - Non intersection,03 - P.D. only,07 - SMV other,01 - Clear,05 - Dusk,01 - Dry,10 - No control,,1,0,0,0,,0,,,,,346098.828,5034815.906,45.45205281,-75.97199364,2657
20--3126,2020/02/29,10:20 PM,BANK ST @ JOHNSTON RD (0006967),6967,03 - At intersection,03 - P.D. only,05 - Turning movement,01 - Clear,07 - Dark,01 - Dry,01 - Traffic signal,01 - Functioning,2,0,0,0,,0,,,,,370851.7254,5024839.533,45.3603882,-75.65689186,2658
20--3398,2020/03/06,7:00 AM,RIDEAU RD btwn RIVER RD & SPRATT RD (__3ZA6L1),__3ZA6L1,01 - Non intersection,03 - P.D. only,07 - SMV other,03 - Snow,01 - Daylight,02 - Wet,10 - No control,,1,0,0,0,,0,,,,,368563.2721,5012688.088,45.25126339,-75.68766271,2659
20--3570,2020/03/10,5:15 PM,MOODIE DR btwn WEST HUNT CLUB RD & ALTI PL (__3ZBOCW),__3ZBOCW,01 - Non intersection,03 - P.D. only,04 - Sideswipe,01 - Clear,01 - Daylight,02 - Wet,10 - No control,,2,0,0,0,,0,,,,,358292.9641,5017571.92,45.29606451,-75.81796895,2660
20--3127,2020/02/29,10:30 AM,CASEY AVE btwn EASTVALE DR & BICKERTON AVE (__3ZA7S4),__3ZA7S4,04 - At/near private drive,03 - P.D. only,02 - Angle,01 - Clear,01 - Daylight,04 - Slush,10 - No control,,2,0,0,0,,0,,,,,375588.1991,5035945.654,45.45985278,-75.59484629,2661
20--3128,2020/02/29,10:33 AM,WOODROFFE AVE btwn GEORGINA DR & HWY417 IC127 RAMP36 (__3ZA4L6),__3ZA4L6,04 - At/near private drive,02 - Non-fatal injury,02 - Angle,01 - Clear,01 - Daylight,01 - Dry,10 - No control,,2,0,0,0,01 - Minimal,1,1,,,,362005.8608,5025131.226,45.36379046,-75.76975999,2662
20--3129,2020/02/29,11:00 AM,ALBION RD @ BANK ST (0012409),12409,02 - Intersection related,03 - P.D. only,05 - Turning movement,01 - Clear,01 - Daylight,01 - Dry,01 - Traffic signal,01 - Functioning,2,0,0,0,,0,,,,,371946.7207,5024129.502,45.35389557,-75.64301295,2663
20--313,2020/01/08,4:45 PM,CARLING AVE @ MELROSE AVE (0006992),6992,03 - At intersection,03 - P.D. only,05 - Turning movement,01 - Clear,05 - Dusk,01 - Dry,02 - Stop sign,01 - Functioning,2,0,0,0,,0,,,,,365970.7025,5028391.555,45.39279144,-75.71874896,2664
20--3130,2020/02/29,11:25 AM,MARCH RD @ 280 S OF CARLING AVE/GATEWAY MALL S (0011492),11492,02 - Intersection related,03 - P.D. only,04 - Sideswipe,01 - Clear,01 - Daylight,01 - Dry,01 - Traffic signal,01 - Functioning,2,0,0,0,,0,,,,,351107.4823,5022027.219,45.3366647,-75.90916152,2665
20--3131,2020/02/29,11:57 AM,MONTREAL RD btwn ALFRED ST & CANTIN ST (__3ZA3MH),__3ZA3MH,01 - Non intersection,03 - P.D. only,01 - Approaching,01 - Clear,01 - Daylight,01 - Dry,10 - No control,,2,0,0,0,,0,,,,,370973.5512,5033544.703,45.43870247,-75.65416908,2666
20--3132,2020/02/29,Unknown,TILLBURY AVE btwn COLE AVE & MELBOURNE AVE (__3ZA0QJ),__3ZA0QJ,01 - Non intersection,03 - P.D. only,06 - SMV unattended vehicle,01 - Clear,00 - Unknown,01 - Dry,10 - No control,,1,0,0,0,,0,,,,,363522.0148,5026947.516,45.38000782,-75.7501918,2667
20--3133,2020/02/29,Unknown,MANOTICK MAIN ST btwn BEAVERWOOD RD & CURRIER ST (__3ZA39J),__3ZA39J,01 - Non intersection,03 - P.D. only,06 - SMV unattended vehicle,01 - Clear,00 - Unknown,01 - Dry,10 - No control,,1,0,0,0,,0,,,,,368967.2831,5009698.92,45.22433033,-75.68290177,2668
20--3134,2020/02/29,Unknown,BANK ST btwn FIFTH AVE & REGENT ST (__3ZA3OU),__3ZA3OU,01 - Non intersection,03 - P.D. only,06 - SMV unattended vehicle,01 - Clear,00 - Unknown,05 - Packed snow,10 - No control,,1,0,0,0,,0,,,,,368409.2735,5029374.336,45.40141694,-75.68748073,2669
20--3135,2020/02/29,12:17 PM,AUGUSTA ST @ RIDEAU ST (0011916),11916,02 - Intersection related,03 - P.D. only,03 - Rear end,01 - Clear,01 - Daylight,01 - Dry,01 - Traffic signal,01 - Functioning,2,0,0,0,,0,,,,,369012.8089,5032717.264,45.43144032,-75.67933661,2670
20--3136,2020/02/29,12:18 PM,ELGIN ST NB @ WELLINGTON ST/RIDEAU ST (0011369),11369,02 - Intersection related,03 - P.D. only,02 - Angle,01 - Clear,01 - Daylight,01 - Dry,01 - Traffic signal,00 - Unknown,2,0,0,0,,0,,,,,367802.7075,5031964.588,45.42477806,-75.69489689,2671
20--3137,2020/02/29,12:30 AM,NICHOLAS ST SB btwn Continuation of WALLER ST & HWY417 IC118 RAMP35 (__6KCDVW),__6KCDVW,01 - Non intersection,03 - P.D. only,04 - Sideswipe,01 - Clear,07 - Dark,01 - Dry,10 - No control,,2,0,0,0,,0,,,,,368979.7303,5031350.159,45.41914265,-75.67993745,2672
20--3138,2020/02/29,12:47 PM,MERIVALE RD btwn KIMWAY CRES & LOBLAWS SC (__3ZA4IOB),__3ZA4IOB,04 - At/near private drive,03 - P.D. only,02 - Angle,01 - Clear,01 - Daylight,01 - Dry,10 - No control,,2,0,0,0,,0,,,,,364756.172,5024850.099,45.36103108,-75.7346891,2673
20--3139,2020/02/29,12:50 PM,MAITLAND AVE btwn CARLING AVE & DUNCAN PL (__3ZA4JY),__3ZA4JY,04 - At/near private drive,03 - P.D. only,02 - Angle,01 - Clear,01 - Daylight,01 - Dry,10 - No control,,2,0,0,0,,0,,,,,362960.4712,5026443.939,45.37552354,-75.75742073,2674
20--314,2020/01/08,5:00 PM,BANK ST @ WELLINGTON ST (0002039),2039,02 - Intersection related,02 - Non-fatal injury,03 - Rear end,01 - Clear,05 - Dusk,01 - Dry,01 - Traffic signal,01 - Functioning,3,0,0,0,01 - Minimal,1,1,,,,367257.693,5031628.589,45.42180372,-75.70190347,2675
20--3140,2020/02/29,2:36 PM,DOVERCOURT AVE btwn HILLCREST AVE & BROADVIEW AVE (__3ZA0RM),__3ZA0RM,01 - Non intersection,03 - P.D. only,99 - Other,01 - Clear,01 - Daylight,06 - Ice,10 - No control,,2,0,0,0,,0,,,,,362938.7006,5027096.603,45.38139794,-75.75762182,2676
20--3141,2020/02/29,3:45 PM,WOODROFFE AVE btwn HWY417 IC127 RAMP53 & IRIS ST (__3ZA4L2),__3ZA4L2,01 - Non intersection,03 - P.D. only,03 - Rear end,01 - Clear,01 - Daylight,06 - Ice,10 - No control,,2,0,0,0,,0,,,,,362247.0714,5024528.215,45.35834489,-75.76675125,2677
20--3142,2020/02/29,3:57 PM,BANK ST @ CHAMBERLAIN AVE N/ISABELLA ST (0002132),2132,02 - Intersection related,03 - P.D. only,03 - Rear end,01 - Clear,01 - Daylight,01 - Dry,01 - Traffic signal,01 - Functioning,2,0,0,0,,0,,,,,368082.7176,5030166.56,45.40857472,-75.69154993,2678
20--3143,2020/02/29,4:00 PM,INNES RD @ 240 E OF TENTH LINE RD/HOME DEPOT E (0012919),12919,03 - At intersection,03 - P.D. only,02 - Angle,01 - Clear,01 - Daylight,01 - Dry,01 - Traffic signal,01 - Functioning,2,0,0,0,,0,,,,,384168.1077,5036256.417,45.46172676,-75.48510304,2679
20--3144,2020/02/29,4:03 PM,BASELINE RD @ MERIVALE RD (0002342),2342,02 - Intersection related,02 - Non-fatal injury,03 - Rear end,01 - Clear,01 - Daylight,01 - Dry,01 - Traffic signal,01 - Functioning,2,0,0,0,02 - Minor,1,,1,,,365054.7055,5025325.512,45.36528317,-75.73082084,2680
20--3145,2020/02/29,4:48 PM,GRANT CARMAN DR @ MEADOWLANDS DR (0001111),1111,03 - At intersection,03 - P.D. only,05 - Turning movement,01 - Clear,01 - Daylight,01 - Dry,01 - Traffic signal,01 - Functioning,2,0,0,0,,0,,,,,365051.6951,5023901.519,45.35247056,-75.73103285,2681
20--3146,2020/02/29,4:56 PM,TERRY FOX DR @ 135 S OF HAZELDEAN RD/SOBEY'S S (0012468),12468,02 - Intersection related,03 - P.D. only,04 - Sideswipe,01 - Clear,01 - Daylight,01 - Dry,01 - Traffic signal,01 - Functioning,2,0,0,0,,0,,,,,352291.6557,5017139.473,45.29260451,-75.894522,2682
20--3147,2020/02/29,5:00 PM,BRONSON AVE @ FIRST AVE (0007719),7719,03 - At intersection,03 - P.D. only,02 - Angle,01 - Clear,01 - Daylight,01 - Dry,02 - Stop sign,01 - Functioning,2,0,0,0,,0,,,,,367489.7078,5029236.551,45.40026014,-75.69924325,2683
20--3148,2020/02/29,5:10 PM,HOLLAND AVE @ ISLAND PARK DR/N.C.C. DRIVEWAY (0010787),10787,03 - At intersection,03 - P.D. only,02 - Angle,01 - Clear,05 - Dusk,01 - Dry,01 - Traffic signal,01 - Functioning,2,0,0,0,,0,,,,,365425.6909,5027917.529,45.38857365,-75.72576725,2684
20--3149,2020/02/29,5:33 PM,MCEWEN AVE btwn AMBLESIDE DR & END (__3ZAZ44),__3ZAZ44,01 - Non intersection,03 - P.D. only,06 - SMV unattended vehicle,01 - Clear,07 - Dark,01 - Dry,10 - No control,,1,0,0,0,,0,,,,,360932.5561,5026113.972,45.37271992,-75.78334811,2685
20--315,2020/01/08,5:05 PM,KIRKWOOD AVE @ LAPERRIERE AVE (0006742),6742,03 - At intersection,03 - P.D. only,05 - Turning movement,01 - Clear,05 - Dusk,01 - Dry,01 - Traffic signal,01 - Functioning,2,0,0,0,,0,,,,,364519.6912,5026958.543,45.38002271,-75.73745249,2686
20--3150,2020/02/29,6:00 PM,LEES AVE @ KING EDWARD AVE/MANN AVE (0011413),11413,02 - Intersection related,03 - P.D. only,03 - Rear end,03 - Snow,05 - Dusk,04 - Slush,01 - Traffic signal,01 - Functioning,2,0,0,0,,0,,,,,369178.799,5031334.748,45.4189857,-75.67739611,2687
20--3151,2020/02/29,6:20 PM,CARLING AVE @ MAITLAND AVE/SHERBOURNE RD (0002641),2641,02 - Intersection related,03 - P.D. only,03 - Rear end,01 - Clear,07 - Dark,02 - Wet,01 - Traffic signal,01 - Functioning,2,0,0,0,,0,,,,,362942.6963,5026488.514,45.3759261,-75.75764241,2688
20--3152,2020/02/29,6:30 PM,CAMPEAU DR/HWY 417 MARCH IC138R63 @ MARCH RD (0009710),9710,03 - At intersection,03 - P.D. only,02 - Angle,01 - Clear,07 - Dark,01 - Dry,01 - Traffic signal,01 - Functioning,2,0,0,0,,0,,,,,352841.6276,5020476.465,45.32259413,-75.88718726,2689
20--3153,2020/02/29,6:44 AM,CARLING AVE EB btwn HOLLY ACRES RD & BAYSHORE DR (__3ZA4VH),__3ZA4VH,01 - Non intersection,03 - P.D. only,07 - SMV other,01 - Clear,07 - Dark,01 - Dry,10 - No control,,1,0,0,0,,0,,,,,358699.3972,5023788.124,45.35196725,-75.81211071,2690
20--3154,2020/02/29,8:04 AM,CEDARVIEW RD btwn HWY416 IC72 RAMP24 & WEST HUNT CLUB RD (__3ZAZEP),__3ZAZEP,01 - Non intersection,03 - P.D. only,07 - SMV other,01 - Clear,01 - Daylight,01 - Dry,10 - No control,,1,0,0,0,,0,,,,,359643.1079,5019683.64,45.31496183,-75.80052234,2691
20--3155,2020/02/29,8:24 AM,MONTREAL RD btwn OGILVIE RD & LAPORTE ST (__3ZA2D7),__3ZA2D7,04 - At/near private drive,02 - Non-fatal injury,02 - Angle,01 - Clear,01 - Daylight,02 - Wet,10 - No control,,2,0,0,0,03 - Major,3,,2,1,,375697.1821,5034584.623,45.44759602,-75.59364912,2692
20--3156,2020/02/29,8:30 PM,JEANNE D'ARC BLVD @ FORTUNE DR/VINEYARD DR (0004393),4393,02 - Intersection related,03 - P.D. only,04 - Sideswipe,01 - Clear,07 - Dark,01 - Dry,01 - Traffic signal,01 - Functioning,2,0,0,0,,0,,,,,379238.7186,5037375.594,45.4723389,-75.54795764,2693
20--3157,2020/02/29,8:33 AM,PRINCE OF WALES DR @ WEST HUNT CLUB RD (0000567),567,03 - At intersection,02 - Non-fatal injury,02 - Angle,01 - Clear,01 - Daylight,01 - Dry,01 - Traffic signal,01 - Functioning,2,0,0,0,02 - Minor,1,,1,,,367458.7013,5021891.502,45.33417388,-75.70057078,2694
20--3158,2020/02/29,8:41 AM,WEST HUNT CLUB RD EB btwn CLEOPATRA DR & 210 W OF MERIVALE RD (__3ZA3JDA),__3ZA3JDA,01 - Non intersection,03 - P.D. only,03 - Rear end,01 - Clear,01 - Daylight,02 - Wet,10 - No control,,2,0,0,0,,0,,,,,365335.9867,5021757.893,45.33315802,-75.7276672,2695
20--3159,2020/02/29,8:49 PM,SOMERSET ST    W btwn CARTIER ST & MACDONALD ST (__3ZA9U0),__3ZA9U0,01 - Non intersection,03 - P.D. only,04 - Sideswipe,01 - Clear,07 - Dark,05 - Packed snow,10 - No control,,2,0,0,0,,0,,,,,368411.5955,5031347.236,45.41916824,-75.68719649,2696