Anom_ID,Accident_Date,Accident_Time,Location,Geo_ID,Accident_Location,Classification_of_Accident,Initial_Impact_Type,Environment_Condition,Light,Road_Surface_Condition,Traffic_Control,Traffic_Control_Condition,No__of_Vehicles,No__of_Bicycles,No__of_Motorcycles,No__of_Pedestrians,Max_Injury,No__of_Injuries,No__of_Minimal,No__of_Minor,No__of_Major,No__of_Fatal,X,Y,Latitude,Longitude,ObjectId
20--316,2020/01/08,5:21 PM,HIGHWAY 417 btwn HWY417 IC117 RAMP51 & HWY417 IC117 RAMP35 (__3ZA2YN),__3ZA2YN,01 - Non intersection,03 - P.D. only,03 - Rear end,01 - Clear,05 - Dusk,01 - Dry,10 - No control,,3,0,0,0,,0,,,,,370954.8841,5031255.564,45.41810755,-75.65471516,2697
20--3160,2020/02/29,9:22 AM,BRONSON AVE @ FIRST AVE (0007719),7719,02 - Intersection related,03 - P.D. only,03 - Rear end,01 - Clear,01 - Daylight,01 - Dry,02 - Stop sign,01 - Functioning,2,0,0,0,,0,,,,,367489.6967,5029236.564,45.40026026,-75.69924339,2698
20--3161,2020/02/29,9:33 PM,CUMBERLAND ST btwn RIDEAU ST & BESSERER ST (__3ZA8Z5),__3ZA8Z5,01 - Non intersection,02 - Non-fatal injury,01 - Approaching,01 - Clear,07 - Dark,06 - Ice,10 - No control,,2,0,0,0,02 - Minor,1,,1,,,368386.8731,5032308.464,45.42781928,-75.68738827,2699
20--3162,2020/02/29,9:35 AM,MERIVALE RD @ WEST HUNT CLUB RD (0000584),584,02 - Intersection related,03 - P.D. only,03 - Rear end,01 - Clear,01 - Daylight,01 - Dry,01 - Traffic signal,01 - Functioning,2,0,0,0,,0,,,,,365612.6987,5021942.501,45.33479517,-75.72411449,2700
20--3163,2020/02/29,9:51 AM,STRATHCONA AVE btwn BANK ST & O'CONNOR ST (__3ZA96M),__3ZA96M,01 - Non intersection,03 - P.D. only,99 - Other,01 - Clear,01 - Daylight,05 - Packed snow,10 - No control,,2,0,0,0,,0,,,,,368265.605,5030104.115,45.4079963,-75.68922178,2701
20--3164,2020/03/01,1:31 PM,GREENBANK RD @ BELLMAN DR/BATEMAN DR (0000153),153,02 - Intersection related,03 - P.D. only,03 - Rear end,01 - Clear,01 - Daylight,01 - Dry,01 - Traffic signal,01 - Functioning,2,0,0,0,,0,,,,,361256.675,5021017.488,45.32683592,-75.77979221,2702
20--3165,2020/03/01,1:40 PM,BEAUJOLAIS CRES btwn VINEYARD DR & BURGUNDY LANE (__3ZA67L),__3ZA67L,04 - At/near private drive,03 - P.D. only,02 - Angle,01 - Clear,01 - Daylight,01 - Dry,10 - No control,,2,0,0,0,,0,,,,,379032.5417,5037013.828,45.46910595,-75.55064884,2703
20--3166,2020/03/01,10:00 PM,DUNROBIN RD btwn DUNROBIN RD & MURPHY SIDE RD (__3ZA3EB),__3ZA3EB,01 - Non intersection,03 - P.D. only,07 - SMV other,01 - Clear,07 - Dark,01 - Dry,10 - No control,,1,0,0,0,,0,,,,,344449.7095,5029035.141,45.40013185,-75.99354217,2704
20--3167,2020/03/01,10:30 AM,WOODROFFE AVE @ GEORGINA DR/LENESTER AVE (0002351),2351,02 - Intersection related,03 - P.D. only,03 - Rear end,01 - Clear,01 - Daylight,01 - Dry,01 - Traffic signal,01 - Functioning,2,0,0,0,,0,,,,,361909.6697,5025370.518,45.36595143,-75.77096012,2705
20--3168,2020/03/01,10:57 AM,BANK ST @ GLADSTONE AVE (0002253),2253,03 - At intersection,02 - Non-fatal injury,07 - SMV other,01 - Clear,01 - Daylight,02 - Wet,01 - Traffic signal,01 - Functioning,1,0,0,1,02 - Minor,1,,1,,,367916.7049,5030562.564,45.41215283,-75.69361986,2706
20--3169,2020/03/01,11:50 AM,ST. JOSEPH BLVD btwn ST. JOSEPH BLVD & PLACE D'ORLEANS DR (__3ZA2AV),__3ZA2AV,01 - Non intersection,03 - P.D. only,03 - Rear end,01 - Clear,01 - Daylight,01 - Dry,10 - No control,,2,0,0,0,,0,,,,,381898.1209,5037916.741,45.47691915,-75.51386497,2707
20--317,2020/01/08,5:30 PM,PARKDALE AVE @ HWY 417 PARKDAL IC122R15/HWY 41 (0002363),2363,03 - At intersection,03 - P.D. only,03 - Rear end,01 - Clear,05 - Dusk,01 - Dry,01 - Traffic signal,01 - Functioning,2,0,0,0,,0,,,,,365336.6791,5028845.546,45.39693145,-75.72679003,2708
20--3170,2020/03/01,Unknown,WENTWORTH AVE btwn LAWN AVE & CARLING AVE (__3ZABY1),__3ZABY1,01 - Non intersection,03 - P.D. only,06 - SMV unattended vehicle,03 - Snow,00 - Unknown,04 - Slush,10 - No control,,1,0,0,0,,0,,,,,361290.9649,5025564.383,45.36774595,-75.77883547,2709
20--3171,2020/03/01,12:02 PM,MACKENZIE KING BR/WALLER ST @ NICHOLAS ST/WALL (0011251),11251,02 - Intersection related,03 - P.D. only,04 - Sideswipe,01 - Clear,01 - Daylight,01 - Dry,01 - Traffic signal,01 - Functioning,3,0,0,0,,0,,,,,368372.1449,5031992.651,45.42497904,-75.68761723,2710
20--3172,2020/03/01,12:24 PM,BRONSON AVE @ POWELL AVE (0007212),7212,02 - Intersection related,03 - P.D. only,04 - Sideswipe,01 - Clear,01 - Daylight,02 - Wet,01 - Traffic signal,01 - Functioning,2,0,0,0,,0,,,,,367387.8701,5029477.21,45.40243464,-75.70051338,2711
20--3173,2020/03/01,12:26 AM,VIEWMOUNT DR @ MERIVALE RD (0001528),1528,03 - At intersection,02 - Non-fatal injury,02 - Angle,01 - Clear,07 - Dark,01 - Dry,01 - Traffic signal,01 - Functioning,2,0,0,0,02 - Minor,3,2,1,,,365193.6941,5022948.493,45.34388315,-75.72933712,2712
20--3174,2020/03/01,12:33 PM,CLEGG ST @ MAIN ST (0007200),7200,02 - Intersection related,03 - P.D. only,03 - Rear end,01 - Clear,01 - Daylight,01 - Dry,01 - Traffic signal,01 - Functioning,2,0,0,0,,0,,,,,369271.7262,5029921.545,45.40626165,-75.6763937,2713
20--3175,2020/03/01,2:05 PM,ALBERT ST @ BAY ST (0006357),6357,02 - Intersection related,03 - P.D. only,04 - Sideswipe,01 - Clear,01 - Daylight,01 - Dry,01 - Traffic signal,01 - Functioning,2,0,0,0,,0,,,,,366942.6967,5031143.595,45.41746795,-75.70598933,2714
20--3176,2020/03/01,2:40 PM,RIVERSIDE DR SB btwn SAN REMO PRIV & TERMINAL AVE (__3ZA253),__3ZA253,01 - Non intersection,03 - P.D. only,04 - Sideswipe,01 - Clear,01 - Daylight,02 - Wet,10 - No control,,2,0,0,0,,0,,,,,370513.8663,5030424.319,45.4106699,-75.66046043,2715
20--3177,2020/03/01,3:17 AM,JEANNE D'ARC BLVD  S btwn DES EPINETTES AVE & SAPINIER ST (__3ZA3Y5),__3ZA3Y5,01 - Non intersection,03 - P.D. only,07 - SMV other,01 - Clear,07 - Dark,01 - Dry,10 - No control,,1,0,0,0,,0,,,,,382382.3038,5035937.049,45.45905396,-75.5079854,2716
20--3178,2020/03/01,5:07 PM,CARLING AVE @ KIRKWOOD AVE N (0002358),2358,02 - Intersection related,03 - P.D. only,03 - Rear end,01 - Clear,01 - Daylight,01 - Dry,01 - Traffic signal,01 - Functioning,2,0,0,0,,0,,,,,364275.6907,5027493.527,45.38485716,-75.74050335,2717
20--3179,2020/03/01,6:56 AM,CARLING AVE @ KIRKWOOD AVE N (0002358),2358,03 - At intersection,02 - Non-fatal injury,02 - Angle,01 - Clear,01 - Daylight,01 - Dry,01 - Traffic signal,01 - Functioning,2,0,0,0,02 - Minor,1,,1,,,364275.6849,5027493.518,45.38485708,-75.74050342,2718
20--318,2020/01/08,5:45 PM,HIGHWAY 417 btwn HWY417 IC121B RAMP51 & HWY417 IC121A RAMP51 (__3ZA2YW),__3ZA2YW,01 - Non intersection,03 - P.D. only,03 - Rear end,01 - Clear,07 - Dark,01 - Dry,10 - No control,,4,0,0,0,,0,,,,,366981.4732,5029635.456,45.40389471,-75.70568417,2719
20--3180,2020/03/01,7:25 PM,HWY417 IC118 RAMP76 btwn HIGHWAY 417 & HWY417 IC118 RAMP43 (__3ZAY9N),__3ZAY9N,01 - Non intersection,02 - Non-fatal injury,07 - SMV other,01 - Clear,07 - Dark,01 - Dry,10 - No control,,1,0,0,0,01 - Minimal,1,1,,,,369367.0809,5031021.773,45.41615232,-75.67503159,2720
20--3181,2020/03/01,7:41 PM,PRESLAND RD @ VANIER PKWY (0012076),12076,03 - At intersection,03 - P.D. only,05 - Turning movement,01 - Clear,07 - Dark,01 - Dry,01 - Traffic signal,01 - Functioning,2,0,0,0,,0,,,,,370433.1203,5031751.646,45.42262024,-75.66131512,2721
20--3182,2020/03/01,8:00 PM,KING EDWARD AVE @ LAURIER AVE (0002170),2170,02 - Intersection related,03 - P.D. only,04 - Sideswipe,01 - Clear,07 - Dark,01 - Dry,01 - Traffic signal,01 - Functioning,2,0,0,0,,0,,,,,368739.7003,5032034.575,45.42532276,-75.68291531,2722
20--3183,2020/03/01,8:10 AM,INNES RD @ 215 W OF CYRVILLE RD/HOME DEPOT W (0012457),12457,02 - Intersection related,03 - P.D. only,03 - Rear end,01 - Clear,01 - Daylight,06 - Ice,01 - Traffic signal,01 - Functioning,2,0,0,0,,0,,,,,374863.8952,5031000.781,45.41543463,-75.6048105,2723
20--3184,2020/03/01,9:07 PM,GLADSTONE AVE @ LEBRETON ST (0005746),5746,03 - At intersection,02 - Non-fatal injury,02 - Angle,01 - Clear,07 - Dark,02 - Wet,02 - Stop sign,01 - Functioning,2,0,0,0,02 - Minor,1,,1,,,366855.7056,5029922.559,45.40648914,-75.70725446,2724
20--3185,2020/03/01,9:15 PM,SPRINGLAND DR btwn MOONEY'S BAY PL & FLANNERY DR (__3ZA9G1),__3ZA9G1,04 - At/near private drive,03 - P.D. only,02 - Angle,01 - Clear,07 - Dark,02 - Wet,10 - No control,,2,0,0,0,,0,,,,,368668.7977,5025278.257,45.364538,-75.68469596,2725
20--3186,2020/03/01,9:36 PM,ELGIN ST @ LISGAR ST (0006935),6935,02 - Intersection related,03 - P.D. only,03 - Rear end,01 - Clear,07 - Dark,05 - Packed snow,01 - Traffic signal,01 - Functioning,2,0,0,0,,0,,,,,368074.711,5031345.587,45.41918395,-75.69150084,2726
20--3187,2020/03/01,9:44 AM,MONTREAL RD @ ST. LAURENT BLVD (0002604),2604,03 - At intersection,02 - Non-fatal injury,07 - SMV other,01 - Clear,01 - Daylight,01 - Dry,01 - Traffic signal,01 - Functioning,1,0,0,2,01 - Minimal,2,2,,,,371545.6986,5033817.59,45.44110339,-75.6468197,2727
20--3188,2020/03/02,1:45 PM,KLONDIKE RD @ SECOND LINE RD (0003546),3546,03 - At intersection,03 - P.D. only,02 - Angle,02 - Rain,01 - Daylight,02 - Wet,02 - Stop sign,01 - Functioning,2,0,0,0,,0,,,,,348189.0805,5023075.764,45.34628633,-75.94630373,2728
20--3189,2020/03/02,10:18 PM,HIGHWAY 417 btwn HWY417 IC129 RAMP25 & TRANSIT (__3ZA2SH),__3ZA2SH,01 - Non intersection,03 - P.D. only,03 - Rear end,01 - Clear,07 - Dark,01 - Dry,10 - No control,,2,0,0,0,,0,,,,,361833.8428,5024597.608,45.35900302,-75.77201722,2729
20--319,2020/01/08,6:10 AM,RENAUD RD @ NAVAN RD (0003685),3685,03 - At intersection,03 - P.D. only,02 - Angle,02 - Rain,07 - Dark,04 - Slush,01 - Traffic signal,01 - Functioning,2,0,0,0,,0,,,,,381816.7578,5032736.554,45.43032106,-75.51571667,2730
20--3190,2020/03/02,10:41 PM,LAURIER AVE   W btwn LYON ST N & KENT ST (__3ZA3CQ),__3ZA3CQ,01 - Non intersection,03 - P.D. only,06 - SMV unattended vehicle,01 - Clear,07 - Dark,02 - Wet,10 - No control,,1,0,0,0,,0,,,,,367157.7644,5031071.029,45.41679589,-75.70325082,2731
20--3191,2020/03/02,10:55 AM,SACKVILLE ST @ CONNAUGHT AVE (0002719),2719,03 - At intersection,03 - P.D. only,02 - Angle,02 - Rain,01 - Daylight,06 - Ice,02 - Stop sign,01 - Functioning,2,0,0,0,,0,,,,,360839.6871,5024929.516,45.36206968,-75.78466803,2732
20--3192,2020/03/02,11:10 AM,HUNT CLUB RD @ RIVERSIDE DR (0002237),2237,02 - Intersection related,03 - P.D. only,07 - SMV other,01 - Clear,01 - Daylight,06 - Ice,01 - Traffic signal,01 - Functioning,1,0,0,0,,0,,,,,368036.7052,5021945.495,45.33460785,-75.69319017,2733
20--3193,2020/03/02,11:15 AM,CONROY RD @ HUNT CLUB RD (0002257),2257,02 - Intersection related,03 - P.D. only,03 - Rear end,01 - Clear,01 - Daylight,02 - Wet,01 - Traffic signal,01 - Functioning,2,0,0,0,,0,,,,,373763.7372,5025404.51,45.36519123,-75.61964736,2734
20--3194,2020/03/02,11:15 AM,INNES RD btwn ANDERSON RD & INNES RD (__3ZA3J2),__3ZA3J2,01 - Non intersection,02 - Non-fatal injury,03 - Rear end,01 - Clear,01 - Daylight,02 - Wet,10 - No control,,2,0,0,0,02 - Minor,1,,1,,,376325.4669,5031865.798,45.42306968,-75.58601315,2735
20--3195,2020/03/02,Unknown,BELL ST    S btwn MACLEAN ST & CARLING AVE (__3ZBOU3),__3ZBOU3,01 - Non intersection,03 - P.D. only,06 - SMV unattended vehicle,01 - Clear,00 - Unknown,01 - Dry,10 - No control,,1,0,0,0,,0,,,,,367227.1163,5029324.735,45.40107706,-75.70258593,2736
20--3196,2020/03/02,Unknown,O'CONNOR ST btwn COOPER ST & SOMERSET ST W (__3ZA34V),__3ZA34V,01 - Non intersection,03 - P.D. only,06 - SMV unattended vehicle,01 - Clear,00 - Unknown,01 - Dry,10 - No control,,1,0,0,0,,0,,,,,367819.9663,5031068.1,45.4167102,-75.69479103,2737
20--3197,2020/03/02,Unknown,DE DARVOY PL btwn DE L'ARGONAUT CIRC & DE LARMARCHE AVE (e___2K3M),e___2K3M,04 - At/near private drive,03 - P.D. only,06 - SMV unattended vehicle,03 - Snow,00 - Unknown,04 - Slush,10 - No control,,1,0,0,0,,0,,,,,381183.896,5034210.586,45.44365267,-75.52357481,2738
20--3198,2020/03/02,Unknown,CHAPMAN MILLS DR btwn LEAMINGTON WAY & TEMAGAMI DR (__61W6PK),__61W6PK,01 - Non intersection,03 - P.D. only,06 - SMV unattended vehicle,00 - Unknown,00 - Unknown,02 - Wet,10 - No control,,1,0,0,0,,0,,,,,365260.8356,5014795.879,45.27052077,-75.72947497,2739
20--3199,2020/03/02,Unknown,BELMONT AVE btwn BRISTOL AVE & RIDEAU RIVER DR (__3ZA9KI),__3ZA9KI,01 - Non intersection,03 - P.D. only,06 - SMV unattended vehicle,03 - Snow,00 - Unknown,03 - Loose snow,10 - No control,,1,0,0,0,,0,,,,,369428.0849,5028763.757,45.39582985,-75.67454819,2740
20--32,2020/01/02,12:24 PM,BASELINE RD btwn LOBLAWS SC & MERIVALE RD (__3ZA4ISC),__3ZA4ISC,01 - Non intersection,03 - P.D. only,03 - Rear end,01 - Clear,01 - Daylight,02 - Wet,10 - No control,,2,0,0,0,,0,,,,,364813.4284,5025174.405,45.36394423,-75.73391893,2741
20--2758,2020/02/22,4:14 PM,HIGHWAY 417 btwn HIGHWAY 417 & HWY417 IC115 RAMP61 (__3ZA2YH),__3ZA2YH,01 - Non intersection,03 - P.D. only,04 - Sideswipe,01 - Clear,01 - Daylight,01 - Dry,10 - No control,,2,0,0,0,,0,,,,,372588.8597,5031534.579,45.4204616,-75.63380125,2742
20--3399,2020/03/06,7:10 AM,HIGHWAY 416 btwn HWY416 IC57 RAMP24 & HWY416 IC49 RAMP42 (__3ZAZGI),__3ZAZGI,01 - Non intersection,03 - P.D. only,04 - Sideswipe,03 - Snow,01 - Daylight,03 - Loose snow,10 - No control,,2,0,0,0,,0,,,,,365554.2521,5006686.261,45.19752486,-75.72672624,2743
20--3571,2020/03/10,5:55 PM,FALLOWFIELD RD btwn ASHDALE AVE & PRINCE OF WALES DR (__3ZA3IQ),__3ZA3IQ,01 - Non intersection,03 - P.D. only,03 - Rear end,01 - Clear,01 - Daylight,01 - Dry,10 - No control,,2,0,0,0,,0,,,,,366991.7893,5018908.039,45.30737065,-75.70690193,2744
20--34,2020/01/02,12:57 PM,CAMPEAU DR @ HERLIHEY WAY (0012766),12766,02 - Intersection related,03 - P.D. only,03 - Rear end,01 - Clear,01 - Daylight,02 - Wet,01 - Traffic signal,01 - Functioning,3,0,0,0,,0,,,,,350508.5708,5019177.487,45.31106138,-75.9170657,2745
20--340,2020/01/09,10:54 AM,O'CONNOR ST @ SOMERSET ST (0002690),2690,03 - At intersection,02 - Non-fatal injury,07 - SMV other,01 - Clear,01 - Daylight,01 - Dry,01 - Traffic signal,01 - Functioning,1,0,0,1,01 - Minimal,1,1,,,,367855.6964,5031012.558,45.41620724,-75.69434166,2746
20--3400,2020/03/06,7:15 AM,ROCKCLIFFE PKWY btwn PRINCESS AVE & BUENA VISTA RD (__3ZA8D1),__3ZA8D1,01 - Non intersection,02 - Non-fatal injury,07 - SMV other,03 - Snow,01 - Daylight,04 - Slush,10 - No control,,1,0,0,0,01 - Minimal,1,1,,,,368481.9634,5034756.641,45.4498384,-75.68585644,2747
20--3572,2020/03/10,7:00 AM,BANK ST @ LEITRIM RD (0004125),4125,03 - At intersection,03 - P.D. only,05 - Turning movement,02 - Rain,01 - Daylight,02 - Wet,01 - Traffic signal,01 - Functioning,2,0,0,0,,0,,,,,375357.7533,5021619.495,45.33097668,-75.59984153,2748
20--3401,2020/03/06,7:15 PM,WELLINGTON ST    W btwn HOLLAND AVE & HINTON AVE N (__3ZA4QR),__3ZA4QR,01 - Non intersection,03 - P.D. only,04 - Sideswipe,01 - Clear,07 - Dark,01 - Dry,10 - No control,,2,0,0,0,,0,,,,,364956.7868,5029168.002,45.39986558,-75.73160247,2749
20--3402,2020/03/06,7:17 PM,GRAND MANAN CIR btwn GRAND MANAN CIR & HUNTSVILLE DR (__8JUUI1),__8JUUI1,01 - Non intersection,03 - P.D. only,99 - Other,01 - Clear,07 - Dark,02 - Wet,10 - No control,,2,0,0,0,,0,,,,,348793.282,5019920.517,45.31785693,-75.93887421,2750
20--3573,2020/03/10,7:02 PM,BRIDLE PATH DR btwn TRAPPER'S RD & CAROUSEL CRES (__3ZA9BD),__3ZA9BD,01 - Non intersection,03 - P.D. only,06 - SMV unattended vehicle,01 - Clear,07 - Dark,01 - Dry,10 - No control,,1,0,0,0,,0,,,,,371777.88,5023570.512,45.34888211,-75.64524332,2751
20--3403,2020/03/06,7:18 AM,PRESTONE DR btwn ST. JOSEPH BLVD & RIVER RIDGE CRES (__3ZA6YV),__3ZA6YV,01 - Non intersection,03 - P.D. only,01 - Approaching,03 - Snow,01 - Daylight,03 - Loose snow,10 - No control,,2,0,0,0,,0,,,,,382457.6997,5038181.203,45.47923653,-75.50666686,2752
20--3574,2020/03/10,7:15 PM,BASELINE RD @ CLYDE AVE (0002343),2343,02 - Intersection related,02 - Non-fatal injury,02 - Angle,01 - Clear,07 - Dark,02 - Wet,01 - Traffic signal,01 - Functioning,2,0,0,0,02 - Minor,2,1,1,,,364358.7027,5024890.509,45.36142856,-75.73975728,2753
20--3575,2020/03/10,8:03 AM,RIVERSIDE DR @ TREMBLAY RD/HWY417 IC117 RAMP52 (0010790),10790,02 - Intersection related,03 - P.D. only,03 - Rear end,02 - Rain,01 - Daylight,02 - Wet,01 - Traffic signal,01 - Functioning,2,0,0,0,,0,,,,,370802.0787,5031015.911,45.41596568,-75.65669949,2754
20--3576,2020/03/10,8:15 AM,BASELINE RD btwn CLYDE AVE & 207 E OF CLYDE AVE (__3ZA4ISA),__3ZA4ISA,01 - Non intersection,03 - P.D. only,03 - Rear end,01 - Clear,01 - Daylight,01 - Dry,10 - No control,,2,0,0,0,,0,,,,,364435.1611,5024939.332,45.36186136,-75.73877551,2755
20--3577,2020/03/10,8:37 AM,ISLAND PARK CRES @ ISLAND PARK DR (0002123),2123,02 - Intersection related,03 - P.D. only,99 - Other,02 - Rain,01 - Daylight,02 - Wet,02 - Stop sign,01 - Functioning,2,0,0,0,,0,,,,,364465.703,5028109.554,45.3903839,-75.73800266,2756
20--3578,2020/03/10,9:00 PM,CHURCHILL AVE   N btwn TILLBURY AVE & CARLING AVE (__3ZBOD9),__3ZBOD9,04 - At/near private drive,03 - P.D. only,03 - Rear end,01 - Clear,07 - Dark,01 - Dry,10 - No control,,2,0,0,0,,0,,,,,363771.1141,5027036.454,45.38078715,-75.74700076,2757
20--3579,2020/03/10,9:10 AM,SMYTH RD @ GENERAL HOSPITAL E (0008855),8855,03 - At intersection,03 - P.D. only,04 - Sideswipe,02 - Rain,01 - Daylight,02 - Wet,01 - Traffic signal,01 - Functioning,2,0,0,0,,0,,,,,371516.7024,5029181.551,45.3993931,-75.64781808,2758
20--358,2020/01/09,5:30 PM,BRONSON AVE @ FIFTH AVE/MADAWASKA DR (0006977),6977,02 - Intersection related,03 - P.D. only,04 - Sideswipe,01 - Clear,05 - Dusk,01 - Dry,01 - Traffic signal,01 - Functioning,2,0,0,0,,0,,,,,367613.7039,5028938.55,45.3975677,-75.69769751,2759
20--3580,2020/03/10,9:44 AM,LEWIS ST @ METCALFE ST (0007288),7288,03 - At intersection,03 - P.D. only,05 - Turning movement,02 - Rain,01 - Daylight,02 - Wet,02 - Stop sign,01 - Functioning,2,0,0,0,,0,,,,,368120.7089,5030923.575,45.41538266,-75.69096739,2760
20--3581,2020/03/11,1:26 PM,GARDENPOST TERR btwn GUPPY GROVE & GUPPY GROVE (e___2KNT),e___2KNT,01 - Non intersection,03 - P.D. only,99 - Other,01 - Clear,01 - Daylight,08 - Loose sand or gravel,10 - No control,,2,0,0,0,,0,,,,,383707.601,5034001.071,45.44148732,-75.49135251,2761
20--3582,2020/03/11,10:38 PM,CARLING AVE @ PRESTON ST (0002161),2161,03 - At intersection,03 - P.D. only,02 - Angle,01 - Clear,07 - Dark,01 - Dry,01 - Traffic signal,01 - Functioning,2,0,0,0,,0,,,,,366829.695,5028935.546,45.39761057,-75.70771085,2762
20--3583,2020/03/11,10:50 AM,BERRIGAN DR btwn CLARIDGE DR & PLUMAS GT (__4O3JPL),__4O3JPL,01 - Non intersection,03 - P.D. only,06 - SMV unattended vehicle,01 - Clear,01 - Daylight,01 - Dry,10 - No control,,1,0,0,0,,0,,,,,364683.1271,5015864.585,45.2801864,-75.73670783,2763
20--3584,2020/03/11,10:52 PM,LAURIER AVE @ NICHOLAS ST (0010711),10711,02 - Intersection related,03 - P.D. only,03 - Rear end,01 - Clear,07 - Dark,01 - Dry,01 - Traffic signal,01 - Functioning,2,0,0,0,,0,,,,,368373.642,5031798.264,45.42322988,-75.68762319,2764
20--3585,2020/03/11,Unknown,O'CONNOR ST btwn SPARKS ST & QUEEN ST (__3ZA1Z9),__3ZA1Z9,01 - Non intersection,03 - P.D. only,06 - SMV unattended vehicle,01 - Clear,00 - Unknown,01 - Dry,10 - No control,,1,0,0,0,,0,,,,,367464.4519,5031639.922,45.42188721,-75.69926028,2765
20--3586,2020/03/11,Unknown,KING EDWARD AVE btwn MANN AVE & TEMPLETON ST (__3ZA3CB),__3ZA3CB,01 - Non intersection,03 - P.D. only,03 - Rear end,01 - Clear,00 - Unknown,01 - Dry,10 - No control,,2,0,0,0,,0,,,,,369108.2679,5031428.133,45.41983243,-75.67828504,2766
20--3587,2020/03/11,12:04 PM,CYRVILLE RD @ ST. LAURENT BLVD (0002647),2647,02 - Intersection related,03 - P.D. only,04 - Sideswipe,01 - Clear,01 - Daylight,01 - Dry,01 - Traffic signal,01 - Functioning,2,0,0,0,,0,,,,,372241.7132,5032111.583,45.42568676,-75.63815755,2767
20--2759,2020/02/22,5:04 PM,GRANT CARMAN DR @ VIEWMOUNT DR (0001527),1527,03 - At intersection,03 - P.D. only,02 - Angle,01 - Clear,01 - Daylight,01 - Dry,02 - Stop sign,01 - Functioning,2,0,0,0,,0,,,,,365434.7025,5023081.515,45.34505927,-75.72624567,2768
20--3588,2020/03/11,12:30 PM,BENTGRASS GR btwn SILVERTHORN CRT & GOLFLINKS DR (__33D6QN),__33D6QN,04 - At/near private drive,03 - P.D. only,02 - Angle,01 - Clear,01 - Daylight,01 - Dry,10 - No control,,2,0,0,0,,0,,,,,365649.3136,5013442.995,45.25831403,-75.72469031,2769
20--3589,2020/03/11,12:40 PM,COLONEL BY DR/MACKENZIE AVE @ DALY AVE (0008541),8541,02 - Intersection related,03 - P.D. only,03 - Rear end,01 - Clear,01 - Daylight,01 - Dry,01 - Traffic signal,01 - Functioning,2,0,0,0,,0,,,,,368002.7096,5031904.582,45.42422011,-75.69234904,2770
20--359,2020/01/09,6:35 PM,O'CONNOR ST btwn WELLINGTON ST & SPARKS ST (__3ZA35T),__3ZA35T,01 - Non intersection,03 - P.D. only,99 - Other,01 - Clear,07 - Dark,01 - Dry,10 - No control,,2,0,0,0,,0,,,,,367439.564,5031680.478,45.42225434,-75.69957312,2771
20--3590,2020/03/11,2:20 PM,CHAPEL ST @ RIDEAU ST (0011918),11918,02 - Intersection related,03 - P.D. only,02 - Angle,01 - Clear,01 - Daylight,01 - Dry,01 - Traffic signal,01 - Functioning,2,0,0,0,,0,,,,,368892.4171,5032643.269,45.43078558,-75.68088473,2772
20--3591,2020/03/11,2:30 PM,INNES RD btwn FRANK KENNY RD & O'TOOLE RD (__3ZA3MX),__3ZA3MX,01 - Non intersection,03 - P.D. only,04 - Sideswipe,01 - Clear,01 - Daylight,01 - Dry,10 - No control,,2,0,0,0,,0,,,,,388914.2397,5038225.407,45.47888625,-75.42408666,2773
20--3592,2020/03/11,2:35 PM,BOOTH ST @ NORMAN ST (0006159),6159,03 - At intersection,03 - P.D. only,02 - Angle,01 - Clear,01 - Daylight,01 - Dry,01 - Traffic signal,01 - Functioning,2,0,0,0,,0,,,,,366999.7127,5029319.563,45.40105077,-75.70549104,2774
20--3593,2020/03/11,3:12 PM,REGIONAL ROAD 174 EB btwn OR174 IC109 RAMP55 & TRANSIT (__3ZA28V),__3ZA28V,01 - Non intersection,02 - Non-fatal injury,03 - Rear end,01 - Clear,01 - Daylight,01 - Dry,10 - No control,,7,0,0,0,02 - Minor,2,,2,,,376489.2069,5035019.638,45.45142922,-75.58346176,2775
20--3594,2020/03/11,4:30 PM,ARLINGTON AVE @ KENT ST (0007259),7259,02 - Intersection related,03 - P.D. only,04 - Sideswipe,01 - Clear,01 - Daylight,01 - Dry,01 - Traffic signal,01 - Functioning,2,0,0,0,,0,,,,,367868.6985,5030257.554,45.40941278,-75.69427216,2776
20--3595,2020/03/11,4:49 PM,ALBERT ST @ BANK ST (0002115),2115,02 - Intersection related,03 - P.D. only,04 - Sideswipe,01 - Clear,01 - Daylight,01 - Dry,01 - Traffic signal,01 - Functioning,2,0,0,0,,0,,,,,367385.6976,5031423.582,45.4199477,-75.70029401,2777
20--3596,2020/03/11,5:42 PM,HIGHWAY 417 btwn HWY417 IC118 RAMP35 & HWY417 IC117 RAMP51 (__3ZA2YP),__3ZA2YP,01 - Non intersection,03 - P.D. only,04 - Sideswipe,01 - Clear,01 - Daylight,01 - Dry,10 - No control,,2,0,0,0,,0,,,,,370385.9846,5031125.768,45.41699326,-75.66200068,2778
20--3597,2020/03/11,5:54 PM,CARTIER ST @ SOMERSET ST (0007073),7073,03 - At intersection,03 - P.D. only,02 - Angle,01 - Clear,01 - Daylight,01 - Dry,02 - Stop sign,01 - Functioning,2,0,0,0,,0,,,,,368315.7047,5031289.581,45.41865819,-75.68842905,2779