Anom_ID,Accident_Date,Accident_Time,Location,Geo_ID,Accident_Location,Classification_of_Accident,Initial_Impact_Type,Environment_Condition,Light,Road_Surface_Condition,Traffic_Control,Traffic_Control_Condition,No__of_Vehicles,No__of_Bicycles,No__of_Motorcycles,No__of_Pedestrians,Max_Injury,No__of_Injuries,No__of_Minimal,No__of_Minor,No__of_Major,No__of_Fatal,X,Y,Latitude,Longitude,ObjectId
20--3598,2020/03/11,6:24 AM,HIGHWAY 417 btwn HIGHWAY 417 & HWY417 IC140 RAMP36 (__3ZA20M),__3ZA20M,01 - Non intersection,03 - P.D. only,07 - SMV other,01 - Clear,03 - Dawn,01 - Dry,10 - No control,,1,0,0,0,,0,,,,,350153.8179,5018156.267,45.30189515,-75.92168318,2780
20--3599,2020/03/11,6:40 PM,REGIONAL ROAD 174 EB btwn OR174 IC109 RAMP55 & TRANSIT (__3ZA28V),__3ZA28V,01 - Non intersection,03 - P.D. only,04 - Sideswipe,01 - Clear,07 - Dark,01 - Dry,10 - No control,,2,0,0,0,,0,,,,,376479.0843,5034999.288,45.45124716,-75.58359412,2781
20--36,2020/01/02,2:43 PM,HAZELDEAN RD btwn CASTLEFRANK RD & 246 E OF CASTLEFRANK RD (__3ZA41NA),__3ZA41NA,04 - At/near private drive,03 - P.D. only,02 - Angle,01 - Clear,01 - Daylight,02 - Wet,10 - No control,,2,0,0,0,,0,,,,,352754.6522,5017747.309,45.29804252,-75.88856075,2782
20--360,2020/01/09,6:45 AM,HIGHWAY 417 btwn HWY417 IC110 RAMP64 & HWY417 IC104 RAMP16 (__3ZA2W9),__3ZA2W9,01 - Non intersection,03 - P.D. only,03 - Rear end,01 - Clear,07 - Dark,01 - Dry,10 - No control,,4,0,0,0,,0,,,,,377196.0661,5027007.506,45.37926804,-75.57560281,2783
20--3600,2020/03/11,6:50 AM,HIGHCROFT DR @ MANOTICK MAIN ST (0008830),8830,03 - At intersection,03 - P.D. only,03 - Rear end,01 - Clear,01 - Daylight,01 - Dry,02 - Stop sign,00 - Unknown,2,0,0,0,,0,,,,,368614.6361,5009988.463,45.22696766,-75.68735476,2784
20--3601,2020/03/11,7:00 PM,RICHARDSON SIDE RD @ TERRY FOX DR (0013651),13651,03 - At intersection,02 - Non-fatal injury,05 - Turning movement,01 - Clear,07 - Dark,01 - Dry,01 - Traffic signal,01 - Functioning,2,0,0,0,01 - Minimal,1,1,,,,348803.086,5019506.072,45.31412702,-75.93878598,2785
20--3602,2020/03/11,7:25 PM,BASELINE RD @ ROCKWAY CRES (0002187),2187,02 - Intersection related,03 - P.D. only,02 - Angle,01 - Clear,07 - Dark,01 - Dry,02 - Stop sign,01 - Functioning,2,0,0,0,,0,,,,,361184.6686,5022932.503,45.34407298,-75.78049252,2786
20--3603,2020/03/11,7:40 PM,HIGHWAY 417 btwn HWY417 IC127 RAMP67 & HWY417 IC126 RAMP16 (__3ZA2X0),__3ZA2X0,01 - Non intersection,03 - P.D. only,03 - Rear end,01 - Clear,07 - Dark,01 - Dry,10 - No control,,2,0,0,0,,0,,,,,362367.9161,5025042.191,45.36295969,-75.76514906,2787
20--3604,2020/03/11,7:49 PM,WEST HUNT CLUB RD EB btwn KNOXDALE RD & WOODROFFE AVE (__3ZA17C),__3ZA17C,01 - Non intersection,02 - Non-fatal injury,07 - SMV other,01 - Clear,07 - Dark,06 - Ice,10 - No control,,1,0,0,0,01 - Minimal,1,1,,,,362165.4097,5020567.712,45.32271516,-75.76825269,2788
20--3605,2020/03/11,8:15 AM,HIGHWAY 417 btwn HIGHWAY 417 & HWY417 IC129 RAMP51 (__3ZA290),__3ZA290,01 - Non intersection,03 - P.D. only,04 - Sideswipe,01 - Clear,01 - Daylight,01 - Dry,10 - No control,,2,0,0,0,,0,,,,,359879.0694,5023156.571,45.34619288,-75.79712665,2789
20--3606,2020/03/11,8:20 AM,WALKLEY RD btwn BANK ST & BANFF AVE (__3ZA375),__3ZA375,01 - Non intersection,03 - P.D. only,05 - Turning movement,01 - Clear,01 - Daylight,01 - Dry,10 - No control,,2,0,0,0,,0,,,,,370443.8091,5026009.128,45.37095016,-75.66194271,2790
20--3607,2020/03/11,8:30 AM,BANK ST @ WALKLEY RD (0011423),11423,02 - Intersection related,03 - P.D. only,02 - Angle,01 - Clear,01 - Daylight,01 - Dry,01 - Traffic signal,01 - Functioning,2,0,0,0,,0,,,,,370337.8436,5025947.744,45.37040777,-75.66330354,2791
20--3608,2020/03/11,8:43 AM,FISHER AVE @ MEADOWLANDS DR (0002120),2120,03 - At intersection,02 - Non-fatal injury,07 - SMV other,01 - Clear,01 - Daylight,01 - Dry,01 - Traffic signal,01 - Functioning,1,0,0,1,02 - Minor,1,,1,,,366575.0596,5025045.444,45.36263084,-75.71144966,2792
20--3609,2020/03/11,9:00 PM,MEADOWLANDS DR @ MERIVALE RD (0000625),625,02 - Intersection related,03 - P.D. only,04 - Sideswipe,01 - Clear,07 - Dark,01 - Dry,01 - Traffic signal,01 - Functioning,2,0,0,0,,0,,,,,364858.7096,5023725.506,45.35090337,-75.733517,2793
20--361,2020/01/09,6:55 AM,BASELINE RD btwn ST. HELEN'S PL & CLYDE AVE (__3ZA4IN),__3ZA4IN,01 - Non intersection,03 - P.D. only,03 - Rear end,01 - Clear,03 - Dawn,01 - Dry,10 - No control,,2,0,0,0,,0,,,,,364185.5315,5024782.976,45.36047569,-75.74198047,2794
20--3610,2020/03/11,9:10 AM,ST. JOSEPH BLVD @ JEANNE D'ARC BLVD (0012421),12421,02 - Intersection related,03 - P.D. only,03 - Rear end,01 - Clear,01 - Daylight,01 - Dry,11 - Roundabout,00 - Unknown,2,0,0,0,,0,,,,,379860.7402,5036471.588,45.46413878,-75.54014141,2795
20--3611,2020/03/11,9:18 AM,PINECREST RD btwn HWY417 IC129 RAMP26 & GREENBANK RD (__3ZA4MX),__3ZA4MX,07 - Overpass or bridge,03 - P.D. only,03 - Rear end,01 - Clear,01 - Daylight,01 - Dry,10 - No control,,2,0,0,0,,0,,,,,360446.0997,5023530.858,45.34951595,-75.78984912,2796
20--3612,2020/03/11,9:27 AM,BASELINE RD @ 180 E OF CEDARVIEW RD (0005416),5416,02 - Intersection related,03 - P.D. only,04 - Sideswipe,01 - Clear,01 - Daylight,06 - Ice,13 - MPS,01 - Functioning,2,0,0,0,,0,,,,,359144.5866,5021689.312,45.33304773,-75.80665997,2797
20--3613,2020/03/11,9:33 AM,ARGYLE AVE E @ METCALFE ST (0007280),7280,02 - Intersection related,03 - P.D. only,05 - Turning movement,01 - Clear,01 - Daylight,01 - Dry,10 - No control,,2,0,0,0,,0,,,,,368442.7008,5030641.578,45.41281614,-75.68689021,2798
20--3614,2020/03/11,9:54 PM,BANNER RD @ GREENBANK RD (0000644),644,02 - Intersection related,02 - Non-fatal injury,03 - Rear end,01 - Clear,07 - Dark,01 - Dry,01 - Traffic signal,02 - Not functioning,2,0,0,0,01 - Minimal,1,1,,,,361021.6822,5021566.472,45.33179454,-75.78272739,2799
20--3615,2020/03/12,1:20 PM,HWY 417 WOODROFF IC127R62 @ WOODROFFE AVE (0002349),2349,02 - Intersection related,03 - P.D. only,03 - Rear end,01 - Clear,01 - Daylight,01 - Dry,03 - Yield sign,01 - Functioning,2,0,0,0,,0,,,,,362050.6856,5025019.532,45.36278179,-75.76920078,2800
20--3616,2020/03/12,10:00 AM,LAURIER AVE   W btwn BANK ST & O'CONNOR ST (__3ZA34B),__3ZA34B,01 - Non intersection,03 - P.D. only,03 - Rear end,01 - Clear,01 - Daylight,01 - Dry,10 - No control,,2,0,0,0,,0,,,,,367489.233,5031270.661,45.41856249,-75.69899064,2801
20--3617,2020/03/12,10:45 AM,BANK ST @ RIDEAU RD (0009263),9263,03 - At intersection,03 - P.D. only,02 - Angle,01 - Clear,01 - Daylight,01 - Dry,01 - Traffic signal,01 - Functioning,2,0,0,0,,0,,,,,376954.7557,5017844.464,45.29684821,-75.58001975,2802
20--3618,2020/03/12,11:06 AM,DONALD ST @ VANIER PKWY (0007644),7644,02 - Intersection related,03 - P.D. only,04 - Sideswipe,01 - Clear,01 - Daylight,01 - Dry,01 - Traffic signal,01 - Functioning,2,0,0,0,,0,,,,,370311.7082,5032270.578,45.42730076,-75.66279738,2803
20--3619,2020/03/12,11:15 AM,KIRKWOOD AVE @ RICHMOND RD (0002080),2080,03 - At intersection,03 - P.D. only,05 - Turning movement,01 - Clear,01 - Daylight,01 - Dry,01 - Traffic signal,01 - Functioning,2,0,0,0,,0,,,,,363778.6876,5028641.546,45.39522886,-75.74671225,2804
20--362,2020/01/09,7:07 PM,HERZBERG RD @ CARLING AVE (0003193),3193,02 - Intersection related,03 - P.D. only,03 - Rear end,01 - Clear,07 - Dark,01 - Dry,01 - Traffic signal,01 - Functioning,2,0,0,0,,0,,,,,352037.5189,5022300.42,45.33906102,-75.89726973,2805
20--3620,2020/03/12,11:48 AM,NEPETA CRES btwn BARRETT FARM DR & BARRETT FARM DR (e___2HNJ),e___2HNJ,04 - At/near private drive,03 - P.D. only,06 - SMV unattended vehicle,01 - Clear,01 - Daylight,01 - Dry,10 - No control,,1,0,0,0,,0,,,,,374581.89,5020912.591,45.32469381,-75.60983824,2806
20--3621,2020/03/12,Unknown,TRAPPER'S RD btwn BRIDLE PATH DR & MOZART CRT (__3ZA9B7),__3ZA9B7,01 - Non intersection,03 - P.D. only,06 - SMV unattended vehicle,01 - Clear,00 - Unknown,01 - Dry,10 - No control,,1,0,0,0,,0,,,,,371772.9241,5023563.915,45.34882323,-75.64530746,2807
20--3622,2020/03/12,12:00 PM,CARLING AVE @ CLYDE AVE/COLE AVE (0006984),6984,02 - Intersection related,03 - P.D. only,99 - Other,01 - Clear,01 - Daylight,01 - Dry,01 - Traffic signal,01 - Functioning,2,0,0,0,,0,,,,,363520.6817,5026850.543,45.37913539,-75.75022036,2808
20--3623,2020/03/12,12:45 AM,OLD ALMONTE RD btwn UPPER DWYER HILL RD & CORKERY RD (__3ZBNAS),__3ZBNAS,01 - Non intersection,03 - P.D. only,07 - SMV other,01 - Clear,07 - Dark,01 - Dry,10 - No control,,1,0,0,0,,0,,,,,338885.3715,5013023.677,45.25634656,-76.06571733,2809
20--3624,2020/03/12,12:51 PM,GLADSTONE AVE btwn PERCY ST & BAY ST (__3ZA3PR),__3ZA3PR,04 - At/near private drive,03 - P.D. only,06 - SMV unattended vehicle,01 - Clear,01 - Daylight,01 - Dry,10 - No control,,1,0,0,0,,0,,,,,367394.0059,5030246.521,45.40935612,-75.70033735,2810
20--3625,2020/03/12,2:00 PM,CAMPEAU DR @ TERON RD/COLCHESTER SQ (0009033),9033,02 - Intersection related,03 - P.D. only,03 - Rear end,01 - Clear,01 - Daylight,01 - Dry,01 - Traffic signal,01 - Functioning,2,0,0,0,,0,,,,,352563.7127,5020467.523,45.32253263,-75.89073296,2811
20--3626,2020/03/12,3:30 PM,OLD MONTREAL RD btwn TO BE DETERMINED & BECKETT'S CREEK RD (__3ZA5F8),__3ZA5F8,01 - Non intersection,02 - Non-fatal injury,03 - Rear end,01 - Clear,01 - Daylight,01 - Dry,10 - No control,,2,0,0,0,01 - Minimal,2,2,,,,393110.5149,5042502.422,45.51684708,-75.36965224,2812
20--3627,2020/03/12,3:30 PM,INNES RD @ STAR TOP RD/WINDMILL LANE (0008734),8734,02 - Intersection related,03 - P.D. only,03 - Rear end,01 - Clear,01 - Daylight,01 - Dry,01 - Traffic signal,01 - Functioning,3,0,0,0,,0,,,,,374147.7187,5030666.567,45.41249889,-75.61400683,2813
20--3628,2020/03/12,4:33 PM,DYNES RD @ PRINCE OF WALES DR (0003321),3321,03 - At intersection,02 - Non-fatal injury,07 - SMV other,01 - Clear,01 - Daylight,01 - Dry,01 - Traffic signal,01 - Functioning,1,0,0,1,02 - Minor,1,,1,,,367114.7191,5025923.538,45.37048397,-75.70445089,2814
20--3629,2020/03/12,5:08 PM,HAWTHORNE RD/RUSSELL RD @ WALKLEY RD (0002618),2618,02 - Intersection related,03 - P.D. only,03 - Rear end,01 - Clear,01 - Daylight,01 - Dry,01 - Traffic signal,01 - Functioning,2,0,0,0,,0,,,,,374674.7395,5028499.555,45.39294878,-75.60758143,2815
20--363,2020/01/09,7:14 AM,HWY417 IC122 RAMP15 btwn HWY417 IC122 RAMP51 & HIGHWAY 417 (__3ZAY93),__3ZAY93,01 - Non intersection,03 - P.D. only,03 - Rear end,01 - Clear,03 - Dawn,01 - Dry,10 - No control,,2,0,0,0,,0,,,,,365591.7737,5029040.901,45.39866711,-75.72350804,2816
20--3630,2020/03/12,5:20 PM,CARLING AVE @ IROQUOIS RD (0003145),3145,03 - At intersection,03 - P.D. only,05 - Turning movement,01 - Clear,01 - Daylight,01 - Dry,01 - Traffic signal,01 - Functioning,2,0,0,0,,0,,,,,362213.6867,5026025.533,45.37182036,-75.76700335,2817
20--3631,2020/03/12,6:19 AM,JEANNE D'ARC BLVD  N btwn VINEYARD DR & VOYAGEUR DR (__3ZA68P),__3ZA68P,01 - Non intersection,03 - P.D. only,05 - Turning movement,01 - Clear,03 - Dawn,01 - Dry,10 - No control,,2,0,0,0,,0,,,,,379237.8262,5037378.901,45.47236875,-75.54796855,2818
20--3632,2020/03/12,6:20 PM,TENTH LINE RD @ VANGUARD DR (0004632),4632,02 - Intersection related,03 - P.D. only,03 - Rear end,01 - Clear,07 - Dark,01 - Dry,01 - Traffic signal,01 - Functioning,2,0,0,0,,0,,,,,384072.7537,5035874.562,45.45830201,-75.48638372,2819
20--3633,2020/03/12,6:30 AM,MITCH OWENS RD btwn SALE BARN RD & HAWTHORNE RD (__3ZA2CT),__3ZA2CT,01 - Non intersection,03 - P.D. only,07 - SMV other,01 - Clear,03 - Dawn,01 - Dry,10 - No control,,1,0,0,0,,0,,,,,378837.8454,5016634.501,45.28576561,-75.556194,2820
20--3634,2020/03/12,6:30 PM,STITTSVILLE MAIN ST @ HAZELDEAN RD (0000050),50,02 - Intersection related,03 - P.D. only,03 - Rear end,01 - Clear,05 - Dusk,01 - Dry,01 - Traffic signal,01 - Functioning,2,0,0,0,,0,,,,,349558.3935,5014878.721,45.27244092,-75.92957087,2821
20--3635,2020/03/12,6:35 PM,DYNES RD @ PRINCE OF WALES DR (0003321),3321,03 - At intersection,02 - Non-fatal injury,05 - Turning movement,01 - Clear,07 - Dark,01 - Dry,01 - Traffic signal,01 - Functioning,2,0,0,0,01 - Minimal,2,2,,,,367114.7052,5025923.538,45.37048397,-75.70445107,2822
20--3636,2020/03/12,7:05 PM,BLAIR RD @ OGILVIE RD (0004120),4120,02 - Intersection related,03 - P.D. only,03 - Rear end,01 - Clear,07 - Dark,01 - Dry,01 - Traffic signal,01 - Functioning,2,0,0,0,,0,,,,,374507.722,5033198.574,45.43524477,-75.60904965,2823
20--3637,2020/03/12,7:49 PM,ROOSEVELT AVE btwn GREENWOOD AVE & COLE AVE (__3ZA4BK),__3ZA4BK,01 - Non intersection,03 - P.D. only,06 - SMV unattended vehicle,01 - Clear,07 - Dark,01 - Dry,10 - No control,,1,0,0,0,,0,,,,,363429.6316,5027165.718,45.38197891,-75.75134541,2824
20--3638,2020/03/12,7:53 PM,O'CONNOR ST @ WELLINGTON ST (0002234),2234,02 - Intersection related,03 - P.D. only,05 - Turning movement,01 - Clear,07 - Dark,01 - Dry,01 - Traffic signal,01 - Functioning,2,0,0,0,,0,,,,,367413.6978,5031722.577,45.42263545,-75.69989826,2825
20--3639,2020/03/12,8:00 AM,PRINCE OF WALES DR @ WEST HUNT CLUB RD (0000567),567,02 - Intersection related,02 - Non-fatal injury,03 - Rear end,01 - Clear,01 - Daylight,01 - Dry,01 - Traffic signal,01 - Functioning,2,0,0,0,01 - Minimal,1,1,,,,367458.7109,5021891.508,45.33417393,-75.70057066,2826
20--364,2020/01/09,7:40 AM,HIGHWAY 417 btwn HWY417 IC124 RAMP65 & HWY417 IC122 RAMP51 (__3ZA2R8),__3ZA2R8,01 - Non intersection,03 - P.D. only,03 - Rear end,01 - Clear,03 - Dawn,01 - Dry,10 - No control,,2,0,0,0,,0,,,,,365171.1469,5028726.705,45.39587644,-75.72891866,2827
20--3640,2020/03/12,8:10 AM,OGILVIE RD btwn CYRVILLE RD & MURDOCK GT (__3ZA13S),__3ZA13S,01 - Non intersection,03 - P.D. only,04 - Sideswipe,01 - Clear,01 - Daylight,01 - Dry,10 - No control,,2,0,0,0,,0,,,,,372540.0369,5032056.751,45.42516458,-75.63435322,2828
20--3641,2020/03/12,8:11 AM,BRONSON AVE @ RAMP 34/42A (0011430),11430,02 - Intersection related,03 - P.D. only,03 - Rear end,01 - Clear,01 - Daylight,01 - Dry,10 - No control,,2,0,0,0,,0,,,,,368416.0761,5027186.453,45.38173041,-75.68767592,2829
20--3642,2020/03/13,1:20 PM,TERRY FOX DR @ PALLADIUM DR/KATIMAVIK RD (0011858),11858,02 - Intersection related,03 - P.D. only,03 - Rear end,01 - Clear,01 - Daylight,01 - Dry,01 - Traffic signal,01 - Functioning,2,0,0,0,,0,,,,,351269.7104,5018181.772,45.30205172,-75.90745255,2830
20--3643,2020/03/13,1:40 PM,ST. JOSEPH BLVD @ JEANNE D'ARC BLVD (0012421),12421,03 - At intersection,03 - P.D. only,02 - Angle,01 - Clear,01 - Daylight,02 - Wet,11 - Roundabout,01 - Functioning,2,0,0,0,,0,,,,,379860.7443,5036471.569,45.46413861,-75.54014136,2831
20--3644,2020/03/13,10:02 AM,INNES RD @ STONEHENGE CRES W (0009354),9354,02 - Intersection related,03 - P.D. only,03 - Rear end,02 - Rain,01 - Daylight,02 - Wet,01 - Traffic signal,01 - Functioning,2,0,0,0,,0,,,,,375199.7392,5031216.561,45.41734239,-75.60048921,2832
20--3645,2020/03/13,10:40 AM,SHILLINGTON AVE btwn SPROULE ST & SHERIDAN AVE (__3ZA0RL),__3ZA0RL,01 - Non intersection,03 - P.D. only,07 - SMV other,01 - Clear,01 - Daylight,02 - Wet,10 - No control,,1,0,0,0,,0,,,,,365348.7261,5027125.33,45.38145227,-75.72684723,2833
20--3646,2020/03/13,11:00 AM,CITIPLACE DR btwn Continuation of CITIPLACE DR & Continuation of CITIP (__5Z1V7E),__5Z1V7E,01 - Non intersection,03 - P.D. only,03 - Rear end,01 - Clear,01 - Daylight,01 - Dry,10 - No control,,2,0,0,0,,0,,,,,366876.115,5023528.886,45.34895855,-75.70779753,2834
20--3647,2020/03/13,11:32 AM,COOPER ST @ O'CONNOR ST (0006954),6954,02 - Intersection related,03 - P.D. only,04 - Sideswipe,01 - Clear,01 - Daylight,01 - Dry,02 - Stop sign,00 - Unknown,2,0,0,0,,0,,,,,367808.7018,5031085.566,45.41686837,-75.69493271,2835
20--3648,2020/03/13,11:53 AM,CARLING AVE @ MAITLAND AVE/SHERBOURNE RD (0002641),2641,02 - Intersection related,03 - P.D. only,04 - Sideswipe,01 - Clear,01 - Daylight,01 - Dry,01 - Traffic signal,01 - Functioning,2,0,0,0,,0,,,,,362942.6958,5026488.514,45.3759261,-75.75764242,2836
20--3649,2020/03/13,12:04 PM,EARL ARMSTRONG RD @ SPRATT RD (0013063),13063,02 - Intersection related,03 - P.D. only,03 - Rear end,01 - Clear,01 - Daylight,01 - Dry,01 - Traffic signal,01 - Functioning,2,0,0,0,,0,,,,,368396.698,5015011.436,45.27218374,-75.68948722,2837
20--365,2020/01/09,8:00 PM,WELLINGTON ST    W btwn HURON AVE N & HOLLAND AVE (__3ZA4QO),__3ZA4QO,01 - Non intersection,03 - P.D. only,06 - SMV unattended vehicle,01 - Clear,07 - Dark,01 - Dry,10 - No control,,1,0,0,0,,0,,,,,364901.1545,5029142.36,45.39963964,-75.73231614,2838
20--3404,2020/03/06,7:25 AM,COLONEL BY DR btwn ROSEDALE AVE & ECHO DR (__3ZA21I),__3ZA21I,01 - Non intersection,03 - P.D. only,03 - Rear end,03 - Snow,01 - Daylight,03 - Loose snow,10 - No control,,2,0,0,0,,0,,,,,368329.3556,5028685.197,45.39522354,-75.68859023,2839
20--3405,2020/03/06,7:25 PM,HIGHWAY 417 btwn RAMP & HWY417 IC88 RAMP51 (__3ZA2W2),__3ZA2W2,01 - Non intersection,03 - P.D. only,07 - SMV other,01 - Clear,07 - Dark,01 - Dry,10 - No control,,1,0,0,0,,0,,,,,390001.284,5023396.217,45.345337,-75.41274794,2840
20--3406,2020/03/06,7:28 AM,DONALD ST @ 110 E OF ST. LAURENT BLVD  (0013077),13077,03 - At intersection,02 - Non-fatal injury,02 - Angle,03 - Snow,01 - Daylight,03 - Loose snow,01 - Traffic signal,01 - Functioning,2,0,0,0,02 - Minor,2,,2,,,372203.9003,5032483.824,45.42903966,-75.63858976,2841
20--3407,2020/03/06,7:30 AM,HOPE SIDE RD btwn CROWNRIDGE DR & RICHMOND RD (__3ZA2TR),__3ZA2TR,01 - Non intersection,02 - Non-fatal injury,01 - Approaching,03 - Snow,01 - Daylight,04 - Slush,10 - No control,,3,0,0,0,03 - Major,2,,1,1,,356103.3017,5014997.556,45.27306319,-75.84615127,2842
20--3408,2020/03/06,7:32 AM,GLADSTONE AVE @ PRESTON ST (0002212),2212,02 - Intersection related,02 - Non-fatal injury,03 - Rear end,03 - Snow,01 - Daylight,04 - Slush,01 - Traffic signal,01 - Functioning,2,0,0,0,01 - Minimal,1,1,,,,366489.7092,5029712.551,45.4046319,-75.7119558,2843
20--3409,2020/03/06,7:38 AM,CUMMINGS AVE @ OGILVIE RD (0009923),9923,02 - Intersection related,03 - P.D. only,03 - Rear end,03 - Snow,01 - Daylight,02 - Wet,01 - Traffic signal,01 - Functioning,2,0,0,0,,0,,,,,372748.7121,5032170.582,45.42616854,-75.63167118,2844
20--341,2020/01/09,Unknown,CHURCHILL AVE   N btwn CARLING AVE & END (__3ZA0OP),__3ZA0OP,01 - Non intersection,03 - P.D. only,06 - SMV unattended vehicle,01 - Clear,00 - Unknown,01 - Dry,10 - No control,,1,0,0,0,,0,,,,,363797.6664,5026929.998,45.37982704,-75.74667447,2845
20--3410,2020/03/06,7:46 AM,MARVELVILLE RD btwn YORKS CORNERS RD & LARRY ROBINSON RD (__3ZA2ZU),__3ZA2ZU,01 - Non intersection,03 - P.D. only,07 - SMV other,03 - Snow,01 - Daylight,03 - Loose snow,10 - No control,,1,0,0,0,,0,,,,,392829.7743,5008657.735,45.21238478,-75.37927428,2846
20--3411,2020/03/06,8:00 AM,TERRY FOX DR btwn CASTLEFRANK RD & TRANS CANADA TRAIL (__355BDZA),__355BDZA,01 - Non intersection,03 - P.D. only,01 - Approaching,03 - Snow,01 - Daylight,04 - Slush,10 - No control,,2,0,0,0,,0,,,,,353156.9802,5016113.764,45.28331591,-75.88359047,2847
20--3412,2020/03/06,8:00 AM,WELLINGTON ST    W btwn IRVING AVE & GARLAND ST (__3ZA311),__3ZA311,01 - Non intersection,03 - P.D. only,07 - SMV other,03 - Snow,01 - Daylight,04 - Slush,10 - No control,,1,0,0,0,,0,,,,,365642.097,5029828.907,45.40575303,-75.7227681,2848
20--3413,2020/03/06,8:00 AM,HWY417 IC118 RAMP45 btwn HWY417 IC118 RAMP35 & LEES AVE (__3ZAY9P),__3ZAY9P,01 - Non intersection,03 - P.D. only,07 - SMV other,03 - Snow,01 - Daylight,04 - Slush,10 - No control,,1,0,0,0,,0,,,,,369514.2425,5031002.344,45.41596391,-75.67315406,2849
20--3414,2020/03/06,8:00 PM,ST. JOSEPH BLVD btwn HART RD & R.C.M.P. COMPLEX (__3ZA2BHA),__3ZA2BHA,01 - Non intersection,03 - P.D. only,07 - SMV other,03 - Snow,07 - Dark,02 - Wet,10 - No control,,1,0,0,0,,0,,,,,377839.7784,5035753.575,45.45789283,-75.56608815,2850
20--3415,2020/03/06,8:02 AM,JASPER AVE @ NOTTING HILL AVE (0011315),11315,02 - Intersection related,03 - P.D. only,02 - Angle,03 - Snow,01 - Daylight,06 - Ice,02 - Stop sign,01 - Functioning,2,0,0,0,,0,,,,,370957.7204,5026064.417,45.37139931,-75.65537505,2851
20--3416,2020/03/06,8:05 AM,RENAUD RD btwn IDA ST & Continuation of RENAUD RD (__3ZA6FE),__3ZA6FE,01 - Non intersection,03 - P.D. only,07 - SMV other,03 - Snow,01 - Daylight,03 - Loose snow,10 - No control,,1,0,0,0,,0,,,,,378542.4328,5031707.997,45.4214197,-75.5577111,2852
20--3417,2020/03/06,8:09 AM,BRIAN COBURN BLVD @ MER BLEUE RD (0014363),14363,03 - At intersection,03 - P.D. only,02 - Angle,03 - Snow,01 - Daylight,02 - Wet,11 - Roundabout,01 - Functioning,2,0,0,0,,0,,,,,383150.8189,5034441.164,45.44550953,-75.49839849,2853
20--3418,2020/03/06,8:10 AM,GILLIGAN RD @ LEITRIM RD (0013707),13707,02 - Intersection related,03 - P.D. only,03 - Rear end,03 - Snow,01 - Daylight,04 - Slush,01 - Traffic signal,01 - Functioning,2,0,0,0,,0,,,,,372980.2,5020083.566,45.31739191,-75.63038168,2854
20--3419,2020/03/06,8:12 AM,TED KELLY LANE btwn FIESTA AVE & OLD MONTREAL RD (__3ZA5CR),__3ZA5CR,01 - Non intersection,03 - P.D. only,07 - SMV other,03 - Snow,01 - Daylight,06 - Ice,10 - No control,,1,0,0,0,,0,,,,,386373.1386,5040888.652,45.50314885,-75.45614204,2855
20--342,2020/01/09,Unknown,PETERSON PL btwn ROBARTS CRES & END (__3ZA5RW),__3ZA5RW,01 - Non intersection,03 - P.D. only,06 - SMV unattended vehicle,01 - Clear,00 - Unknown,05 - Packed snow,10 - No control,,1,0,0,0,,0,,,,,351528.7359,5018655.59,45.30629808,-75.90410516,2856
20--3420,2020/03/06,8:13 AM,DECOEUR DR/SOUTHFIELD WAY @ TENTH LINE RD (0013515),13515,02 - Intersection related,03 - P.D. only,03 - Rear end,03 - Snow,01 - Daylight,03 - Loose snow,01 - Traffic signal,01 - Functioning,2,0,0,0,,0,,,,,384551.517,5034726.576,45.447919,-75.48044916,2857
20--3421,2020/03/06,8:13 AM,BANK ST btwn BLAIS RD & RIDEAU RD (__3ZA29L),__3ZA29L,01 - Non intersection,03 - P.D. only,03 - Rear end,03 - Snow,01 - Daylight,03 - Loose snow,10 - No control,,2,0,0,0,,0,,,,,376644.5377,5018575.728,45.30345962,-75.58386859,2858
20--276,2020/01/07,4:27 PM,ISLAND PARK DR @ RICHMOND RD (0002125),2125,02 - Intersection related,02 - Non-fatal injury,04 - Sideswipe,01 - Clear,05 - Dusk,02 - Wet,01 - Traffic signal,01 - Functioning,2,0,0,0,01 - Minimal,1,1,,,,364130.6841,5028867.829,45.39723518,-75.74218966,2859
20--3422,2020/03/06,8:20 AM,BRIAN COBURN BLVD @ TENTH LINE RD (0013966),13966,02 - Intersection related,03 - P.D. only,03 - Rear end,03 - Snow,01 - Daylight,03 - Loose snow,01 - Traffic signal,01 - Functioning,2,0,0,0,,0,,,,,384428.3389,5035022.308,45.45059377,-75.48197576,2860
20--3423,2020/03/06,8:29 AM,ROCKCLIFFE PKWY btwn LISGAR RD & ACACIA AVE (__3ZBPHK),__3ZBPHK,01 - Non intersection,03 - P.D. only,03 - Rear end,03 - Snow,01 - Daylight,04 - Slush,10 - No control,,2,0,0,0,,0,,,,,368612.1503,5035489.521,45.45642068,-75.68409714,2861