Anom_ID,Accident_Date,Accident_Time,Location,Geo_ID,Accident_Location,Classification_of_Accident,Initial_Impact_Type,Environment_Condition,Light,Road_Surface_Condition,Traffic_Control,Traffic_Control_Condition,No__of_Vehicles,No__of_Bicycles,No__of_Motorcycles,No__of_Pedestrians,Max_Injury,No__of_Injuries,No__of_Minimal,No__of_Minor,No__of_Major,No__of_Fatal,X,Y,Latitude,Longitude,ObjectId
20--3424,2020/03/06,8:30 AM,LEITRIM RD btwn HIGH RD & ALBION RD (__4B2G24),__4B2G24,01 - Non intersection,03 - P.D. only,07 - SMV other,03 - Snow,01 - Daylight,03 - Loose snow,10 - No control,,1,0,0,0,,0,,,,,372000.7243,5019512.464,45.31234772,-75.64295065,2862
20--3425,2020/03/06,8:30 AM,HWY417 IC138 RAMP61 btwn HWY417 IC138 RAMP62 & HIGHWAY 417 (__3ZAYB2),__3ZAYB2,01 - Non intersection,03 - P.D. only,03 - Rear end,03 - Snow,01 - Daylight,02 - Wet,10 - No control,,2,0,0,0,,0,,,,,353075.1883,5020490.365,45.32270318,-75.88420681,2863
20--3426,2020/03/06,8:39 AM,FITZGERALD RD btwn ROBERTSON RD & MOODIE DR (__3ZA5ZV),__3ZA5ZV,01 - Non intersection,02 - Non-fatal injury,04 - Sideswipe,03 - Snow,01 - Daylight,03 - Loose snow,10 - No control,,2,0,0,0,01 - Minimal,1,1,,,,356827.7168,5020773.533,45.32498306,-75.83631331,2864
20--3427,2020/03/06,8:40 AM,HIGHWAY 417 btwn HWY417 IC144 RAMP16 & HWY417 IC144 RAMP61 (__3ZA2QU),__3ZA2QU,01 - Non intersection,03 - P.D. only,07 - SMV other,05 - Drifting Snow,01 - Daylight,03 - Loose snow,10 - No control,,1,0,0,0,,0,,,,,347424.0536,5015886.672,45.28164346,-75.95668443,2865
20--3428,2020/03/06,8:48 AM,COMMODORE DR @ RIDEAU ST (0008160),8160,03 - At intersection,03 - P.D. only,07 - SMV other,04 - Freezing Rain,01 - Daylight,06 - Ice,02 - Stop sign,01 - Functioning,1,0,0,0,,0,,,,,371975.6973,5001912.313,45.15398655,-75.64564605,2866
20--3429,2020/03/06,9:00 AM,HIGHWAY 417 btwn HWY417 IC117 RAMP61 & HWY417 IC115 RAMP36 (__3ZA2RZ),__3ZA2RZ,01 - Non intersection,03 - P.D. only,03 - Rear end,03 - Snow,01 - Daylight,03 - Loose snow,10 - No control,,2,0,0,0,,0,,,,,371864.6344,5031455.89,45.41982339,-75.64306498,2867
20--343,2020/01/09,Unknown,CRAIG HENRY DR btwn BERTONA ST & SOVEREIGN AVE (__3ZAAYX),__3ZAAYX,01 - Non intersection,03 - P.D. only,06 - SMV unattended vehicle,01 - Clear,00 - Unknown,01 - Dry,10 - No control,,1,0,0,0,,0,,,,,362682.5854,5021887.887,45.33455159,-75.76150185,2868
20--3430,2020/03/06,9:02 PM,ANDERSON RD btwn INNES RD & DESJARDINS ST (__3ZBOG0),__3ZBOG0,01 - Non intersection,03 - P.D. only,07 - SMV other,01 - Clear,07 - Dark,01 - Dry,10 - No control,,1,0,0,0,,0,,,,,376405.222,5031757.178,45.42208422,-75.58500992,2869
20--3431,2020/03/06,9:10 AM,FERNSIDE ST @ TEASEL WAY (0016068),16068,03 - At intersection,03 - P.D. only,02 - Angle,03 - Snow,01 - Daylight,05 - Packed snow,02 - Stop sign,01 - Functioning,2,0,0,0,,0,,,,,376089.92,5021201.901,45.32714536,-75.59056204,2870
20--3432,2020/03/06,9:12 AM,CARP RD btwn JOHN CAVANAUGH DR & MCGEE SIDE RD (__3ZA3FY),__3ZA3FY,01 - Non intersection,03 - P.D. only,03 - Rear end,03 - Snow,01 - Daylight,06 - Ice,10 - No control,,2,0,0,0,,0,,,,,344079.5438,5019574.326,45.31502132,-75.99902203,2871
20--3433,2020/03/06,9:18 AM,ESCARPMENT CRES btwn BRECCIA┬á HTS  & BRECCIA┬á HTS  (__8JUTGS),__8JUTGS,01 - Non intersection,03 - P.D. only,01 - Approaching,02 - Rain,01 - Daylight,04 - Slush,10 - No control,,2,0,0,0,,0,,,,,348729.907,5020395.33,45.32213341,-75.93964039,2872
20--3434,2020/03/06,9:20 AM,REGIONAL ROAD 174 btwn MORIN RD & OLD MONTREAL RD (__3ZA27P),__3ZA27P,01 - Non intersection,02 - Non-fatal injury,03 - Rear end,03 - Snow,01 - Daylight,02 - Wet,10 - No control,,2,0,0,0,02 - Minor,1,,1,,,392518.1949,5042742.795,45.5190844,-75.37718927,2873
20--3435,2020/03/06,9:20 AM,HIGHWAY 417 btwn HWY417 IC117 RAMP26 & HWY417 IC117 RAMP61 (__3ZA2YM),__3ZA2YM,01 - Non intersection,03 - P.D. only,04 - Sideswipe,03 - Snow,01 - Daylight,02 - Wet,10 - No control,,2,0,0,0,,0,,,,,370975.2593,5031291.09,45.41842527,-75.65445007,2874
20--3436,2020/03/06,9:30 AM,ACACIA AVE @ ROCKCLIFFE PKWY (0002628),2628,02 - Intersection related,03 - P.D. only,03 - Rear end,03 - Snow,01 - Daylight,06 - Ice,02 - Stop sign,00 - Unknown,2,0,0,0,,0,,,,,368702.7272,5035534.255,45.4568149,-75.68293333,2875
20--3437,2020/03/06,9:40 AM,LAROUCHE ST btwn MCARTHUR AVE & STEVENS AVE (__3ZA822),__3ZA822,01 - Non intersection,03 - P.D. only,06 - SMV unattended vehicle,03 - Snow,01 - Daylight,03 - Loose snow,10 - No control,,1,0,0,0,,0,,,,,370392.0434,5032661.405,45.43080973,-75.6617188,2876
20--3438,2020/03/06,9:53 AM,"325 E OF HUNTMAR RD/IBER RD,TRANSITWAY @ HAZELDEAN RD (0014359)",14359,03 - At intersection,02 - Non-fatal injury,05 - Turning movement,03 - Snow,01 - Daylight,02 - Wet,01 - Traffic signal,01 - Functioning,3,0,0,0,02 - Minor,2,1,1,,,351183.5138,5016299.5,45.28512021,-75.90872763,2877
20--3439,2020/03/06,9:53 AM,SHEFFIELD RD @ WALKLEY RD (0005156),5156,02 - Intersection related,03 - P.D. only,03 - Rear end,03 - Snow,01 - Daylight,04 - Slush,01 - Traffic signal,01 - Functioning,2,0,0,0,,0,,,,,375257.7331,5028784.53,45.39545443,-75.60009584,2878
20--344,2020/01/09,Unknown,WELLINGTON ST    W btwn HOLLAND AVE & HINTON AVE N (__3ZA4QR),__3ZA4QR,01 - Non intersection,03 - P.D. only,06 - SMV unattended vehicle,01 - Clear,00 - Unknown,01 - Dry,10 - No control,,1,0,0,0,,0,,,,,364962.4933,5029171.049,45.39989251,-75.73152922,2879
20--3440,2020/03/07,1:13 PM,VANGUARD DR btwn LANTHIER DR & VANTAGE DR (__5SPC1L),__5SPC1L,04 - At/near private drive,03 - P.D. only,02 - Angle,01 - Clear,01 - Daylight,01 - Dry,10 - No control,,2,0,0,0,,0,,,,,383739.0427,5035655.876,45.45637225,-75.49068514,2880
20--3441,2020/03/07,1:27 PM,ST. JOSEPH BLVD @ JEANNE D'ARC BLVD (0012421),12421,03 - At intersection,03 - P.D. only,04 - Sideswipe,01 - Clear,01 - Daylight,01 - Dry,11 - Roundabout,01 - Functioning,2,0,0,0,,0,,,,,379860.7316,5036471.592,45.46413882,-75.54014152,2881
20--3442,2020/03/07,1:33 PM,JEANNE D'ARC BLVD @ ORLEANS BLVD S (0004154),4154,02 - Intersection related,03 - P.D. only,04 - Sideswipe,01 - Clear,01 - Daylight,01 - Dry,01 - Traffic signal,01 - Functioning,3,0,0,0,,0,,,,,380940.722,5036250.579,45.46203344,-75.52636709,2882
20--3443,2020/03/07,1:35 PM,HIGHWAY 417 btwn HWY417 IC112 RAMP66 & HWY417 IC113 RAMP65 (__3ZA284),__3ZA284,01 - Non intersection,03 - P.D. only,07 - SMV other,01 - Clear,01 - Daylight,01 - Dry,10 - No control,,1,0,0,0,,0,,,,,374202.2652,5031286.667,45.41807282,-75.6132227,2883
20--3444,2020/03/07,1:50 PM,STITTSVILLE MAIN ST @ HAZELDEAN RD (0000050),50,02 - Intersection related,03 - P.D. only,03 - Rear end,01 - Clear,01 - Daylight,01 - Dry,01 - Traffic signal,01 - Functioning,2,0,0,0,,0,,,,,349558.3988,5014878.692,45.27244066,-75.92957081,2884
20--3445,2020/03/07,10:26 AM,QUEEN ST btwn KENT ST & BANK ST (__3ZA2FR),__3ZA2FR,01 - Non intersection,03 - P.D. only,06 - SMV unattended vehicle,01 - Clear,01 - Daylight,01 - Dry,10 - No control,,1,0,0,0,,0,,,,,367184.1689,5031389.382,45.41965798,-75.70287317,2885
20--3446,2020/03/07,10:29 AM,BRIAN COBURN BLVD @ MER BLEUE RD (0014363),14363,03 - At intersection,03 - P.D. only,02 - Angle,01 - Clear,01 - Daylight,01 - Dry,11 - Roundabout,01 - Functioning,2,0,0,0,,0,,,,,383150.8189,5034441.164,45.44550953,-75.49839849,2886
20--3447,2020/03/07,10:30 AM,WELLINGTON ST    W btwn FAIRMONT AVE & IRVING AVE (__3ZA31T),__3ZA31T,01 - Non intersection,03 - P.D. only,06 - SMV unattended vehicle,01 - Clear,01 - Daylight,01 - Dry,10 - No control,,1,0,0,0,,0,,,,,365606.8844,5029775.238,45.40527318,-75.7232245,2887
20--3448,2020/03/07,10:30 AM,TILLSONBURG ST btwn GUELPH PRIV & WALLACEBURG CRT (__6FWUGT),__6FWUGT,04 - At/near private drive,03 - P.D. only,06 - SMV unattended vehicle,01 - Clear,01 - Daylight,01 - Dry,10 - No control,,1,0,0,0,,0,,,,,349050.57,5019520.238,45.31423894,-75.93562846,2888
20--3449,2020/03/07,10:35 AM,MOODIE DR @ HWY 417 MOODIE IC134R63 (0000649),649,03 - At intersection,03 - P.D. only,02 - Angle,01 - Clear,01 - Daylight,01 - Dry,01 - Traffic signal,01 - Functioning,2,0,0,0,,0,,,,,356389.6483,5022479.504,45.3403659,-75.8417233,2889
20--345,2020/01/09,Unknown,THARE CRES btwn CARHIDEL CRT & CROSSING PL (__3ZBN8F),__3ZBN8F,01 - Non intersection,03 - P.D. only,06 - SMV unattended vehicle,01 - Clear,00 - Unknown,01 - Dry,10 - No control,,1,0,0,0,,0,,,,,364114.9738,5017140.262,45.2917131,-75.74379659,2890
20--3450,2020/03/07,10:45 AM,O'CONNOR ST @ WELLINGTON ST (0002234),2234,02 - Intersection related,03 - P.D. only,03 - Rear end,01 - Clear,01 - Daylight,01 - Dry,01 - Traffic signal,01 - Functioning,2,0,0,0,,0,,,,,367413.7014,5031722.58,45.42263548,-75.69989821,2891
20--3451,2020/03/07,11:24 AM,CHAMPAGNE AVE   S btwn YOUNG ST & BEECH ST (__3ZBONO),__3ZBONO,01 - Non intersection,03 - P.D. only,06 - SMV unattended vehicle,01 - Clear,01 - Daylight,05 - Packed snow,10 - No control,,1,0,0,0,,0,,,,,366458.4262,5029196.216,45.39998881,-75.71241993,2892
20--3452,2020/03/07,11:48 AM,BELANGER AVE btwn CLEMENTINE BLVD & BANK ST (__3ZBOUA),__3ZBOUA,01 - Non intersection,03 - P.D. only,04 - Sideswipe,01 - Clear,01 - Daylight,01 - Dry,10 - No control,,2,0,0,0,,0,,,,,369605.16,5027418.82,45.38371219,-75.67246339,2893
20--3453,2020/03/07,Unknown,CLEGG ST btwn GLENORA ST & MAIN ST (__3ZA95M),__3ZA95M,01 - Non intersection,03 - P.D. only,06 - SMV unattended vehicle,01 - Clear,00 - Unknown,01 - Dry,10 - No control,,1,0,0,0,,0,,,,,369235.3034,5029897.46,45.40604829,-75.67686209,2894
20--3454,2020/03/07,Unknown,CLYDE AVE btwn BONNIE CRES & MAITLAND AVE (__3ZAAO0),__3ZAAO0,01 - Non intersection,03 - P.D. only,06 - SMV unattended vehicle,01 - Clear,00 - Unknown,02 - Wet,10 - No control,,1,0,0,0,,0,,,,,364170.8151,5025330.975,45.36540775,-75.74210246,2895
20--3455,2020/03/07,Unknown,GERRY LALONDE DR btwn BRIAN COBURN BLVD & CHINIAN ST/TRIGORIA CRES (__86L66A),__86L66A,01 - Non intersection,03 - P.D. only,06 - SMV unattended vehicle,01 - Clear,00 - Unknown,01 - Dry,10 - No control,,1,0,0,0,,0,,,,,383482.036,5034714.866,45.44793486,-75.49412124,2896
20--3456,2020/03/07,Unknown,SECOND AVE btwn BANK ST & O'CONNOR ST (__3ZA93V),__3ZA93V,01 - Non intersection,03 - P.D. only,06 - SMV unattended vehicle,01 - Clear,00 - Unknown,01 - Dry,10 - No control,,1,0,0,0,,0,,,,,368582.6201,5029792.405,45.40516282,-75.68521262,2897
20--3457,2020/03/07,Unknown,BANK ST btwn GLEBE AVE & FIRST AVE (__3ZA3O8),__3ZA3O8,01 - Non intersection,03 - P.D. only,06 - SMV unattended vehicle,01 - Clear,00 - Unknown,01 - Dry,10 - No control,,1,0,0,0,,0,,,,,368250.4939,5029760.916,45.40490968,-75.68945897,2898
20--3458,2020/03/07,Unknown,FINCH PRIV btwn PINSON PRIV & END (__3ZA2M0),__3ZA2M0,01 - Non intersection,03 - P.D. only,06 - SMV unattended vehicle,01 - Clear,00 - Unknown,01 - Dry,10 - No control,,1,0,0,0,,0,,,,,369785.6181,5023448.44,45.34797117,-75.67068145,2899
20--3459,2020/03/07,Unknown,SHADOW HILL CRES btwn Continuation of SHADOW HILL CRES & Continuation  (__3ZAZUH),__3ZAZUH,01 - Non intersection,03 - P.D. only,06 - SMV unattended vehicle,01 - Clear,00 - Unknown,01 - Dry,10 - No control,,1,0,0,0,,0,,,,,372610.9653,5024090.37,45.35347956,-75.6345416,2900
20--346,2020/01/09,Unknown,ARLINGTON AVE btwn KENT ST & BANK ST (__3ZA977),__3ZA977,01 - Non intersection,03 - P.D. only,06 - SMV unattended vehicle,01 - Clear,00 - Unknown,01 - Dry,10 - No control,,1,0,0,0,,0,,,,,367879.9786,5030264.749,45.4094765,-75.69412714,2901
20--3460,2020/03/07,12:09 PM,RAMSAYVILLE RD btwn LEITRIM RD & EIGHTH LINE RD (__3ZBO27),__3ZBO27,01 - Non intersection,02 - Non-fatal injury,07 - SMV other,01 - Clear,01 - Daylight,01 - Dry,10 - No control,,1,0,0,0,02 - Minor,1,,1,,,378895.2283,5023462.667,45.34719599,-75.55444132,2902
20--3461,2020/03/07,12:15 PM,HIGHWAY 417 btwn HWY417 IC140 RAMP16 & HWY417 IC140 RAMP61 (__3ZA2QQ),__3ZA2QQ,01 - Non intersection,03 - P.D. only,07 - SMV other,01 - Clear,01 - Daylight,01 - Dry,10 - No control,,1,0,0,0,,0,,,,,351122.1112,5018750.02,45.30717472,-75.90928142,2903
20--3462,2020/03/07,12:20 PM,CASTLEFRANK RD btwn HAZELDEAN RD & TO BE DETERMINED (__3ZA1Z2),__3ZA1Z2,01 - Non intersection,02 - Non-fatal injury,03 - Rear end,01 - Clear,01 - Daylight,01 - Dry,10 - No control,,2,0,0,0,01 - Minimal,2,2,,,,352686.3386,5017667.366,45.29732784,-75.88943945,2904
20--3463,2020/03/07,12:30 AM,STONEWAY DR btwn LEWISTON AVE & WINDHURST DR (__3ZA1A4),__3ZA1A4,01 - Non intersection,03 - P.D. only,07 - SMV other,01 - Clear,07 - Dark,01 - Dry,10 - No control,,1,0,0,0,,0,,,,,366276.23,5016147.525,45.28259478,-75.7163684,2905
20--3464,2020/03/07,12:30 PM,FRANKTOWN RD @ DWYER HILL RD (0000087),87,03 - At intersection,03 - P.D. only,02 - Angle,01 - Clear,01 - Daylight,01 - Dry,02 - Stop sign,01 - Functioning,2,0,0,0,,0,,,,,348404.5242,4998730.341,45.12720243,-75.94568859,2906
20--3465,2020/03/07,12:45 PM,MCRAE AVE @ RICHMOND RD (0006867),6867,02 - Intersection related,03 - P.D. only,04 - Sideswipe,01 - Clear,01 - Daylight,01 - Dry,01 - Traffic signal,01 - Functioning,2,0,0,0,,0,,,,,363609.6987,5028538.555,45.39431638,-75.7488827,2907
20--3466,2020/03/07,12:46 PM,GREENBANK RD btwn HWY417 IC129 RAMP35 & HWY417 IC129 RAMP25 (__3ZA4MU),__3ZA4MU,01 - Non intersection,03 - P.D. only,04 - Sideswipe,01 - Clear,01 - Daylight,01 - Dry,10 - No control,,2,0,0,0,,0,,,,,360509.9757,5023370.609,45.34806896,-75.78905206,2908
20--3467,2020/03/07,2:10 PM,MCCOOEY LANE @ FISHER AVE (0003055),3055,02 - Intersection related,02 - Non-fatal injury,03 - Rear end,01 - Clear,01 - Daylight,01 - Dry,01 - Traffic signal,01 - Functioning,3,0,0,0,01 - Minimal,1,1,,,,365997.6988,5026425.531,45.37509923,-75.71864794,2909
20--3468,2020/03/07,2:30 PM,INDUSTRIAL AVE btwn RIVERSIDE DR & SANDFORD FLEMING AVE (__3ZA3PG),__3ZA3PG,01 - Non intersection,02 - Non-fatal injury,03 - Rear end,01 - Clear,01 - Daylight,01 - Dry,10 - No control,,2,0,0,0,02 - Minor,1,,1,,,370874.6997,5030559.321,45.41185062,-75.65583294,2910
20--3469,2020/03/07,3:55 PM,BELFAST RD @ ST. LAURENT BLVD (0007658),7658,02 - Intersection related,03 - P.D. only,02 - Angle,01 - Clear,01 - Daylight,01 - Dry,01 - Traffic signal,01 - Functioning,2,0,0,0,,0,,,,,372860.7316,5030578.561,45.4118334,-75.63045973,2911
20--347,2020/01/09,12:51 PM,HWY 417 VANIER IC117R63 @ VANIER PKWY (0002101),2101,02 - Intersection related,02 - Non-fatal injury,03 - Rear end,01 - Clear,01 - Daylight,01 - Dry,01 - Traffic signal,01 - Functioning,2,0,0,0,02 - Minor,1,,1,,,370799.7288,5031397.566,45.41939988,-75.6566784,2912
20--2760,2020/02/22,5:15 PM,PARKDALE AVE btwn INGLEWOOD PL & CARLING AVE (__3ZA4OR),__3ZA4OR,01 - Non intersection,03 - P.D. only,06 - SMV unattended vehicle,01 - Clear,01 - Daylight,01 - Dry,10 - No control,,1,0,0,0,,0,,,,,365602.0227,5028231.416,45.39138265,-75.7234769,2913
20--2761,2020/02/22,5:47 AM,INNES RD @ TAUVETTE ST/GLEN PARK DR W (0003683),3683,02 - Intersection related,02 - Non-fatal injury,07 - SMV other,01 - Clear,07 - Dark,01 - Dry,02 - Stop sign,01 - Functioning,1,0,0,0,02 - Minor,1,,1,,,377346.7449,5032465.563,45.42836082,-75.57287613,2914
20--2762,2020/02/22,6:00 PM,BEATRICE DR @ STRANDHERD DR (0005447),5447,02 - Intersection related,03 - P.D. only,05 - Turning movement,01 - Clear,05 - Dusk,01 - Dry,01 - Traffic signal,01 - Functioning,2,0,0,0,,0,,,,,365527.3728,5015321.468,45.27522704,-75.72601419,2915
20--2763,2020/02/22,6:12 PM,BANK ST @ RIVERSIDE DR S (0002704),2704,02 - Intersection related,03 - P.D. only,03 - Rear end,01 - Clear,07 - Dark,01 - Dry,01 - Traffic signal,00 - Unknown,2,0,0,0,,0,,,,,369304.7163,5027894.536,45.38802026,-75.67623737,2916
20--2764,2020/02/22,6:25 PM,DUNROBIN RD btwn KILMAURS SIDE RD & CONSTANCE BAY RD (__3ZA4EA),__3ZA4EA,01 - Non intersection,02 - Non-fatal injury,07 - SMV other,01 - Clear,07 - Dark,01 - Dry,10 - No control,,1,0,0,0,02 - Minor,1,,1,,,336142.1944,5037858.779,45.47995088,-76.09909173,2917
20--2765,2020/02/22,6:59 PM,TERRY FOX DR btwn HWY417 IC140 RAMP61 & HWY417 IC140 RAMP16 (__3ZA2XO),__3ZA2XO,01 - Non intersection,03 - P.D. only,03 - Rear end,01 - Clear,07 - Dark,02 - Wet,10 - No control,,3,0,0,0,,0,,,,,350822.1521,5018695.155,45.30670075,-75.91311151,2918
20--2766,2020/02/22,7:16 PM,BOOTH ST @ POPLAR ST (0006506),6506,03 - At intersection,03 - P.D. only,02 - Angle,01 - Clear,07 - Dark,01 - Dry,02 - Stop sign,01 - Functioning,2,0,0,0,,0,,,,,366679.6886,5030058.569,45.4077285,-75.70948574,2919
20--2767,2020/02/22,8:35 PM,HIGHWAY 417 btwn HWY417 IC124 RAMP76 & HWY417 IC124 RAMP67 (__3ZA2R7),__3ZA2R7,01 - Non intersection,03 - P.D. only,04 - Sideswipe,01 - Clear,07 - Dark,01 - Dry,10 - No control,,2,0,0,0,,0,,,,,364456.9341,5027571.736,45.38554546,-75.73817965,2920
20--2768,2020/02/22,8:45 AM,ST. GEORGES ST btwn MARCOUX DR & GALLOWAY DR (__3ZA6S5),__3ZA6S5,04 - At/near private drive,03 - P.D. only,07 - SMV other,01 - Clear,01 - Daylight,01 - Dry,10 - No control,,1,0,0,0,,0,,,,,382840.5735,5036965.42,45.46825531,-75.50196332,2921
20--2769,2020/02/22,9:13 AM,CRAIG HENRY DR @ IVYLEA ST/WOODVALE GR (0004600),4600,02 - Intersection related,03 - P.D. only,99 - Other,01 - Clear,01 - Daylight,01 - Dry,02 - Stop sign,01 - Functioning,2,0,0,0,,0,,,,,363035.6859,5021802.48,45.33375388,-75.75700722,2922
20--277,2020/01/07,4:30 PM,MERIVALE RD btwn KIMWAY CRES & LOBLAWS SC (__3ZA4IOB),__3ZA4IOB,01 - Non intersection,03 - P.D. only,05 - Turning movement,01 - Clear,01 - Daylight,02 - Wet,10 - No control,,2,0,0,0,,0,,,,,364779.4742,5024890.882,45.36139604,-75.73438674,2923
20--2770,2020/02/22,9:22 AM,TENTH LINE RD @ OR174 IC101 RAMP26 (0009164),9164,02 - Intersection related,03 - P.D. only,03 - Rear end,01 - Clear,01 - Daylight,01 - Dry,10 - No control,,2,0,0,0,,0,,,,,382761.7965,5038939.736,45.48602724,-75.50265728,2924
20--2771,2020/02/22,9:30 PM,MERIVALE RD btwn SLACK RD & CAPITAL DR (__3ZA3IU),__3ZA3IU,04 - At/near private drive,03 - P.D. only,05 - Turning movement,01 - Clear,07 - Dark,06 - Ice,10 - No control,,2,0,0,0,,0,,,,,366055.3047,5020868.179,45.32509007,-75.71860091,2925
20--2772,2020/02/22,9:45 AM,ATHLONE AVE @ RICHMOND RD (0006293),6293,02 - Intersection related,03 - P.D. only,03 - Rear end,01 - Clear,01 - Daylight,01 - Dry,12 - IPS,01 - Functioning,2,0,0,0,,0,,,,,363453.6926,5028441.553,45.39345666,-75.75088657,2926
20--2773,2020/02/23,1:10 PM,MONTREAL RD btwn MONTGOMERY ST & PALACE ST (__3ZA3KD),__3ZA3KD,04 - At/near private drive,02 - Non-fatal injury,02 - Angle,01 - Clear,01 - Daylight,01 - Dry,10 - No control,,2,0,0,0,01 - Minimal,1,1,,,,369892.8116,5032964.039,45.43357935,-75.66805841,2927
20--2774,2020/02/23,1:30 AM,HIGHWAY 417 btwn HWY417 IC110 RAMP66 & HWY417 IC110 RAMP56 (__3ZA2XR),__3ZA2XR,01 - Non intersection,03 - P.D. only,07 - SMV other,01 - Clear,07 - Dark,02 - Wet,10 - No control,,1,0,0,0,,0,,,,,375732.1549,5029481.576,45.40167818,-75.59393692,2928
20--2775,2020/02/23,10:22 PM,MONTREAL RD @ SHEFFORD RD (0012423),12423,02 - Intersection related,03 - P.D. only,03 - Rear end,01 - Clear,07 - Dark,01 - Dry,01 - Traffic signal,01 - Functioning,2,0,0,0,,0,,,,,376125.731,5034853.578,45.44997231,-75.58813224,2929
20--2776,2020/02/23,11:14 AM,CAMPEAU DR @ KANATA AVE (0012003),12003,03 - At intersection,03 - P.D. only,02 - Angle,01 - Clear,01 - Daylight,01 - Dry,01 - Traffic signal,01 - Functioning,2,0,0,0,,0,,,,,350594.8652,5019401.945,45.31307549,-75.91594447,2930
20--2777,2020/02/23,Unknown,HAMILTON AVE   N btwn ARMSTRONG ST & WELLINGTON ST W (__3ZA05N),__3ZA05N,01 - Non intersection,03 - P.D. only,06 - SMV unattended vehicle,01 - Clear,00 - Unknown,04 - Slush,10 - No control,,1,0,0,0,,0,,,,,365021.936,5029358.364,45.40157282,-75.73074714,2931
20--2778,2020/02/23,12:15 AM,BLAIR RD @ OGILVIE RD (0004120),4120,03 - At intersection,03 - P.D. only,04 - Sideswipe,01 - Clear,07 - Dark,01 - Dry,01 - Traffic signal,01 - Functioning,2,0,0,0,,0,,,,,374507.7093,5033198.574,45.43524477,-75.60904981,2932
20--2779,2020/02/23,12:16 PM,BROMLEY RD btwn CARLING AVE & MCKELLAR AVE (__3ZA0D2),__3ZA0D2,04 - At/near private drive,03 - P.D. only,02 - Angle,01 - Clear,01 - Daylight,01 - Dry,10 - No control,,2,0,0,0,,0,,,,,362586.8476,5026368.805,45.37487841,-75.76219946,2933
20--278,2020/01/07,4:40 PM,OR174 IC109 RAMP66 @ MONTREAL RD (0012426),12426,02 - Intersection related,02 - Non-fatal injury,03 - Rear end,03 - Snow,05 - Dusk,04 - Slush,03 - Yield sign,01 - Functioning,2,0,0,0,01 - Minimal,1,1,,,,376297.7298,5034935.581,45.45069254,-75.58592168,2934
20--2780,2020/02/23,12:26 PM,GLADSTONE AVE btwn ROCHESTER ST & BOOTH ST (__3ZA31X),__3ZA31X,01 - Non intersection,03 - P.D. only,07 - SMV other,01 - Clear,01 - Daylight,01 - Dry,10 - No control,,1,0,0,0,,0,,,,,366707.8267,5029808.756,45.40547827,-75.70915768,2935
20--2781,2020/02/23,2:09 PM,GLADSTONE AVE @ LEBRETON ST (0005746),5746,03 - At intersection,03 - P.D. only,02 - Angle,01 - Clear,01 - Daylight,02 - Wet,02 - Stop sign,01 - Functioning,2,0,0,0,,0,,,,,366855.6988,5029922.562,45.40648917,-75.70725454,2936
20--2782,2020/02/23,2:15 PM,HIGHWAY 417 btwn HWY417 IC121A RAMP16 & HWY417 IC121A RAMP61 (__3ZA2YY),__3ZA2YY,01 - Non intersection,03 - P.D. only,03 - Rear end,01 - Clear,01 - Daylight,01 - Dry,10 - No control,,2,0,0,0,,0,,,,,367167.2138,5029721.554,45.40465287,-75.70330083,2937
20--2783,2020/02/23,2:26 PM,MONTREAL RD @ 46 E OF HILLSIDE DR/MONTREAL SQU (0008215),8215,03 - At intersection,02 - Non-fatal injury,07 - SMV other,01 - Clear,01 - Daylight,01 - Dry,01 - Traffic signal,01 - Functioning,1,0,0,1,01 - Minimal,1,1,,,,371749.9623,5033916.685,45.44197547,-75.6441955,2938
20--2784,2020/02/23,2:45 PM,MCKENNA CASEY DR @ STRANDHERD DR (0009659),9659,02 - Intersection related,03 - P.D. only,03 - Rear end,01 - Clear,01 - Daylight,01 - Dry,02 - Stop sign,01 - Functioning,2,0,0,0,,0,,,,,361911.8082,5013611.337,45.26014212,-75.77228829,2939
20--2785,2020/02/23,2:49 AM,ROSSLAND AVE btwn PENDER ST & ST. HELEN'S PL (__3ZAAWJ),__3ZAAWJ,01 - Non intersection,03 - P.D. only,06 - SMV unattended vehicle,01 - Clear,07 - Dark,05 - Packed snow,10 - No control,,1,0,0,0,,0,,,,,364464.8082,5024024.991,45.35363173,-75.73850748,2940
20--2786,2020/02/23,3:15 PM,VANIER PKWY SB btwn PRESLAND RD & COVENTRY RD (__3ZA4S5B),__3ZA4S5B,01 - Non intersection,03 - P.D. only,03 - Rear end,01 - Clear,01 - Daylight,01 - Dry,10 - No control,,3,0,0,0,,0,,,,,370571.3983,5031653.35,45.42172282,-75.65956146,2941
20--2787,2020/02/23,3:19 PM,HUNT CLUB RD @ DOWNPATRICK RD/MCCARTHY RD (0006931),6931,02 - Intersection related,03 - P.D. only,03 - Rear end,01 - Clear,01 - Daylight,01 - Dry,01 - Traffic signal,01 - Functioning,2,0,0,0,,0,,,,,370507.7292,5023400.504,45.34747258,-75.66147353,2942