Anom_ID,Accident_Date,Accident_Time,Location,Geo_ID,Accident_Location,Classification_of_Accident,Initial_Impact_Type,Environment_Condition,Light,Road_Surface_Condition,Traffic_Control,Traffic_Control_Condition,No__of_Vehicles,No__of_Bicycles,No__of_Motorcycles,No__of_Pedestrians,Max_Injury,No__of_Injuries,No__of_Minimal,No__of_Minor,No__of_Major,No__of_Fatal,X,Y,Latitude,Longitude,ObjectId
20--2788,2020/02/23,3:35 PM,BANK ST @ KILBORN AVE/BELANGER AVE (0007208),7208,02 - Intersection related,03 - P.D. only,04 - Sideswipe,01 - Clear,01 - Daylight,01 - Dry,01 - Traffic signal,01 - Functioning,2,0,0,0,,0,,,,,369653.715,5027427.546,45.38378621,-75.67184228,2943
20--2789,2020/02/23,4:30 PM,STRANDHERD DR btwn CEDARVIEW RD & MADRID AVE (__6O5O8S),__6O5O8S,01 - Non intersection,03 - P.D. only,03 - Rear end,01 - Clear,01 - Daylight,01 - Dry,10 - No control,,2,0,0,0,,0,,,,,363002.369,5014050.801,45.26400706,-75.75834217,2944
20--279,2020/01/07,4:40 PM,INNES RD @ WILDFLOWER DR (0012871),12871,03 - At intersection,03 - P.D. only,03 - Rear end,01 - Clear,05 - Dusk,02 - Wet,01 - Traffic signal,01 - Functioning,2,0,0,0,,0,,,,,382936.7566,5035690.553,45.45677442,-75.50093608,2945
20--2790,2020/02/23,4:45 PM,HIGHWAY 417 btwn HWY417 IC124 RAMP67 & HWY417 IC123 RAMP62 (__3ZA2YZ),__3ZA2YZ,01 - Non intersection,03 - P.D. only,03 - Rear end,01 - Clear,01 - Daylight,01 - Dry,10 - No control,,3,0,0,0,,0,,,,,364679.8561,5027893.647,45.38842293,-75.73529413,2946
20--2791,2020/02/23,4:58 PM,ST. JOSEPH BLVD @ JEANNE D'ARC BLVD (0012421),12421,03 - At intersection,03 - P.D. only,04 - Sideswipe,01 - Clear,01 - Daylight,01 - Dry,11 - Roundabout,01 - Functioning,2,0,0,0,,0,,,,,379860.7478,5036471.584,45.46413874,-75.54014131,2947
20--2792,2020/02/23,6:15 PM,JINKINSON RD btwn FERNBANK RD & HAZELDEAN RD (__7JQ7K3),__7JQ7K3,01 - Non intersection,03 - P.D. only,07 - SMV other,01 - Clear,07 - Dark,03 - Loose snow,10 - No control,,1,0,0,0,,0,,,,,345221.643,5009681.441,45.22593603,-75.98526139,2948
20--2793,2020/02/23,7:08 PM,LYON ST    N btwn NEPEAN ST & LISGAR ST (__3ZA3CL),__3ZA3CL,01 - Non intersection,03 - P.D. only,04 - Sideswipe,03 - Snow,07 - Dark,03 - Loose snow,10 - No control,,2,0,0,0,,0,,,,,367270.1152,5030874.972,45.4150218,-75.7018403,2949
20--2794,2020/02/23,7:37 PM,CATHERINE ST @ METCALFE ST (0011239),11239,03 - At intersection,03 - P.D. only,02 - Angle,01 - Clear,07 - Dark,01 - Dry,01 - Traffic signal,01 - Functioning,2,0,0,0,,0,,,,,368393.7016,5030486.551,45.41142571,-75.68753617,2950
20--2795,2020/02/23,8:25 PM,WALKLEY EXTENSION RD btwn HWY417 IC110 RAMP66 & RAMSAYVILLE RD (__3ZA2LZ),__3ZA2LZ,01 - Non intersection,03 - P.D. only,01 - Approaching,01 - Clear,07 - Dark,02 - Wet,10 - No control,,3,0,0,0,,0,,,,,376455.2239,5029424.147,45.40108783,-75.58471021,2951
20--2796,2020/02/23,9:00 PM,CHARKAY ST @ CHESTERTON DR (0001033),1033,02 - Intersection related,03 - P.D. only,03 - Rear end,01 - Clear,07 - Dark,06 - Ice,02 - Stop sign,01 - Functioning,2,0,0,0,,0,,,,,365666.7086,5023925.501,45.35263324,-75.72318146,2952
20--2797,2020/02/23,9:05 AM,CROYDON AVE btwn RICHMOND RD & BOND ST (__3ZABX1),__3ZABX1,04 - At/near private drive,03 - P.D. only,02 - Angle,01 - Clear,01 - Daylight,01 - Dry,10 - No control,,2,0,0,0,,0,,,,,360608.4062,5025148.349,45.36405718,-75.78759533,2953
20--2798,2020/02/23,9:20 AM,WOODROFFE AVE btwn HWY417 IC127 RAMP52 & HWY417 IC127 RAMP53 (__3ZA4L3),__3ZA4L3,01 - Non intersection,02 - Non-fatal injury,03 - Rear end,01 - Clear,01 - Daylight,01 - Dry,10 - No control,,2,0,0,0,01 - Minimal,1,1,,,,362196.6264,5024651.875,45.3594617,-75.76738071,2954
20--2799,2020/02/24,1:00 PM,GREENBANK RD @ WEST HUNT CLUB RD (0005167),5167,02 - Intersection related,03 - P.D. only,03 - Rear end,01 - Clear,01 - Daylight,02 - Wet,01 - Traffic signal,01 - Functioning,2,0,0,0,,0,,,,,361479.6676,5020502.475,45.32218386,-75.77700671,2955
20--28,2020/01/02,Unknown,MEADOWLANDS DR btwn VIEWMOUNT DR & INDIAN RD (__3ZA4HJ),__3ZA4HJ,01 - Non intersection,03 - P.D. only,06 - SMV unattended vehicle,01 - Clear,00 - Unknown,02 - Wet,10 - No control,,1,0,0,0,,0,,,,,363935.2893,5023213.787,45.34637746,-75.74536206,2956
20--280,2020/01/07,5:13 PM,HIGHWAY 417 btwn HWY417 IC110 RAMP55 & HWY417 IC104 RAMP51 (__3ZA2W8),__3ZA2W8,01 - Non intersection,03 - P.D. only,03 - Rear end,01 - Clear,05 - Dusk,02 - Wet,10 - No control,,3,0,0,0,,0,,,,,377244.7538,5026744.525,45.37689685,-75.5750198,2957
20--2800,2020/02/24,1:40 PM,BESSERER ST @ DALHOUSIE ST (0011452),11452,03 - At intersection,03 - P.D. only,04 - Sideswipe,01 - Clear,01 - Daylight,01 - Dry,01 - Traffic signal,01 - Functioning,2,0,0,0,,0,,,,,368252.6953,5032157.586,45.42647392,-75.68912227,2958
20--2801,2020/02/24,1:55 PM,ANDERSON RD @ INNES RD (0004200),4200,02 - Intersection related,02 - Non-fatal injury,03 - Rear end,01 - Clear,01 - Daylight,02 - Wet,01 - Traffic signal,01 - Functioning,2,0,0,0,02 - Minor,2,,2,,,376280.7205,5031841.562,45.42285619,-75.58658838,2959
20--2802,2020/02/24,10:00 AM,BLACKBURN BYPASS EB btwn NAVAN RD & INNES RD E (__3ZA3JA),__3ZA3JA,01 - Non intersection,03 - P.D. only,03 - Rear end,01 - Clear,01 - Daylight,01 - Dry,10 - No control,,2,0,0,0,,0,,,,,379780.9895,5033669.696,45.43893802,-75.5415882,2960
20--2803,2020/02/24,10:20 AM,RIVERSIDE DR @ TRANSITWAY - RIVERSIDE H (0008880),8880,03 - At intersection,03 - P.D. only,05 - Turning movement,01 - Clear,01 - Daylight,01 - Dry,01 - Traffic signal,01 - Functioning,2,0,0,0,,0,,,,,369770.3606,5028800.704,45.39613061,-75.67017213,2961
20--2804,2020/02/24,11:00 PM,HIGHWAY 416 btwn HWY416 IC66 RAMP62 & HWY416 IC72 RAMP24 (__3ZAZMZ),__3ZAZMZ,01 - Non intersection,03 - P.D. only,07 - SMV other,01 - Clear,07 - Dark,01 - Dry,10 - No control,,1,0,0,0,,0,,,,,359658.0785,5019318.621,45.3116762,-75.80037183,2962
20--2805,2020/02/24,11:30 AM,ISABELLA ST/HWY417 IC119AR75 @ METCALFE ST (0011380),11380,02 - Intersection related,03 - P.D. only,03 - Rear end,01 - Clear,01 - Daylight,02 - Wet,01 - Traffic signal,01 - Functioning,2,0,0,0,,0,,,,,368448.7,5030399.565,45.41063804,-75.68684482,2963
20--2806,2020/02/24,11:34 AM,CARLING AVE @ HOLLAND AVE (0002146),2146,03 - At intersection,03 - P.D. only,05 - Turning movement,01 - Clear,01 - Daylight,01 - Dry,01 - Traffic signal,01 - Functioning,2,0,0,0,,0,,,,,365416.7078,5028038.552,45.38966337,-75.7258671,2964
20--2807,2020/02/24,11:40 AM,CONOVER ST @ CRAIG HENRY DR (0000703),703,03 - At intersection,03 - P.D. only,05 - Turning movement,01 - Clear,01 - Daylight,01 - Dry,02 - Stop sign,01 - Functioning,2,0,0,0,,0,,,,,361896.6767,5021625.482,45.33225486,-75.77155836,2965
20--2808,2020/02/24,Unknown,BELLAMY ST btwn EIFFEL AVE & DEBRA AVE (__3ZAAQI),__3ZAAQI,01 - Non intersection,03 - P.D. only,06 - SMV unattended vehicle,01 - Clear,00 - Unknown,01 - Dry,10 - No control,,1,0,0,0,,0,,,,,366878.1611,5025568.462,45.36731007,-75.70751527,2966
20--2809,2020/02/24,Unknown,COLUMBUS AVE btwn EDITH AVE & LOLA ST (__3ZA8ZM),__3ZA8ZM,01 - Non intersection,03 - P.D. only,06 - SMV unattended vehicle,01 - Clear,00 - Unknown,02 - Wet,10 - No control,,1,0,0,0,,0,,,,,371013.5638,5032256.172,45.42710505,-75.65383098,2967
20--281,2020/01/07,5:45 PM,HIGHWAY 417 btwn HWY417 IC124 RAMP65 & HWY417 IC122 RAMP51 (__3ZA2R8),__3ZA2R8,01 - Non intersection,03 - P.D. only,03 - Rear end,01 - Clear,07 - Dark,01 - Dry,10 - No control,,3,0,0,0,,0,,,,,365007.8432,5028460.005,45.39349079,-75.73103679,2968
20--2810,2020/02/24,Unknown,ROSEHILL AVE btwn BURNABY DR & ETESIAN ST (__67PTQ1),__67PTQ1,01 - Non intersection,03 - P.D. only,06 - SMV unattended vehicle,03 - Snow,00 - Unknown,02 - Wet,10 - No control,,1,0,0,0,,0,,,,,350341.9428,5016313.716,45.28530316,-75.91945367,2969
20--2811,2020/02/24,12:00 PM,STITTSVILLE MAIN ST @ WEST RIDGE DR/PARADE DR (0014816),14816,02 - Intersection related,03 - P.D. only,03 - Rear end,01 - Clear,01 - Daylight,01 - Dry,01 - Traffic signal,01 - Functioning,2,0,0,0,,0,,,,,350901.8066,5011480.048,45.24177169,-75.91276577,2970
20--2812,2020/02/24,12:09 PM,ALESTHER ST @ QUEEN MARY ST (0008476),8476,03 - At intersection,03 - P.D. only,02 - Angle,01 - Clear,01 - Daylight,01 - Dry,02 - Stop sign,01 - Functioning,2,0,0,0,,0,,,,,372120.7417,5032152.584,45.42606732,-75.63969767,2971
20--2813,2020/02/24,12:17 AM,CHAPEL ST btwn STEWART ST & WILBROD ST (__3ZA812),__3ZA812,01 - Non intersection,03 - P.D. only,07 - SMV other,01 - Clear,07 - Dark,01 - Dry,10 - No control,,1,0,0,0,,0,,,,,369040.8052,5032392.52,45.42851583,-75.6790212,2972
20--2814,2020/02/24,12:22 AM,PRINCE OF WALES DR @ WEST HUNT CLUB RD (0000567),567,03 - At intersection,03 - P.D. only,02 - Angle,01 - Clear,07 - Dark,01 - Dry,01 - Traffic signal,01 - Functioning,2,0,0,0,,0,,,,,367458.7078,5021891.489,45.33417376,-75.7005707,2973
20--2815,2020/02/24,12:58 PM,QUEEN ST @ LYON ST (0002159),2159,02 - Intersection related,03 - P.D. only,04 - Sideswipe,01 - Clear,01 - Daylight,01 - Dry,01 - Traffic signal,01 - Functioning,2,0,0,0,,0,,,,,367018.6951,5031287.566,45.4187566,-75.7050002,2974
20--2816,2020/02/24,2:02 PM,TERRY FOX DR @ EDGEWATER ST/WALTER BAKER PL (0002699),2699,03 - At intersection,02 - Non-fatal injury,02 - Angle,01 - Clear,01 - Daylight,01 - Dry,01 - Traffic signal,01 - Functioning,2,0,0,0,02 - Minor,1,,1,,,351777.6198,5017613.459,45.29690411,-75.90103026,2975
20--2817,2020/02/24,2:09 PM,BANK ST @ SURREY AVE (0011314),11314,03 - At intersection,03 - P.D. only,02 - Angle,01 - Clear,01 - Daylight,01 - Dry,02 - Stop sign,01 - Functioning,2,0,0,0,,0,,,,,370383.2687,5025810.324,45.36916706,-75.66274192,2976
20--2818,2020/02/24,2:41 PM,HIGHWAY 417 btwn HWY417 IC124 RAMP76 & HWY417 IC124 RAMP67 (__3ZA2R7),__3ZA2R7,01 - Non intersection,02 - Non-fatal injury,03 - Rear end,01 - Clear,01 - Daylight,02 - Wet,10 - No control,,4,0,0,0,02 - Minor,1,,1,,,364313.8695,5027383.838,45.38386695,-75.74002908,2977
20--2819,2020/02/24,3:45 PM,ORLEANS BLVD btwn LUMBERMAN WAY & ST. JOSEPH BLVD (__3ZA66D),__3ZA66D,04 - At/near private drive,03 - P.D. only,02 - Angle,01 - Clear,01 - Daylight,01 - Dry,10 - No control,,2,0,0,0,,0,,,,,380588.1098,5037044.649,45.46921619,-75.53075295,2978
20--282,2020/01/07,5:49 PM,RIDEAU ST btwn SUSSEX DR & 88 W OF WILLIAM ST/FREIMAN MALL (__3ZA25UA),__3ZA25UA,01 - Non intersection,03 - P.D. only,04 - Sideswipe,01 - Clear,07 - Dark,02 - Wet,10 - No control,,2,0,0,0,,0,,,,,367938.6193,5032055.459,45.42558343,-75.69314861,2979
20--2820,2020/02/24,3:46 PM,INNES RD @ VISENEAU DR (0012442),12442,03 - At intersection,03 - P.D. only,02 - Angle,01 - Clear,01 - Daylight,01 - Dry,01 - Traffic signal,01 - Functioning,2,0,0,0,,0,,,,,381798.7494,5035073.543,45.4513494,-75.51558117,2980
20--2821,2020/02/24,3:52 PM,PRINCE OF WALES DR btwn WATERBEND LANE & TURN LANE (__3ZA1H4),__3ZA1H4,01 - Non intersection,03 - P.D. only,03 - Rear end,01 - Clear,01 - Daylight,01 - Dry,10 - No control,,2,0,0,0,,0,,,,,367428.0456,5021696.768,45.33242444,-75.70098651,2981
20--2822,2020/02/24,4:00 PM,REGIONAL ROAD 174 btwn OR174 IC109 RAMP54 & OR174 IC109 RAMP55 (__3ZA28X),__3ZA28X,01 - Non intersection,03 - P.D. only,03 - Rear end,01 - Clear,01 - Daylight,01 - Dry,10 - No control,,2,0,0,0,,0,,,,,376443.785,5034925.529,45.45058714,-75.58405611,2982
20--2823,2020/02/24,4:00 PM,HIGHWAY 417 btwn HWY417 IC127 RAMP25 & HWY417 IC126 RAMP51 (__3ZA2XA),__3ZA2XA,01 - Non intersection,03 - P.D. only,04 - Sideswipe,01 - Clear,01 - Daylight,01 - Dry,10 - No control,,2,0,0,0,,0,,,,,363145.944,5025801.273,45.3697255,-75.75512878,2983
20--2824,2020/02/24,4:11 PM,CUMMINGS AVE btwn WELDON DR & OGILVIE RD (__3ZA7UQ),__3ZA7UQ,04 - At/near private drive,03 - P.D. only,02 - Angle,01 - Clear,01 - Daylight,02 - Wet,10 - No control,,3,0,0,0,,0,,,,,372732.8863,5032204.587,45.42647604,-75.63186871,2984
20--2825,2020/02/24,4:15 PM,ST. LAURENT BLVD @ WALKLEY RD (0007653),7653,02 - Intersection related,03 - P.D. only,03 - Rear end,01 - Clear,01 - Daylight,01 - Dry,01 - Traffic signal,01 - Functioning,2,0,0,0,,0,,,,,373902.74,5028046.846,45.38895212,-75.61750338,2985
20--2826,2020/02/24,4:20 PM,TERRY FOX DR @ PALLADIUM DR/KATIMAVIK RD (0011858),11858,02 - Intersection related,03 - P.D. only,03 - Rear end,01 - Clear,01 - Daylight,01 - Dry,01 - Traffic signal,01 - Functioning,2,0,0,0,,0,,,,,351269.7137,5018181.771,45.30205171,-75.9074525,2986
20--2827,2020/02/24,4:42 PM,RIVERSIDE DR @ HERON RD (0002236),2236,02 - Intersection related,03 - P.D. only,05 - Turning movement,01 - Clear,01 - Daylight,01 - Dry,01 - Traffic signal,01 - Functioning,2,0,0,0,,0,,,,,368121.1056,5026647.229,45.37690534,-75.69151122,2987
20--2828,2020/02/24,5:00 PM,DUNNING RD @ RUSSLAND RD (0004702),4702,02 - Intersection related,03 - P.D. only,03 - Rear end,01 - Clear,01 - Daylight,01 - Dry,02 - Stop sign,01 - Functioning,2,0,0,0,,0,,,,,398072.8976,5023377.433,45.34414118,-75.30977114,2988
20--2829,2020/02/24,5:15 PM,UPPER DWYER HILL RD btwn GRAINGER PARK RD & PANMURE RD (__3ZBOBX),__3ZBOBX,01 - Non intersection,03 - P.D. only,01 - Approaching,01 - Clear,01 - Daylight,01 - Dry,10 - No control,,2,0,0,0,,0,,,,,329177.8786,5019993.488,45.31946869,-76.1890561,2989
20--283,2020/01/07,6:00 PM,WOODROFFE AVE btwn KNOXDALE RD/MEDHURST DR & MAJESTIC DR (__3ZA3JL),__3ZA3JL,01 - Non intersection,02 - Non-fatal injury,03 - Rear end,01 - Clear,07 - Dark,02 - Wet,10 - No control,,2,0,0,0,01 - Minimal,1,1,,,,363434.9188,5021789,45.33359934,-75.75191569,2990
20--2830,2020/02/24,5:43 PM,BRONSON AVE @ GLADSTONE AVE (0002110),2110,03 - At intersection,02 - Non-fatal injury,07 - SMV other,01 - Clear,05 - Dusk,01 - Dry,01 - Traffic signal,01 - Functioning,1,0,0,1,02 - Minor,1,,1,,,367133.696,5030081.558,45.40789506,-75.70368344,2991
20--2831,2020/02/24,5:50 PM,OR174 IC112 RAMP51 btwn REGIONAL ROAD 174 & OR174 IC112 RAMP52 (__3ZAY62),__3ZAY62,01 - Non intersection,03 - P.D. only,03 - Rear end,01 - Clear,07 - Dark,01 - Dry,10 - No control,,2,0,0,0,,0,,,,,374908.4576,5032880.702,45.43234467,-75.60397365,2992
20--2832,2020/02/24,5:54 PM,BASELINE RD @ JOHN SUTHERLAND DR/VALLEY STREAM (0000011),11,03 - At intersection,02 - Non-fatal injury,05 - Turning movement,01 - Clear,07 - Dark,02 - Wet,01 - Traffic signal,01 - Functioning,2,0,0,0,02 - Minor,1,,1,,,359310.6612,5021789.49,45.33393626,-75.80453028,2993
20--2833,2020/02/24,6:10 PM,LACASSE AVE @ MONTREAL RD (0009797),9797,03 - At intersection,02 - Non-fatal injury,07 - SMV other,01 - Clear,05 - Dusk,02 - Wet,01 - Traffic signal,01 - Functioning,1,0,0,1,01 - Minimal,1,1,,,,370686.7059,5033406.595,45.43748692,-75.65785363,2994
20--2834,2020/02/24,6:58 PM,CANON SMITH DR btwn OLD BIRCH RD & AYLWIN RD (__3ZACAP),__3ZACAP,01 - Non intersection,03 - P.D. only,07 - SMV other,01 - Clear,07 - Dark,01 - Dry,10 - No control,,1,0,0,0,,0,,,,,327258.1188,5038493.393,45.48600367,-76.21270011,2995
20--2835,2020/02/24,7:05 AM,BASELINE RD btwn CLYDE AVE & 207 E OF CLYDE AVE (__3ZA4ISA),__3ZA4ISA,01 - Non intersection,03 - P.D. only,03 - Rear end,01 - Clear,03 - Dawn,01 - Dry,10 - No control,,2,0,0,0,,0,,,,,364396.2506,5024914.487,45.36164112,-75.73927515,2996
20--2836,2020/02/24,7:25 PM,240 S OF CHARLEMAGNE BLVD/DES EPINETTES AVE @ TENTH LINE RD (0014362),14362,02 - Intersection related,03 - P.D. only,03 - Rear end,01 - Clear,07 - Dark,02 - Wet,01 - Traffic signal,01 - Functioning,2,0,0,0,,0,,,,,383736.1826,5036677.455,45.46556382,-75.49055768,2997
20--2837,2020/02/24,8:00 PM,BANK ST @ WALKLEY RD (0011423),11423,02 - Intersection related,03 - P.D. only,03 - Rear end,01 - Clear,07 - Dark,01 - Dry,01 - Traffic signal,01 - Functioning,2,0,0,0,,0,,,,,370337.8516,5025947.729,45.37040763,-75.66330344,2998
20--2838,2020/02/24,8:12 AM,PRINCE OF WALES DR @ MERIVALE RD (0000564),564,02 - Intersection related,03 - P.D. only,03 - Rear end,01 - Clear,01 - Daylight,02 - Wet,01 - Traffic signal,01 - Functioning,2,0,0,0,,0,,,,,367449.7108,5017616.465,45.29570854,-75.70122609,2999
20--2839,2020/02/24,8:14 PM,INDUSTRIAL AVE btwn NEIGHBORHOOD WAY & TRAINYARDS DR (__6N4VKM),__6N4VKM,04 - At/near private drive,03 - P.D. only,03 - Rear end,01 - Clear,07 - Dark,01 - Dry,10 - No control,,2,0,0,0,,0,,,,,371472.0845,5030556.558,45.4117691,-75.648202,3000
20--4010,2020/04/14,1:13 PM,EAGLESON RD @ KAKULU RD (0003188),3188,03 - At intersection,03 - P.D. only,05 - Turning movement,01 - Clear,01 - Daylight,01 - Dry,01 - Traffic signal,01 - Functioning,2,0,0,0,,0,,,,,353381.6085,5019151.474,45.31063443,-75.88042968,3001
20--4011,2020/04/14,11:29 AM,COLONNADE RD @ MERIVALE RD (0004569),4569,02 - Intersection related,03 - P.D. only,03 - Rear end,01 - Clear,01 - Daylight,01 - Dry,01 - Traffic signal,01 - Functioning,2,0,0,0,,0,,,,,365363.6962,5022544.501,45.34023343,-75.72721744,3002
20--4012,2020/04/14,2:04 PM,MCNEELY RD btwn WHISPERING WILLOW DR & GOLF COURSE RD (__3ZA6H8),__3ZA6H8,01 - Non intersection,03 - P.D. only,07 - SMV other,01 - Clear,01 - Daylight,01 - Dry,10 - No control,,1,0,0,0,,0,,,,,393912.6705,5028550.463,45.39122308,-75.36191481,3003
20--4013,2020/04/14,6:08 AM,HWY 417 INNES IC112R68 @ INNES RD (0012300),12300,03 - At intersection,03 - P.D. only,02 - Angle,01 - Clear,03 - Dawn,01 - Dry,01 - Traffic signal,01 - Functioning,2,0,0,0,,0,,,,,374641.8253,5030921.534,45.41474381,-75.60765872,3004
20--4014,2020/04/14,7:00 PM,GREENBANK RD @ BERRIGAN DR/WESSEX RD (0004726),4726,02 - Intersection related,03 - P.D. only,99 - Other,01 - Clear,01 - Daylight,01 - Dry,01 - Traffic signal,01 - Functioning,2,0,0,0,,0,,,,,363723.6796,5015276.42,45.27497516,-75.74900606,3005
20--4015,2020/04/15,1:26 PM,MERIVALE RD/LOTTA AVE @ CLYDE AVE (0001112),1112,02 - Intersection related,03 - P.D. only,03 - Rear end,01 - Clear,01 - Daylight,01 - Dry,01 - Traffic signal,01 - Functioning,2,0,0,0,,0,,,,,364521.7049,5024507.53,45.3579687,-75.73772308,3006
20--4016,2020/04/15,11:01 AM,STRANDHERD DR @ LONGFIELDS DR (0010935),10935,03 - At intersection,03 - P.D. only,02 - Angle,01 - Clear,01 - Daylight,01 - Dry,01 - Traffic signal,01 - Functioning,2,0,0,0,,0,,,,,364548.8,5015173.321,45.27397785,-75.73850307,3007
20--4017,2020/04/15,12:04 AM,MARVELVILLE RD btwn 8TH LINE RD & 9TH LINE RD (__3ZA3YM),__3ZA3YM,01 - Non intersection,02 - Non-fatal injury,07 - SMV other,03 - Snow,07 - Dark,02 - Wet,10 - No control,,1,0,0,0,01 - Minimal,1,1,,,,389123.7418,5006327.362,45.19187087,-75.42684237,3008
20--4018,2020/04/15,12:20 PM,DUNROBIN RD btwn KINBURN SIDE RD & VANCES SIDE RD (__3ZA3FG),__3ZA3FG,01 - Non intersection,03 - P.D. only,07 - SMV other,01 - Clear,01 - Daylight,01 - Dry,10 - No control,,1,0,0,0,,0,,,,,338364.5174,5035554.787,45.45911573,-76.07082342,3009
20--4019,2020/04/15,12:39 PM,GREENBANK RD btwn WEST HUNT CLUB RD & FALLOWFIELD RD (__3ZA1NE),__3ZA1NE,01 - Non intersection,02 - Non-fatal injury,07 - SMV other,01 - Clear,01 - Daylight,01 - Dry,10 - No control,,1,0,0,0,01 - Minimal,1,1,,,,362881.1413,5017195.295,45.29231134,-75.75951887,3010
20--402,2020/01/10,4:50 PM,HIGHWAY 417 btwn HWY417 IC124 RAMP67 & HWY417 IC123 RAMP62 (__3ZA2YZ),__3ZA2YZ,01 - Non intersection,03 - P.D. only,03 - Rear end,01 - Clear,05 - Dusk,01 - Dry,10 - No control,,2,0,0,0,,0,,,,,364702.3517,5027931.638,45.38876284,-75.73500226,3011
20--4020,2020/04/15,12:45 PM,FRANK ST btwn ELGIN ST & CARTIER ST (__3ZA9TD),__3ZA9TD,01 - Non intersection,03 - P.D. only,01 - Approaching,01 - Clear,01 - Daylight,01 - Dry,10 - No control,,2,0,0,0,,0,,,,,368487.8493,5030965.971,45.41573081,-75.68627152,3012
20--4021,2020/04/15,5:47 PM,BANK ST btwn ARENA PL & WHITE ALDER AVE (__3ZA29N),__3ZA29N,01 - Non intersection,02 - Non-fatal injury,03 - Rear end,01 - Clear,01 - Daylight,01 - Dry,10 - No control,,2,0,0,0,02 - Minor,1,,1,,,375476.8183,5021337.413,45.32842664,-75.59836299,3013
20--4022,2020/04/15,7:48 AM,HARTHILL WAY btwn BROXBURN CRES & KIPPEN PL (__67PTP3),__67PTP3,01 - Non intersection,03 - P.D. only,06 - SMV unattended vehicle,01 - Clear,01 - Daylight,01 - Dry,10 - No control,,1,0,0,0,,0,,,,,362663.2662,5013944.874,45.2630819,-75.76267525,3014
20--4191,2020/05/01,Unknown,FORWARD AVE btwn LYNDALE AVE & END (__3ZAAJX),__3ZAAJX,01 - Non intersection,03 - P.D. only,06 - SMV unattended vehicle,01 - Clear,00 - Unknown,01 - Dry,10 - No control,,1,0,0,0,,0,,,,,364959.2309,5029912.685,45.40656586,-75.73148041,3015
20--4023,2020/04/15,8:30 AM,JEANNE D'ARC BLVD @ MONTCERF CRT (0004155),4155,03 - At intersection,03 - P.D. only,02 - Angle,01 - Clear,01 - Daylight,01 - Dry,01 - Traffic signal,01 - Functioning,2,0,0,0,,0,,,,,381117.742,5036286.575,45.46233799,-75.52409822,3016
20--4024,2020/04/15,8:46 PM,MCCARTHY RD @ WALKLEY RD (0006969),6969,02 - Intersection related,02 - Non-fatal injury,02 - Angle,01 - Clear,07 - Dark,01 - Dry,01 - Traffic signal,01 - Functioning,2,1,0,0,02 - Minor,1,,1,,,369249.7069,5025300.53,45.36468523,-75.67727834,3017
20--4025,2020/04/16,1:30 PM,HIGHWAY 417 btwn HWY417 IC96 RAMP61 & HWY417 IC88 RAMP16 (__3ZA27Z),__3ZA27Z,01 - Non intersection,03 - P.D. only,07 - SMV other,01 - Clear,01 - Daylight,01 - Dry,10 - No control,,1,0,0,0,,0,,,,,395222.2981,5022483.382,45.33647077,-75.34630269,3018
20--4026,2020/04/16,10:12 PM,HUNT CLUB RD @ RIVERSIDE DR (0002237),2237,02 - Intersection related,03 - P.D. only,03 - Rear end,01 - Clear,07 - Dark,01 - Dry,01 - Traffic signal,01 - Functioning,2,0,0,0,,0,,,,,368036.6959,5021945.494,45.33460784,-75.69319029,3019
20--4027,2020/04/16,2:00 PM,HIGHWAY 417 btwn HWY417 IC126 RAMP61 & HWY417 IC124 RAMP76 (__3ZA2Y2),__3ZA2Y2,01 - Non intersection,03 - P.D. only,04 - Sideswipe,01 - Clear,01 - Daylight,01 - Dry,10 - No control,,2,0,0,0,,0,,,,,363656.9283,5026512.577,45.37608298,-75.74852112,3020
20--4028,2020/04/16,3:39 PM,BRONSON AVE btwn MCLEOD ST & FLORA ST (__3ZA300),__3ZA300,04 - At/near private drive,02 - Non-fatal injury,99 - Other,01 - Clear,01 - Daylight,01 - Dry,10 - No control,,2,0,0,1,03 - Major,1,,,1,,367174.623,5029981.918,45.40699489,-75.70317326,3021
20--4029,2020/04/16,4:05 PM,CARLETON AVE @ SCOTT ST (0006124),6124,03 - At intersection,02 - Non-fatal injury,02 - Angle,01 - Clear,01 - Daylight,01 - Dry,01 - Traffic signal,01 - Functioning,2,1,0,0,01 - Minimal,1,1,,,,364114.6946,5029214.554,45.4003563,-75.74235217,3022
20--403,2020/01/10,5:15 PM,GLOUCESTER ST @ O'CONNOR ST (0006943),6943,03 - At intersection,02 - Non-fatal injury,07 - SMV other,01 - Clear,05 - Dusk,02 - Wet,01 - Traffic signal,02 - Not functioning,1,0,0,1,01 - Minimal,1,1,,,,367678.7093,5031292.592,45.41874282,-75.69656705,3023
20--4030,2020/04/16,4:56 PM,WEST HUNT CLUB RD btwn PRINCE OF WALES DR & HUNT CLUB RD (__3ZA2T4),__3ZA2T4,01 - Non intersection,02 - Non-fatal injury,04 - Sideswipe,01 - Clear,01 - Daylight,01 - Dry,10 - No control,,2,1,0,0,03 - Major,1,,,1,,367743.6901,5021882.783,45.33406992,-75.69693623,3024