Anom_ID,Accident_Date,Accident_Time,Location,Geo_ID,Accident_Location,Classification_of_Accident,Initial_Impact_Type,Environment_Condition,Light,Road_Surface_Condition,Traffic_Control,Traffic_Control_Condition,No__of_Vehicles,No__of_Bicycles,No__of_Motorcycles,No__of_Pedestrians,Max_Injury,No__of_Injuries,No__of_Minimal,No__of_Minor,No__of_Major,No__of_Fatal,X,Y,Latitude,Longitude,ObjectId
20--4031,2020/04/16,5:00 PM,CYRVILLE RD @ ST. LAURENT BLVD (0002647),2647,02 - Intersection related,03 - P.D. only,03 - Rear end,01 - Clear,01 - Daylight,01 - Dry,01 - Traffic signal,01 - Functioning,2,0,0,0,,0,,,,,372241.7171,5032111.585,45.42568678,-75.6381575,3025
20--4032,2020/04/16,5:28 PM,CARLING AVE @ ROSEVIEW AVE (0002644),2644,03 - At intersection,03 - P.D. only,02 - Angle,01 - Clear,01 - Daylight,01 - Dry,02 - Stop sign,01 - Functioning,2,0,0,0,,0,,,,,359358.6689,5024199.508,45.3556179,-75.803652,3026
20--4033,2020/04/16,5:51 PM,CARLING AVE @ PRESTON ST (0002161),2161,03 - At intersection,02 - Non-fatal injury,02 - Angle,01 - Clear,01 - Daylight,01 - Dry,01 - Traffic signal,01 - Functioning,2,0,0,0,02 - Minor,1,,1,,,366829.7113,5028935.561,45.3976107,-75.70771064,3027
20--4034,2020/04/16,7:20 AM,CHAPEL ST btwn RIDEAU ST & END (__3ZA7AF),__3ZA7AF,01 - Non intersection,03 - P.D. only,06 - SMV unattended vehicle,01 - Clear,01 - Daylight,01 - Dry,10 - No control,,1,0,0,0,,0,,,,,368885.001,5032661.456,45.4309499,-75.68097713,3028
20--4035,2020/04/16,8:04 AM,MARCH RD btwn GREY FOX DR & HOWIE RD (__3ZA2QF),__3ZA2QF,01 - Non intersection,03 - P.D. only,07 - SMV other,01 - Clear,01 - Daylight,01 - Dry,10 - No control,,1,0,0,0,,0,,,,,336724.4269,5016806.962,45.29049207,-76.093006,3029
20--4036,2020/04/16,8:41 PM,MARCH RD btwn HALTON TERR/MAXWELL BRIDGE RD & MAXWELL RD (__3ZA2GD),__3ZA2GD,01 - Non intersection,03 - P.D. only,07 - SMV other,01 - Clear,07 - Dark,01 - Dry,10 - No control,,1,0,0,0,,0,,,,,348397.6132,5025008.71,45.36366651,-75.94347226,3030
20--4037,2020/04/17,10:30 PM,LADY LOCHEAD LANE @ GOURLAY LANE (0010688),10688,02 - Intersection related,03 - P.D. only,07 - SMV other,01 - Clear,07 - Dark,06 - Ice,02 - Stop sign,01 - Functioning,1,0,0,0,,0,,,,,345003.9497,5022052.322,45.33726687,-75.98703125,3031
20--4038,2020/04/17,11:30 AM,DALEWOOD CRES btwn WEST RIDGE DR & BARRACKS WAY (__6R1U1F),__6R1U1F,04 - At/near private drive,03 - P.D. only,99 - Other,01 - Clear,01 - Daylight,01 - Dry,10 - No control,,2,0,0,0,,0,,,,,350561.1371,5011648.15,45.24330657,-75.91708945,3032
20--4039,2020/04/17,Unknown,LYON ST    S btwn FOURTH AVE & END (__4VCD8Q),__4VCD8Q,01 - Non intersection,03 - P.D. only,06 - SMV unattended vehicle,01 - Clear,00 - Unknown,01 - Dry,10 - No control,,1,0,0,0,,0,,,,,368183.1708,5029361.554,45.40132244,-75.69037023,3033
20--404,2020/01/10,5:15 PM,ANDERSON RD @ LEITRIM RD (0004148),4148,03 - At intersection,03 - P.D. only,05 - Turning movement,01 - Clear,05 - Dusk,01 - Dry,02 - Stop sign,01 - Functioning,2,0,0,0,,0,,,,,380473.7742,5024908.51,45.36003626,-75.53407842,3034
20--4040,2020/04/17,4:50 PM,EAGLESON RD @ FLEWELLYN RD (0000121),121,02 - Intersection related,03 - P.D. only,03 - Rear end,01 - Clear,01 - Daylight,01 - Dry,02 - Stop sign,01 - Functioning,2,0,0,0,,0,,,,,355333.6322,5014247.437,45.26636918,-75.85603624,3035
20--4041,2020/04/17,5:10 PM,EAGLESON RD @ KATIMAVIK RD/TIMM DR (0011925),11925,03 - At intersection,03 - P.D. only,02 - Angle,01 - Clear,01 - Daylight,01 - Dry,01 - Traffic signal,01 - Functioning,2,0,0,0,,0,,,,,353214.6217,5019565.469,45.31437118,-75.88251871,3036
20--4042,2020/04/17,5:51 PM,HAIG DR @ SMYTH RD (0007736),7736,03 - At intersection,02 - Non-fatal injury,05 - Turning movement,01 - Clear,01 - Daylight,01 - Dry,01 - Traffic signal,01 - Functioning,2,0,0,0,02 - Minor,1,,1,,,372564.7205,5029298.558,45.40034523,-75.63441704,3037
20--4043,2020/04/17,6:03 PM,CONROY RD @ HUNT CLUB RD (0002257),2257,03 - At intersection,03 - P.D. only,03 - Rear end,01 - Clear,01 - Daylight,01 - Dry,01 - Traffic signal,01 - Functioning,2,0,0,0,,0,,,,,373763.7514,5025404.522,45.36519134,-75.61964718,3038
20--4044,2020/04/17,6:08 AM,RIVERSIDE DR @ PLEASANT PARK RD (0007296),7296,03 - At intersection,03 - P.D. only,07 - SMV other,01 - Clear,01 - Daylight,01 - Dry,01 - Traffic signal,01 - Functioning,1,0,0,0,,0,,,,,369561.2577,5028415.007,45.39267961,-75.67289322,3039
20--4045,2020/04/17,6:57 AM,DONNELLY DR btwn HARNETT RD & MALAKOFF RD (__3ZA4KC),__3ZA4KC,01 - Non intersection,03 - P.D. only,07 - SMV other,01 - Clear,01 - Daylight,01 - Dry,10 - No control,,1,0,0,0,,0,,,,,366892.4355,4988771.442,45.0362074,-75.71191773,3040
20--4046,2020/04/17,7:28 PM,HERON RD @ ALTA VISTA DR (0007188),7188,02 - Intersection related,03 - P.D. only,07 - SMV other,01 - Clear,01 - Daylight,01 - Dry,01 - Traffic signal,01 - Functioning,1,0,0,0,,0,,,,,370492.7208,5026902.542,45.37898422,-75.66119949,3041
20--4047,2020/04/17,8:44 PM,MONTREAL RD btwn AVIATION PKWY & DEN HAAG DR (1) (__3ZA2CGA),__3ZA2CGA,01 - Non intersection,02 - Non-fatal injury,03 - Rear end,01 - Clear,07 - Dark,01 - Dry,10 - No control,,2,0,0,0,01 - Minimal,1,1,,,,372155.8105,5034112.879,45.44370174,-75.63898138,3042
20--4048,2020/04/18,1:12 AM,REMEMBRANCE CRES btwn GREAT OAK PRIV & GREAT OAK PRIV (__4TZRQL),__4TZRQL,01 - Non intersection,03 - P.D. only,07 - SMV other,01 - Clear,07 - Dark,01 - Dry,10 - No control,,1,0,0,0,,0,,,,,370745.1978,5029147.239,45.39915747,-75.65767612,3043
20--4049,2020/04/18,12:11 AM,CASSELS ST btwn BRITANNIA RD & END (__3ZA1GI),__3ZA1GI,01 - Non intersection,03 - P.D. only,07 - SMV other,01 - Clear,07 - Dark,01 - Dry,10 - No control,,1,0,0,0,,0,,,,,359991.5456,5026232.874,45.37386454,-75.79534791,3044
20--405,2020/01/10,5:16 PM,CAMBRIAN RD @ CEDARVIEW RD (0001571),1571,03 - At intersection,02 - Non-fatal injury,02 - Angle,02 - Rain,05 - Dusk,02 - Wet,02 - Stop sign,01 - Functioning,2,0,0,0,02 - Minor,1,,1,,,363002.6694,5011834.408,45.24406378,-75.7585979,3045
20--4050,2020/04/18,12:51 AM,STAGECOACH RD btwn GREELY WEST DR & PARKWAY RD (__3ZA3TJ),__3ZA3TJ,01 - Non intersection,03 - P.D. only,07 - SMV other,01 - Clear,07 - Dark,01 - Dry,10 - No control,,1,0,0,0,,0,,,,,376202.9477,5012684.122,45.25049403,-75.59034628,3046
20--4051,2020/04/18,2:19 AM,MARIER AVE btwn DESCHAMPS AVE & MONTREAL RD (__3ZA8UW),__3ZA8UW,01 - Non intersection,03 - P.D. only,07 - SMV other,01 - Clear,07 - Dark,01 - Dry,10 - No control,,1,0,0,0,,0,,,,,370409.8391,5033279.011,45.43636501,-75.66140909,3047
20--4052,2020/04/18,2:48 AM,COLONIAL RD btwn BIRCHGROVE RD & CANAAN RD (__3ZA2UL),__3ZA2UL,01 - Non intersection,03 - P.D. only,07 - SMV other,01 - Clear,07 - Dark,01 - Dry,10 - No control,,1,0,0,0,,0,,,,,398436.9658,5035556.886,45.45366673,-75.30281434,3048
20--4053,2020/04/18,3:12 PM,ST. JOSEPH BLVD @ TENTH LINE RD (0009163),9163,03 - At intersection,03 - P.D. only,02 - Angle,01 - Clear,01 - Daylight,01 - Dry,01 - Traffic signal,01 - Functioning,3,0,0,0,,0,,,,,382890.7966,5038666.443,45.48355397,-75.50105074,3049
20--4054,2020/04/18,4:00 PM,HIGHWAY 417 btwn HIGHWAY 417 & HIGHWAY 417 (2) (__3ZA2UZ),__3ZA2UZ,01 - Non intersection,03 - P.D. only,03 - Rear end,01 - Clear,01 - Daylight,01 - Dry,10 - No control,,2,0,0,0,,0,,,,,375433.5618,5030062.089,45.40693152,-75.59766742,3050
20--4055,2020/04/18,4:09 PM,MAITLAND AVE btwn CAMEO DR & CLYDE AVE (__3ZA4I2),__3ZA4I2,01 - Non intersection,03 - P.D. only,04 - Sideswipe,01 - Clear,01 - Daylight,01 - Dry,10 - No control,,2,0,0,0,,0,,,,,364232.6184,5025153.347,45.36380424,-75.74133494,3051
20--4056,2020/04/18,4:34 PM,ROCKCLIFFE PKWY btwn GL/OT BOUNDARY & ST. JOSEPH BLVD (__3ZA21V),__3ZA21V,01 - Non intersection,03 - P.D. only,04 - Sideswipe,01 - Clear,01 - Daylight,01 - Dry,10 - No control,,2,0,0,0,,0,,,,,376544.3743,5036796.742,45.46741277,-75.58249723,3052
20--4057,2020/04/18,5:08 PM,PORTOBELLO BLVD btwn SCALA AVE & CHAREST WAY (__3ZAYG3),__3ZAYG3,01 - Non intersection,02 - Non-fatal injury,07 - SMV other,01 - Clear,01 - Daylight,01 - Dry,10 - No control,,1,0,1,0,02 - Minor,1,,1,,,385616.9898,5036518.626,45.46391976,-75.46653577,3053
20--4058,2020/04/18,6:49 AM,INDUSTRIAL AVE btwn TRAINYARDS DR & RUSSELL RD (__3ZA3R9),__3ZA3R9,04 - At/near private drive,03 - P.D. only,02 - Angle,01 - Clear,01 - Daylight,01 - Dry,10 - No control,,2,0,0,0,,0,,,,,372001.3337,5030464.875,45.41089356,-75.64145361,3054
20--4059,2020/04/19,10:15 AM,WOODROFFE AVE btwn ANTHONY AVE & SAVILLE ROW (__3ZA4NP),__3ZA4NP,01 - Non intersection,03 - P.D. only,07 - SMV other,02 - Rain,01 - Daylight,02 - Wet,10 - No control,,1,0,0,0,,0,,,,,361681.0044,5026421.46,45.37542631,-75.77375792,3055
20--406,2020/01/10,5:30 PM,TILLBURY AVE btwn WAVELL AVE & GAINSBOROUGH AVE (__3ZA0N9),__3ZA0N9,01 - Non intersection,03 - P.D. only,06 - SMV unattended vehicle,01 - Clear,05 - Dusk,04 - Slush,10 - No control,,1,0,0,0,,0,,,,,362512.6033,5026705.883,45.37791752,-75.76310791,3056
20--4060,2020/04/19,12:22 PM,HERON RD @ 155 W OF BANK ST/CANADIAN TIRE SC (0008219),8219,03 - At intersection,03 - P.D. only,02 - Angle,02 - Rain,01 - Daylight,02 - Wet,01 - Traffic signal,01 - Functioning,2,0,0,0,,0,,,,,369847.8254,5026831.489,45.37840508,-75.66944236,3057
20--4061,2020/04/19,4:32 AM,HIGHWAY 417 btwn HWY417 IC117 RAMP36 & HWY417 IC117 RAMP26 (__3ZAZE0),__3ZAZE0,01 - Non intersection,03 - P.D. only,07 - SMV other,01 - Clear,07 - Dark,01 - Dry,10 - No control,,1,0,0,0,,0,,,,,370467.3373,5031151.926,45.41722099,-75.66095786,3058
20--4062,2020/04/19,6:49 PM,BANK ST @ CATHERINE ST (0002708),2708,03 - At intersection,02 - Non-fatal injury,02 - Angle,01 - Clear,05 - Dusk,01 - Dry,01 - Traffic signal,01 - Functioning,2,0,0,0,02 - Minor,1,,1,,,368039.706,5030267.578,45.40948754,-75.6920864,3059
20--4063,2020/04/19,6:59 PM,DAVIDSON RD @ HAWTHORNE RD (0009547),9547,02 - Intersection related,03 - P.D. only,03 - Rear end,02 - Rain,01 - Daylight,02 - Wet,02 - Stop sign,01 - Functioning,2,0,0,0,,0,,,,,376282.7544,5024509.515,45.35688614,-75.58762447,3060
20--4064,2020/04/19,9:11 PM,DONALD ST @ VANIER PKWY (0007644),7644,03 - At intersection,02 - Non-fatal injury,05 - Turning movement,01 - Clear,07 - Dark,02 - Wet,01 - Traffic signal,01 - Functioning,2,0,0,0,03 - Major,4,1,2,1,,370311.6967,5032270.59,45.42730086,-75.66279753,3061
20--4065,2020/04/20,1:05 PM,CARLING AVE @ RICHMOND RD (0010847),10847,02 - Intersection related,03 - P.D. only,03 - Rear end,01 - Clear,01 - Daylight,01 - Dry,01 - Traffic signal,00 - Unknown,2,0,0,0,,0,,,,,360245.6718,5024781.506,45.36078513,-75.79226651,3062
20--4066,2020/04/20,10:10 AM,DONALD ST @ ST. LAURENT BLVD (0008630),8630,02 - Intersection related,03 - P.D. only,04 - Sideswipe,01 - Clear,01 - Daylight,01 - Dry,01 - Traffic signal,01 - Functioning,2,0,0,0,,0,,,,,372093.7089,5032472.579,45.42894909,-75.63999937,3063
20--4067,2020/04/20,11:18 AM,CARSONBY RD    W btwn FOURTH LINE RD & THIRD LINE RD N (__3ZABMU),__3ZABMU,01 - Non intersection,02 - Non-fatal injury,07 - SMV other,01 - Clear,01 - Daylight,01 - Dry,10 - No control,,1,0,0,0,02 - Minor,1,,1,,,365313.7393,5003482.29,45.16871582,-75.73017585,3064
20--4068,2020/04/20,Unknown,SCHUBERT CIRC btwn Continuation of SCHUBERT CIRC & AQUAVIEW DR (__4V3I7O),__4V3I7O,01 - Non intersection,03 - P.D. only,06 - SMV unattended vehicle,00 - Unknown,00 - Unknown,99 - Other,10 - No control,,1,0,0,0,,0,,,,,385374.7089,5035922.862,45.45858764,-75.46973112,3065
20--4069,2020/04/20,3:04 PM,KIRKWOOD AVE @ LAPERRIERE AVE (0006742),6742,02 - Intersection related,03 - P.D. only,07 - SMV other,01 - Clear,01 - Daylight,01 - Dry,01 - Traffic signal,01 - Functioning,1,0,0,0,,0,,,,,364519.6823,5026958.546,45.38002274,-75.7374526,3066
20--407,2020/01/10,5:32 PM,ROGER STEVENS DR btwn MCKENNA RD & DWYER HILL RD (__3ZA428),__3ZA428,01 - Non intersection,03 - P.D. only,07 - SMV other,01 - Clear,05 - Dusk,02 - Wet,10 - No control,,1,0,0,0,,0,,,,,353400.6328,4988508.431,45.0348939,-75.88317091,3067
20--4070,2020/04/20,3:56 PM,EAGLESON RD @ HAZELDEAN RD/ROBERTSON RD (0002715),2715,02 - Intersection related,02 - Non-fatal injury,03 - Rear end,01 - Clear,01 - Daylight,01 - Dry,01 - Traffic signal,01 - Functioning,2,0,0,0,01 - Minimal,1,1,,,,353673.6176,5018424.458,45.30407233,-75.87677755,3068
20--4071,2020/04/20,5:26 PM,HIGHWAY 417 btwn HWY417 IC110 RAMP55 & HWY417 IC104 RAMP51 (__3ZA2W8),__3ZA2W8,01 - Non intersection,03 - P.D. only,04 - Sideswipe,01 - Clear,01 - Daylight,01 - Dry,10 - No control,,2,0,0,0,,0,,,,,378791.753,5026183.377,45.37168631,-75.55535434,3069
20--4072,2020/04/20,6:34 PM,MEADOWBROOK RD @ BORTOLOTTI CRES N/CEDARCROFT  (0009443),9443,03 - At intersection,03 - P.D. only,05 - Turning movement,01 - Clear,01 - Daylight,01 - Dry,02 - Stop sign,00 - Unknown,2,0,0,0,,0,,,,,374423.7403,5031988.573,45.4243662,-75.61029398,3070
20--4073,2020/04/20,6:38 AM,ALBION RD @ HUNT CLUB RD (0006974),6974,02 - Intersection related,03 - P.D. only,07 - SMV other,01 - Clear,01 - Daylight,01 - Dry,01 - Traffic signal,01 - Functioning,1,0,0,0,,0,,,,,371867.726,5024320.516,45.35562181,-75.64399513,3071
20--4074,2020/04/20,7:04 PM,BANK ST @ DAVIDSON RD/LESTER RD (0008797),8797,02 - Intersection related,03 - P.D. only,07 - SMV other,01 - Clear,01 - Daylight,01 - Dry,01 - Traffic signal,01 - Functioning,1,0,0,0,,0,,,,,373672.733,5022923.513,45.34287715,-75.62115455,3072
20--4075,2020/04/20,7:45 AM,KNOXDALE RD btwn BERTONA ST & MILLFORD AVE (__3ZA3JI),__3ZA3JI,01 - Non intersection,03 - P.D. only,04 - Sideswipe,01 - Clear,01 - Daylight,01 - Dry,10 - No control,,2,0,0,0,,0,,,,,362796.9261,5021471.789,45.33079812,-75.7600919,3073
20--4076,2020/04/20,7:59 PM,INNES RD btwn PAGE RD & 473 E OF PAGE RD/BUILDERS' WAREHOUSE SC (__3ZAYFDA),__3ZAYFDA,01 - Non intersection,03 - P.D. only,03 - Rear end,01 - Clear,05 - Dusk,01 - Dry,10 - No control,,2,0,0,0,,0,,,,,381209.8483,5034728.946,45.44831363,-75.52316261,3074
20--4077,2020/04/20,8:35 AM,HWY416 IC66 RAMP34 btwn HIGHWAY 416 & FALLOWFIELD RD (__3ZAY40),__3ZAY40,01 - Non intersection,02 - Non-fatal injury,07 - SMV other,01 - Clear,01 - Daylight,01 - Dry,10 - No control,,1,0,0,0,02 - Minor,1,,1,,,359846.1562,5014999.951,45.27280171,-75.79845266,3075
20--4078,2020/04/21,10:04 PM,KING EDWARD AVE NB btwn CLARENCE ST & YORK ST (__3ZA3WR),__3ZA3WR,01 - Non intersection,03 - P.D. only,06 - SMV unattended vehicle,01 - Clear,07 - Dark,01 - Dry,10 - No control,,1,0,0,0,,0,,,,,368355.6591,5032689.397,45.43124961,-75.68773797,3076
20--4079,2020/04/21,10:30 AM,HUNTER'S RUN DR @ JEANNE D'ARC BLVD (0012419),12419,02 - Intersection related,03 - P.D. only,03 - Rear end,04 - Freezing Rain,01 - Daylight,02 - Wet,01 - Traffic signal,01 - Functioning,2,0,0,0,,0,,,,,380567.7452,5036174.574,45.46139016,-75.53114747,3077
20--408,2020/01/10,5:35 PM,WEST HUNT CLUB RD @ CLEOPATRA DR/LANCELOT DR (0000114),114,03 - At intersection,03 - P.D. only,03 - Rear end,01 - Clear,05 - Dusk,02 - Wet,01 - Traffic signal,01 - Functioning,4,0,0,0,,0,,,,,365235.6891,5021732.499,45.33293817,-75.72894981,3078
20--4080,2020/04/21,10:59 PM,KANATA AVE btwn TERRY FOX DR & RICHARDSON SIDE RD (__4WKBJF),__4WKBJF,01 - Non intersection,03 - P.D. only,07 - SMV other,01 - Clear,07 - Dark,06 - Ice,10 - No control,,1,0,0,0,,0,,,,,349363.5644,5019515.522,45.31417671,-75.93163715,3079
20--4081,2020/04/21,Unknown,MEADOWBREEZE DR btwn ACCEPTANCE PL & HAWKBIRCH ST (e___2KSI),e___2KSI,01 - Non intersection,03 - P.D. only,06 - SMV unattended vehicle,00 - Unknown,00 - Unknown,02 - Wet,10 - No control,,1,0,0,0,,0,,,,,356373.79,5015338.671,45.27611282,-75.84266875,3080
20--4082,2020/04/21,Unknown,BARRETT FARM DR btwn KELLY FARM DR & NEPETA CRES (e___2HNZ),e___2HNZ,01 - Non intersection,03 - P.D. only,06 - SMV unattended vehicle,01 - Clear,00 - Unknown,01 - Dry,10 - No control,,1,0,0,0,,0,,,,,374514.788,5020798.311,45.32367222,-75.6107102,3081
20--4083,2020/04/21,12:00 PM,GALATINA WAY btwn ABBEYDALE CIRC & HUNTERBROOK ST N (__5GN1PV),__5GN1PV,04 - At/near private drive,03 - P.D. only,06 - SMV unattended vehicle,01 - Clear,01 - Daylight,01 - Dry,10 - No control,,1,0,0,0,,0,,,,,348422.0034,5022901.237,45.34470144,-75.94334689,3082
20--4084,2020/04/21,12:31 PM,CARLING AVE @ CLYDE AVE/COLE AVE (0006984),6984,03 - At intersection,03 - P.D. only,02 - Angle,03 - Snow,01 - Daylight,02 - Wet,01 - Traffic signal,01 - Functioning,2,0,0,0,,0,,,,,363520.6835,5026850.539,45.37913535,-75.75022033,3083
20--4085,2020/04/21,2:06 PM,ISLAND PARK DR @ SCOTT ST (0002126),2126,03 - At intersection,02 - Non-fatal injury,07 - SMV other,03 - Snow,01 - Daylight,02 - Wet,01 - Traffic signal,01 - Functioning,1,0,0,1,03 - Major,1,,,1,,363833.6843,5029040.545,45.39881435,-75.74596213,3084
20--4086,2020/04/21,3:17 PM,HIGHWAY 417 btwn HWY417 IC124 RAMP76 & HWY417 IC124 RAMP67 (__3ZA2R7),__3ZA2R7,01 - Non intersection,03 - P.D. only,03 - Rear end,02 - Rain,01 - Daylight,02 - Wet,10 - No control,,3,0,0,0,,0,,,,,364222.2393,5027269.478,45.38284574,-75.74121283,3085
20--4087,2020/04/21,3:31 PM,PRINCE OF WALES DR @ WEST HUNT CLUB RD (0000567),567,02 - Intersection related,03 - P.D. only,03 - Rear end,01 - Clear,01 - Daylight,01 - Dry,01 - Traffic signal,01 - Functioning,2,0,0,0,,0,,,,,367458.7057,5021891.506,45.33417392,-75.70057073,3086
20--4088,2020/04/21,4:25 PM,HIGHWAY 417 btwn HWY417 IC180 RAMP26 & HWY417 IC180 RAMP61 (__5SO7L5),__5SO7L5,01 - Non intersection,03 - P.D. only,04 - Sideswipe,06 - Strong wind,01 - Daylight,01 - Dry,10 - No control,,2,0,0,0,,0,,,,,318516.5251,5031005.553,45.41885111,-76.32473678,3087
20--4089,2020/04/21,5:59 PM,GREENBANK RD btwn WEST HUNT CLUB RD & FALLOWFIELD RD (__3ZA1NE),__3ZA1NE,01 - Non intersection,03 - P.D. only,07 - SMV other,01 - Clear,01 - Daylight,02 - Wet,10 - No control,,1,0,0,0,,0,,,,,362882.5271,5017192.128,45.29228273,-75.75950158,3088
20--409,2020/01/10,5:45 PM,BRIDGE ST @ DICKINSON ST (0009326),9326,03 - At intersection,03 - P.D. only,05 - Turning movement,01 - Clear,07 - Dark,02 - Wet,01 - Traffic signal,01 - Functioning,2,0,0,0,,0,,,,,368855.7026,5010077.407,45.2277461,-75.68427377,3089
20--4090,2020/04/21,9:30 AM,DUNNING RD btwn FRENCH HILL RD & INNES RD (__3ZBOGY),__3ZBOGY,01 - Non intersection,03 - P.D. only,07 - SMV other,03 - Snow,01 - Daylight,04 - Slush,10 - No control,,1,0,0,0,,0,,,,,392080.0526,5038323.084,45.47937647,-75.38358269,3090
20--4091,2020/04/22,1:15 PM,MCLEOD ST @ PERCY ST (0007818),7818,03 - At intersection,03 - P.D. only,02 - Angle,01 - Clear,01 - Daylight,01 - Dry,02 - Stop sign,01 - Functioning,2,0,0,0,,0,,,,,367369.7235,5030140.559,45.40840488,-75.70066099,3091
20--4092,2020/04/22,1:16 PM,FOREST ST @ RICHMOND RD (0002750),2750,02 - Intersection related,03 - P.D. only,04 - Sideswipe,01 - Clear,01 - Daylight,01 - Dry,02 - Stop sign,01 - Functioning,2,0,0,0,,0,,,,,360466.6729,5025138.517,45.36397998,-75.78940555,3092
20--4093,2020/04/22,10:10 AM,PLACE D'ORLEANS DR btwn CENTRUM BLVD & ST. JOSEPH BLVD (__3ZA2FM),__3ZA2FM,04 - At/near private drive,03 - P.D. only,02 - Angle,01 - Clear,01 - Daylight,01 - Dry,10 - No control,,2,0,0,0,,0,,,,,381979.8237,5038051.058,45.47811859,-75.51279899,3093
20--4094,2020/04/22,11:55 AM,HUNT CLUB RD @ HWY417 HUNT CLUB IC109 RAMP52 (0017210),17210,03 - At intersection,03 - P.D. only,02 - Angle,01 - Clear,01 - Daylight,01 - Dry,02 - Stop sign,01 - Functioning,2,0,0,0,,0,,,,,376416.5641,5027444.644,45.38328129,-75.58549128,3094
20--4095,2020/04/22,12:45 PM,BRADWELL WAY @ KELLY FARM DR (0014130),14130,02 - Intersection related,03 - P.D. only,02 - Angle,01 - Clear,01 - Daylight,01 - Dry,02 - Stop sign,01 - Functioning,2,0,0,0,,0,,,,,375002.1679,5020197.833,45.31822078,-75.604579,3095
20--4096,2020/04/22,2:06 AM,BASELINE RD btwn MERIVALE RD & FARLANE BLVD (__3ZA4ID),__3ZA4ID,01 - Non intersection,03 - P.D. only,07 - SMV other,01 - Clear,07 - Dark,01 - Dry,10 - No control,,1,0,0,0,,0,,,,,365272.8161,5025463.279,45.36650399,-75.72801995,3096
20--4097,2020/04/22,2:52 PM,PRESLAND RD @ VANIER PKWY (0012076),12076,02 - Intersection related,03 - P.D. only,03 - Rear end,01 - Clear,01 - Daylight,01 - Dry,01 - Traffic signal,01 - Functioning,2,0,0,0,,0,,,,,370433.1187,5031751.632,45.42262011,-75.66131514,3097
20--4098,2020/04/22,3:46 PM,BRONSON AVE btwn FLORENCE ST & GLADSTONE AVE (__3ZA1WP),__3ZA1WP,01 - Non intersection,03 - P.D. only,04 - Sideswipe,01 - Clear,01 - Daylight,01 - Dry,10 - No control,,3,0,0,0,,0,,,,,367106.0692,5030147.862,45.40849411,-75.70402796,3098
20--4099,2020/04/22,7:13 AM,PERTH ST btwn FRANKTOWN RD & ROCHELLE DR (__3ZA42R),__3ZA42R,01 - Non intersection,03 - P.D. only,07 - SMV other,01 - Clear,01 - Daylight,01 - Dry,10 - No control,,1,0,0,0,,0,,,,,355845.3902,5005437,45.18705338,-75.85041879,3099
20--41,2020/01/02,4:08 PM,PRINCE OF WALES DR @ WEST HUNT CLUB RD (0000567),567,02 - Intersection related,03 - P.D. only,03 - Rear end,01 - Clear,01 - Daylight,01 - Dry,01 - Traffic signal,01 - Functioning,2,0,0,0,,0,,,,,367458.719,5021891.511,45.33417396,-75.70057056,3100
20--410,2020/01/10,6:00 PM,OGILVIE RD btwn MURDOCK GT & CUMMINGS AVE (__3ZBN9A),__3ZBN9A,01 - Non intersection,03 - P.D. only,04 - Sideswipe,01 - Clear,07 - Dark,01 - Dry,10 - No control,,2,0,0,0,,0,,,,,372719.2396,5032155.362,45.42603446,-75.63204987,3101
20--3650,2020/03/13,12:17 PM,CYRVILLE RD @ INNES RD (0009352),9352,02 - Intersection related,03 - P.D. only,04 - Sideswipe,01 - Clear,01 - Daylight,01 - Dry,01 - Traffic signal,01 - Functioning,2,0,0,0,,0,,,,,375047.7249,5031119.561,45.41648492,-75.60244511,3102
20--3651,2020/03/13,2:11 PM,WOODROFFE AVE btwn IRIS ST & MIRAMICHI ST (__3ZA4L1),__3ZA4L1,01 - Non intersection,03 - P.D. only,03 - Rear end,01 - Clear,01 - Daylight,01 - Dry,10 - No control,,2,0,0,0,,0,,,,,362327.1494,5024329.879,45.35655371,-75.76575231,3103
20--3652,2020/03/13,2:35 PM,BARNSDALE RD @ PRINCE OF WALES DR (0001082),1082,03 - At intersection,03 - P.D. only,02 - Angle,01 - Clear,01 - Daylight,01 - Dry,02 - Stop sign,01 - Functioning,3,0,0,0,,0,,,,,366646.692,5011532.401,45.24103558,-75.71222114,3104
20--3653,2020/03/13,2:58 PM,BANK ST @ RIVERSIDE DR N (0010778),10778,02 - Intersection related,03 - P.D. only,03 - Rear end,01 - Clear,01 - Daylight,02 - Wet,01 - Traffic signal,01 - Functioning,2,0,0,0,,0,,,,,369225.709,5027983.557,45.38882851,-75.67723461,3105
20--3654,2020/03/13,3:09 PM,ROGER GUINDON AVE @ SMYTH RD (0006971),6971,02 - Intersection related,03 - P.D. only,99 - Other,01 - Clear,01 - Daylight,01 - Dry,01 - Traffic signal,01 - Functioning,2,0,0,0,,0,,,,,371933.9081,5029226.161,45.39975461,-75.64248358,3106
20--3655,2020/03/13,3:16 PM,PETER MORAND CRES btwn ROGER GUINDON AVE & ROGER GUINDON AVE (__3ZAZAK),__3ZAZAK,04 - At/near private drive,03 - P.D. only,02 - Angle,01 - Clear,01 - Daylight,02 - Wet,10 - No control,,2,0,0,0,,0,,,,,372137.3988,5029661.154,45.40364895,-75.63982524,3107