Anom_ID,Accident_Date,Accident_Time,Location,Geo_ID,Accident_Location,Classification_of_Accident,Initial_Impact_Type,Environment_Condition,Light,Road_Surface_Condition,Traffic_Control,Traffic_Control_Condition,No__of_Vehicles,No__of_Bicycles,No__of_Motorcycles,No__of_Pedestrians,Max_Injury,No__of_Injuries,No__of_Minimal,No__of_Minor,No__of_Major,No__of_Fatal,X,Y,Latitude,Longitude,ObjectId
20--3656,2020/03/13,3:58 PM,FALLOWFIELD RD @ GREENBANK RD (0000549),549,02 - Intersection related,03 - P.D. only,03 - Rear end,01 - Clear,01 - Daylight,01 - Dry,01 - Traffic signal,01 - Functioning,2,0,0,0,,0,,,,,363080.6708,5016732.454,45.28813018,-75.75702965,3108
20--3657,2020/03/13,4:08 PM,HWY 417 TERRYFO IC140R53 @ TERRY FOX DR (0003179),3179,02 - Intersection related,03 - P.D. only,03 - Rear end,01 - Clear,01 - Daylight,01 - Dry,10 - No control,,2,0,0,0,,0,,,,,351081.6157,5018401.47,45.30404104,-75.90983035,3109
20--3658,2020/03/13,4:24 PM,FALLOWFIELD RD @ RICHMOND RD (0000634),634,03 - At intersection,02 - Non-fatal injury,05 - Turning movement,01 - Clear,01 - Daylight,01 - Dry,01 - Traffic signal,01 - Functioning,2,0,0,0,02 - Minor,1,,1,,,357721.6415,5013529.426,45.25973276,-75.82568375,3110
20--3659,2020/03/13,4:39 PM,HIGHWAY 417 btwn HWY417 IC122 RAMP61 & HWY417 IC121B RAMP16 (__3ZA2Y4),__3ZA2Y4,01 - Non intersection,03 - P.D. only,03 - Rear end,01 - Clear,01 - Daylight,01 - Dry,10 - No control,,3,0,0,0,,0,,,,,365672.6847,5029125.712,45.39942319,-75.72246419,3111
20--366,2020/01/09,8:15 AM,GLADWIN CRES @ LANCASTER RD (0008281),8281,03 - At intersection,03 - P.D. only,02 - Angle,01 - Clear,01 - Daylight,04 - Slush,02 - Stop sign,01 - Functioning,2,0,0,0,,0,,,,,373459.74,5029475.562,45.40185063,-75.62296133,3112
20--3660,2020/03/13,4:45 PM,EARL ARMSTRONG RD @ SPRATT RD (0013063),13063,03 - At intersection,03 - P.D. only,05 - Turning movement,01 - Clear,01 - Daylight,01 - Dry,01 - Traffic signal,01 - Functioning,2,0,0,0,,0,,,,,368396.6926,5015011.423,45.27218362,-75.68948729,3113
20--3661,2020/03/13,4:45 PM,VIEWMOUNT DR @ MERIVALE RD (0001528),1528,02 - Intersection related,03 - P.D. only,04 - Sideswipe,01 - Clear,01 - Daylight,01 - Dry,01 - Traffic signal,01 - Functioning,2,0,0,0,,0,,,,,365193.6983,5022948.489,45.34388312,-75.72933707,3114
20--3662,2020/03/13,4:58 PM,HWY 417 VANIER IC117R63 @ VANIER PKWY (0002101),2101,02 - Intersection related,03 - P.D. only,03 - Rear end,01 - Clear,01 - Daylight,01 - Dry,01 - Traffic signal,01 - Functioning,2,0,0,0,,0,,,,,370799.7246,5031397.561,45.41939984,-75.65667845,3115
20--3663,2020/03/13,5:00 PM,HIGHWAY 417 btwn HWY417 IC122 RAMP61 & HWY417 IC121B RAMP16 (__3ZA2Y4),__3ZA2Y4,01 - Non intersection,03 - P.D. only,04 - Sideswipe,01 - Clear,01 - Daylight,01 - Dry,10 - No control,,2,0,0,0,,0,,,,,365699.6419,5029142.595,45.39957275,-75.72211781,3116
20--3664,2020/03/13,5:16 AM,ST. JOSEPH BLVD @ JEANNE D'ARC BLVD (0012421),12421,03 - At intersection,03 - P.D. only,02 - Angle,01 - Clear,07 - Dark,01 - Dry,11 - Roundabout,01 - Functioning,2,0,0,0,,0,,,,,379860.7422,5036471.574,45.46413865,-75.54014139,3117
20--3665,2020/03/13,6:20 PM,MARAVISTA DR @ STRANDHERD DR (0013565),13565,03 - At intersection,03 - P.D. only,02 - Angle,01 - Clear,07 - Dark,01 - Dry,01 - Traffic signal,01 - Functioning,2,0,0,0,,0,,,,,361288.4381,5014584.958,45.26895318,-75.78011984,3118
20--3666,2020/03/13,7:26 PM,MOODIE DR @ ROBERTSON RD (0010545),10545,03 - At intersection,02 - Non-fatal injury,05 - Turning movement,01 - Clear,07 - Dark,01 - Dry,01 - Traffic signal,01 - Functioning,2,0,0,0,02 - Minor,2,1,1,,,357066.6609,5020455.475,45.32210339,-75.83329902,3119
20--3667,2020/03/13,7:40 AM,WOODROFFE AVE btwn NAVAHO DR & Continuation of WOODROFFE AVE (__3ZBOCC),__3ZBOCC,01 - Non intersection,02 - Non-fatal injury,03 - Rear end,02 - Rain,01 - Daylight,02 - Wet,10 - No control,,2,0,0,0,02 - Minor,1,,1,,,362801.9947,5023318.647,45.34741561,-75.75981075,3120
20--3668,2020/03/13,8:00 AM,PINECREST RD @ RICHMOND RD (0002353),2353,02 - Intersection related,03 - P.D. only,03 - Rear end,02 - Rain,01 - Daylight,02 - Wet,01 - Traffic signal,01 - Functioning,2,0,0,0,,0,,,,,360072.681,5024471.522,45.35800956,-75.79450913,3121
20--3669,2020/03/13,8:19 PM,HIGHWAY 417 btwn HWY417 IC118 RAMP35 & HWY417 IC117 RAMP51 (__3ZA2YP),__3ZA2YP,01 - Non intersection,03 - P.D. only,04 - Sideswipe,01 - Clear,07 - Dark,01 - Dry,10 - No control,,2,0,0,0,,0,,,,,369814.9848,5031136.571,45.41714375,-75.66929421,3122
20--367,2020/01/09,8:32 AM,SOMERSET ST    W btwn BECKINGTON PRIV & BANK ST (__3ZAZQ1),__3ZAZQ1,04 - At/near private drive,03 - P.D. only,02 - Angle,01 - Clear,01 - Daylight,01 - Dry,10 - No control,,2,0,0,0,,0,,,,,367668.5527,5030899.87,45.41521014,-75.69674692,3123
20--3670,2020/03/13,9:00 PM,PRINCE OF WALES DR @ FALLOWFIELD RD (0000566),566,02 - Intersection related,03 - P.D. only,03 - Rear end,01 - Clear,07 - Dark,01 - Dry,01 - Traffic signal,01 - Functioning,2,0,0,0,,0,,,,,367399.7141,5019166.484,45.30965987,-75.70166775,3124
20--3671,2020/03/13,9:15 AM,INNES RD @ BEARBROOK RD/GLEN PARK DR E (0003630),3630,02 - Intersection related,03 - P.D. only,03 - Rear end,02 - Rain,01 - Daylight,02 - Wet,01 - Traffic signal,01 - Functioning,2,0,0,0,,0,,,,,377994.7328,5032842.573,45.4316854,-75.56454013,3125
20--3672,2020/03/13,9:26 PM,BAYSHORE DR btwn WOODRIDGE CRES S & BAYSHORE CS (__3ZAA4OB),__3ZAA4OB,01 - Non intersection,02 - Non-fatal injury,04 - Sideswipe,01 - Clear,07 - Dark,01 - Dry,10 - No control,,2,0,0,0,02 - Minor,1,,1,,,359195.6284,5023568.931,45.34995663,-75.80580215,3126
20--3673,2020/03/13,9:29 PM,JEANNE D'ARC BLVD @ ORLEANS BLVD S (0004154),4154,03 - At intersection,03 - P.D. only,05 - Turning movement,01 - Clear,07 - Dark,01 - Dry,01 - Traffic signal,01 - Functioning,2,0,0,0,,0,,,,,380940.7387,5036250.572,45.46203337,-75.52636687,3127
20--3674,2020/03/14,10:42 AM,VIEWMOUNT DR @ MERIVALE RD (0001528),1528,02 - Intersection related,03 - P.D. only,04 - Sideswipe,01 - Clear,01 - Daylight,01 - Dry,01 - Traffic signal,01 - Functioning,2,0,0,0,,0,,,,,365193.701,5022948.502,45.34388323,-75.72933703,3128
20--3675,2020/03/14,11:06 AM,HUNT CLUB RD @ RIVERSIDE DR (0002237),2237,02 - Intersection related,03 - P.D. only,04 - Sideswipe,02 - Rain,01 - Daylight,02 - Wet,01 - Traffic signal,01 - Functioning,2,0,0,0,,0,,,,,368036.6908,5021945.507,45.33460796,-75.69319035,3129
20--3676,2020/03/14,11:25 AM,ROCHEFORT CIRC btwn Continuation of ROCHEFORT CIRC & Continuation of R (__6ZT4KS),__6ZT4KS,04 - At/near private drive,03 - P.D. only,06 - SMV unattended vehicle,01 - Clear,01 - Daylight,01 - Dry,10 - No control,,1,0,0,0,,0,,,,,384163.2574,5035025.526,45.45065288,-75.48536369,3130
20--4100,2020/04/22,7:22 PM,ABBOTT ST @ STITTSVILLE MAIN ST (0000082),82,02 - Intersection related,03 - P.D. only,02 - Angle,01 - Clear,01 - Daylight,01 - Dry,01 - Traffic signal,01 - Functioning,2,0,0,0,,0,,,,,350248.5816,5013331.416,45.25847347,-75.92091671,3131
20--3677,2020/03/14,Unknown,FIRESIDE CRES btwn TAPIOLA CRES & TAPIOLA CRES (__3ZA9F0),__3ZA9F0,01 - Non intersection,03 - P.D. only,06 - SMV unattended vehicle,01 - Clear,00 - Unknown,01 - Dry,10 - No control,,1,0,0,0,,0,,,,,371888.2917,5025063.543,45.36230534,-75.64363182,3132
20--3678,2020/03/14,Unknown,RENAISSANCE DR btwn CASABELLA DR & CASABELLA DR (__30LQVL),__30LQVL,01 - Non intersection,03 - P.D. only,06 - SMV unattended vehicle,01 - Clear,00 - Unknown,01 - Dry,10 - No control,,1,0,0,0,,0,,,,,384518.205,5036327.756,45.46232875,-75.48061541,3133
20--3679,2020/03/14,12:05 PM,MURRAY ST @ SUSSEX DR (0011912),11912,02 - Intersection related,03 - P.D. only,04 - Sideswipe,01 - Clear,01 - Daylight,01 - Dry,01 - Traffic signal,01 - Functioning,2,0,0,0,,0,,,,,367707.5392,5032394.492,45.42865476,-75.696058,3134
20--368,2020/01/09,8:45 PM,CARP RD btwn THOMAS A. DOLAN PKWY & NORMA LANE (__3ZAZ54),__3ZAZ54,01 - Non intersection,03 - P.D. only,07 - SMV other,01 - Clear,07 - Dark,01 - Dry,10 - No control,,1,0,0,0,,0,,,,,337116.2928,5025448.906,45.36823845,-76.08744621,3135
20--3680,2020/03/14,12:36 AM,CLARENCE ST @ DALHOUSIE ST (0008415),8415,02 - Intersection related,02 - Non-fatal injury,07 - SMV other,01 - Clear,07 - Dark,01 - Dry,01 - Traffic signal,01 - Functioning,1,0,0,1,01 - Minimal,1,1,,,,368042.7079,5032503.599,45.42960624,-75.69176105,3136
20--3681,2020/03/14,12:50 PM,OTTAWA RIVER PKWY @ ISLAND PARK DR (0002127),2127,02 - Intersection related,02 - Non-fatal injury,03 - Rear end,01 - Clear,01 - Daylight,01 - Dry,01 - Traffic signal,01 - Functioning,2,0,0,0,01 - Minimal,1,1,,,,363298.7005,5029453.565,45.40257554,-75.75274591,3137
20--3682,2020/03/14,12:57 PM,GREENBANK RD @ IRIS ST/HWY 417 IC129 RAMP51 (0009073),9073,02 - Intersection related,03 - P.D. only,03 - Rear end,01 - Clear,01 - Daylight,01 - Dry,01 - Traffic signal,01 - Functioning,2,0,0,0,,0,,,,,360531.302,5023312.49,45.34754431,-75.78878647,3138
20--3683,2020/03/14,2:30 AM,HWY417 HUNT CLUB IC109 RAMP51 btwn HIGHWAY 417 EB & HWY417 HUNT CLUB IC109 RAMP52/53 (e___1GZO),e___1GZO,01 - Non intersection,03 - P.D. only,03 - Rear end,01 - Clear,07 - Dark,01 - Dry,10 - No control,,2,0,0,0,,0,,,,,376257.288,5027481.401,45.38362828,-75.58751958,3139
20--3684,2020/03/14,2:50 PM,LYON ST @ WELLINGTON ST (0002388),2388,02 - Intersection related,03 - P.D. only,04 - Sideswipe,01 - Clear,01 - Daylight,01 - Dry,01 - Traffic signal,01 - Functioning,2,0,0,0,,0,,,,,366935.2647,5031426.158,45.42001102,-75.70604865,3140
20--3685,2020/03/14,2:52 PM,STRANDHERD DR btwn MADRID AVE & ANDORA AVE (__6O5PID),__6O5PID,01 - Non intersection,02 - Non-fatal injury,03 - Rear end,01 - Clear,01 - Daylight,01 - Dry,10 - No control,,2,0,0,0,01 - Minimal,1,1,,,,363114.6929,5014176.053,45.26512478,-75.75689627,3141
20--3686,2020/03/14,4:23 PM,MEADOWLANDS DR @ MERIVALE RD (0000625),625,02 - Intersection related,03 - P.D. only,04 - Sideswipe,01 - Clear,01 - Daylight,01 - Dry,01 - Traffic signal,01 - Functioning,2,0,0,0,,0,,,,,364858.695,5023725.511,45.35090342,-75.73351719,3142
20--3687,2020/03/14,5:00 PM,BRONSON AVE btwn RIVERSIDE DR RAMPS 34B & 42A-3 & BRONSON AVE RAMP 34 (__3ZA3BK),__3ZA3BK,01 - Non intersection,03 - P.D. only,04 - Sideswipe,01 - Clear,01 - Daylight,01 - Dry,10 - No control,,2,0,0,0,,0,,,,,368456.3019,5027107.753,45.38101864,-75.68717247,3143
20--3688,2020/03/14,5:30 AM,SHEA RD btwn BROWNLEE RD & GARVIN RD (__3ZACH2),__3ZACH2,01 - Non intersection,03 - P.D. only,07 - SMV other,01 - Clear,07 - Dark,01 - Dry,10 - No control,,1,0,0,0,,0,,,,,355794.8042,5008940.45,45.21858223,-75.85070397,3144
20--3689,2020/03/14,6:11 PM,EAGLESON RD @ MICHAEL COWPLAND DR/STONEHAVEN D (0003544),3544,03 - At intersection,02 - Non-fatal injury,02 - Angle,01 - Clear,05 - Dusk,01 - Dry,01 - Traffic signal,01 - Functioning,3,0,0,0,02 - Minor,1,,1,,,354382.6252,5016623.44,45.2878167,-75.8679171,3145
20--3830,2020/03/25,7:13 AM,ANDERSON RD @ INNES RD (0004200),4200,02 - Intersection related,03 - P.D. only,04 - Sideswipe,01 - Clear,01 - Daylight,01 - Dry,01 - Traffic signal,01 - Functioning,2,0,0,0,,0,,,,,376280.7489,5031841.558,45.42285615,-75.58658802,3146
20--4192,2020/05/01,Unknown,CHAPMAN MILLS DR btwn MEADGATE GT & CLEARBROOK DR (__4FP853),__4FP853,01 - Non intersection,03 - P.D. only,06 - SMV unattended vehicle,01 - Clear,00 - Unknown,01 - Dry,10 - No control,,1,0,0,0,,0,,,,,365879.0036,5015060.948,45.27285243,-75.72156503,3147
20--4281,2020/05/08,9:46 AM,HAWTHORNE RD @ HUNT CLUB RD (0007651),7651,02 - Intersection related,03 - P.D. only,99 - Other,01 - Clear,01 - Daylight,01 - Dry,01 - Traffic signal,01 - Functioning,2,0,0,0,,0,,,,,375507.7447,5026406.528,45.37403316,-75.59724366,3148
20--369,2020/01/09,8:50 AM,CLARE ST @ KIRKWOOD AVE (0006079),6079,02 - Intersection related,03 - P.D. only,03 - Rear end,01 - Clear,01 - Daylight,01 - Dry,01 - Traffic signal,01 - Functioning,2,0,0,0,,0,,,,,364066.7006,5027973.548,45.38919402,-75.74311425,3149
20--3690,2020/03/14,6:30 PM,FRIEL ST @ RIDEAU ST (0011917),11917,02 - Intersection related,03 - P.D. only,04 - Sideswipe,01 - Clear,07 - Dark,01 - Dry,01 - Traffic signal,01 - Functioning,2,0,0,0,,0,,,,,368771.7006,5032570.594,45.43014273,-75.6824368,3150
20--3691,2020/03/14,6:30 PM,QUEEN ELIZABETH DRWY btwn Continuation of QUEEN ELIZABETH DRWY & SOMER (__3ZA21D),__3ZA21D,01 - Non intersection,03 - P.D. only,07 - SMV other,01 - Clear,07 - Dark,01 - Dry,10 - No control,,1,0,0,0,,0,,,,,368367.5296,5031593.585,45.42138881,-75.6877277,3151
20--3692,2020/03/14,8:13 AM,DES EPINETTES AVE @ SUNVIEW DR/WINTER ROSE LAN (0012366),12366,02 - Intersection related,02 - Non-fatal injury,07 - SMV other,01 - Clear,01 - Daylight,01 - Dry,02 - Stop sign,01 - Functioning,1,0,0,0,02 - Minor,1,,1,,,382227.101,5036033.709,45.45994084,-75.5099544,3152
20--3693,2020/03/14,8:33 AM,RICHMOND RD @ STONEHAVEN DR (0010370),10370,02 - Intersection related,03 - P.D. only,07 - SMV other,01 - Clear,01 - Daylight,01 - Dry,01 - Traffic signal,01 - Functioning,1,0,0,0,,0,,,,,356781.6373,5015891.44,45.2810567,-75.83741301,3153
20--3694,2020/03/14,8:53 PM,BRONSON AVE @ CATHERINE ST/RAYMOND ST (0007198),7198,03 - At intersection,03 - P.D. only,05 - Turning movement,01 - Clear,07 - Dark,01 - Dry,01 - Traffic signal,01 - Functioning,2,0,0,0,,0,,,,,367252.6992,5029796.561,45.40532014,-75.70219942,3154
20--3695,2020/03/14,9:15 AM,TERRY FOX DR @ PALLADIUM DR/KATIMAVIK RD (0011858),11858,02 - Intersection related,03 - P.D. only,03 - Rear end,01 - Clear,01 - Daylight,01 - Dry,01 - Traffic signal,01 - Functioning,2,0,0,0,,0,,,,,351269.7157,5018181.76,45.30205162,-75.90745248,3155
20--3696,2020/03/15,1:00 PM,EAGLESON RD @ HOPE SIDE RD/TERRY FOX DR (0000509),509,02 - Intersection related,02 - Non-fatal injury,03 - Rear end,01 - Clear,01 - Daylight,01 - Dry,01 - Traffic signal,01 - Functioning,2,0,0,0,01 - Minimal,2,2,,,,355188.1528,5014615.999,45.26969602,-75.85785261,3156
20--3697,2020/03/15,11:24 AM,GATESBURY ST btwn PALMADEO DR & APPLEDALE DR (__3ZACEA),__3ZACEA,01 - Non intersection,03 - P.D. only,07 - SMV other,01 - Clear,01 - Daylight,01 - Dry,10 - No control,,1,0,0,0,,0,,,,,365272.3605,5015516.885,45.27700737,-75.72924029,3157
20--3698,2020/03/15,Unknown,CHICORY PL btwn TREATY CRT & END (__3ZAZGW),__3ZAZGW,01 - Non intersection,03 - P.D. only,06 - SMV unattended vehicle,01 - Clear,00 - Unknown,01 - Dry,10 - No control,,1,0,0,0,,0,,,,,373247.6339,5032692.776,45.43081834,-75.62522353,3158
20--3699,2020/03/15,Unknown,CARTIER ST btwn GLADSTONE AVE & DELAWARE AVE (__3ZA8AK),__3ZA8AK,01 - Non intersection,03 - P.D. only,06 - SMV unattended vehicle,01 - Clear,00 - Unknown,01 - Dry,10 - No control,,1,0,0,0,,0,,,,,368540.9829,5030929.928,45.41540167,-75.68559737,3159
20--37,2020/01/02,2:48 PM,BRONSON AVE @ SUNNYSIDE AVE/UNIVERSITY RD - CA (0007209),7209,03 - At intersection,03 - P.D. only,02 - Angle,01 - Clear,01 - Daylight,01 - Dry,01 - Traffic signal,01 - Functioning,4,0,0,0,,0,,,,,367922.7192,5028091.545,45.38991881,-75.6938593,3160
20--370,2020/01/09,9:00 AM,CARLING AVE @ KIRKWOOD AVE S (0002209),2209,02 - Intersection related,03 - P.D. only,03 - Rear end,01 - Clear,01 - Daylight,01 - Dry,01 - Traffic signal,01 - Functioning,2,0,0,0,,0,,,,,364351.6893,5027337.536,45.38344712,-75.73955176,3161
20--3700,2020/03/15,12:30 PM,KING EDWARD AVE @ STEWART ST (0007754),7754,02 - Intersection related,03 - P.D. only,04 - Sideswipe,01 - Clear,01 - Daylight,01 - Dry,01 - Traffic signal,01 - Functioning,2,0,0,0,,0,,,,,368634.6953,5032205.575,45.42687095,-75.68423487,3162
20--3701,2020/03/15,2:00 AM,RICHARDSON SIDE RD btwn BEAVERTAIL RD & SPRUCE RIDGE RD (__3ZAC5K),__3ZAC5K,01 - Non intersection,03 - P.D. only,07 - SMV other,01 - Clear,07 - Dark,01 - Dry,10 - No control,,1,0,0,0,,0,,,,,342839.7238,5014045.753,45.26534102,-76.01525828,3163
20--3740,2020/03/17,6:55 PM,RICHMOND RD btwn PERTH ST & CAMBRIAN RD (__3ZAB98),__3ZAB98,01 - Non intersection,03 - P.D. only,07 - SMV other,01 - Clear,05 - Dusk,01 - Dry,10 - No control,,1,0,0,0,,0,,,,,359041.7741,5008616.952,45.21542881,-75.80939979,3164
20--3702,2020/03/15,2:25 PM,COLONNADE RD @ PRINCE OF WALES DR (0005249),5249,02 - Intersection related,03 - P.D. only,03 - Rear end,01 - Clear,01 - Daylight,01 - Dry,01 - Traffic signal,01 - Functioning,2,0,0,0,,0,,,,,367394.7304,5023266.503,45.34655159,-75.70121292,3165
20--3703,2020/03/15,2:30 PM,CARLING AVE @ WOODROFFE AVE W (0011470),11470,02 - Intersection related,03 - P.D. only,03 - Rear end,01 - Clear,01 - Daylight,01 - Dry,01 - Traffic signal,01 - Functioning,2,0,0,0,,0,,,,,361767.6764,5025725.516,45.36915723,-75.77273167,3166
20--3704,2020/03/15,2:30 PM,GLADSTONE AVE btwn BAY ST & LYON ST N (__3ZA3PV),__3ZA3PV,04 - At/near private drive,03 - P.D. only,02 - Angle,01 - Clear,01 - Daylight,01 - Dry,10 - No control,,2,0,0,0,,0,,,,,367546.1004,5030339.05,45.41017505,-75.6983827,3167
20--3705,2020/03/15,3:00 PM,BASELINE RD btwn MCWATTERS RD & ROCKWAY CRES (__3ZA2LT),__3ZA2LT,01 - Non intersection,03 - P.D. only,99 - Other,01 - Clear,01 - Daylight,01 - Dry,10 - No control,,2,0,0,0,,0,,,,,360911.4692,5022770.747,45.34263941,-75.78399681,3168
20--3706,2020/03/15,5:18 PM,HUNT CLUB RD @ LORRY GREENBERG DR/SABLE RIDGE  (0008203),8203,02 - Intersection related,03 - P.D. only,03 - Rear end,01 - Clear,01 - Daylight,01 - Dry,01 - Traffic signal,02 - Not functioning,2,0,0,0,,0,,,,,372823.7402,5024807.508,45.35991149,-75.63172762,3169
20--3707,2020/03/15,5:40 AM,HIGHWAY 416 btwn HWY416 IC66 RAMP53 & HWY416 IC57 RAMP34 (__3ZAZLC),__3ZAZLC,01 - Non intersection,03 - P.D. only,07 - SMV other,01 - Clear,07 - Dark,01 - Dry,10 - No control,,1,0,0,0,,0,,,,,361751.8807,5012018.951,45.24582663,-75.77450836,3170
20--3708,2020/03/15,6:12 PM,HIGHWAY 416 btwn HWY416 IC57 RAMP53 & HWY416 IC49 RAMP34 (__3ZAZJC),__3ZAZJC,01 - Non intersection,03 - P.D. only,07 - SMV other,01 - Clear,05 - Dusk,01 - Dry,10 - No control,,1,0,0,0,,0,,,,,365236.7099,5007165.153,45.20186127,-75.73070945,3171
20--3709,2020/03/15,8:42 PM,BRONSON AVE @ FIFTH AVE/MADAWASKA DR (0006977),6977,02 - Intersection related,03 - P.D. only,03 - Rear end,01 - Clear,07 - Dark,01 - Dry,01 - Traffic signal,00 - Unknown,2,0,0,0,,0,,,,,367613.7083,5028938.547,45.39756767,-75.69769745,3172
20--371,2020/01/09,9:00 AM,HIGHWAY 417 btwn HWY417 IC118 RAMP67 & HWY417 IC117 RAMP36 (__3ZA2YO),__3ZA2YO,01 - Non intersection,03 - P.D. only,03 - Rear end,01 - Clear,01 - Daylight,01 - Dry,10 - No control,,2,0,0,0,,0,,,,,369843.2544,5031154.412,45.41730165,-75.66893069,3173
20--3710,2020/03/15,9:47 PM,HIGHWAY 417 btwn HWY417 IC139 RAMP15 & HWY417 IC138 RAMP51 (__3ZA2QR),__3ZA2QR,01 - Non intersection,03 - P.D. only,07 - SMV other,01 - Clear,07 - Dark,01 - Dry,10 - No control,,1,0,0,0,,0,,,,,352389.1392,5019783.218,45.31638696,-75.89302542,3174
20--3711,2020/03/16,10:26 PM,BRONSON AVE @ SOMERSET ST (0002218),2218,02 - Intersection related,02 - Non-fatal injury,07 - SMV other,01 - Clear,07 - Dark,01 - Dry,01 - Traffic signal,01 - Functioning,1,0,0,0,01 - Minimal,1,1,,,,366967.6977,5030476.57,45.41146403,-75.70575406,3175
20--3712,2020/03/16,Unknown,BESSERER ST @ WALLER ST (0008859),8859,02 - Intersection related,03 - P.D. only,04 - Sideswipe,01 - Clear,00 - Unknown,01 - Dry,01 - Traffic signal,01 - Functioning,2,0,0,0,,0,,,,,368315.9209,5032191.985,45.42677769,-75.68830994,3176
20--3713,2020/03/16,12:07 PM,FRANKTOWN RD btwn SILVER FOX WAY & SKEEL CRT (__3ZA3FC),__3ZA3FC,01 - Non intersection,03 - P.D. only,07 - SMV other,01 - Clear,01 - Daylight,01 - Dry,10 - No control,,1,0,0,0,,0,,,,,347575.3661,4997994.001,45.12062705,-75.95629151,3177
20--3714,2020/03/16,12:08 PM,STRANDHERD DR @ WOODROFFE AVE (0009688),9688,02 - Intersection related,03 - P.D. only,04 - Sideswipe,01 - Clear,01 - Daylight,01 - Dry,01 - Traffic signal,01 - Functioning,2,0,0,0,,0,,,,,366106.1597,5015395.133,45.27583965,-75.718629,3178
20--3715,2020/03/16,12:27 PM,PRINCE OF WALES DR @ MERIVALE RD (0000564),564,02 - Intersection related,02 - Non-fatal injury,03 - Rear end,01 - Clear,01 - Daylight,01 - Dry,01 - Traffic signal,01 - Functioning,2,0,0,0,01 - Minimal,2,2,,,,367449.7089,5017616.446,45.29570837,-75.70122612,3179
20--3716,2020/03/16,12:41 PM,BANK ST @ DAVIDSON RD/LESTER RD (0008797),8797,03 - At intersection,03 - P.D. only,05 - Turning movement,01 - Clear,01 - Daylight,01 - Dry,01 - Traffic signal,01 - Functioning,2,0,0,0,,0,,,,,373672.7376,5022923.505,45.34287708,-75.62115449,3180
20--3717,2020/03/16,12:55 AM,HERZBERG RD btwn CARLING AVE & BAYFIELD AVE (__3ZACUF),__3ZACUF,01 - Non intersection,03 - P.D. only,07 - SMV other,01 - Clear,07 - Dark,01 - Dry,10 - No control,,1,0,0,0,,0,,,,,352079.2893,5022205.805,45.33820684,-75.89674583,3181
20--3718,2020/03/16,2:46 PM,LEITRIM RD btwn FENTON RD & BANK ST (__3ZA3SF),__3ZA3SF,01 - Non intersection,03 - P.D. only,05 - Turning movement,01 - Clear,01 - Daylight,01 - Dry,10 - No control,,2,0,0,0,,0,,,,,374479.1709,5021040.554,45.32585537,-75.61113039,3182
20--3719,2020/03/16,3:18 PM,ST. JOSEPH BLVD @ DUFORD DR/PLACE D'ORLEANS DR (0003629),3629,03 - At intersection,03 - P.D. only,02 - Angle,01 - Clear,01 - Daylight,01 - Dry,01 - Traffic signal,01 - Functioning,2,0,0,0,,0,,,,,381996.7461,5037996.58,45.47762657,-75.51259113,3183
20--372,2020/01/09,9:33 AM,HIGHWAY 417 btwn HWY417 IC126 RAMP25 & HWY417 IC124 RAMP57 (__3ZA2R5),__3ZA2R5,01 - Non intersection,03 - P.D. only,03 - Rear end,01 - Clear,01 - Daylight,01 - Dry,10 - No control,,2,0,0,0,,0,,,,,363832.2655,5026718.351,45.37791976,-75.74625802,3184
20--3720,2020/03/16,3:30 PM,PATTERSON AVE btwn ALLAN PL & COBALT AVE (__3ZA96W),__3ZA96W,01 - Non intersection,03 - P.D. only,04 - Sideswipe,01 - Clear,01 - Daylight,01 - Dry,10 - No control,,2,0,0,0,,0,,,,,368316.0504,5030078.86,45.40776449,-75.68858066,3185
20--3721,2020/03/16,3:37 PM,WHITE ALDER AVE btwn WIDGEON WAY & WIDGEON WAY (__67PTME),__67PTME,01 - Non intersection,03 - P.D. only,07 - SMV other,01 - Clear,01 - Daylight,01 - Dry,10 - No control,,1,0,0,0,,0,,,,,374995.1937,5020582.529,45.32168283,-75.60461342,3186
20--3722,2020/03/16,4:24 PM,BLAIR RD @ OGILVIE RD (0004120),4120,03 - At intersection,03 - P.D. only,03 - Rear end,01 - Clear,01 - Daylight,01 - Dry,01 - Traffic signal,01 - Functioning,2,0,0,0,,0,,,,,374507.7179,5033198.561,45.43524465,-75.6090497,3187
20--3723,2020/03/16,5:30 PM,REGIONAL ROAD 174 EB btwn HWY417 IC113 RAMP65 & OR174 BLAIR IC112 RAMP51 (__3ZAZFJ),__3ZAZFJ,01 - Non intersection,03 - P.D. only,04 - Sideswipe,01 - Clear,05 - Dusk,01 - Dry,10 - No control,,2,0,0,0,,0,,,,,374626.497,5032692.908,45.43068321,-75.60760346,3188