Anom_ID,Accident_Date,Accident_Time,Location,Geo_ID,Accident_Location,Classification_of_Accident,Initial_Impact_Type,Environment_Condition,Light,Road_Surface_Condition,Traffic_Control,Traffic_Control_Condition,No__of_Vehicles,No__of_Bicycles,No__of_Motorcycles,No__of_Pedestrians,Max_Injury,No__of_Injuries,No__of_Minimal,No__of_Minor,No__of_Major,No__of_Fatal,X,Y,Latitude,Longitude,ObjectId
20--3724,2020/03/16,6:45 AM,COLONIAL RD @ FRANK KENNY RD (0012888),12888,02 - Intersection related,03 - P.D. only,04 - Sideswipe,01 - Clear,01 - Daylight,01 - Dry,02 - Stop sign,01 - Functioning,2,0,0,0,,0,,,,,390200.8129,5032047.503,45.42314824,-75.40870552,3189
20--3725,2020/03/16,7:19 AM,REGIONAL ROAD 174 btwn OR174 IC109 RAMP56 & OR174 IC109 RAMP86 (__3ZA28W),__3ZA28W,01 - Non intersection,03 - P.D. only,07 - SMV other,01 - Clear,01 - Daylight,01 - Dry,10 - No control,,1,0,0,0,,0,,,,,376411.2712,5034896.791,45.45033191,-75.58447591,3190
20--3726,2020/03/16,7:27 PM,GRANT CARMAN DR @ FAMILY BROWN LANE (0010458),10458,02 - Intersection related,03 - P.D. only,07 - SMV other,01 - Clear,07 - Dark,01 - Dry,02 - Stop sign,01 - Functioning,1,0,0,0,,0,,,,,365218.884,5023514.775,45.34897631,-75.72894654,3191
20--3727,2020/03/16,7:50 AM,ELGIN ST @ SLATER ST (0002228),2228,03 - At intersection,03 - P.D. only,04 - Sideswipe,01 - Clear,01 - Daylight,01 - Dry,01 - Traffic signal,01 - Functioning,2,0,0,0,,0,,,,,367890.706,5031646.575,45.42190876,-75.69381321,3192
20--3728,2020/03/16,9:17 AM,BANK ST @ HUNT CLUB RD (0002119),2119,03 - At intersection,03 - P.D. only,02 - Angle,01 - Clear,01 - Daylight,01 - Dry,01 - Traffic signal,01 - Functioning,2,0,0,0,,0,,,,,371608.7342,5024096.504,45.35363095,-75.64733062,3193
20--3729,2020/03/17,1:12 AM,PRINCE OF WALES DR btwn NATIONAL CAPITAL COMM DRWY & HARTWELL LOCKS/54 (__3ZA30ZA),__3ZA30ZA,01 - Non intersection,03 - P.D. only,07 - SMV other,01 - Clear,07 - Dark,01 - Dry,10 - No control,,1,0,0,0,,0,,,,,366922.1214,5027518.201,45.38484947,-75.70670886,3194
20--373,2020/01/09,9:37 PM,CHAMPLAIN BRIDGE/ISLAND PARK DR @ BATE ISLAND (0010849),10849,03 - At intersection,03 - P.D. only,99 - Other,01 - Clear,07 - Dark,02 - Wet,02 - Stop sign,00 - Unknown,3,0,0,0,,0,,,,,362967.0335,5030056.354,45.40802696,-75.75691111,3195
20--3730,2020/03/17,10:17 AM,FERNBANK RD @ ROMINA ST/TEMPLEFORD AVE (0012540),12540,03 - At intersection,03 - P.D. only,02 - Angle,02 - Rain,01 - Daylight,02 - Wet,01 - Traffic signal,01 - Functioning,2,0,0,0,,0,,,,,354467.6351,5015279.875,45.275721,-75.86696792,3196
20--3731,2020/03/17,Unknown,GARDENWAY DR btwn ESPLANADE AVE & ORCHARDVIEW AVE (__3ZBO8F),__3ZBO8F,01 - Non intersection,03 - P.D. only,06 - SMV unattended vehicle,01 - Clear,00 - Unknown,01 - Dry,10 - No control,,1,0,0,0,,0,,,,,384600.7904,5036745.869,45.46608111,-75.47949165,3197
20--3732,2020/03/17,Unknown,LISGAR ST btwn O'CONNOR ST & METCALFE ST (__3ZA9UX),__3ZA9UX,01 - Non intersection,03 - P.D. only,06 - SMV unattended vehicle,01 - Clear,00 - Unknown,01 - Dry,10 - No control,,1,0,0,0,,0,,,,,367805.0538,5031185.039,45.41776373,-75.6949666,3198
20--3733,2020/03/17,3:00 PM,BRONSON AVE btwn BRONSON AVE RAMP 34 & AIRPORT PKWY/BRONSON AVE RAMP 2 (__3ZA3AA),__3ZA3AA,01 - Non intersection,03 - P.D. only,04 - Sideswipe,01 - Clear,01 - Daylight,01 - Dry,10 - No control,,2,0,0,0,,0,,,,,368519.5441,5027014.736,45.38017595,-75.68637702,3199
20--3734,2020/03/17,5:20 AM,HIGHWAY 416 btwn HWY416 IC66 RAMP24 & HWY416 IC57 RAMP62 (__3ZA1OI),__3ZA1OI,01 - Non intersection,03 - P.D. only,07 - SMV other,02 - Rain,07 - Dark,02 - Wet,10 - No control,,1,0,0,0,,0,,,,,363856.8524,5009774.256,45.22545522,-75.74796256,3200
20--3735,2020/03/17,5:25 PM,HIGHWAY 417 btwn HWY417 IC119A RAMP75 & HWY417 IC118 RAMP57 (__3ZA2R2),__3ZA2R2,01 - Non intersection,03 - P.D. only,03 - Rear end,01 - Clear,01 - Daylight,01 - Dry,10 - No control,,4,0,0,0,,0,,,,,369060.6532,5030769.254,45.41390845,-75.67897931,3201
20--3736,2020/03/17,5:30 AM,HIGHWAY 417 btwn HWY417 IC123 RAMP62 & HWY417 IC122 RAMP16 (__3ZA2R9),__3ZA2R9,01 - Non intersection,03 - P.D. only,07 - SMV other,04 - Freezing Rain,07 - Dark,06 - Ice,10 - No control,,1,0,0,0,,0,,,,,365121.1592,5028696.498,45.39560895,-75.72956075,3202
20--3737,2020/03/17,6:25 AM,HIGHWAY 416 btwn HWY416 IC66 RAMP53 & HWY416 IC57 RAMP34 (__3ZAZLC),__3ZAZLC,01 - Non intersection,02 - Non-fatal injury,99 - Other,04 - Freezing Rain,03 - Dawn,06 - Ice,10 - No control,,2,0,0,0,02 - Minor,1,,1,,,360605.7927,5013740.897,45.26141273,-75.78891352,3203
20--3738,2020/03/17,6:25 AM,HIGHWAY 417 btwn HWY417 IC120B RAMP36 & HWY417 IC119B RAMP76 (__3ZA2YU),__3ZA2YU,01 - Non intersection,02 - Non-fatal injury,07 - SMV other,03 - Snow,03 - Dawn,04 - Slush,10 - No control,,1,0,0,0,01 - Minimal,1,1,,,,367785.6857,5030020.431,45.40728669,-75.69536287,3204
20--3739,2020/03/17,6:36 AM,HIGHWAY 417 btwn HWY417 IC121B RAMP51 & HWY417 IC121A RAMP51 (__3ZA2YW),__3ZA2YW,01 - Non intersection,03 - P.D. only,99 - Other,04 - Freezing Rain,01 - Daylight,04 - Slush,10 - No control,,2,0,0,0,,0,,,,,367031.0067,5029650.837,45.4040287,-75.70504954,3205
20--374,2020/01/09,9:52 AM,LACASSE AVE @ MONTREAL RD (0009797),9797,03 - At intersection,02 - Non-fatal injury,02 - Angle,01 - Clear,01 - Daylight,01 - Dry,01 - Traffic signal,01 - Functioning,2,0,0,0,02 - Minor,1,,1,,,370686.7168,5033406.608,45.43748704,-75.65785349,3206
20--3831,2020/03/25,9:45 PM,SMITH RD btwn MILTON RD & METEOR AVE (__3ZA6UU),__3ZA6UU,01 - Non intersection,03 - P.D. only,07 - SMV other,01 - Clear,07 - Dark,01 - Dry,10 - No control,,1,0,0,0,,0,,,,,388147.2596,5031491.67,45.41839508,-75.43503627,3207
20--4101,2020/04/23,1:41 AM,REGIONAL ROAD 174 btwn QUIGLEY HILL RD & REGIONAL ROAD 174 DIVIDED (__3ZA2Y5),__3ZA2Y5,01 - Non intersection,02 - Non-fatal injury,07 - SMV other,01 - Clear,07 - Dark,01 - Dry,10 - No control,,1,0,0,0,02 - Minor,1,,1,,,385112.488,5041220.037,45.50627659,-75.47221718,3208
20--4193,2020/05/01,2:19 PM,STITTSVILLE MAIN ST btwn RAVENSCROFT CRT & HOBIN ST (__3ZA2GF),__3ZA2GF,04 - At/near private drive,03 - P.D. only,02 - Angle,01 - Clear,01 - Daylight,01 - Dry,10 - No control,,2,0,0,0,,0,,,,,349613.5346,5014106.363,45.26548746,-75.92893785,3209
20--3741,2020/03/17,6:59 AM,REGIONAL ROAD 174 btwn OR174 IC112 RAMP51 & OR174 IC112 RAMP15 (__3ZA2XE),__3ZA2XE,01 - Non intersection,03 - P.D. only,07 - SMV other,03 - Snow,01 - Daylight,04 - Slush,10 - No control,,1,0,0,0,,0,,,,,374865.812,5032870.63,45.43225832,-75.60452005,3210
20--3832,2020/03/26,10:19 PM,MONTREAL RD @ ST. LAURENT BLVD (0002604),2604,02 - Intersection related,02 - Non-fatal injury,07 - SMV other,01 - Clear,07 - Dark,02 - Wet,01 - Traffic signal,01 - Functioning,1,0,0,0,03 - Major,1,,,1,,371545.6962,5033817.598,45.44110346,-75.64681972,3211
20--4194,2020/05/01,2:55 PM,HIGHWAY 417 btwn HWY417 IC118 RAMP57 & HWY417 IC118 RAMP35 (__3ZA2YQ),__3ZA2YQ,01 - Non intersection,03 - P.D. only,99 - Other,01 - Clear,01 - Daylight,01 - Dry,10 - No control,,2,0,0,0,,0,,,,,369454.3615,5031036.358,45.41627549,-75.67391461,3212
20--4102,2020/04/23,10:53 AM,BARNSDALE RD @ RIDEAU VALLEY DR (0010400),10400,03 - At intersection,03 - P.D. only,02 - Angle,01 - Clear,01 - Daylight,01 - Dry,02 - Stop sign,01 - Functioning,3,0,0,0,,0,,,,,367139.6896,5011811.407,45.24350259,-75.70590716,3213
20--4103,2020/04/23,2:14 PM,WILLIAM MCEWEN DR btwn CENTURY RD W & CEDARVIEW RD (__3ZABLE),__3ZABLE,01 - Non intersection,03 - P.D. only,07 - SMV other,01 - Clear,01 - Daylight,01 - Dry,10 - No control,,1,0,0,0,,0,,,,,365631.0977,5006132.415,45.19253468,-75.72581583,3214
20--4104,2020/04/23,3:20 PM,ST. LAURENT BLVD @ COVENTRY RD/OGILVIE RD (0002151),2151,02 - Intersection related,03 - P.D. only,03 - Rear end,01 - Clear,01 - Daylight,01 - Dry,01 - Traffic signal,01 - Functioning,2,0,0,0,,0,,,,,372305.715,5031951.574,45.4242409,-75.63736169,3215
20--4105,2020/04/23,3:30 PM,HIGHWAY 417 btwn HWY417 IC122 RAMP61 & HWY417 IC121B RAMP16 (__3ZA2Y4),__3ZA2Y4,01 - Non intersection,03 - P.D. only,03 - Rear end,01 - Clear,01 - Daylight,01 - Dry,10 - No control,,2,0,0,0,,0,,,,,365694.2756,5029139.244,45.39954307,-75.72218676,3216
20--4106,2020/04/23,3:55 PM,CASTLEFRANK RD btwn MACNEIL CRT & HAZELDEAN RD (__3ZA1XG),__3ZA1XG,04 - At/near private drive,03 - P.D. only,02 - Angle,01 - Clear,01 - Daylight,01 - Dry,10 - No control,,2,0,0,0,,0,,,,,352619.3972,5017744.093,45.2980228,-75.89028551,3217
20--4107,2020/04/23,5:02 PM,ROGER STEVENS DR @ MALAKOFF RD (0003720),3720,03 - At intersection,02 - Non-fatal injury,02 - Angle,01 - Clear,01 - Daylight,01 - Dry,02 - Stop sign,01 - Functioning,2,0,0,0,02 - Minor,2,,2,,,362227.616,4996129.25,45.10280899,-75.77027699,3218
20--4108,2020/04/23,6:43 AM,CARLING AVE btwn BURKE RD & DEFENSE  RESEARCH COMPLEX (__3ZA4Z6A),__3ZA4Z6A,01 - Non intersection,03 - P.D. only,07 - SMV other,01 - Clear,01 - Daylight,01 - Dry,10 - No control,,1,0,0,0,,0,,,,,352921.8407,5022716.21,45.34274227,-75.88594637,3219
20--4109,2020/04/23,8:55 AM,HUNT CLUB RD @ RIVERSIDE DR (0002237),2237,02 - Intersection related,03 - P.D. only,03 - Rear end,01 - Clear,01 - Daylight,01 - Dry,01 - Traffic signal,01 - Functioning,2,0,0,0,,0,,,,,368036.6991,5021945.496,45.33460786,-75.69319025,3220
20--411,2020/01/10,6:16 PM,KING EDWARD AVE @ WILBROD ST (0002259),2259,03 - At intersection,03 - P.D. only,05 - Turning movement,01 - Clear,07 - Dark,02 - Wet,01 - Traffic signal,01 - Functioning,2,0,0,0,,0,,,,,368675.7033,5032139.593,45.42627352,-75.68371943,3221
20--3833,2020/03/26,11:51 PM,HIGHWAY 17 btwn HUNT LINE RD & OLD BARN RD (__3ZA2RM),__3ZA2RM,01 - Non intersection,03 - P.D. only,07 - SMV other,01 - Clear,07 - Dark,02 - Wet,10 - No control,,1,0,0,0,,0,,,,,325558.8882,5025807.163,45.37189986,-76.23497238,3222
20--4110,2020/04/23,8:57 AM,CLEARBROOK DR/MARKETPLACE AVE @ LONGFIELDS DR (0011162),11162,03 - At intersection,03 - P.D. only,02 - Angle,01 - Clear,01 - Daylight,01 - Dry,01 - Traffic signal,01 - Functioning,2,0,0,0,,0,,,,,364631.8277,5014953.59,45.27199365,-75.73747145,3223
20--4195,2020/05/01,4:33 PM,HWY 417 CASTLEFR IC139R61 @ KANATA AVE (0012625),12625,03 - At intersection,03 - P.D. only,02 - Angle,01 - Clear,01 - Daylight,01 - Dry,01 - Traffic signal,01 - Functioning,2,0,0,0,,0,,,,,351616.0528,5019224.806,45.31141421,-75.90293796,3224
20--3834,2020/03/26,12:15 PM,JAMIE AVE @ SUNDERLAND ST (0004576),4576,03 - At intersection,03 - P.D. only,02 - Angle,01 - Clear,01 - Daylight,01 - Dry,02 - Stop sign,01 - Functioning,2,0,0,0,,0,,,,,366064.7038,5022022.499,45.33547567,-75.71833816,3225
20--4111,2020/04/23,9:05 AM,CARP RD @ RICHARDSON SIDE RD (0005759),5759,03 - At intersection,02 - Non-fatal injury,02 - Angle,01 - Clear,01 - Daylight,01 - Dry,01 - Traffic signal,01 - Functioning,2,0,0,0,02 - Minor,1,,1,,,346209.5411,5017160.461,45.2931781,-75.97205846,3226
20--4112,2020/04/23,9:35 PM,FLEWELLYN RD btwn FAULKNER TR & EAGLESON RD (__3ZABGQ),__3ZABGQ,01 - Non intersection,03 - P.D. only,07 - SMV other,01 - Clear,07 - Dark,01 - Dry,10 - No control,,1,0,0,0,,0,,,,,355223.0542,5014148.673,45.26548841,-75.8574553,3227
20--4113,2020/04/24,10:11 AM,SAUMURE RD btwn RUSSELL RD & DEVINE RD (__3ZA3KQ),__3ZA3KQ,01 - Non intersection,03 - P.D. only,07 - SMV other,01 - Clear,01 - Daylight,01 - Dry,10 - No control,,1,0,0,0,,0,,,,,400432.5156,5028578.828,45.39061834,-75.27866075,3228
20--4114,2020/04/24,Unknown,SPRUCE RIDGE RD btwn SPRUCE RIDGE RD & SPEEDWAY RD (__7JQ7IF),__7JQ7IF,01 - Non intersection,03 - P.D. only,07 - SMV other,01 - Clear,07 - Dark,01 - Dry,10 - No control,,1,0,0,0,,0,,,,,345296.6017,5012014.254,45.24692351,-75.98411697,3229
20--4115,2020/04/24,Unknown,CAPREOL ST btwn BOISFRANC CIRC & BOISFRANC CIRC (__45I7BO),__45I7BO,04 - At/near private drive,03 - P.D. only,06 - SMV unattended vehicle,01 - Clear,00 - Unknown,01 - Dry,10 - No control,,1,0,0,0,,0,,,,,385419.2631,5035571.953,45.45542535,-75.46921905,3230
20--4116,2020/04/24,2:41 PM,TERRY FOX DR @ WESTPHALIAN AVE (0014366),14366,02 - Intersection related,03 - P.D. only,03 - Rear end,01 - Clear,01 - Daylight,01 - Dry,01 - Traffic signal,01 - Functioning,2,0,0,0,,0,,,,,353455.2261,5015759.789,45.28011017,-75.87982363,3231
20--4117,2020/04/24,3:09 PM,HIGHWAY 417 btwn HWY417 IC117 RAMP26 & HWY417 IC117 RAMP61 (__3ZA2YM),__3ZA2YM,01 - Non intersection,03 - P.D. only,99 - Other,01 - Clear,01 - Daylight,01 - Dry,10 - No control,,3,0,0,0,,0,,,,,371005.3198,5031308.023,45.41857479,-75.65406375,3232
20--4118,2020/04/24,4:20 PM,REGIONAL ROAD 174 btwn OR174 IC105 RAMP51 & OR174 IC105 RAMP35 (__3ZA2XC),__3ZA2XC,01 - Non intersection,03 - P.D. only,99 - Other,01 - Clear,01 - Daylight,01 - Dry,10 - No control,,2,0,0,0,,0,,,,,379129.8336,5036843.857,45.46756633,-75.54943047,3233
20--4119,2020/04/24,5:00 PM,GROVEHURST DR btwn RUTLEGE ST & OLDFIELD ST (__30LKX3),__30LKX3,01 - Non intersection,03 - P.D. only,04 - Sideswipe,01 - Clear,01 - Daylight,01 - Dry,10 - No control,,2,0,0,0,,0,,,,,366504.8664,5015640.368,45.27801138,-75.71351732,3234
20--412,2020/01/10,6:17 PM,BRIAN COBURN BLVD @ MER BLEUE RD (0014363),14363,03 - At intersection,03 - P.D. only,02 - Angle,01 - Clear,07 - Dark,02 - Wet,11 - Roundabout,01 - Functioning,2,0,0,0,,0,,,,,383150.8189,5034441.164,45.44550953,-75.49839849,3235
20--4120,2020/04/24,6:30 AM,BRITTANY DR @ MONTREAL RD (0007685),7685,03 - At intersection,03 - P.D. only,02 - Angle,01 - Clear,01 - Daylight,01 - Dry,01 - Traffic signal,01 - Functioning,2,0,0,0,,0,,,,,371912.7166,5033994.581,45.44266074,-75.64210466,3236
20--4121,2020/04/24,7:21 AM,WEST HUNT CLUB RD EB btwn CEDARVIEW RD & GREENBANK RD (__3ZA198),__3ZA198,01 - Non intersection,03 - P.D. only,07 - SMV other,01 - Clear,01 - Daylight,01 - Dry,10 - No control,,1,0,0,0,,0,,,,,360158.1799,5019794.372,45.31591778,-75.79394116,3237
20--4122,2020/04/24,8:53 PM,DONALD ST btwn VANIER PKWY & VERA ST (__3ZA8ZY),__3ZA8ZY,01 - Non intersection,03 - P.D. only,04 - Sideswipe,01 - Clear,07 - Dark,01 - Dry,10 - No control,,2,0,0,0,,0,,,,,370320.9264,5032271.655,45.42730958,-75.66267945,3238
20--4123,2020/04/25,10:20 PM,MONTREAL RD/HANNAH ST @ CODY AVE (0009349),9349,02 - Intersection related,03 - P.D. only,03 - Rear end,01 - Clear,07 - Dark,01 - Dry,01 - Traffic signal,01 - Functioning,2,0,0,0,,0,,,,,370254.7179,5033169.588,45.43539501,-75.6634061,3239
20--4124,2020/04/25,11:00 PM,GEORGE ST btwn WILLIAM ST & DALHOUSIE ST (__3ZA8Z1),__3ZA8Z1,01 - Non intersection,03 - P.D. only,05 - Turning movement,01 - Clear,07 - Dark,01 - Dry,10 - No control,,2,0,0,0,,0,,,,,368124.6417,5032294.135,45.42771414,-75.69074097,3240
20--4282,2020/05/09,10:17 PM,HIGHWAY 416 btwn HWY416 IC66 RAMP62 & HWY416 IC72 RAMP24 (__3ZAZMZ),__3ZAZMZ,01 - Non intersection,03 - P.D. only,07 - SMV other,01 - Clear,07 - Dark,01 - Dry,10 - No control,,1,0,0,0,,0,,,,,360076.1922,5018610.53,45.30527197,-75.79511883,3241
20--4125,2020/04/25,Unknown,CEDARWOOD DR btwn WALKLEY RD & BAYCREST DR (__3ZA9YT),__3ZA9YT,01 - Non intersection,03 - P.D. only,06 - SMV unattended vehicle,01 - Clear,00 - Unknown,01 - Dry,10 - No control,,1,0,0,0,,0,,,,,371123.0219,5026627.433,45.37644951,-75.65318929,3242
20--4126,2020/04/25,12:20 PM,HWY417 IC138 RAMP61 btwn HWY417 IC138 RAMP62 & HIGHWAY 417 (__3ZAYB2),__3ZAYB2,01 - Non intersection,03 - P.D. only,07 - SMV other,01 - Clear,01 - Daylight,01 - Dry,10 - No control,,1,0,0,0,,0,,,,,353090.4773,5020491.041,45.32270821,-75.88401173,3243
20--4127,2020/04/25,2:44 PM,HERON RD @ JUNCTION AVE (0006835),6835,02 - Intersection related,03 - P.D. only,04 - Sideswipe,01 - Clear,01 - Daylight,01 - Dry,02 - Stop sign,00 - Unknown,2,0,0,0,,0,,,,,369217.7271,5026760.548,45.37782499,-75.67749613,3244
20--4128,2020/04/25,2:48 PM,RICHARDSON SIDE RD @ TERRY FOX DR (0013651),13651,03 - At intersection,03 - P.D. only,05 - Turning movement,01 - Clear,01 - Daylight,01 - Dry,01 - Traffic signal,01 - Functioning,2,0,0,0,,0,,,,,348803.086,5019506.072,45.31412702,-75.93878598,3245
20--4129,2020/04/25,3:55 PM,BRIAN COBURN BLVD @ PROVENCE AVE (0013865),13865,02 - Intersection related,03 - P.D. only,03 - Rear end,01 - Clear,01 - Daylight,01 - Dry,02 - Stop sign,01 - Functioning,2,0,0,0,,0,,,,,386429.569,5035727.193,45.45670476,-75.45627787,3246
20--413,2020/01/10,6:21 PM,BIRCHGROVE RD btwn WATSON RD & MAGLADRY RD (__3ZA5FL),__3ZA5FL,01 - Non intersection,03 - P.D. only,07 - SMV other,01 - Clear,07 - Dark,05 - Packed snow,10 - No control,,1,0,0,0,,0,,,,,398511.8152,5033445.344,45.4346601,-75.30225968,3247
20--4130,2020/04/25,5:13 PM,MEADOWLANDS DR/TALLWOOD DR @ WOODROFFE AVE (0000095),95,02 - Intersection related,03 - P.D. only,03 - Rear end,01 - Clear,01 - Daylight,01 - Dry,01 - Traffic signal,01 - Functioning,2,0,0,0,,0,,,,,363056.6869,5022730.498,45.34210238,-75.75663005,3248
20--4131,2020/04/25,6:09 PM,GREENBANK RD btwn WEST HUNT CLUB RD & FALLOWFIELD RD (__3ZA1NE),__3ZA1NE,01 - Non intersection,03 - P.D. only,99 - Other,01 - Clear,01 - Daylight,01 - Dry,10 - No control,,2,0,0,0,,0,,,,,361504.9056,5020444.513,45.32166028,-75.77669144,3249
20--4132,2020/04/25,6:30 PM,ELGIN ST @ LAURIER AVE (0002232),2232,02 - Intersection related,03 - P.D. only,04 - Sideswipe,01 - Clear,01 - Daylight,01 - Dry,01 - Traffic signal,01 - Functioning,2,0,0,0,,0,,,,,367948.7018,5031549.576,45.42103076,-75.69308463,3250
20--4133,2020/04/25,7:32 AM,GREENBANK RD @ STRANDHERD DR (0005563),5563,03 - At intersection,02 - Non-fatal injury,02 - Angle,01 - Clear,01 - Daylight,01 - Dry,01 - Traffic signal,01 - Functioning,2,0,0,0,01 - Minimal,2,2,,,,363933.6805,5014784.423,45.27053053,-75.74638838,3251
20--4134,2020/04/25,9:33 AM,MARCH RD btwn KLONDIKE RD & MORGAN'S GRANT WAY (__3ZA2EW),__3ZA2EW,01 - Non intersection,03 - P.D. only,06 - SMV unattended vehicle,01 - Clear,01 - Daylight,01 - Dry,10 - No control,,1,0,0,0,,0,,,,,349470.4669,5023832.804,45.35301791,-75.92988413,3252
20--4135,2020/04/25,9:45 AM,ASHTON STATION RD @ FLEWELLYN RD (0000418),418,02 - Intersection related,03 - P.D. only,07 - SMV other,01 - Clear,01 - Daylight,01 - Dry,02 - Stop sign,01 - Functioning,1,0,0,0,,0,,,,,341541.4875,5001976.083,45.1568,-76.03269147,3253
20--4136,2020/04/26,1:56 AM,MCARTHUR AVE btwn CARMEN AVE & LAFONTAINE AVE (__3ZA3W9),__3ZA3W9,01 - Non intersection,02 - Non-fatal injury,07 - SMV other,01 - Clear,07 - Dark,01 - Dry,10 - No control,,1,0,0,0,01 - Minimal,1,1,,,,370942.1862,5032770.507,45.43173956,-75.65467396,3254
20--4137,2020/04/26,4:00 PM,MARSHWOOD RD btwn PANMURE RD & DEERTAIL LANE (__54YADJ),__54YADJ,01 - Non intersection,03 - P.D. only,07 - SMV other,01 - Clear,01 - Daylight,01 - Dry,10 - No control,,1,0,0,0,,0,,,,,331577.622,5021331.545,45.33142183,-76.15837513,3255
20--4138,2020/04/26,4:16 PM,HAZELDEAN RD @ TERRY FOX DR (0003682),3682,02 - Intersection related,03 - P.D. only,99 - Other,01 - Clear,01 - Daylight,01 - Dry,01 - Traffic signal,01 - Functioning,2,0,0,0,,0,,,,,352207.6099,5017242.451,45.29353681,-75.89558361,3256
20--3742,2020/03/17,7:00 AM,HIGHWAY 417 btwn HWY417 IC119B RAMP57 & HWY417 IC119A RAMP75 (__3ZA1QN),__3ZA1QN,01 - Non intersection,03 - P.D. only,07 - SMV other,04 - Freezing Rain,01 - Daylight,04 - Slush,10 - No control,,1,0,0,0,,0,,,,,368604.5941,5030523.066,45.41173506,-75.68483738,3257
20--4139,2020/04/26,4:30 PM,CROSSKEYS PL/HELENE CAMPBELL RD @ STRANDHERD DR (0015337),15337,03 - At intersection,03 - P.D. only,02 - Angle,01 - Clear,01 - Daylight,01 - Dry,01 - Traffic signal,01 - Functioning,2,0,0,0,,0,,,,,360982.3112,5014901.733,45.27182808,-75.78398493,3258
20--414,2020/01/10,6:30 AM,DUNROBIN RD btwn HARWOOD LANE & KERWIN RD (__3ZA3FH),__3ZA3FH,01 - Non intersection,03 - P.D. only,07 - SMV other,01 - Clear,07 - Dark,01 - Dry,10 - No control,,1,0,0,0,,0,,,,,346231.3709,5027232.418,45.38380737,-75.9709368,3259
20--4140,2020/04/26,5:10 AM,HIGHWAY 416 btwn HWY416 IC66 RAMP62 & HWY416 IC72 RAMP24 (__3ZAZMZ),__3ZAZMZ,01 - Non intersection,03 - P.D. only,07 - SMV other,01 - Clear,03 - Dawn,01 - Dry,10 - No control,,1,0,0,0,,0,,,,,359302.8325,5016139.844,45.28310093,-75.80525149,3260
20--4141,2020/04/26,7:51 AM,UPPER DWYER HILL RD btwn MARCH RD & OLD ALMONTE RD (__3ZA4QB),__3ZA4QB,01 - Non intersection,03 - P.D. only,07 - SMV other,01 - Clear,01 - Daylight,01 - Dry,10 - No control,,1,0,0,0,,0,,,,,336605.8804,5011482.102,45.24258128,-76.09485827,3261
20--4142,2020/04/27,1:30 PM,INDUSTRIAL AVE/INNES RD @ ST. LAURENT BLVD (0002203),2203,02 - Intersection related,03 - P.D. only,03 - Rear end,01 - Clear,01 - Daylight,01 - Dry,01 - Traffic signal,01 - Functioning,2,0,0,0,,0,,,,,373099.7185,5030005.565,45.40665457,-75.62748619,3262
20--4143,2020/04/27,1:30 PM,BELL ST btwn NORWAY SPRUCE ST & STITTSVILLE MAIN ST (__3ZACN5),__3ZACN5,04 - At/near private drive,03 - P.D. only,06 - SMV unattended vehicle,01 - Clear,01 - Daylight,01 - Dry,10 - No control,,1,0,0,0,,0,,,,,350702.2767,5012773.188,45.25342088,-75.91518781,3263
20--4144,2020/04/27,11:06 PM,WILHAVEN DR btwn ROYAL ORCHARD DR & LOUGH DR (__3ZA5GB),__3ZA5GB,01 - Non intersection,02 - Non-fatal injury,07 - SMV other,01 - Clear,07 - Dark,01 - Dry,10 - No control,,1,0,0,0,01 - Minimal,1,1,,,,393491.2266,5041003.955,45.50331758,-75.36505122,3264
20--4145,2020/04/27,Unknown,RIVERGATE WAY @ RIVERSIDE DR (0007177),7177,02 - Intersection related,03 - P.D. only,07 - SMV other,01 - Clear,00 - Unknown,01 - Dry,01 - Traffic signal,01 - Functioning,1,0,0,0,,0,,,,,368116.7178,5023242.516,45.34627096,-75.69200344,3265
20--4146,2020/04/27,Unknown,CARLYLE AVE btwn AYLMER AVE & PANSY AVE (__3ZBOTR),__3ZBOTR,01 - Non intersection,03 - P.D. only,06 - SMV unattended vehicle,01 - Clear,00 - Unknown,01 - Dry,10 - No control,,1,0,0,0,,0,,,,,368072.3234,5028308.527,45.39185765,-75.69192107,3266
20--4147,2020/04/27,12:00 PM,MONTFORT ST btwn BRADLEY AVE & STE. ANNE ST (__3ZA8WO),__3ZA8WO,04 - At/near private drive,03 - P.D. only,06 - SMV unattended vehicle,01 - Clear,01 - Daylight,01 - Dry,10 - No control,,1,0,0,0,,0,,,,,370544.5917,5033570.639,45.4389763,-75.65964799,3267
20--4148,2020/04/27,2:11 PM,TWEEDSMUIR AVE btwn DOVERCOURT AVE & CURRELL AVE (__3ZA06W),__3ZA06W,01 - Non intersection,03 - P.D. only,07 - SMV other,01 - Clear,01 - Daylight,01 - Dry,10 - No control,,1,0,0,0,,0,,,,,363901.4917,5027557.474,45.38546422,-75.74527375,3268
20--4149,2020/04/27,2:52 PM,OR174 IC109 RAMP55 btwn REGIONAL ROAD 174 & ST. JOSEPH BLVD (__3ZAY59),__3ZAY59,01 - Non intersection,03 - P.D. only,05 - Turning movement,01 - Clear,01 - Daylight,01 - Dry,10 - No control,,2,0,1,0,,0,,,,,376554.5409,5035028.764,45.45150462,-75.58262525,3269
20--415,2020/01/10,6:30 PM,MONTREAL RD @ NORTH RIVER RD (0009805),9805,02 - Intersection related,03 - P.D. only,04 - Sideswipe,01 - Clear,07 - Dark,01 - Dry,01 - Traffic signal,01 - Functioning,2,0,0,0,,0,,,,,369739.6964,5032887.589,45.43290572,-75.67002523,3270