Anom_ID,Accident_Date,Accident_Time,Location,Geo_ID,Accident_Location,Classification_of_Accident,Initial_Impact_Type,Environment_Condition,Light,Road_Surface_Condition,Traffic_Control,Traffic_Control_Condition,No__of_Vehicles,No__of_Bicycles,No__of_Motorcycles,No__of_Pedestrians,Max_Injury,No__of_Injuries,No__of_Minimal,No__of_Minor,No__of_Major,No__of_Fatal,X,Y,Latitude,Longitude,ObjectId
20--4150,2020/04/27,3:45 PM,PRINCE OF WALES DR btwn WELLSMERE CRT & TURN LANE (__3ZA2Y6),__3ZA2Y6,01 - Non intersection,03 - P.D. only,04 - Sideswipe,01 - Clear,01 - Daylight,01 - Dry,10 - No control,,2,0,0,0,,0,,,,,367393.8842,5022292.331,45.33778625,-75.70134697,3271
20--4151,2020/04/27,5:45 PM,BRANT ST @ MCARTHUR AVE (0004649),4649,02 - Intersection related,03 - P.D. only,03 - Rear end,01 - Clear,01 - Daylight,01 - Dry,01 - Traffic signal,01 - Functioning,2,0,0,0,,0,,,,,371262.7095,5032805.566,45.43202462,-75.65057325,3272
20--4152,2020/04/27,7:19 AM,INNES RD btwn BLAIR RD & ANDERSON RD (__3ZA3JZ),__3ZA3JZ,01 - Non intersection,03 - P.D. only,04 - Sideswipe,01 - Clear,01 - Daylight,01 - Dry,10 - No control,,2,0,0,0,,0,,,,,376105.5451,5031744.364,45.42199954,-75.58884063,3273
20--4153,2020/04/27,8:45 PM,BROPHY DR btwn EAGLESON RD & FOURTH LINE RD (__3ZA4ZO),__3ZA4ZO,01 - Non intersection,03 - P.D. only,07 - SMV other,01 - Clear,07 - Dark,01 - Dry,10 - No control,,1,0,0,0,,0,,,,,360671.0491,5005633.086,45.18845204,-75.78899214,3274
20--4154,2020/04/27,9:20 PM,PRINCE OF WALES DR @ WEST HUNT CLUB RD (0000567),567,02 - Intersection related,03 - P.D. only,03 - Rear end,01 - Clear,07 - Dark,01 - Dry,01 - Traffic signal,01 - Functioning,2,0,0,0,,0,,,,,367458.7071,5021891.516,45.33417401,-75.70057071,3275
20--4155,2020/04/27,9:23 AM,BANK ST @ RIVERSIDE DR S (0002704),2704,03 - At intersection,02 - Non-fatal injury,02 - Angle,01 - Clear,01 - Daylight,01 - Dry,01 - Traffic signal,01 - Functioning,2,0,0,0,02 - Minor,2,,2,,,369304.7056,5027894.554,45.38802042,-75.6762375,3276
20--4156,2020/04/27,9:30 PM,FALLOWFIELD RD @ WOODROFFE AVE (0010372),10372,02 - Intersection related,03 - P.D. only,03 - Rear end,01 - Clear,07 - Dark,01 - Dry,01 - Traffic signal,01 - Functioning,2,0,0,0,,0,,,,,365085.1529,5017903.185,45.29849528,-75.73133619,3277
20--4157,2020/04/28,12:01 AM,HUNT CLUB RD btwn MCCARTHY RD & RAMP (__3ZA36L),__3ZA36L,01 - Non intersection,03 - P.D. only,07 - SMV other,01 - Clear,07 - Dark,01 - Dry,10 - No control,,1,0,0,0,,0,,,,,370864.6871,5023611.631,45.3493387,-75.65689052,3278
20--4158,2020/04/28,12:45 PM,BASELINE RD btwn NAVAHO DR & DEERFIELD DR (__3ZA4H4),__3ZA4H4,01 - Non intersection,02 - Non-fatal injury,03 - Rear end,01 - Clear,01 - Daylight,01 - Dry,10 - No control,,2,0,0,0,01 - Minimal,2,2,,,,363171.4255,5024149.675,45.35486248,-75.75499858,3279
20--4159,2020/04/28,3:00 PM,GREY'S CREEK RD btwn LITTLE DEER WALK & SNAKE ISLAND RD (__3ZA7IY),__3ZA7IY,01 - Non intersection,03 - P.D. only,01 - Approaching,01 - Clear,01 - Daylight,01 - Dry,10 - No control,,2,0,0,0,,0,,,,,381571.6657,5010035.183,45.22609492,-75.52236879,3280
20--416,2020/01/10,7:00 AM,SECOND LINE RD btwn WILD ACRE LANE & SHARNE LANE (__3ZBNBH),__3ZBNBH,01 - Non intersection,03 - P.D. only,07 - SMV other,01 - Clear,07 - Dark,01 - Dry,10 - No control,,1,0,0,0,,0,,,,,346740.4801,5024645.365,45.36049814,-75.96465562,3281
20--4160,2020/04/28,7:22 PM,ECCLES ST btwn LEBRETON ST N & BELL ST N (__3ZBOMU),__3ZBOMU,04 - At/near private drive,03 - P.D. only,01 - Approaching,01 - Clear,01 - Daylight,01 - Dry,10 - No control,,2,0,0,0,,0,,,,,366785.241,5030239.669,45.40934865,-75.70811467,3282
20--4161,2020/04/28,8:05 AM,ALLANFORD AVE btwn BALLYMORE AVE & ARISTA CRT (__3ZAZQC),__3ZAZQC,01 - Non intersection,03 - P.D. only,06 - SMV unattended vehicle,01 - Clear,01 - Daylight,01 - Dry,10 - No control,,1,0,0,0,,0,,,,,373273.6379,5026124.947,45.37172148,-75.62580311,3283
20--4162,2020/04/28,9:04 AM,CARLING AVE @ IRVING PL/MAPLE DR (0006872),6872,03 - At intersection,03 - P.D. only,02 - Angle,01 - Clear,01 - Daylight,01 - Dry,01 - Traffic signal,01 - Functioning,2,0,0,0,,0,,,,,366186.712,5028527.558,45.39399626,-75.7159735,3284
20--4163,2020/04/28,9:40 AM,ROCKDALE RD S @ HIGHWAY 417 (0004639),4639,02 - Intersection related,03 - P.D. only,03 - Rear end,01 - Clear,01 - Daylight,01 - Dry,02 - Stop sign,01 - Functioning,2,0,0,0,,0,,,,,395261.4004,5022264.877,45.33449987,-75.34584383,3285
20--4164,2020/04/29,10:40 AM,JOHNSTON RD btwn BANK PL & SOUTHGATE RD (__3ZA9FK),__3ZA9FK,04 - At/near private drive,03 - P.D. only,99 - Other,01 - Clear,01 - Daylight,01 - Dry,10 - No control,,2,0,0,0,,0,,,,,370938.0183,5024891.778,45.36085015,-75.65578352,3286
20--4165,2020/04/29,3:06 PM,PRESLAND RD @ VANIER PKWY (0012076),12076,02 - Intersection related,03 - P.D. only,04 - Sideswipe,01 - Clear,01 - Daylight,01 - Dry,01 - Traffic signal,01 - Functioning,2,0,0,0,,0,,,,,370433.1153,5031751.635,45.42262014,-75.66131518,3287
20--4166,2020/04/29,4:21 PM,JASMINE CRES S @ OGILVIE RD (0009282),9282,03 - At intersection,03 - P.D. only,02 - Angle,01 - Clear,01 - Daylight,01 - Dry,02 - Stop sign,01 - Functioning,2,0,0,0,,0,,,,,375354.7297,5033720.582,45.43985654,-75.59815037,3288
20--4371,2020/05/15,3:11 PM,SMYTH RD btwn MAIN ST & RAMP (__3ZA3OL),__3ZA3OL,01 - Non intersection,03 - P.D. only,07 - SMV other,02 - Rain,01 - Daylight,02 - Wet,10 - No control,,1,0,0,0,,0,,,,,369555.9201,5029261.277,45.40029455,-75.6728503,3289
20--4167,2020/04/29,5:52 PM,TERRY FOX DR btwn HALKIRK AVE & CASTLEFRANK RD (__30IMA5),__30IMA5,01 - Non intersection,03 - P.D. only,03 - Rear end,01 - Clear,01 - Daylight,01 - Dry,10 - No control,,3,0,0,0,,0,,,,,352729.7848,5016614.548,45.28785135,-75.88898727,3290
20--4168,2020/04/30,1:05 PM,HIGHWAY 417 btwn HWY417 IC117 RAMP26 & HWY417 IC117 RAMP61 (__3ZA2YM),__3ZA2YM,01 - Non intersection,02 - Non-fatal injury,03 - Rear end,01 - Clear,01 - Daylight,02 - Wet,10 - No control,,3,0,0,0,01 - Minimal,1,1,,,,370817.219,5031212.957,45.4177372,-75.65647967,3291
20--4169,2020/04/30,1:11 PM,BRONSON AVE @ CATHERINE ST/RAYMOND ST (0007198),7198,03 - At intersection,03 - P.D. only,02 - Angle,02 - Rain,01 - Daylight,02 - Wet,01 - Traffic signal,01 - Functioning,2,0,0,0,,0,,,,,367252.7173,5029796.558,45.40532011,-75.70219919,3292
20--417,2020/01/10,7:04 PM,BOURASSA ST @ ST. LAURENT BLVD (0007731),7731,03 - At intersection,02 - Non-fatal injury,07 - SMV other,01 - Clear,07 - Dark,02 - Wet,01 - Traffic signal,01 - Functioning,1,0,0,1,02 - Minor,1,,1,,,373236.7266,5029693.552,45.40383384,-75.62577945,3293
20--4170,2020/04/30,1:36 PM,ST. LAURENT BLVD btwn BOURASSA ST & SMYTH RD (__3ZA3R6),__3ZA3R6,01 - Non intersection,03 - P.D. only,03 - Rear end,02 - Rain,01 - Daylight,02 - Wet,10 - No control,,2,0,0,0,,0,,,,,373344.3793,5029455.663,45.40168289,-75.62443751,3294
20--4171,2020/04/30,10:15 AM,DYNES RD btwn MORLEY BLVD & PRINCE OF WALES DR (__3ZAA46),__3ZAA46,04 - At/near private drive,02 - Non-fatal injury,02 - Angle,02 - Rain,01 - Daylight,02 - Wet,10 - No control,,2,0,0,0,01 - Minimal,1,1,,,,367077.5077,5025884.183,45.37013317,-75.70493087,3295
20--4172,2020/04/30,11:17 AM,MEADOWLANDS DR @ MERIVALE RD (0000625),625,03 - At intersection,02 - Non-fatal injury,05 - Turning movement,02 - Rain,01 - Daylight,02 - Wet,01 - Traffic signal,01 - Functioning,2,0,0,0,02 - Minor,1,,1,,,364858.6992,5023725.51,45.35090341,-75.73351713,3296
20--4173,2020/04/30,11:59 PM,RAYMOND ST btwn HWY417 IC121A RAMP16 & BRONSON AVE (__3ZA890),__3ZA890,01 - Non intersection,02 - Non-fatal injury,07 - SMV other,02 - Rain,07 - Dark,02 - Wet,10 - No control,,1,0,0,1,03 - Major,2,1,,1,,367242.1826,5029794.707,45.40530439,-75.70233399,3297
20--4174,2020/04/30,Unknown,WILBROD ST btwn NELSON ST & FRIEL ST (__3ZA8ZT),__3ZA8ZT,01 - Non intersection,03 - P.D. only,06 - SMV unattended vehicle,01 - Clear,00 - Unknown,01 - Dry,10 - No control,,1,0,0,0,,0,,,,,368900.6614,5032277.202,45.4274911,-75.68082703,3298
20--4175,2020/04/30,12:05 PM,JEANNE D'ARC BLVD @ ORLEANS BLVD S (0004154),4154,03 - At intersection,03 - P.D. only,02 - Angle,02 - Rain,01 - Daylight,02 - Wet,01 - Traffic signal,01 - Functioning,2,0,0,0,,0,,,,,380940.7438,5036250.577,45.46203342,-75.52636681,3299
20--4176,2020/04/30,12:33 PM,MERIVALE RD @ WEST HUNT CLUB RD (0000584),584,03 - At intersection,03 - P.D. only,02 - Angle,02 - Rain,01 - Daylight,02 - Wet,01 - Traffic signal,01 - Functioning,2,0,0,0,,0,,,,,365612.6937,5021942.493,45.3347951,-75.72411455,3300
20--4177,2020/04/30,2:18 AM,GLADSTONE AVE btwn BRONSON AVE & PERCY ST (__3ZA3B9),__3ZA3B9,01 - Non intersection,03 - P.D. only,03 - Rear end,01 - Clear,07 - Dark,01 - Dry,10 - No control,,2,0,0,0,,0,,,,,367215.634,5030138.543,45.4084005,-75.70262957,3301
20--4178,2020/04/30,2:28 PM,BANK ST btwn CAHILL DR & TURN LANE (2) (__5AFHMD),__5AFHMD,04 - At/near private drive,03 - P.D. only,02 - Angle,01 - Clear,01 - Daylight,02 - Wet,10 - No control,,2,0,0,0,,0,,,,,371439.6466,5024202.995,45.35460521,-75.64947406,3302
20--4179,2020/04/30,3:29 PM,HIGHWAY 417 btwn HWY417 IC121B RAMP16 & HWY417 IC121A RAMP16 (__3ZA2YX),__3ZA2YX,01 - Non intersection,02 - Non-fatal injury,03 - Rear end,02 - Rain,01 - Daylight,02 - Wet,10 - No control,,2,0,0,0,02 - Minor,1,,1,,,366597.9642,5029540.899,45.40307787,-75.71059455,3303
20--3920,2020/04/02,4:16 PM,BEAUPARC PRIV @ CYRVILLE RD (0014717),14717,02 - Intersection related,03 - P.D. only,03 - Rear end,01 - Clear,01 - Daylight,01 - Dry,02 - Stop sign,00 - Unknown,2,0,0,0,,0,,,,,373065.166,5031805.48,45.42285272,-75.62767823,3304
20--418,2020/01/10,7:26 PM,LIMEBANK RD btwn EARL ARMSTRONG RD & RIDEAU RD (__3ZA6L5),__3ZA6L5,01 - Non intersection,03 - P.D. only,07 - SMV other,01 - Clear,07 - Dark,02 - Wet,10 - No control,,1,0,0,0,,0,,,,,370229.0659,5015774.696,45.27888333,-75.66603633,3305
20--4180,2020/04/30,4:29 PM,BERRIGAN DR @ COLINDALE AVE/OAKWELL DR (0004564),4564,03 - At intersection,02 - Non-fatal injury,02 - Angle,01 - Clear,01 - Daylight,02 - Wet,02 - Stop sign,01 - Functioning,2,0,0,0,01 - Minimal,1,1,,,,364155.1073,5015568.785,45.27756957,-75.74347295,3306
20--4181,2020/04/30,6:10 PM,BELFAST RD @ ST. LAURENT BLVD (0007658),7658,03 - At intersection,03 - P.D. only,05 - Turning movement,02 - Rain,01 - Daylight,02 - Wet,01 - Traffic signal,01 - Functioning,2,0,0,0,,0,,,,,372860.7252,5030578.556,45.41183336,-75.63045982,3307
20--4182,2020/04/30,6:15 AM,RICHARDSON SIDE RD btwn BEAVERTAIL RD & SPRUCE RIDGE RD (__3ZAC5K),__3ZAC5K,01 - Non intersection,03 - P.D. only,07 - SMV other,02 - Rain,01 - Daylight,02 - Wet,10 - No control,,1,0,0,0,,0,,,,,343129.078,5014329.302,45.26787683,-76.01154928,3308
20--4183,2020/04/30,6:28 PM,INNES RD @ JEANNE D'ARC BLVD/MER BLEUE RD (0012475),12475,03 - At intersection,03 - P.D. only,05 - Turning movement,02 - Rain,01 - Daylight,02 - Wet,01 - Traffic signal,01 - Functioning,2,0,0,0,,0,,,,,382637.7411,5035567.559,45.4557012,-75.50477821,3309
20--4184,2020/04/30,7:05 PM,HIGHWAY 417 btwn HWY417 IC124 RAMP67 & HWY417 IC123 RAMP62 (__3ZA2YZ),__3ZA2YZ,01 - Non intersection,03 - P.D. only,07 - SMV other,02 - Rain,01 - Daylight,02 - Wet,10 - No control,,1,0,0,0,,0,,,,,364602.5643,5027772.26,45.38733732,-75.73629582,3310
20--4185,2020/04/30,7:23 AM,ALBION RD @ MITCH OWENS RD (0004212),4212,03 - At intersection,03 - P.D. only,05 - Turning movement,02 - Rain,01 - Daylight,02 - Wet,01 - Traffic signal,01 - Functioning,2,0,0,0,,0,,,,,375906.7508,5014804.446,45.26960203,-75.59381583,3311
20--4186,2020/04/30,7:24 PM,BANK ST btwn NOTTING HILL AVE & VANCOUVER AVE (__3ZA4TU),__3ZA4TU,04 - At/near private drive,03 - P.D. only,07 - SMV other,02 - Rain,01 - Daylight,02 - Wet,10 - No control,,1,0,0,0,,0,,,,,370412.0993,5025739.601,45.36852802,-75.66238329,3312
20--4187,2020/04/30,7:25 PM,WOODROFFE AVE @ SPORTSPLEX N (0005568),5568,02 - Intersection related,02 - Non-fatal injury,07 - SMV other,02 - Rain,01 - Daylight,02 - Wet,01 - Traffic signal,01 - Functioning,1,0,0,0,02 - Minor,1,,1,,,363763.6498,5021067.246,45.32707751,-75.74780796,3313
20--4188,2020/04/30,8:45 PM,COLONEL BY DR @ HAWTHORNE AVE/PRETORIA BRIDGE (0002122),2122,02 - Intersection related,03 - P.D. only,02 - Angle,01 - Clear,07 - Dark,01 - Dry,01 - Traffic signal,01 - Functioning,2,0,0,0,,0,,,,,368767.7086,5030525.569,45.41174269,-75.68275333,3314
20--4189,2020/05/01,1:40 PM,ST. LAURENT BLVD btwn BOURASSA ST & SMYTH RD (__3ZA3R6),__3ZA3R6,01 - Non intersection,03 - P.D. only,04 - Sideswipe,01 - Clear,01 - Daylight,01 - Dry,10 - No control,,2,0,0,0,,0,,,,,373359.4675,5029432.596,45.40147386,-75.62424801,3315
20--419,2020/01/10,7:30 PM,INDUSTRIAL AVE/INNES RD @ ST. LAURENT BLVD (0002203),2203,02 - Intersection related,03 - P.D. only,04 - Sideswipe,01 - Clear,07 - Dark,01 - Dry,01 - Traffic signal,01 - Functioning,2,0,0,0,,0,,,,,373099.725,5030005.559,45.40665451,-75.62748611,3316
20--4190,2020/05/01,10:48 PM,TRIM RD @ WALL RD (0005000),5000,03 - At intersection,03 - P.D. only,02 - Angle,01 - Clear,07 - Dark,01 - Dry,02 - Stop sign,01 - Functioning,2,0,0,0,,0,,,,,387628.7836,5034669.529,45.44704786,-75.44112533,3317
20--3835,2020/03/26,12:26 PM,WHITECLIFFS AVE btwn COOKS MILL CRES E & COOKS MILL CRES W (__78TO3Y),__78TO3Y,04 - At/near private drive,03 - P.D. only,02 - Angle,01 - Clear,01 - Daylight,01 - Dry,10 - No control,,2,0,0,0,,0,,,,,370078.98,5016382.288,45.28436429,-75.66786921,3318
20--3921,2020/04/02,4:42 PM,HUNT CLUB RD @ RIVERSIDE DR (0002237),2237,02 - Intersection related,03 - P.D. only,03 - Rear end,01 - Clear,01 - Daylight,01 - Dry,01 - Traffic signal,01 - Functioning,2,0,0,0,,0,,,,,368036.7017,5021945.502,45.33460791,-75.69319022,3319
20--4372,2020/05/15,3:15 AM,OLD PRESCOTT RD btwn PARKWAY RD & SHADOW RIDGE DR (__3ZA6GA),__3ZA6GA,01 - Non intersection,03 - P.D. only,07 - SMV other,01 - Clear,07 - Dark,01 - Dry,10 - No control,,1,0,0,0,,0,,,,,377927.5108,5013589.431,45.25846258,-75.56824551,3320
20--3836,2020/03/26,2:25 PM,CAMPEAU DR @ TERRY FOX DR (0008211),8211,03 - At intersection,03 - P.D. only,05 - Turning movement,01 - Clear,01 - Daylight,01 - Dry,01 - Traffic signal,01 - Functioning,2,0,0,0,,0,,,,,350455.5906,5019010.448,45.30956176,-75.91775673,3321
20--4373,2020/05/15,3:40 PM,OLD INNES RD btwn BANTREE ST & END (__3ZA79T),__3ZA79T,04 - At/near private drive,03 - P.D. only,99 - Other,02 - Rain,01 - Daylight,02 - Wet,10 - No control,,2,0,0,0,,0,,,,,373623.8135,5030290.788,45.40916953,-75.62075197,3322
20--4196,2020/05/01,5:31 PM,MONTREAL RD btwn ST. LAURENT BLVD & HILLSIDE DR (__3ZA1MC),__3ZA1MC,04 - At/near private drive,03 - P.D. only,02 - Angle,01 - Clear,01 - Daylight,01 - Dry,10 - No control,,2,0,0,0,,0,,,,,371679.6819,5033882.136,45.44167134,-75.64509847,3323
20--3837,2020/03/26,3:00 PM,DOLCE CRES btwn GUARDIAN GRV & MARKDALE TERR (e___2IZA),e___2IZA,04 - At/near private drive,03 - P.D. only,06 - SMV unattended vehicle,01 - Clear,01 - Daylight,01 - Dry,10 - No control,,1,0,0,0,,0,,,,,369043.476,5015372.692,45.27537548,-75.68119841,3324
20--3922,2020/04/02,5:39 PM,RIVERSIDE DR @ PLEASANT PARK RD (0007296),7296,03 - At intersection,02 - Non-fatal injury,02 - Angle,01 - Clear,01 - Daylight,01 - Dry,01 - Traffic signal,01 - Functioning,2,0,0,0,03 - Major,2,1,,1,,369561.2546,5028415,45.39267955,-75.67289326,3325
20--4197,2020/05/01,5:34 PM,ELMSMERE RD @ MONTREAL RD (0012320),12320,02 - Intersection related,02 - Non-fatal injury,03 - Rear end,01 - Clear,01 - Daylight,01 - Dry,01 - Traffic signal,01 - Functioning,3,0,0,0,01 - Minimal,2,2,,,,374927.729,5034314.567,45.44524384,-75.60352309,3326
20--4374,2020/05/15,5:20 PM,BANK ST @ FINDLAY CREEK SC/310 S OF FINDLAY CREEK DR (0013532),13532,02 - Intersection related,02 - Non-fatal injury,03 - Rear end,01 - Clear,01 - Daylight,01 - Dry,01 - Traffic signal,01 - Functioning,2,0,0,0,01 - Minimal,1,1,,,,375967.5345,5020175.263,45.31792052,-75.59227064,3327
20--3838,2020/03/26,4:30 PM,BRIAN COBURN BLVD @ NAVAN RD (0017228),17228,02 - Intersection related,03 - P.D. only,03 - Rear end,01 - Clear,01 - Daylight,01 - Dry,11 - Roundabout,01 - Functioning,2,0,0,0,,0,,,,,381168.997,5032906.816,45.43192398,-75.52396751,3328
20--3923,2020/04/02,8:00 PM,ELGIN ST @ LISGAR ST (0006935),6935,02 - Intersection related,03 - P.D. only,04 - Sideswipe,01 - Clear,05 - Dusk,01 - Dry,01 - Traffic signal,01 - Functioning,2,0,0,0,,0,,,,,368074.7092,5031345.573,45.41918382,-75.69150087,3329
20--3924,2020/04/02,8:12 AM,HAWTHORNE RD/RUSSELL RD @ WALKLEY RD (0002618),2618,02 - Intersection related,03 - P.D. only,04 - Sideswipe,01 - Clear,01 - Daylight,01 - Dry,01 - Traffic signal,01 - Functioning,2,0,0,0,,0,,,,,374674.73,5028499.53,45.39294856,-75.60758155,3330
20--3925,2020/04/02,8:40 PM,ASHPARK CRES btwn TO BE DETERMINED & END (__3ZAZMA),__3ZAZMA,01 - Non intersection,03 - P.D. only,06 - SMV unattended vehicle,01 - Clear,07 - Dark,01 - Dry,10 - No control,,1,0,0,0,,0,,,,,372339.9807,5024944.137,45.3611876,-75.63788308,3331
20--3926,2020/04/02,8:58 AM,ROCKCLIFFE PKWY btwn GL/OT BOUNDARY & ST. JOSEPH BLVD (__3ZA21V),__3ZA21V,01 - Non intersection,02 - Non-fatal injury,07 - SMV other,01 - Clear,01 - Daylight,01 - Dry,10 - No control,,1,0,0,0,02 - Minor,3,2,1,,,377075.5562,5035386.551,45.45467007,-75.57591241,3332
20--3927,2020/04/02,9:20 AM,CUMBERLAND ST @ MURRAY ST (0008237),8237,03 - At intersection,03 - P.D. only,05 - Turning movement,01 - Clear,01 - Daylight,01 - Dry,01 - Traffic signal,01 - Functioning,2,0,0,0,,0,,,,,368170.6969,5032679.585,45.43117811,-75.69010287,3333
20--3928,2020/04/03,Unknown,WATSON ST btwn ST. STEPHEN'S ST & DUMAURIER AVE (__3ZAADY),__3ZAADY,01 - Non intersection,03 - P.D. only,06 - SMV unattended vehicle,00 - Unknown,00 - Unknown,01 - Dry,10 - No control,,1,0,0,0,,0,,,,,360152.1657,5024029.048,45.35402192,-75.79354423,3334
20--3929,2020/04/03,12:19 PM,DALY AVE @ KING EDWARD AVE (0007755),7755,03 - At intersection,02 - Non-fatal injury,02 - Angle,02 - Rain,01 - Daylight,02 - Wet,02 - Stop sign,01 - Functioning,2,0,0,0,01 - Minimal,1,1,,,,368591.7074,5032273.607,45.42748699,-75.68477536,3335
20--393,2020/01/10,12:30 PM,BANK ST btwn WALKLEY RD & SURREY AVE (__3ZA4TW),__3ZA4TW,01 - Non intersection,03 - P.D. only,04 - Sideswipe,01 - Clear,01 - Daylight,01 - Dry,10 - No control,,2,0,0,0,,0,,,,,370342.3135,5025935.54,45.37029754,-75.6632481,3336
20--3930,2020/04/03,3:40 PM,CONROY RD @ HUNT CLUB RD (0002257),2257,02 - Intersection related,03 - P.D. only,03 - Rear end,02 - Rain,01 - Daylight,02 - Wet,01 - Traffic signal,01 - Functioning,2,0,0,0,,0,,,,,373763.7328,5025404.515,45.36519128,-75.61964742,3337
20--3931,2020/04/03,3:51 PM,KING EDWARD AVE @ SUSSEX DR (0002653),2653,02 - Intersection related,03 - P.D. only,02 - Angle,02 - Rain,01 - Daylight,02 - Wet,01 - Traffic signal,01 - Functioning,2,0,0,0,,0,,,,,367663.6956,5033503.599,45.43863806,-75.69647664,3338
20--3932,2020/04/03,7:40 PM,MALAKOFF RD btwn GALLAGHER RD & MACKEY RD (__3ZAAZU),__3ZAAZU,01 - Non intersection,03 - P.D. only,07 - SMV other,01 - Clear,07 - Dark,01 - Dry,10 - No control,,1,0,0,0,,0,,,,,364280.6773,4993773.377,45.08144048,-75.74447089,3339
20--3933,2020/04/03,9:29 AM,MARCH RD btwn TERRY FOX DR & SOLANDT RD (__3ZA3CE),__3ZA3CE,01 - Non intersection,02 - Non-fatal injury,07 - SMV other,02 - Rain,01 - Daylight,02 - Wet,10 - No control,,1,0,0,0,03 - Major,1,,,1,,350002.2707,5023246.948,45.34771217,-75.92315077,3340
20--3934,2020/04/04,1:30 PM,BASELINE RD @ WOODROFFE AVE (0002225),2225,02 - Intersection related,03 - P.D. only,04 - Sideswipe,01 - Clear,01 - Daylight,01 - Dry,01 - Traffic signal,01 - Functioning,2,0,0,0,,0,,,,,362549.6948,5023770.498,45.35150215,-75.76297742,3341
20--3935,2020/04/04,10:52 AM,ANDERSON RD @ EIGHTH LINE RD E (0012418),12418,02 - Intersection related,03 - P.D. only,03 - Rear end,01 - Clear,01 - Daylight,01 - Dry,02 - Stop sign,01 - Functioning,2,0,0,0,,0,,,,,381298.2737,5022969.894,45.34250435,-75.52385571,3342
20--3936,2020/04/04,12:43 PM,GILLESPIE CRES btwn VIZARD ST & WELBY CRT (__3ZA91I),__3ZA91I,01 - Non intersection,03 - P.D. only,07 - SMV other,01 - Clear,01 - Daylight,01 - Dry,10 - No control,,1,0,0,0,,0,,,,,368335.2272,5023058.137,45.3445922,-75.68923897,3343
20--4461,2020/05/21,6:01 PM,FINDLAY CREEK DR @ BANK ST (0012407),12407,02 - Intersection related,03 - P.D. only,03 - Rear end,01 - Clear,01 - Daylight,01 - Dry,01 - Traffic signal,01 - Functioning,2,0,0,0,,0,,,,,375847.4775,5020459.963,45.32049429,-75.59376092,3344
20--3937,2020/04/04,4:30 PM,STRANDHERD DR btwn MARAVISTA DR & KENNEVALE DR (__6NF1SR),__6NF1SR,01 - Non intersection,03 - P.D. only,04 - Sideswipe,01 - Clear,01 - Daylight,01 - Dry,10 - No control,,2,0,0,0,,0,,,,,361324.9808,5014498.287,45.26817037,-75.77966405,3345
20--3938,2020/04/04,5:50 PM,HAZELDEAN RD @ TERRY FOX DR (0003682),3682,02 - Intersection related,03 - P.D. only,03 - Rear end,01 - Clear,01 - Daylight,01 - Dry,01 - Traffic signal,01 - Functioning,2,0,0,0,,0,,,,,352207.6041,5017242.447,45.29353677,-75.89558369,3346
20--3939,2020/04/04,6:46 PM,BANK ST @ PARKWAY RD (0005709),5709,03 - At intersection,03 - P.D. only,02 - Angle,01 - Clear,01 - Daylight,01 - Dry,01 - Traffic signal,01 - Functioning,2,0,0,0,,0,,,,,378746.7537,5014207.426,45.26393742,-75.55771655,3347
20--394,2020/01/10,12:40 PM,CARBROOKE ST btwn HAZELDEAN RD & DESMOND AVE (__3ZAB31),__3ZAB31,04 - At/near private drive,03 - P.D. only,02 - Angle,01 - Clear,01 - Daylight,02 - Wet,10 - No control,,2,0,0,0,,0,,,,,353451.3661,5018216.206,45.30221386,-75.8796319,3348
20--3940,2020/04/05,1:45 AM,WARD CRT btwn CLIFFORD CAMPBELL ST & END (__3ZA4C1),__3ZA4C1,01 - Non intersection,02 - Non-fatal injury,07 - SMV other,01 - Clear,07 - Dark,01 - Dry,10 - No control,,1,0,0,0,02 - Minor,1,,1,,,327168.6058,5036189.864,45.46527856,-76.21395009,3349
20--3941,2020/04/05,10:00 PM,OLD CARP RD btwn GOURLAY LANE & HUNTMAR DR (__3ZAC34),__3ZAC34,01 - Non intersection,03 - P.D. only,07 - SMV other,01 - Clear,07 - Dark,01 - Dry,10 - No control,,1,0,0,0,,0,,,,,344858.648,5022296.615,45.33947341,-75.98886533,3350
20--3942,2020/04/05,10:40 AM,CUMBERLAND ST btwn GEORGE ST & RIDEAU ST (__3ZA81T),__3ZA81T,01 - Non intersection,03 - P.D. only,06 - SMV unattended vehicle,02 - Rain,01 - Daylight,02 - Wet,10 - No control,,1,0,0,0,,0,,,,,368369.7341,5032338.502,45.42809111,-75.6876034,3351
20--3943,2020/04/05,5:46 PM,BRONSON AVE @ HOLMWOOD AVE (0007215),7215,02 - Intersection related,03 - P.D. only,04 - Sideswipe,01 - Clear,01 - Daylight,01 - Dry,01 - Traffic signal,01 - Functioning,2,0,0,0,,0,,,,,367700.7039,5028729.537,45.39567925,-75.69661304,3352