Anom_ID,Accident_Date,Accident_Time,Location,Geo_ID,Accident_Location,Classification_of_Accident,Initial_Impact_Type,Environment_Condition,Light,Road_Surface_Condition,Traffic_Control,Traffic_Control_Condition,No__of_Vehicles,No__of_Bicycles,No__of_Motorcycles,No__of_Pedestrians,Max_Injury,No__of_Injuries,No__of_Minimal,No__of_Minor,No__of_Major,No__of_Fatal,X,Y,Latitude,Longitude,ObjectId
20--3944,2020/04/05,7:36 PM,JEANNE D'ARC BLVD @ ORLEANS BLVD N (0003792),3792,02 - Intersection related,03 - P.D. only,07 - SMV other,01 - Clear,01 - Daylight,01 - Dry,01 - Traffic signal,01 - Functioning,1,0,0,0,,0,,,,,380028.7284,5038105.596,45.47882222,-75.53774336,3353
20--3945,2020/04/05,8:30 PM,STONECREST RD btwn KINBURN SIDE RD & NEEDHAMS SIDE RD (__3ZACDU),__3ZACDU,01 - Non intersection,03 - P.D. only,07 - SMV other,01 - Clear,07 - Dark,01 - Dry,10 - No control,,1,0,0,0,,0,,,,,336067.5314,5031909.841,45.42642396,-76.10042495,3354
20--3946,2020/04/06,1:45 PM,HUNT CLUB RD @ RIVERSIDE DR (0002237),2237,02 - Intersection related,03 - P.D. only,03 - Rear end,01 - Clear,01 - Daylight,01 - Dry,01 - Traffic signal,01 - Functioning,2,0,0,0,,0,,,,,368036.7104,5021945.495,45.33460785,-75.69319011,3355
20--3947,2020/04/06,10:42 PM,INNES RD btwn ORIENT PARK DR & EASTPARK DR (__3ZA2A1),__3ZA2A1,01 - Non intersection,02 - Non-fatal injury,07 - SMV other,01 - Clear,07 - Dark,01 - Dry,10 - No control,,1,0,0,1,03 - Major,1,,,1,,378553.2153,5033172.531,45.43459546,-75.55735402,3356
20--3948,2020/04/06,Unknown,ST. DENIS ST btwn STE. ANNE ST & GRANVILLE ST (__3ZA8YR),__3ZA8YR,01 - Non intersection,03 - P.D. only,06 - SMV unattended vehicle,01 - Clear,00 - Unknown,01 - Dry,10 - No control,,1,0,0,0,,0,,,,,370600.733,5033789.112,45.44093674,-75.65890125,3357
20--3949,2020/04/06,12:52 PM,INDUSTRIAL AVE/INNES RD @ ST. LAURENT BLVD (0002203),2203,02 - Intersection related,03 - P.D. only,03 - Rear end,01 - Clear,01 - Daylight,01 - Dry,01 - Traffic signal,00 - Unknown,2,0,0,0,,0,,,,,373099.7246,5030005.57,45.40665461,-75.62748611,3358
20--395,2020/01/10,2:04 PM,TERRY FOX DR @ PALLADIUM DR/KATIMAVIK RD (0011858),11858,02 - Intersection related,03 - P.D. only,03 - Rear end,01 - Clear,01 - Daylight,02 - Wet,01 - Traffic signal,01 - Functioning,2,0,0,0,,0,,,,,351269.7178,5018181.782,45.30205181,-75.90745245,3359
20--3743,2020/03/17,7:23 AM,ST. LAURENT BLVD @ MCARTHUR AVE (0008246),8246,02 - Intersection related,03 - P.D. only,03 - Rear end,03 - Snow,01 - Daylight,04 - Slush,01 - Traffic signal,01 - Functioning,3,0,0,0,,0,,,,,371921.7271,5032887.562,45.43269944,-75.64214045,3360
20--3950,2020/04/06,3:14 PM,BANK ST btwn SPRINGHILL RD & DALMENY RD (__3ZA27C),__3ZA27C,01 - Non intersection,02 - Non-fatal injury,07 - SMV other,01 - Clear,01 - Daylight,01 - Dry,10 - No control,,1,0,0,0,02 - Minor,1,,1,,,385433.7182,5005465.74,45.18455003,-75.47393554,3361
20--3951,2020/04/06,3:29 PM,GOWARD DR btwn OAKSIDE CRES & OAKSIDE CRES (__49PVXP),__49PVXP,01 - Non intersection,03 - P.D. only,06 - SMV unattended vehicle,01 - Clear,01 - Daylight,01 - Dry,10 - No control,,1,0,0,0,,0,,,,,348086.3368,5023590.874,45.35092777,-75.94756971,3362
20--3952,2020/04/06,4:11 PM,RIVERSIDE DR btwn TURN LANE & RAMP (2) (__3ZA3BM),__3ZA3BM,01 - Non intersection,03 - P.D. only,03 - Rear end,01 - Clear,01 - Daylight,01 - Dry,10 - No control,,3,0,0,0,,0,,,,,368408.4059,5027242.086,45.38223168,-75.68776668,3363
20--3953,2020/04/06,5:30 AM,BOUNDARY RD btwn MITCH OWENS RD & DEVINE RD (__3ZA3X6),__3ZA3X6,01 - Non intersection,03 - P.D. only,07 - SMV other,01 - Clear,07 - Dark,01 - Dry,10 - No control,,1,0,0,0,,0,,,,,388301.4658,5021596.064,45.32934519,-75.43473925,3364
20--3954,2020/04/06,6:00 PM,STRANDHERD DR @ LONGFIELDS DR (0010935),10935,03 - At intersection,03 - P.D. only,02 - Angle,01 - Clear,01 - Daylight,01 - Dry,01 - Traffic signal,01 - Functioning,2,0,0,0,,0,,,,,364548.812,5015173.33,45.27397793,-75.73850291,3365
20--3955,2020/04/06,7:36 AM,LEITRIM RD btwn LIMEBANK RD & HIGH RD (__3ZBOEL),__3ZBOEL,01 - Non intersection,03 - P.D. only,07 - SMV other,01 - Clear,01 - Daylight,01 - Dry,10 - No control,,1,0,0,0,,0,,,,,369442.4684,5017929.59,45.29834547,-75.67578053,3366
20--3956,2020/04/06,7:52 PM,CRAIG HENRY DR btwn ALDRIDGE WAY & JACK AARON DR (__3ZAAYZ),__3ZAAYZ,01 - Non intersection,03 - P.D. only,06 - SMV unattended vehicle,01 - Clear,07 - Dark,01 - Dry,10 - No control,,1,0,0,0,,0,,,,,362114.5023,5021856.518,45.33431596,-75.7687528,3367
20--3957,2020/04/06,9:07 PM,EARL ARMSTRONG RD @ SPRATT RD (0013063),13063,03 - At intersection,03 - P.D. only,05 - Turning movement,01 - Clear,07 - Dark,01 - Dry,01 - Traffic signal,01 - Functioning,2,0,0,0,,0,,,,,368396.7106,5015011.433,45.27218371,-75.68948706,3368
20--3958,2020/04/07,10:59 AM,HENRI LAUZON ST @ NOTRE DAME ST (0012963),12963,03 - At intersection,02 - Non-fatal injury,01 - Approaching,01 - Clear,01 - Daylight,01 - Dry,02 - Stop sign,00 - Unknown,2,0,0,0,01 - Minimal,2,2,,,,380087.7804,5036530.567,45.46464499,-75.53722945,3369
20--3959,2020/04/07,11:58 AM,BROMLEY RD btwn SHERBOURNE RD & END (__3039J6),__3039J6,01 - Non intersection,03 - P.D. only,05 - Turning movement,01 - Clear,01 - Daylight,01 - Dry,10 - No control,,2,0,0,0,,0,,,,,362936.1426,5026588.964,45.37683048,-75.75771426,3370
20--396,2020/01/10,2:15 PM,CYRVILLE RD @ LABRIE AVE (0012383),12383,02 - Intersection related,03 - P.D. only,03 - Rear end,01 - Clear,01 - Daylight,05 - Packed snow,02 - Stop sign,01 - Functioning,2,0,0,0,,0,,,,,373401.6709,5031681.615,45.42170532,-75.62339597,3371
20--3960,2020/04/07,Unknown,DOSSETTER WAY btwn SWAIN AVE & SWAIN AVE (__3ZA8M9),__3ZA8M9,01 - Non intersection,03 - P.D. only,06 - SMV unattended vehicle,01 - Clear,00 - Unknown,01 - Dry,10 - No control,,1,0,0,0,,0,,,,,374299.0906,5025818.983,45.3688676,-75.61275586,3372
20--3961,2020/04/07,12:35 PM,PRINCE OF WALES DR btwn WATERBRIDGE DR & CRESTWAY DR (__3ZA294),__3ZA294,01 - Non intersection,03 - P.D. only,03 - Rear end,01 - Clear,01 - Daylight,01 - Dry,10 - No control,,2,0,0,0,,0,,,,,367361.4188,5016474.532,45.28544141,-75.70249571,3373
20--3962,2020/04/07,2:15 PM,OR174 IC101 RAMP61 btwn TENTH LINE RD & REGIONAL ROAD 174 (__3ZAY73),__3ZAY73,01 - Non intersection,03 - P.D. only,07 - SMV other,01 - Clear,01 - Daylight,01 - Dry,10 - No control,,1,0,0,0,,0,,,,,382792.8881,5039099.797,45.48746385,-75.50223417,3374
20--3963,2020/04/07,2:37 PM,CARLING AVE @ DUNDEE AVE (0002769),2769,02 - Intersection related,03 - P.D. only,03 - Rear end,01 - Clear,01 - Daylight,01 - Dry,02 - Stop sign,01 - Functioning,3,0,0,0,,0,,,,,360363.6732,5024838.53,45.36128888,-75.79075399,3375
20--4283,2020/05/09,10:25 AM,HAZELDEAN RD @ EDGEWATER ST (0003176),3176,03 - At intersection,02 - Non-fatal injury,07 - SMV other,01 - Clear,01 - Daylight,01 - Dry,01 - Traffic signal,01 - Functioning,1,0,0,1,02 - Minor,1,,1,,,352323.603,5017351.439,45.29450967,-75.89409441,3376
20--3964,2020/04/07,3:38 PM,PRINCE OF WALES DR btwn WATERBRIDGE DR & CRESTWAY DR (__3ZA294),__3ZA294,01 - Non intersection,03 - P.D. only,07 - SMV other,01 - Clear,01 - Daylight,01 - Dry,10 - No control,,1,0,0,0,,0,,,,,367361.7149,5016477.865,45.28547138,-75.70249151,3377
20--3965,2020/04/07,5:30 AM,HIGHWAY 417 btwn HWY417 IC96 RAMP61 & HWY417 IC88 RAMP16 (__3ZA27Z),__3ZA27Z,01 - Non intersection,03 - P.D. only,07 - SMV other,01 - Clear,03 - Dawn,01 - Dry,10 - No control,,1,0,0,0,,0,,,,,391431.113,5023120.394,45.34268029,-75.39455361,3378
20--3966,2020/04/07,8:15 AM,GREAT LAKES AVE @ MARITIME WAY (0014258),14258,03 - At intersection,03 - P.D. only,05 - Turning movement,01 - Clear,01 - Daylight,01 - Dry,02 - Stop sign,01 - Functioning,2,0,0,0,,0,,,,,351737.611,5019489.623,45.31378898,-75.90136268,3379
20--3967,2020/04/07,8:20 PM,CATHERINE ST @ KENT ST (0002707),2707,03 - At intersection,03 - P.D. only,05 - Turning movement,01 - Clear,07 - Dark,01 - Dry,01 - Traffic signal,01 - Functioning,2,0,0,0,,0,,,,,367907.7044,5030188.545,45.40878834,-75.69378273,3380
20--3968,2020/04/07,8:41 PM,WOODROFFE AVE @ QUEENSBURY DR/RIDEAUCREST DR (0000043),43,02 - Intersection related,02 - Non-fatal injury,03 - Rear end,01 - Clear,07 - Dark,01 - Dry,01 - Traffic signal,01 - Functioning,2,0,0,0,01 - Minimal,1,1,,,,365727.6912,5016328.453,45.28427051,-75.72333771,3381
20--3969,2020/04/08,1:51 PM,BARNSDALE RD @ PRINCE OF WALES DR (0001082),1082,03 - At intersection,03 - P.D. only,02 - Angle,01 - Clear,01 - Daylight,01 - Dry,02 - Stop sign,01 - Functioning,2,0,0,0,,0,,,,,366646.7091,5011532.407,45.24103563,-75.71222092,3382
20--397,2020/01/10,2:30 PM,ISABELLA ST/HWY417 IC119AR75 @ METCALFE ST (0011380),11380,02 - Intersection related,03 - P.D. only,04 - Sideswipe,01 - Clear,01 - Daylight,01 - Dry,01 - Traffic signal,01 - Functioning,3,0,0,0,,0,,,,,368448.7114,5030399.563,45.41063802,-75.68684467,3383
20--3970,2020/04/08,1:58 PM,ABBOTT ST @ STITTSVILLE MAIN ST (0000082),82,02 - Intersection related,03 - P.D. only,03 - Rear end,01 - Clear,01 - Daylight,01 - Dry,01 - Traffic signal,01 - Functioning,2,0,0,0,,0,,,,,350248.5873,5013331.405,45.25847337,-75.92091664,3384
20--3971,2020/04/08,10:54 AM,RIVERSIDE DR SB btwn BANK ST & BILLINGS BRIDGE NB RAMP (__3ZA1VA),__3ZA1VA,01 - Non intersection,03 - P.D. only,04 - Sideswipe,01 - Clear,01 - Daylight,01 - Dry,10 - No control,,2,0,0,0,,0,,,,,369270.1658,5028040.577,45.38933747,-75.67665947,3385
20--3972,2020/04/08,12:30 PM,CARLING AVE @ KIRKWOOD AVE S (0002209),2209,02 - Intersection related,03 - P.D. only,04 - Sideswipe,01 - Clear,01 - Daylight,01 - Dry,01 - Traffic signal,01 - Functioning,2,0,0,0,,0,,,,,364351.6867,5027337.549,45.38344724,-75.73955179,3386
20--3973,2020/04/08,2:00 PM,ALERT RD/AIRPORT PKWY/UPLANDS DR RAMP 62 @ LES (0003652),3652,03 - At intersection,03 - P.D. only,02 - Angle,01 - Clear,01 - Daylight,01 - Dry,01 - Traffic signal,01 - Functioning,2,0,0,0,,0,,,,,371306.7002,5021353.78,45.32898146,-75.6515537,3387
20--3974,2020/04/08,2:27 PM,HIGHWAY 417 btwn HWY 417 ANDERSON IC104R61 & HWY 417 BOUNDARY IC96R16 (__3ZA2W5),__3ZA2W5,01 - Non intersection,03 - P.D. only,07 - SMV other,01 - Clear,01 - Daylight,01 - Dry,10 - No control,,1,0,0,0,,0,,,,,380939.3734,5025744.618,45.36750861,-75.52800741,3388
20--3975,2020/04/08,3:40 PM,HOPE SIDE RD @ RICHMOND RD (0000581),581,02 - Intersection related,02 - Non-fatal injury,03 - Rear end,01 - Clear,01 - Daylight,01 - Dry,02 - Stop sign,01 - Functioning,2,0,0,0,02 - Minor,1,,1,,,356952.6324,5015485.436,45.27739074,-75.83527622,3389
20--3976,2020/04/08,4:30 PM,ST. LAURENT BLVD @ WALKLEY RD (0007653),7653,02 - Intersection related,03 - P.D. only,03 - Rear end,01 - Clear,01 - Daylight,01 - Dry,01 - Traffic signal,01 - Functioning,2,0,0,0,,0,,,,,373902.7376,5028046.861,45.38895226,-75.61750341,3390
20--3977,2020/04/08,7:38 AM,HIGHWAY 7 btwn RAMP & DWYER HILL RD (__7JQ7LW),__7JQ7LW,01 - Non intersection,02 - Non-fatal injury,07 - SMV other,01 - Clear,01 - Daylight,01 - Dry,10 - No control,,1,0,0,0,02 - Minor,1,,1,,,340684.3557,5006750.819,45.19981031,-76.04324944,3391
20--3978,2020/04/09,12:35 PM,ST. LAURENT BLVD @ COVENTRY RD/OGILVIE RD (0002151),2151,02 - Intersection related,03 - P.D. only,03 - Rear end,02 - Rain,01 - Daylight,02 - Wet,01 - Traffic signal,01 - Functioning,2,0,0,0,,0,,,,,372305.7283,5031951.567,45.42424084,-75.63736152,3392
20--3979,2020/04/09,4:19 PM,GLENVIEW AVE @ RIVERDALE AVE (0007984),7984,02 - Intersection related,02 - Non-fatal injury,03 - Rear end,02 - Rain,01 - Daylight,02 - Wet,02 - Stop sign,01 - Functioning,2,0,0,0,01 - Minimal,1,1,,,,369324.7098,5029411.563,45.40166812,-75.67578365,3393
20--398,2020/01/10,2:58 PM,HUNT CLUB RD @ CANADAIR PRIV (0010852),10852,02 - Intersection related,03 - P.D. only,03 - Rear end,01 - Clear,01 - Daylight,01 - Dry,01 - Traffic signal,01 - Functioning,2,0,0,0,,0,,,,,368662.7186,5022311.482,45.33784422,-75.68515671,3394
20--3980,2020/04/09,4:49 PM,BANK ST @ BLAIS RD (0009264),9264,02 - Intersection related,03 - P.D. only,03 - Rear end,01 - Clear,01 - Daylight,01 - Dry,01 - Traffic signal,01 - Functioning,2,0,0,0,,0,,,,,376154.9087,5019727.73,45.31387478,-75.58994548,3395
20--3981,2020/04/09,4:53 PM,OLD TENTH LINE RD @ TENTH LINE RD (0009223),9223,02 - Intersection related,03 - P.D. only,03 - Rear end,01 - Clear,01 - Daylight,01 - Dry,01 - Traffic signal,01 - Functioning,2,0,0,0,,0,,,,,383042.0145,5038358.988,45.48077084,-75.49916561,3396
20--3982,2020/04/09,5:19 PM,225 E OF RIVERSIDE DR / T & T SC @ HUNT CLUB RD (0013516),13516,02 - Intersection related,03 - P.D. only,02 - Angle,02 - Rain,01 - Daylight,02 - Wet,01 - Traffic signal,01 - Functioning,2,0,0,0,,0,,,,,368235.6976,5022055.979,45.335584,-75.69063741,3397
20--3983,2020/04/09,7:41 AM,HIGHWAY 417 btwn HWY 417 ANDERSON IC104R61 & HWY 417 BOUNDARY IC96R16 (__3ZA2W5),__3ZA2W5,01 - Non intersection,03 - P.D. only,07 - SMV other,02 - Rain,01 - Daylight,02 - Wet,10 - No control,,1,0,0,0,,0,,,,,386348.301,5024081.507,45.35193688,-75.45924269,3398
20--3984,2020/04/10,1:00 PM,BANK ST @ HUNT CLUB RD (0002119),2119,02 - Intersection related,03 - P.D. only,03 - Rear end,01 - Clear,01 - Daylight,01 - Dry,01 - Traffic signal,01 - Functioning,2,0,0,0,,0,,,,,371608.7323,5024096.499,45.3536309,-75.64733064,3399
20--3985,2020/04/10,12:40 PM,INNES RD @ BEARBROOK RD/GLEN PARK DR E (0003630),3630,03 - At intersection,03 - P.D. only,02 - Angle,01 - Clear,01 - Daylight,01 - Dry,01 - Traffic signal,01 - Functioning,2,0,0,0,,0,,,,,377994.7257,5032842.567,45.43168535,-75.56454022,3400
20--3986,2020/04/10,12:52 PM,CALAVERAS AVE @ LONGFIELDS DR (0010987),10987,03 - At intersection,03 - P.D. only,02 - Angle,01 - Clear,01 - Daylight,01 - Dry,02 - Stop sign,01 - Functioning,2,0,0,0,,0,,,,,364359.7045,5015493.656,45.27687626,-75.74087444,3401
20--3987,2020/04/10,3:03 PM,MONTREAL RD @ 46 E OF HILLSIDE DR/MONTREAL SQU (0008215),8215,02 - Intersection related,03 - P.D. only,03 - Rear end,01 - Clear,01 - Daylight,01 - Dry,01 - Traffic signal,01 - Functioning,2,0,0,0,,0,,,,,371749.9628,5033916.669,45.44197533,-75.64419549,3402
20--3988,2020/04/10,6:03 PM,CUMBERLAND ST @ ST. PATRICK ST (0008238),8238,03 - At intersection,02 - Non-fatal injury,02 - Angle,01 - Clear,01 - Daylight,01 - Dry,01 - Traffic signal,01 - Functioning,2,0,0,0,01 - Minimal,1,1,,,,368128.7046,5032748.582,45.43180273,-75.69063062,3403
20--3989,2020/04/10,6:14 PM,MARCH RD @ MORGAN'S GRANT WAY/SHIRLEY'S BROOK  (0002651),2651,03 - At intersection,02 - Non-fatal injury,05 - Turning movement,01 - Clear,01 - Daylight,01 - Dry,01 - Traffic signal,01 - Functioning,2,0,0,0,02 - Minor,1,,1,,,349661.6122,5023617.519,45.35106852,-75.92746425,3404
20--399,2020/01/10,2:59 AM,REGIONAL ROAD 174 EB btwn OR174 IC109 RAMP55 & TRANSIT (__3ZA28V),__3ZA28V,01 - Non intersection,02 - Non-fatal injury,07 - SMV other,01 - Clear,07 - Dark,01 - Dry,10 - No control,,1,0,0,0,01 - Minimal,1,1,,,,376509.9982,5035069.684,45.45187737,-75.58318868,3405
20--3990,2020/04/10,8:00 PM,WALKLEY RD @ DON REID DR/RYDER ST (0008218),8218,02 - Intersection related,03 - P.D. only,04 - Sideswipe,01 - Clear,05 - Dusk,01 - Dry,01 - Traffic signal,01 - Functioning,2,0,0,0,,0,,,,,372601.7206,5027284.544,45.3822204,-75.63422122,3406
20--3991,2020/04/10,8:09 PM,RIDEAU RD btwn POWER RD & HAWTHORNE RD (__3ZA6GY),__3ZA6GY,01 - Non intersection,03 - P.D. only,07 - SMV other,01 - Clear,07 - Dark,01 - Dry,10 - No control,,1,0,0,0,,0,,,,,378467.9282,5018740.02,45.30474899,-75.56059617,3407
20--3992,2020/04/10,9:00 PM,MCCARTHY RD @ WALKLEY RD (0006969),6969,02 - Intersection related,03 - P.D. only,03 - Rear end,01 - Clear,07 - Dark,01 - Dry,01 - Traffic signal,01 - Functioning,2,0,0,0,,0,,,,,369249.7183,5025300.516,45.36468511,-75.6772782,3408
20--3993,2020/04/11,1:13 AM,NORTH SERVICE RD @ TRIM RD (0009160),9160,02 - Intersection related,02 - Non-fatal injury,07 - SMV other,01 - Clear,07 - Dark,01 - Dry,02 - Stop sign,01 - Functioning,1,0,0,0,01 - Minimal,1,1,,,,384266.802,5040192.768,45.49713109,-75.48320435,3409
20--3994,2020/04/11,10:30 AM,HWY417 IC145 RAMP56 btwn RAMP & HIGHWAY 417 (__3ZAY8M),__3ZAY8M,01 - Non intersection,03 - P.D. only,07 - SMV other,01 - Clear,01 - Daylight,01 - Dry,10 - No control,,1,0,0,0,,0,,,,,346380.8913,5015091.652,45.27455203,-75.97004732,3410
20--3995,2020/04/11,11:02 AM,BRONSON AVE @ GLADSTONE AVE (0002110),2110,03 - At intersection,02 - Non-fatal injury,02 - Angle,01 - Clear,01 - Daylight,01 - Dry,01 - Traffic signal,01 - Functioning,2,0,0,0,02 - Minor,1,,1,,,367133.6953,5030081.569,45.40789516,-75.70368345,3411
20--3996,2020/04/11,12:04 PM,CARLETON AVE @ RICHMOND RD (0005616),5616,03 - At intersection,03 - P.D. only,02 - Angle,01 - Clear,01 - Daylight,01 - Dry,02 - Stop sign,01 - Functioning,2,0,0,0,,0,,,,,364238.7832,5028930.56,45.39779045,-75.74080151,3412
20--3997,2020/04/11,2:15 PM,BANK ST @ CATHERINE ST (0002708),2708,03 - At intersection,03 - P.D. only,02 - Angle,01 - Clear,01 - Daylight,01 - Dry,01 - Traffic signal,01 - Functioning,2,0,0,0,,0,,,,,368039.7147,5030267.573,45.40948749,-75.69208629,3413
20--3998,2020/04/11,2:36 AM,NORTH SERVICE RD btwn JEANNE D'ARC BLVD & ROSSIGNOL CRES (__3ZA1H6),__3ZA1H6,01 - Non intersection,02 - Non-fatal injury,07 - SMV other,01 - Clear,07 - Dark,01 - Dry,10 - No control,,1,0,0,0,02 - Minor,1,,1,,,382660.5125,5039403.257,45.49020888,-75.50387927,3414
20--3999,2020/04/11,3:56 PM,SYSTEMHOUSE ST btwn CITIGATE DR & STRANDHERD DR (e___2H8O),e___2H8O,01 - Non intersection,03 - P.D. only,04 - Sideswipe,01 - Clear,01 - Daylight,01 - Dry,10 - No control,,2,0,0,0,,0,,,,,361250.219,5014562.788,45.26875676,-75.78060938,3415
20--40,2020/01/02,3:19 PM,RUSSELL RD @ SOUTHVALE CRES S (0002649),2649,02 - Intersection related,03 - P.D. only,99 - Other,01 - Clear,01 - Daylight,01 - Dry,01 - Traffic signal,01 - Functioning,2,0,0,0,,0,,,,,374457.7378,5028633.544,45.39417597,-75.61033365,3416
20--400,2020/01/10,3:30 PM,HAZELDEAN RD btwn JOHNWOODS ST & SAVAGE DR (__3ZA3D1),__3ZA3D1,04 - At/near private drive,03 - P.D. only,02 - Angle,01 - Clear,01 - Daylight,02 - Wet,10 - No control,,2,0,0,0,,0,,,,,350261.6614,5015463.492,45.27765777,-75.92055489,3417
20--4000,2020/04/12,10:55 PM,THOMAS A. DOLAN PKWY btwn CONSTANCE CREEK DR & GREENLAND RD (__3ZAZJQ),__3ZAZJQ,01 - Non intersection,03 - P.D. only,01 - Approaching,01 - Clear,07 - Dark,01 - Dry,10 - No control,,2,0,0,0,,0,,,,,344126.1247,5033003.712,45.43586017,-75.99735852,3418
20--4001,2020/04/12,Unknown,KINGHAVEN CRES btwn KINGHAVEN CRES & STONEHAVEN DR (__8OCG8Y),__8OCG8Y,01 - Non intersection,03 - P.D. only,06 - SMV unattended vehicle,01 - Clear,00 - Unknown,01 - Dry,10 - No control,,1,0,0,0,,0,,,,,355404.62,5017114.284,45.29216057,-75.85483939,3419
20--4002,2020/04/12,5:22 AM,COLONIAL RD btwn BIRCHGROVE RD & CANAAN RD (__3ZA2UL),__3ZA2UL,01 - Non intersection,02 - Non-fatal injury,07 - SMV other,01 - Clear,07 - Dark,01 - Dry,10 - No control,,1,0,0,0,02 - Minor,1,,1,,,398473.4791,5035580.9,45.45387788,-75.30234303,3420
20--4003,2020/04/12,5:30 PM,GEORGE ST @ DALHOUSIE ST (0008516),8516,02 - Intersection related,03 - P.D. only,03 - Rear end,01 - Clear,01 - Daylight,01 - Dry,01 - Traffic signal,01 - Functioning,3,0,0,0,,0,,,,,368157.7076,5032315.584,45.42790414,-75.69031569,3421
20--4004,2020/04/13,1:37 AM,HUNT CLUB RD WB btwn HWY417 HUNT CLUB IC109 RAMP52 & HWY417 HUNT CLUB IC109 RAMP53 (e___2IGE),e___2IGE,01 - Non intersection,03 - P.D. only,07 - SMV other,01 - Clear,07 - Dark,01 - Dry,10 - No control,,1,0,0,0,,0,,,,,376441.089,5027703.118,45.3856044,-75.58514063,3422
20--4005,2020/04/13,11:16 PM,TALLWOOD DR btwn AVENSHIRE GT & WOODROFFE AVE (__3ZAZVK),__3ZAZVK,01 - Non intersection,03 - P.D. only,04 - Sideswipe,01 - Clear,07 - Dark,01 - Dry,10 - No control,,2,0,0,0,,0,,,,,362824.3668,5022622.215,45.34114731,-75.75960696,3423
20--4006,2020/04/13,Unknown,SHERWOOD DR btwn HAMILTON AVE S & HAMILTON AVE S (__3ZA0ZB),__3ZA0ZB,01 - Non intersection,03 - P.D. only,06 - SMV unattended vehicle,02 - Rain,00 - Unknown,02 - Wet,10 - No control,,1,0,0,0,,0,,,,,365287.5567,5028706.899,45.39568818,-75.72743439,3424
20--4007,2020/04/13,9:00 AM,GREENBANK RD @ STRANDHERD DR (0005563),5563,02 - Intersection related,03 - P.D. only,03 - Rear end,02 - Rain,01 - Daylight,02 - Wet,01 - Traffic signal,01 - Functioning,2,0,0,0,,0,,,,,363933.6812,5014784.421,45.27053051,-75.74638837,3425
20--4008,2020/04/13,9:39 AM,ST. PATRICK ST @ SUSSEX DR (0011910),11910,03 - At intersection,03 - P.D. only,02 - Angle,02 - Rain,01 - Daylight,02 - Wet,01 - Traffic signal,01 - Functioning,2,0,0,0,,0,,,,,367666.9239,5032462.365,45.42926911,-75.69656834,3426
20--4009,2020/04/13,9:45 AM,MURRAY ST btwn PARENT AVE & DALHOUSIE ST (__3ZA3WK),__3ZA3WK,01 - Non intersection,03 - P.D. only,06 - SMV unattended vehicle,02 - Rain,01 - Daylight,02 - Wet,10 - No control,,1,0,0,0,,0,,,,,367992.2573,5032568.38,45.43019368,-75.69239742,3427
20--401,2020/01/10,3:45 PM,JOCKVALE RD/RIDEAU VALLEY DR @ PRINCE OF WALES (0004638),4638,02 - Intersection related,03 - P.D. only,03 - Rear end,01 - Clear,01 - Daylight,02 - Wet,01 - Traffic signal,01 - Functioning,2,0,0,0,,0,,,,,366709.7065,5012195.398,45.24699568,-75.71133602,3428
20--4198,2020/05/01,6:02 AM,FLEWELLYN RD btwn FAULKNER TR & EAGLESON RD (__3ZABGQ),__3ZABGQ,01 - Non intersection,03 - P.D. only,07 - SMV other,02 - Rain,03 - Dawn,02 - Wet,10 - No control,,1,0,0,0,,0,,,,,354931.8641,5013897.265,45.26324699,-75.8611911,3429
20--4462,2020/05/21,7:28 PM,CAMBRIAN RD/GOLFLINKS DR W @ LONGFIELDS DR (0009702),9702,03 - At intersection,03 - P.D. only,04 - Sideswipe,01 - Clear,01 - Daylight,01 - Dry,11 - Roundabout,01 - Functioning,2,0,0,0,,0,,,,,365382.7011,5013223.413,45.25636124,-75.7281138,3430
20--4375,2020/05/15,5:51 PM,BAYSHORE DR @ WOODRIDGE CRES N (0001209),1209,02 - Intersection related,02 - Non-fatal injury,03 - Rear end,01 - Clear,01 - Daylight,02 - Wet,01 - Traffic signal,01 - Functioning,2,0,0,0,01 - Minimal,1,1,,,,359072.8758,5023875.08,45.35272088,-75.80733501,3431
20--4463,2020/05/21,8:14 PM,FISHER AVE btwn FOREST PARK AVE & MEADOWLANDS DR (__3ZA4IU),__3ZA4IU,01 - Non intersection,03 - P.D. only,07 - SMV other,01 - Clear,05 - Dusk,01 - Dry,10 - No control,,1,0,0,0,,0,,,,,366559.4699,5025083.629,45.36297579,-75.71164387,3432
20--3839,2020/03/26,5:50 PM,HWY417 IC126 RAMP16 btwn HIGHWAY 417 & HWY417 IC126 RAMP26 (__3ZAYA0),__3ZAYA0,01 - Non intersection,03 - P.D. only,07 - SMV other,01 - Clear,01 - Daylight,01 - Dry,10 - No control,,1,0,0,0,,0,,,,,363070.8011,5025951.634,45.37108468,-75.75607027,3433
20--4199,2020/05/01,6:15 PM,LISGAR ST btwn METCALFE ST & ELGIN ST (__3ZA9U7),__3ZA9U7,01 - Non intersection,03 - P.D. only,06 - SMV unattended vehicle,01 - Clear,01 - Daylight,01 - Dry,10 - No control,,1,0,0,0,,0,,,,,367957.9113,5031276.528,45.41857313,-75.69300196,3434