Anom_ID,Accident_Date,Accident_Time,Location,Geo_ID,Accident_Location,Classification_of_Accident,Initial_Impact_Type,Environment_Condition,Light,Road_Surface_Condition,Traffic_Control,Traffic_Control_Condition,No__of_Vehicles,No__of_Bicycles,No__of_Motorcycles,No__of_Pedestrians,Max_Injury,No__of_Injuries,No__of_Minimal,No__of_Minor,No__of_Major,No__of_Fatal,X,Y,Latitude,Longitude,ObjectId
20--4464,2020/05/21,9:22 AM,CONSTELLATION CRES btwn TURN LANE & CENTREPOINTE DR (__3ZA0AQ),__3ZA0AQ,04 - At/near private drive,03 - P.D. only,05 - Turning movement,01 - Clear,01 - Daylight,01 - Dry,10 - No control,,2,0,0,0,,0,,,,,362453.8841,5023163.672,45.34604986,-75.76427084,3435
20--384,2020/01/10,11:00 AM,INNES RD @ 473 E OF PAGE RD/BUILDERS' WAREHOUS (0009781),9781,02 - Intersection related,03 - P.D. only,03 - Rear end,01 - Clear,01 - Daylight,01 - Dry,01 - Traffic signal,01 - Functioning,2,0,0,0,,0,,,,,381300.9423,5034781.439,45.44877595,-75.52199006,3436
20--4376,2020/05/15,5:55 AM,FLEWELLYN RD btwn MUNSTER RD & CONLEY RD (__3ZACRD),__3ZACRD,01 - Non intersection,03 - P.D. only,07 - SMV other,01 - Clear,01 - Daylight,02 - Wet,10 - No control,,1,0,0,0,,0,,,,,346502.762,5006387.481,45.19622062,-75.96922378,3437
20--42,2020/01/02,4:30 AM,LIMEBANK RD btwn RIVER RD & BALMORAL DR (__7IFXUJ),__7IFXUJ,01 - Non intersection,03 - P.D. only,07 - SMV other,01 - Clear,07 - Dark,02 - Wet,10 - No control,,1,0,0,0,,0,,,,,368460.445,5020237.152,45.3191982,-75.68800406,3438
20--4465,2020/05/22,1:20 PM,HIGHWAY 417 btwn HWY417 IC126 RAMP25 & HWY417 IC124 RAMP57 (__3ZA2R5),__3ZA2R5,01 - Non intersection,03 - P.D. only,03 - Rear end,01 - Clear,01 - Daylight,01 - Dry,10 - No control,,4,0,0,0,,0,,,,,363720.5931,5026571.302,45.37660603,-75.74770131,3439
20--3840,2020/03/26,6:30 PM,REGIONAL ROAD 174 btwn OR174 IC105 RAMP51 & OR174 IC105 RAMP35 (__3ZA2XC),__3ZA2XC,01 - Non intersection,03 - P.D. only,07 - SMV other,01 - Clear,07 - Dark,01 - Dry,10 - No control,,1,0,0,0,,0,,,,,379364.2523,5036976.915,45.4687385,-75.54641283,3440
20--3841,2020/03/26,6:37 AM,BASELINE RD btwn CLYDE AVE & 207 E OF CLYDE AVE (__3ZA4ISA),__3ZA4ISA,01 - Non intersection,03 - P.D. only,07 - SMV other,01 - Clear,03 - Dawn,01 - Dry,10 - No control,,1,0,0,0,,0,,,,,364484.4994,5024970.832,45.3621406,-75.73814198,3441
20--3842,2020/03/26,7:34 AM,HUNTMAR DR btwn TERRACE RIDGE DR & OLD CARP RD (__3ZAC35),__3ZAC35,01 - Non intersection,03 - P.D. only,07 - SMV other,02 - Rain,01 - Daylight,02 - Wet,10 - No control,,1,0,0,0,,0,,,,,344793.5544,5022854.823,45.34450006,-75.98965074,3442
20--3843,2020/03/26,7:40 PM,BANK ST @ LEITRIM RD (0004125),4125,03 - At intersection,03 - P.D. only,02 - Angle,01 - Clear,07 - Dark,02 - Wet,01 - Traffic signal,02 - Not functioning,2,0,0,0,,0,,,,,375357.7547,5021619.485,45.33097659,-75.59984152,3443
20--3844,2020/03/27,1:20 PM,HAIG DR @ SMYTH RD (0007736),7736,03 - At intersection,02 - Non-fatal injury,02 - Angle,01 - Clear,01 - Daylight,01 - Dry,01 - Traffic signal,01 - Functioning,2,0,0,0,01 - Minimal,2,2,,,,372564.7204,5029298.551,45.40034517,-75.63441704,3444
20--3845,2020/03/27,1:30 PM,CENTREPARK DR btwn SILVER ASPEN CRES & BEARBROOK RD (__3ZA7LC),__3ZA7LC,01 - Non intersection,03 - P.D. only,06 - SMV unattended vehicle,01 - Clear,01 - Daylight,01 - Dry,10 - No control,,1,0,0,0,,0,,,,,377668.4495,5033005.653,45.43318676,-75.56868548,3445
20--3846,2020/03/27,1:36 PM,CASTLEFRANK RD @ TERRY FOX DR (0011757),11757,03 - At intersection,03 - P.D. only,02 - Angle,01 - Clear,01 - Daylight,01 - Dry,01 - Traffic signal,01 - Functioning,2,0,0,0,,0,,,,,352993.9953,5016304.804,45.28504613,-75.88564937,3446
20--3847,2020/03/27,1:55 PM,MCCARTHY RD @ SOUTHMORE DR (0007491),7491,03 - At intersection,03 - P.D. only,03 - Rear end,01 - Clear,01 - Daylight,01 - Dry,02 - Stop sign,01 - Functioning,2,0,0,0,,0,,,,,369449.7199,5024837.531,45.36050088,-75.67478594,3447
20--3848,2020/03/27,10:48 AM,BANTREE ST @ BLACKWELL ST (0008392),8392,03 - At intersection,03 - P.D. only,02 - Angle,01 - Clear,01 - Daylight,01 - Dry,02 - Stop sign,01 - Functioning,2,0,0,0,,0,,,,,374450.727,5029961.543,45.40612535,-75.61023565,3448
20--3849,2020/03/27,11:20 AM,BAYSWATER AVE @ SOMERSET ST (0006486),6486,03 - At intersection,03 - P.D. only,02 - Angle,01 - Clear,01 - Daylight,01 - Dry,01 - Traffic signal,01 - Functioning,2,0,0,0,,0,,,,,365812.6963,5029911.556,45.40648183,-75.72057874,3449
20--385,2020/01/10,11:02 PM,ST. JOSEPH BLVD @ JEANNE D'ARC BLVD (0012421),12421,03 - At intersection,03 - P.D. only,04 - Sideswipe,01 - Clear,07 - Dark,02 - Wet,11 - Roundabout,00 - Unknown,2,0,0,0,,0,,,,,379860.7264,5036471.582,45.46413873,-75.54014159,3450
20--3850,2020/03/27,2:00 PM,HIGHWAY 417 btwn HWY417 IC155 RAMP61 & HWY417 IC145 RAMP56 (__3ZA2Q2),__3ZA2Q2,01 - Non intersection,03 - P.D. only,07 - SMV other,01 - Clear,01 - Daylight,01 - Dry,10 - No control,,1,0,0,0,,0,,,,,341412.78,5018361.467,45.3042516,-76.03312282,3451
20--3851,2020/03/27,2:12 PM,WOODROFFE AVE btwn PARKGLEN DR & DAVID DR (__3ZA34H),__3ZA34H,01 - Non intersection,03 - P.D. only,04 - Sideswipe,01 - Clear,01 - Daylight,01 - Dry,10 - No control,,2,0,0,0,,0,,,,,362976.6382,5022917.135,45.34378837,-75.75762946,3452
20--3852,2020/03/27,2:30 PM,ALTA VISTA DR @ SMYTH RD (0011353),11353,02 - Intersection related,03 - P.D. only,03 - Rear end,01 - Clear,01 - Daylight,01 - Dry,01 - Traffic signal,01 - Functioning,2,0,0,0,,0,,,,,370432.7183,5029081.552,45.39859581,-75.66167576,3453
20--3853,2020/03/27,3:19 PM,REGIONAL ROAD 174 EB btwn OR174 IC109 RAMP55 & TRANSIT (__3ZA28V),__3ZA28V,01 - Non intersection,03 - P.D. only,04 - Sideswipe,01 - Clear,01 - Daylight,01 - Dry,10 - No control,,2,0,0,0,,0,,,,,376570.8238,5035207.773,45.45311356,-75.58239098,3454
20--3744,2020/03/17,7:28 AM,BLACKBURN BYPASS WB btwn NAVAN RD & 1700 W OF NAVAN RD (__3ZA3J5B),__3ZA3J5B,01 - Non intersection,03 - P.D. only,07 - SMV other,03 - Snow,01 - Daylight,04 - Slush,10 - No control,,1,0,0,0,,0,,,,,379542.8607,5033207.706,45.43480686,-75.5447017,3455
20--4284,2020/05/09,11:24 AM,INDUSTRIAL AVE @ RIVERSIDE DR (0011905),11905,02 - Intersection related,03 - P.D. only,03 - Rear end,01 - Clear,01 - Daylight,01 - Dry,01 - Traffic signal,01 - Functioning,2,0,0,0,,0,,,,,370684.7209,5030592.549,45.4121675,-75.65825539,3456
20--3854,2020/03/27,5:37 PM,BASELINE RD @ NAVAHO DR (0003158),3158,02 - Intersection related,02 - Non-fatal injury,03 - Rear end,01 - Clear,01 - Daylight,01 - Dry,01 - Traffic signal,01 - Functioning,3,0,0,0,01 - Minimal,2,2,,,,363085.7026,5024097.516,45.35440029,-75.75609872,3457
20--3855,2020/03/27,5:41 PM,MOODIE DR @ ROBERTSON RD (0010545),10545,03 - At intersection,03 - P.D. only,02 - Angle,01 - Clear,01 - Daylight,01 - Dry,01 - Traffic signal,01 - Functioning,2,0,0,0,,0,,,,,357066.6448,5020455.477,45.32210341,-75.83329922,3458
20--3856,2020/03/27,5:56 AM,GLADSTONE AVE @ ROCHESTER ST (0006496),6496,03 - At intersection,03 - P.D. only,07 - SMV other,01 - Clear,07 - Dark,01 - Dry,01 - Traffic signal,01 - Functioning,1,0,0,0,,0,,,,,366662.6935,5029787.558,45.40529152,-75.70973684,3459
20--3857,2020/03/27,6:00 PM,BLAIR RD @ INNES RD (0004165),4165,02 - Intersection related,03 - P.D. only,03 - Rear end,01 - Clear,01 - Daylight,01 - Dry,01 - Traffic signal,01 - Functioning,2,0,0,0,,0,,,,,375578.7259,5031439.554,45.41931053,-75.5956154,3460
20--3858,2020/03/27,6:20 AM,MONTREAL RD btwn CARSON'S RD/CODD'S RD & DEN HAAG DR/LANG'S RD (__3ZA2DU),__3ZA2DU,01 - Non intersection,02 - Non-fatal injury,07 - SMV other,01 - Clear,03 - Dawn,01 - Dry,10 - No control,,1,0,0,0,02 - Minor,1,,1,,,372404.2287,5034230.173,45.44473311,-75.63579006,3461
20--3859,2020/03/27,6:28 PM,AVIATION PKWY btwn LA CITE PRIV & AVIATION PKWY (1) (__3ZA2UR),__3ZA2UR,01 - Non intersection,03 - P.D. only,07 - SMV other,01 - Clear,07 - Dark,01 - Dry,10 - No control,,1,0,0,0,,0,,,,,372470.9749,5033215.642,45.43559841,-75.63507641,3462
20--386,2020/01/10,11:46 AM,MICHAEL ST btwn KENASTON ST & BELFAST RD (__3ZA794),__3ZA794,04 - At/near private drive,03 - P.D. only,05 - Turning movement,01 - Clear,01 - Daylight,01 - Dry,10 - No control,,2,0,0,0,,0,,,,,373075.3661,5030818.658,45.41397277,-75.62768464,3463
20--3860,2020/03/27,7:17 AM,HWY417 IC138 RAMP25 btwn EAGLESON RD & EAGLESON RD (__3ZAY5H),__3ZAY5H,01 - Non intersection,03 - P.D. only,07 - SMV other,01 - Clear,01 - Daylight,01 - Dry,10 - No control,,1,0,0,0,,0,,,,,353046.6399,5020225.85,45.32032498,-75.88459671,3464
20--3861,2020/03/27,7:39 PM,BANK ST @ PARKWAY RD (0005709),5709,03 - At intersection,02 - Non-fatal injury,02 - Angle,01 - Clear,07 - Dark,01 - Dry,01 - Traffic signal,01 - Functioning,2,0,0,0,02 - Minor,2,,2,,,378746.7652,5014207.432,45.26393747,-75.5577164,3465
20--3862,2020/03/27,8:47 PM,THOMAS A. DOLAN PKWY btwn PORCUPINE TR & CONSTANCE CREEK DR (__3ZA433),__3ZA433,01 - Non intersection,03 - P.D. only,07 - SMV other,01 - Clear,07 - Dark,01 - Dry,10 - No control,,1,0,0,0,,0,,,,,342450.5123,5031572.485,45.42307389,-76.01888378,3466
20--3863,2020/03/27,8:49 PM,BYRON AVE @ ISLAND PARK DR (0006365),6365,03 - At intersection,02 - Non-fatal injury,05 - Turning movement,01 - Clear,07 - Dark,01 - Dry,01 - Traffic signal,01 - Functioning,2,0,0,0,01 - Minimal,2,2,,,,364255.6832,5028603.545,45.3948466,-75.74062508,3467
20--3864,2020/03/27,9:45 PM,GREENBANK RD btwn JOCKVALE RD & CAMBRIAN RD (__3ZA2WE),__3ZA2WE,07 - Overpass or bridge,03 - P.D. only,01 - Approaching,01 - Clear,07 - Dark,01 - Dry,10 - No control,,2,0,0,0,,0,,,,,364397.4252,5013427.234,45.25827938,-75.74064168,3468
20--3865,2020/03/28,2:05 PM,HIGHWAY 417 btwn HWY417 IC122 RAMP15 & HWY417 IC121B RAMP51 (__3ZA2RB),__3ZA2RB,01 - Non intersection,03 - P.D. only,03 - Rear end,01 - Clear,01 - Daylight,01 - Dry,10 - No control,,2,0,0,0,,0,,,,,366086.4359,5029328.013,45.40120734,-75.71715464,3469
20--3866,2020/03/28,2:58 PM,INNES RD btwn TENTH LINE RD & 240 E OF TENTH LINE RD/HOME DEPOT E (__3ZBOGOA),__3ZBOGOA,04 - At/near private drive,03 - P.D. only,02 - Angle,01 - Clear,01 - Daylight,01 - Dry,10 - No control,,2,0,0,0,,0,,,,,384053.7573,5036205.621,45.46128273,-75.48657322,3470
20--3867,2020/03/28,4:01 PM,FAIRLAWN AVE @ FOX CRES (0002756),2756,02 - Intersection related,03 - P.D. only,07 - SMV other,01 - Clear,01 - Daylight,01 - Dry,02 - Stop sign,00 - Unknown,1,0,0,0,,0,,,,,361979.6831,5025717.537,45.36906817,-75.77002627,3471
20--3868,2020/03/28,6:03 AM,HOPE SIDE RD btwn Continuation of HOPE SIDE RD & CROWNRIDGE DR (__5RG5H2),__5RG5H2,01 - Non intersection,03 - P.D. only,07 - SMV other,01 - Clear,07 - Dark,01 - Dry,10 - No control,,1,0,0,0,,0,,,,,355803.9741,5014824.552,45.27152823,-75.84998366,3472
20--3869,2020/03/28,6:22 PM,HIGHWAY 417 btwn HWY417 IC118 RAMP57 & HWY417 IC118 RAMP35 (__3ZA2YQ),__3ZA2YQ,01 - Non intersection,03 - P.D. only,07 - SMV other,01 - Clear,07 - Dark,01 - Dry,10 - No control,,1,0,0,0,,0,,,,,369711.0673,5031134.446,45.41713428,-75.67062212,3473
20--387,2020/01/10,11:50 AM,ST. JOSEPH BLVD @ JEANNE D'ARC BLVD (0012421),12421,03 - At intersection,03 - P.D. only,04 - Sideswipe,01 - Clear,01 - Daylight,02 - Wet,11 - Roundabout,01 - Functioning,2,0,0,0,,0,,,,,379860.7389,5036471.579,45.4641387,-75.54014143,3474
20--3870,2020/03/28,7:20 AM,PLEASANT PARK RD btwn HAIG DR & HOLT CRES (__3ZA75U),__3ZA75U,01 - Non intersection,03 - P.D. only,06 - SMV unattended vehicle,01 - Clear,01 - Daylight,01 - Dry,10 - No control,,1,0,0,0,,0,,,,,372443.5954,5028590.532,45.39398643,-75.63606113,3475
20--3871,2020/03/28,7:56 PM,RIVERSIDE DR btwn BAYPORT PRIV & MOONEY'S BAY PL (__3ZA36T),__3ZA36T,01 - Non intersection,03 - P.D. only,04 - Sideswipe,01 - Clear,07 - Dark,01 - Dry,10 - No control,,2,0,0,0,,0,,,,,368354.7801,5025299.786,45.36476025,-75.68870131,3476
20--3872,2020/03/28,8:31 AM,VANIER PKWY NB btwn PRESLAND RD & COVENTRY RD (__3ZA4TMB),__3ZA4TMB,01 - Non intersection,03 - P.D. only,04 - Sideswipe,01 - Clear,01 - Daylight,01 - Dry,10 - No control,,2,0,0,0,,0,,,,,370462.5766,5031742.777,45.42253767,-75.66093994,3477
20--3873,2020/03/28,8:49 PM,HERON RD @ BRIAR HILL DR/SANDALWOOD DR (0007190),7190,02 - Intersection related,02 - Non-fatal injury,01 - Approaching,01 - Clear,07 - Dark,01 - Dry,01 - Traffic signal,01 - Functioning,2,0,0,0,02 - Minor,3,1,2,,,371452.7309,5027012.526,45.37988315,-75.64892806,3478
20--3874,2020/03/28,9:15 PM,ANDALUSIAN CRES W/LOSINO CRES @ WESTPHALIAN AVE (0016054),16054,02 - Intersection related,03 - P.D. only,07 - SMV other,01 - Clear,07 - Dark,01 - Dry,02 - Stop sign,02 - Not functioning,1,0,0,0,,0,,,,,353266.3305,5015592.455,45.27861751,-75.88224756,3479
20--3875,2020/03/29,Unknown,LAVOIE ST btwn CARMELLA CRES & AQUAVIEW DR (__4V3I72),__4V3I72,01 - Non intersection,03 - P.D. only,06 - SMV unattended vehicle,01 - Clear,00 - Unknown,01 - Dry,10 - No control,,1,0,0,0,,0,,,,,385142.8735,5035927.13,45.45865273,-75.47269431,3480
20--3876,2020/03/29,2:35 PM,HIGHWAY 417 btwn HWY417 IC123 RAMP62 & HWY417 IC122 RAMP16 (__3ZA2R9),__3ZA2R9,01 - Non intersection,03 - P.D. only,07 - SMV other,02 - Rain,01 - Daylight,02 - Wet,10 - No control,,1,0,0,0,,0,,,,,364938.2966,5028367.167,45.39266143,-75.73193626,3481
20--3877,2020/03/29,2:52 PM,HWY417 IC131 RAMP66 btwn TRANSIT & HWY417 IC130 RAMP36 (__6KES9I),__6KES9I,01 - Non intersection,03 - P.D. only,07 - SMV other,02 - Rain,01 - Daylight,02 - Wet,10 - No control,,1,0,0,0,,0,,,,,358006.5502,5022818.241,45.34329311,-75.82105686,3482
20--3878,2020/03/29,2:59 PM,MONTREAL RD @ VANIER PKWY (0004630),4630,02 - Intersection related,02 - Non-fatal injury,04 - Sideswipe,02 - Rain,01 - Daylight,02 - Wet,01 - Traffic signal,01 - Functioning,2,0,0,0,01 - Minimal,1,1,,,,370072.7147,5033065.594,45.43447633,-75.66574587,3483
20--3879,2020/03/29,3:23 PM,MCARTHUR AVE @ VANIER PKWY (0004626),4626,02 - Intersection related,03 - P.D. only,04 - Sideswipe,02 - Rain,01 - Daylight,02 - Wet,01 - Traffic signal,01 - Functioning,2,0,0,0,,0,,,,,370218.6989,5032690.582,45.43108848,-75.66393007,3484
20--388,2020/01/10,Unknown,ST. DENIS ST btwn GRANVILLE ST & ALFRED ST (__3ZA8YT),__3ZA8YT,01 - Non intersection,03 - P.D. only,06 - SMV unattended vehicle,01 - Clear,00 - Unknown,05 - Packed snow,10 - No control,,1,0,0,0,,0,,,,,370824.6401,5033795.159,45.44097004,-75.65603866,3485
20--3880,2020/03/29,6:10 AM,MONTREAL RD @ VANIER PKWY (0004630),4630,03 - At intersection,03 - P.D. only,02 - Angle,01 - Clear,03 - Dawn,01 - Dry,01 - Traffic signal,01 - Functioning,2,1,0,0,,0,,,,,370072.7041,5033065.584,45.43447624,-75.66574601,3486
20--3881,2020/03/29,7:21 AM,RIDEAU ST btwn NICHOLAS ST & DALHOUSIE ST (__3ZA25T),__3ZA25T,01 - Non intersection,03 - P.D. only,04 - Sideswipe,02 - Rain,01 - Daylight,02 - Wet,10 - No control,,2,0,0,0,,0,,,,,368165.4352,5032200.744,45.42687015,-75.69023172,3487
20--3882,2020/03/29,7:50 PM,HIGHWAY 416 btwn HWY416 IC42 RAMP24 & END (__3ZAZJ6),__3ZAZJ6,01 - Non intersection,03 - P.D. only,07 - SMV other,02 - Rain,07 - Dark,02 - Wet,10 - No control,,1,0,0,0,,0,,,,,372193.2176,4994208.166,45.08464368,-75.64391722,3488
20--3883,2020/03/29,8:30 AM,UPPER DWYER HILL RD btwn OLD ALMONTE RD & HAMILTON SIDE RD (__3ZBOB3),__3ZBOB3,01 - Non intersection,03 - P.D. only,07 - SMV other,02 - Rain,01 - Daylight,02 - Wet,10 - No control,,1,0,0,0,,0,,,,,336951.8815,5011090.42,45.23904096,-76.09047636,3489
20--3884,2020/03/30,10:25 AM,GLADSTONE AVE @ ROCHESTER ST (0006496),6496,03 - At intersection,03 - P.D. only,02 - Angle,02 - Rain,01 - Daylight,02 - Wet,01 - Traffic signal,01 - Functioning,2,0,0,0,,0,,,,,366662.7047,5029787.564,45.40529158,-75.7097367,3490
20--3885,2020/03/30,Unknown,HAIG DR btwn HUTTON AVE & RUSSELL RD (__3ZA78A),__3ZA78A,01 - Non intersection,03 - P.D. only,06 - SMV unattended vehicle,01 - Clear,00 - Unknown,01 - Dry,10 - No control,,1,0,0,0,,0,,,,,372704.0984,5029637.376,45.40338026,-75.63259027,3491
20--3886,2020/03/30,2:20 PM,MEADOWLANDS DR btwn VIEWMOUNT DR & INDIAN RD (__3ZA4HJ),__3ZA4HJ,04 - At/near private drive,03 - P.D. only,06 - SMV unattended vehicle,02 - Rain,01 - Daylight,02 - Wet,10 - No control,,1,0,0,0,,0,,,,,363972.791,5023234.571,45.34656131,-75.74488104,3492
20--3887,2020/03/30,3:50 AM,HIGHWAY 417 btwn HWY417 IC96 RAMP61 & HWY417 IC88 RAMP16 (__3ZA27Z),__3ZA27Z,01 - Non intersection,03 - P.D. only,07 - SMV other,"07 - Fog, mist, smoke, dust",07 - Dark,02 - Wet,10 - No control,,1,0,0,0,,0,,,,,394644.7394,5022461.455,45.33634769,-75.35367425,3493
20--3888,2020/03/30,6:11 PM,CARLING AVE @ WYLIE AVE (0002394),2394,03 - At intersection,03 - P.D. only,02 - Angle,01 - Clear,05 - Dusk,01 - Dry,02 - Stop sign,01 - Functioning,2,0,0,0,,0,,,,,359140.6685,5024077.498,45.35453699,-75.80644761,3494
20--3889,2020/03/30,6:20 PM,MARIER AVE @ MONTREAL RD (0009346),9346,02 - Intersection related,03 - P.D. only,04 - Sideswipe,01 - Clear,05 - Dusk,01 - Dry,01 - Traffic signal,01 - Functioning,2,0,0,0,,0,,,,,370419.7047,5033261.588,45.43620732,-75.66128533,3495
20--389,2020/01/10,Unknown,CAYMAN RD btwn CAMPOBELLO DR & GRENADINE ST (__7JQ6FH),__7JQ6FH,04 - At/near private drive,03 - P.D. only,06 - SMV unattended vehicle,01 - Clear,00 - Unknown,01 - Dry,10 - No control,,1,0,0,0,,0,,,,,349748.673,5016388.488,45.28601417,-75.92700923,3496
20--3890,2020/03/30,6:49 AM,PRINCE OF WALES DR btwn RIDEAU GLEN DR & FALLOWFIELD RD (__3ZA2X1),__3ZA2X1,01 - Non intersection,03 - P.D. only,07 - SMV other,01 - Clear,03 - Dawn,02 - Wet,10 - No control,,1,0,0,0,,0,,,,,367455.3213,5018246.317,45.30137537,-75.70107498,3497
20--3891,2020/03/30,7:11 AM,LIMEBANK RD btwn RIVER RD & BALMORAL DR (__7IFXUJ),__7IFXUJ,01 - Non intersection,03 - P.D. only,04 - Sideswipe,02 - Rain,01 - Daylight,02 - Wet,10 - No control,,2,0,0,0,,0,,,,,368485.9927,5020085.676,45.31783293,-75.6876977,3498
20--3892,2020/03/30,9:20 AM,BASELINE RD @ WOODROFFE AVE (0002225),2225,02 - Intersection related,03 - P.D. only,03 - Rear end,02 - Rain,01 - Daylight,02 - Wet,01 - Traffic signal,01 - Functioning,2,0,0,0,,0,,,,,362549.6977,5023770.503,45.3515022,-75.76297739,3499
20--3893,2020/03/30,9:57 AM,FALLOWFIELD RD @ MERIVALE RD (0000587),587,03 - At intersection,02 - Non-fatal injury,02 - Angle,01 - Clear,01 - Daylight,02 - Wet,01 - Traffic signal,01 - Functioning,2,0,0,0,02 - Minor,3,,3,,,366891.7141,5018844.466,45.30680748,-75.70818598,3500
20--3894,2020/03/31,1:51 PM,WOODRIDGE CRES btwn 220 W OF BAYSHORE DR/BAYSHORE SC & BAYSHORE DR (__3ZAA4NB),__3ZAA4NB,01 - Non intersection,02 - Non-fatal injury,05 - Turning movement,01 - Clear,01 - Daylight,01 - Dry,10 - No control,,2,0,1,0,01 - Minimal,2,2,,,,359081.7687,5023402.264,45.34846578,-75.80727342,3501
20--3895,2020/03/31,12:29 PM,BAYVIEW RD @ SCOTT ST/ALBERT ST (0005646),5646,02 - Intersection related,03 - P.D. only,03 - Rear end,01 - Clear,01 - Daylight,01 - Dry,01 - Traffic signal,01 - Functioning,2,0,0,0,,0,,,,,365519.0411,5030071.567,45.40794711,-75.72431006,3502
20--3896,2020/03/31,2:31 PM,ST. JOSEPH BLVD/OLD MONTREAL RD @ TRIM RD (0004118),4118,03 - At intersection,03 - P.D. only,04 - Sideswipe,01 - Clear,01 - Daylight,01 - Dry,11 - Roundabout,01 - Functioning,2,0,0,0,,0,,,,,384682.7562,5039285.579,45.4889216,-75.47803062,3503
20--3897,2020/03/31,3:53 PM,BANKFIELD RD @ MANOTICK MAIN ST/RIDEAU VALLEY  (0000070),70,02 - Intersection related,03 - P.D. only,03 - Rear end,01 - Clear,01 - Daylight,01 - Dry,01 - Traffic signal,01 - Functioning,2,0,0,0,,0,,,,,368431.7086,5010157.391,45.22850422,-75.68966241,3504
20--3898,2020/03/31,4:10 PM,CENTENNIAL BLVD @ MAIN ST (0007246),7246,02 - Intersection related,03 - P.D. only,03 - Rear end,01 - Clear,01 - Daylight,01 - Dry,02 - Stop sign,01 - Functioning,2,0,0,0,,0,,,,,369480.7076,5029416.553,45.40169863,-75.67379055,3505
20--3899,2020/03/31,4:25 PM,HUNT CLUB RD btwn NORTH BOWESVILLE RD & BILLY BISHOP PRIV (__5G43Y1),__5G43Y1,01 - Non intersection,03 - P.D. only,03 - Rear end,01 - Clear,01 - Daylight,01 - Dry,10 - No control,,3,0,0,0,,0,,,,,368748.5577,5022362.936,45.33829938,-75.68405493,3506
20--39,2020/01/02,3:15 PM,PRINCE OF WALES DR @ STRANDHERD DR (0013339),13339,02 - Intersection related,03 - P.D. only,03 - Rear end,01 - Clear,01 - Daylight,02 - Wet,01 - Traffic signal,01 - Functioning,2,0,0,0,,0,,,,,367175.2631,5014824.15,45.27060795,-75.70507589,3507
20--390,2020/01/10,Unknown,FRIEL ST btwn BESSERER ST & DALY AVE (__3ZA82L),__3ZA82L,01 - Non intersection,03 - P.D. only,06 - SMV unattended vehicle,01 - Clear,00 - Unknown,01 - Dry,10 - No control,,1,0,0,0,,0,,,,,368816.5716,5032489.759,45.42941131,-75.68187391,3508
20--3900,2020/03/31,5:02 PM,AMBERWOOD CRES @ FIFESHIRE CRES N (0000358),358,03 - At intersection,02 - Non-fatal injury,02 - Angle,01 - Clear,01 - Daylight,01 - Dry,02 - Stop sign,01 - Functioning,2,1,0,0,03 - Major,1,,,1,,367195.7235,5020733.591,45.32377862,-75.70407159,3509
20--3901,2020/03/31,6:17 AM,SNAKE ISLAND RD btwn GREY'S CREEK RD & SCRIVENS DR (__3ZA205),__3ZA205,01 - Non intersection,03 - P.D. only,07 - SMV other,01 - Clear,01 - Daylight,02 - Wet,10 - No control,,1,0,0,0,,0,,,,,382845.5314,5009600.903,45.22204748,-75.50621756,3510
20--3902,2020/03/31,6:40 AM,HIGHWAY 417 btwn HWY417 IC163 RAMP15 & HWY417 IC155 RAMP51 (__3ZAZNS),__3ZAZNS,01 - Non intersection,03 - P.D. only,07 - SMV other,03 - Snow,03 - Dawn,02 - Wet,10 - No control,,1,0,0,0,,0,,,,,338162.0864,5019673.817,45.31622268,-76.07448531,3511
20--3903,2020/03/31,8:45 PM,MERIVALE RD btwn WEST HUNT CLUB RD & JAMIE AVE (__3ZA3JU),__3ZA3JU,01 - Non intersection,03 - P.D. only,04 - Sideswipe,01 - Clear,07 - Dark,01 - Dry,10 - No control,,2,0,0,0,,0,,,,,365658.1365,5021834.479,45.33381927,-75.7235481,3512
20--3904,2020/04/01,10:33 PM,ABBEYHILL DR btwn ALDBURN PL & SHERWOOD ST (__3ZAB1B),__3ZAB1B,01 - Non intersection,02 - Non-fatal injury,06 - SMV unattended vehicle,01 - Clear,07 - Dark,01 - Dry,10 - No control,,1,0,0,0,02 - Minor,1,,1,,,353305.574,5017385.197,45.29474634,-75.88157213,3513
20--3905,2020/04/01,11:41 AM,STEVENS AVE @ NORTH RIVER RD (0012029),12029,03 - At intersection,03 - P.D. only,05 - Turning movement,01 - Clear,01 - Daylight,01 - Dry,02 - Stop sign,00 - Unknown,2,0,0,0,,0,,,,,369897.3752,5032431.197,45.42878463,-75.66807053,3514
20--3906,2020/04/01,12:00 PM,ANTARES DR btwn CAPELLA CRT & AURIGA DR (1) (__3ZA52F),__3ZA52F,04 - At/near private drive,03 - P.D. only,02 - Angle,01 - Clear,01 - Daylight,01 - Dry,10 - No control,,2,0,0,0,,0,,,,,366738.6962,5021588.025,45.33150717,-75.70979404,3515
20--3907,2020/04/01,12:41 PM,MEDHURST DR btwn WOODROFFE AVE & BROCKINGTON CRES (__3ZA0EC),__3ZA0EC,01 - Non intersection,03 - P.D. only,03 - Rear end,01 - Clear,01 - Daylight,01 - Dry,10 - No control,,2,0,0,0,,0,,,,,363480.1986,5021847.962,45.3341261,-75.75133106,3516