Anom_ID,Accident_Date,Accident_Time,Location,Geo_ID,Accident_Location,Classification_of_Accident,Initial_Impact_Type,Environment_Condition,Light,Road_Surface_Condition,Traffic_Control,Traffic_Control_Condition,No__of_Vehicles,No__of_Bicycles,No__of_Motorcycles,No__of_Pedestrians,Max_Injury,No__of_Injuries,No__of_Minimal,No__of_Minor,No__of_Major,No__of_Fatal,X,Y,Latitude,Longitude,ObjectId
20--3908,2020/04/01,2:36 PM,BANK ST btwn CAHILL DR & TURN LANE (1) (__3ZA3HV),__3ZA3HV,01 - Non intersection,03 - P.D. only,04 - Sideswipe,01 - Clear,01 - Daylight,01 - Dry,10 - No control,,2,0,0,0,,0,,,,,371414.8125,5024208.411,45.3546563,-75.64979026,3517
20--3909,2020/04/01,5:45 AM,UPPER DWYER HILL RD btwn VAUGHAN SIDE RD & CARROLL SIDE RD (__3ZA4QD),__3ZA4QD,01 - Non intersection,03 - P.D. only,07 - SMV other,01 - Clear,03 - Dawn,01 - Dry,10 - No control,,1,0,0,0,,0,,,,,333001.4999,5015451.586,45.27845485,-76.1405444,3518
20--391,2020/01/10,12:21 PM,RIDEAU ST btwn CUMBERLAND ST & KING EDWARD AVE (__3ZBOFX),__3ZBOFX,01 - Non intersection,03 - P.D. only,04 - Sideswipe,01 - Clear,01 - Daylight,02 - Wet,10 - No control,,2,0,0,0,,0,,,,,368415.86,5032355.174,45.42823692,-75.68701183,3519
20--3910,2020/04/01,6:05 AM,BELFAST RD @ ST. LAURENT BLVD (0007658),7658,02 - Intersection related,03 - P.D. only,03 - Rear end,01 - Clear,03 - Dawn,01 - Dry,01 - Traffic signal,01 - Functioning,2,0,0,0,,0,,,,,372860.7368,5030578.552,45.41183332,-75.63045967,3520
20--3911,2020/04/01,6:07 PM,OTTAWA RIVER PKWY WB btwn RIVER ST & TO BE DETERMINED (__3ZA24P),__3ZA24P,01 - Non intersection,03 - P.D. only,07 - SMV other,01 - Clear,01 - Daylight,01 - Dry,10 - No control,,1,0,0,0,,0,,,,,365191.3737,5030387.099,45.41081454,-75.72845699,3521
20--3912,2020/04/01,6:35 PM,HAIG DR @ RUSSELL RD (0008394),8394,03 - At intersection,02 - Non-fatal injury,07 - SMV other,01 - Clear,01 - Daylight,01 - Dry,01 - Traffic signal,01 - Functioning,1,0,0,1,02 - Minor,1,,1,,,372730.7381,5029659.554,45.40357722,-75.63224696,3522
20--3913,2020/04/01,8:45 AM,HUNT CLUB RD @ BRIDLE PATH DR/DAZE ST (0008214),8214,02 - Intersection related,03 - P.D. only,04 - Sideswipe,01 - Clear,01 - Daylight,01 - Dry,01 - Traffic signal,01 - Functioning,2,0,0,0,,0,,,,,371291.7271,5023864.513,45.3515737,-75.65140728,3523
20--3914,2020/04/01,9:03 AM,OLD INNES RD @ BANTREE ST (0007674),7674,02 - Intersection related,03 - P.D. only,05 - Turning movement,01 - Clear,01 - Daylight,01 - Dry,02 - Stop sign,01 - Functioning,2,0,0,0,,0,,,,,373727.7285,5030352.554,45.40971504,-75.61941594,3524
20--3915,2020/04/02,10:54 AM,WILMONT AVE btwn CHURCHILL AVE & WINSTON AVE (__3ZBONC),__3ZBONC,01 - Non intersection,03 - P.D. only,07 - SMV other,01 - Clear,01 - Daylight,01 - Dry,10 - No control,,1,0,0,0,,0,,,,,363049.118,5028458.46,45.39364256,-75.75605128,3525
20--3916,2020/04/02,11:30 AM,LEMIEUX ST @ ST. LAURENT BLVD (0002021),2021,02 - Intersection related,02 - Non-fatal injury,04 - Sideswipe,01 - Clear,01 - Daylight,01 - Dry,01 - Traffic signal,01 - Functioning,2,0,0,0,01 - Minimal,1,1,,,,372391.7161,5031742.552,45.42235192,-75.6362915,3526
20--3917,2020/04/02,12:05 PM,HAZELDEAN RD @ 246 E OF CASTLEFRANK RD/FARMBOY (0011366),11366,03 - At intersection,03 - P.D. only,02 - Angle,01 - Clear,01 - Daylight,01 - Dry,01 - Traffic signal,01 - Functioning,2,0,0,0,,0,,,,,352859.1161,5017840.897,45.29887751,-75.8872198,3527
20--3918,2020/04/02,12:18 PM,BANK ST btwn RIDEAU RD & TURN LANE (__3ZBPH9),__3ZBPH9,01 - Non intersection,03 - P.D. only,07 - SMV other,01 - Clear,01 - Daylight,01 - Dry,10 - No control,,1,0,0,0,,0,,,,,377072.089,5017562.475,45.29429893,-75.57856503,3528
20--3919,2020/04/02,3:57 PM,MAYFIELD ST @ MCARTHUR AVE (0009190),9190,02 - Intersection related,03 - P.D. only,03 - Rear end,01 - Clear,01 - Daylight,01 - Dry,02 - Stop sign,01 - Functioning,2,0,0,0,,0,,,,,370065.6947,5032674.576,45.43095876,-75.66588742,3529
20--392,2020/01/10,12:23 PM,CUMMINGS AVE @ OGILVIE RD (0009923),9923,02 - Intersection related,03 - P.D. only,03 - Rear end,01 - Clear,01 - Daylight,01 - Dry,01 - Traffic signal,01 - Functioning,2,0,0,0,,0,,,,,372748.7197,5032170.595,45.42616866,-75.63167108,3530
20--4377,2020/05/15,6:18 AM,MACDONALD-CARTIER BR btwn RAMP & END (2) (__3ZA3UC),__3ZA3UC,07 - Overpass or bridge,03 - P.D. only,07 - SMV other,01 - Clear,01 - Daylight,01 - Dry,10 - No control,,1,0,0,0,,0,,,,,367498.3815,5033186.737,45.43580189,-75.69862983,3531
20--4466,2020/05/22,10:15 AM,WELLINGTON ST @ LETT ST (0012269),12269,02 - Intersection related,03 - P.D. only,04 - Sideswipe,01 - Clear,01 - Daylight,01 - Dry,01 - Traffic signal,01 - Functioning,2,0,0,0,,0,,,,,366355.2191,5031111.166,45.41722809,-75.713499,3532
20--420,2020/01/10,7:37 AM,CONROY RD @ HUNT CLUB RD (0002257),2257,02 - Intersection related,02 - Non-fatal injury,03 - Rear end,01 - Clear,03 - Dawn,01 - Dry,01 - Traffic signal,01 - Functioning,2,0,0,0,02 - Minor,1,,1,,,373763.7506,5025404.518,45.3651913,-75.61964719,3533
20--4467,2020/05/22,10:29 AM,HOLLAND AVE @ RUSKIN ST (0006676),6676,03 - At intersection,02 - Non-fatal injury,02 - Angle,01 - Clear,01 - Daylight,01 - Dry,02 - Stop sign,01 - Functioning,2,0,0,0,02 - Minor,1,,1,,,365279.6896,5028350.551,45.39248252,-75.72757855,3534
20--4468,2020/05/22,10:31 PM,KENNEVALE DR btwn AMAR LANE & LAMPLIGHTERS DR (__5WHGYK),__5WHGYK,01 - Non intersection,03 - P.D. only,04 - Sideswipe,01 - Clear,07 - Dark,01 - Dry,10 - No control,,2,0,0,0,,0,,,,,361754.2614,5014245.477,45.26586094,-75.77422286,3535
20--4469,2020/05/22,11:55 PM,BRONSON AVE @ MACLAREN ST (0006338),6338,03 - At intersection,03 - P.D. only,02 - Angle,01 - Clear,07 - Dark,01 - Dry,02 - Stop sign,01 - Functioning,2,0,0,0,,0,,,,,366999.6979,5030399.57,45.41076837,-75.70535499,3536
20--447,2020/01/11,2:55 PM,CUMMINGS AVE @ OGILVIE RD (0009923),9923,03 - At intersection,03 - P.D. only,05 - Turning movement,03 - Snow,01 - Daylight,03 - Loose snow,01 - Traffic signal,01 - Functioning,2,0,0,0,,0,,,,,372748.698,5032170.585,45.42616857,-75.63167136,3537
20--4470,2020/05/22,Unknown,COLERIDGE ST btwn SCOUT ST & WHITESTONE DR (__30KGPR),__30KGPR,01 - Non intersection,03 - P.D. only,06 - SMV unattended vehicle,01 - Clear,00 - Unknown,01 - Dry,10 - No control,,1,0,0,0,,0,,,,,364294.8768,5025355.439,45.36561736,-75.74051594,3538
20--4471,2020/05/22,12:15 PM,HIGHWAY 417 btwn HWY417 IC129 RAMP25 & TRANSIT (__3ZA2SH),__3ZA2SH,01 - Non intersection,03 - P.D. only,03 - Rear end,01 - Clear,01 - Daylight,01 - Dry,10 - No control,,2,0,0,0,,0,,,,,361037.9766,5023982.225,45.35353012,-75.7822449,3539
20--4472,2020/05/22,12:22 PM,REGIONAL ROAD 174 btwn OR174 IC101 RAMP63 & OR174 IC101 RAMP45 (__3ZA11Q),__3ZA11Q,01 - Non intersection,02 - Non-fatal injury,99 - Other,01 - Clear,01 - Daylight,01 - Dry,10 - No control,,2,0,0,0,02 - Minor,2,,2,,,382950.4356,5039015.173,45.48668485,-75.50023244,3540
20--4473,2020/05/22,12:27 AM,HERON RD @ WALKLEY RD (0011256),11256,02 - Intersection related,03 - P.D. only,07 - SMV other,01 - Clear,07 - Dark,01 - Dry,01 - Traffic signal,00 - Unknown,1,0,0,0,,0,,,,,372267.1704,5027083.454,45.38044337,-75.63852017,3541
20--4474,2020/05/22,12:39 PM,ALBERT ST @ BOOTH ST (0002162),2162,03 - At intersection,03 - P.D. only,07 - SMV other,01 - Clear,01 - Daylight,01 - Dry,01 - Traffic signal,01 - Functioning,1,0,0,0,,0,,,,,366428.696,5030626.572,45.41286138,-75.71262086,3542
20--4475,2020/05/22,12:45 PM,HIGHWAY 417 btwn HWY417 IC129 RAMP25 & TRANSIT (__3ZA2SH),__3ZA2SH,01 - Non intersection,03 - P.D. only,03 - Rear end,01 - Clear,01 - Daylight,01 - Dry,10 - No control,,4,0,0,0,,0,,,,,360999.6508,5023951.856,45.35325994,-75.78273745,3543
20--4476,2020/05/22,2:15 PM,HERON RD @ HERON RD RAMP 36 (0002387),2387,02 - Intersection related,03 - P.D. only,03 - Rear end,01 - Clear,01 - Daylight,01 - Dry,03 - Yield sign,01 - Functioning,2,0,0,0,,0,,,,,368477.8865,5026690.066,45.37725844,-75.68695075,3544
20--4285,2020/05/09,3:22 PM,INNES RD @ JEANNE D'ARC BLVD/MER BLEUE RD (0012475),12475,02 - Intersection related,03 - P.D. only,03 - Rear end,01 - Clear,01 - Daylight,01 - Dry,01 - Traffic signal,01 - Functioning,3,0,0,0,,0,,,,,382637.7511,5035567.552,45.45570113,-75.50477808,3545
20--4477,2020/05/22,2:20 PM,MEADOWLANDS DR/TALLWOOD DR @ WOODROFFE AVE (0000095),95,02 - Intersection related,03 - P.D. only,03 - Rear end,01 - Clear,01 - Daylight,01 - Dry,01 - Traffic signal,01 - Functioning,2,0,0,0,,0,,,,,363056.6893,5022730.494,45.34210235,-75.75663002,3546
20--4478,2020/05/22,2:38 PM,WELLINGTON ST    W btwn HOLLAND AVE & HINTON AVE N (__3ZA4QR),__3ZA4QR,04 - At/near private drive,03 - P.D. only,02 - Angle,01 - Clear,01 - Daylight,01 - Dry,10 - No control,,2,0,0,0,,0,,,,,364958.8905,5029169.132,45.39987557,-75.73157547,3547
20--4479,2020/05/22,2:50 PM,MERIVALE RD @ CAPILANO DR/WITHROW AVE (0009820),9820,02 - Intersection related,03 - P.D. only,03 - Rear end,01 - Clear,01 - Daylight,01 - Dry,01 - Traffic signal,01 - Functioning,2,0,0,0,,0,,,,,364642.428,5024227.766,45.35544113,-75.7362162,3548
20--448,2020/01/11,3:16 AM,OTTAWA RIVER PKWY @ PORTAGE BRIDGE (0009072),9072,03 - At intersection,03 - P.D. only,07 - SMV other,02 - Rain,07 - Dark,02 - Wet,01 - Traffic signal,01 - Functioning,1,0,0,0,,0,,,,,366516.2057,5031314.632,45.41904464,-75.71141676,3549
20--4480,2020/05/22,3:13 PM,BOWESVILLE RD/HIGH RD @ LEITRIM RD (0012439),12439,03 - At intersection,03 - P.D. only,05 - Turning movement,01 - Clear,01 - Daylight,01 - Dry,02 - Stop sign,01 - Functioning,2,0,0,0,,0,,,,,371674.7338,5019287.468,45.31035439,-75.6471381,3550
20--4481,2020/05/22,3:40 PM,FRASER AVE btwn BYRON AVE & CROSSFIELD AVE (__3ZA07J),__3ZA07J,04 - At/near private drive,03 - P.D. only,06 - SMV unattended vehicle,01 - Clear,01 - Daylight,01 - Dry,10 - No control,,1,0,0,0,,0,,,,,362588.3208,5027444.317,45.38455561,-75.76205478,3551
20--4482,2020/05/22,4:21 PM,ST. LAURENT BLVD @ WALKLEY RD (0007653),7653,02 - Intersection related,03 - P.D. only,04 - Sideswipe,01 - Clear,01 - Daylight,01 - Dry,01 - Traffic signal,01 - Functioning,2,0,0,0,,0,,,,,373902.7398,5028046.854,45.38895219,-75.61750338,3552
20--4483,2020/05/22,4:40 PM,FISHER AVE @ NORMANDY CRES S (0005079),5079,02 - Intersection related,03 - P.D. only,05 - Turning movement,01 - Clear,01 - Daylight,01 - Dry,02 - Stop sign,01 - Functioning,2,0,0,0,,0,,,,,366868.6999,5024340.53,45.35626223,-75.70779026,3553
20--4484,2020/05/22,4:48 PM,GLADSTONE AVE @ PERCY ST (0007203),7203,02 - Intersection related,03 - P.D. only,03 - Rear end,01 - Clear,01 - Daylight,01 - Dry,01 - Traffic signal,01 - Functioning,2,0,0,0,,0,,,,,367328.6974,5030206.572,45.40900251,-75.70117668,3554
20--4485,2020/05/22,5:00 PM,PRINCE OF WALES DR @ WEST HUNT CLUB RD (0000567),567,02 - Intersection related,03 - P.D. only,04 - Sideswipe,01 - Clear,01 - Daylight,01 - Dry,01 - Traffic signal,01 - Functioning,2,0,0,0,,0,,,,,367458.7081,5021891.506,45.33417392,-75.7005707,3555
20--4486,2020/05/22,5:10 PM,MEADOWLANDS DR btwn INDIAN RD & LAIRD ST (__3ZA4HK),__3ZA4HK,04 - At/near private drive,03 - P.D. only,06 - SMV unattended vehicle,01 - Clear,01 - Daylight,01 - Dry,10 - No control,,1,0,0,0,,0,,,,,364132.1927,5023323.338,45.34734656,-75.74283641,3556
20--4487,2020/05/22,5:58 PM,BEARBROOK RD btwn Continuation of BEARBROOK RD & WESTPARK DR (__3ZA2AA),__3ZA2AA,04 - At/near private drive,03 - P.D. only,02 - Angle,01 - Clear,01 - Daylight,01 - Dry,10 - No control,,2,0,0,0,,0,,,,,377133.6969,5034086.292,45.44296518,-75.57536032,3557
20--4488,2020/05/22,6:15 PM,OTTAWA RIVER PKWY EB btwn RAMP & RAMP (__3ZA24Q),__3ZA24Q,01 - Non intersection,03 - P.D. only,03 - Rear end,01 - Clear,01 - Daylight,01 - Dry,10 - No control,,2,0,0,0,,0,,,,,364658.1516,5030424.204,45.41119421,-75.73526417,3558
20--4489,2020/05/22,6:25 AM,HIGHWAY 417 btwn HWY417 IC121A RAMP61 & HWY417 IC120B RAMP36 (__3ZA2YV),__3ZA2YV,01 - Non intersection,03 - P.D. only,04 - Sideswipe,01 - Clear,01 - Daylight,01 - Dry,10 - No control,,2,0,0,0,,0,,,,,367628.4988,5029932.587,45.40651043,-75.69738192,3559
20--449,2020/01/11,4:00 PM,BRONSON AVE @ SUNNYSIDE AVE/UNIVERSITY RD - CA (0007209),7209,02 - Intersection related,03 - P.D. only,03 - Rear end,02 - Rain,01 - Daylight,02 - Wet,01 - Traffic signal,01 - Functioning,2,0,0,0,,0,,,,,367922.7146,5028091.542,45.38991878,-75.69385936,3560
20--4490,2020/05/22,6:44 PM,BANK ST @ KINGSDALE AVE (0009261),9261,03 - At intersection,03 - P.D. only,02 - Angle,01 - Clear,01 - Daylight,01 - Dry,02 - Stop sign,01 - Functioning,2,0,0,0,,0,,,,,373268.7441,5023500.527,45.34810845,-75.62622914,3561
20--4491,2020/05/22,6:45 AM,HIGHWAY 417 btwn HWY417 IC124 RAMP65 & HWY417 IC122 RAMP51 (__3ZA2R8),__3ZA2R8,01 - Non intersection,03 - P.D. only,03 - Rear end,01 - Clear,01 - Daylight,01 - Dry,10 - No control,,2,0,0,0,,0,,,,,364944.7072,5028346.229,45.39247248,-75.73185694,3562
20--4492,2020/05/22,6:50 AM,HIGHWAY 417 btwn HWY417 IC124 RAMP65 & HWY417 IC122 RAMP51 (__3ZA2R8),__3ZA2R8,01 - Non intersection,03 - P.D. only,04 - Sideswipe,01 - Clear,01 - Daylight,01 - Dry,10 - No control,,2,0,0,0,,0,,,,,364641.3726,5027797.093,45.38755745,-75.73579725,3563
20--4493,2020/05/22,7:15 AM,HIGHWAY 417 btwn HWY417 IC124 RAMP65 & HWY417 IC122 RAMP51 (__3ZA2R8),__3ZA2R8,01 - Non intersection,03 - P.D. only,03 - Rear end,01 - Clear,01 - Daylight,01 - Dry,10 - No control,,3,0,0,0,,0,,,,,364837.2134,5028144.224,45.3906641,-75.73325426,3564
20--4494,2020/05/22,7:27 AM,WOODRIDGE CRES btwn 220 W OF BAYSHORE DR/BAYSHORE SC & BAYSHORE DR (__3ZAA4NB),__3ZAA4NB,04 - At/near private drive,03 - P.D. only,02 - Angle,01 - Clear,01 - Daylight,01 - Dry,10 - No control,,2,0,0,0,,0,,,,,359116.7008,5023423.787,45.34865674,-75.8068253,3565
20--4495,2020/05/22,9:01 AM,PORTOBELLO BLVD @ AQUAVIEW DR/NANTES ST (0013016),13016,02 - Intersection related,03 - P.D. only,07 - SMV other,01 - Clear,01 - Daylight,01 - Dry,02 - Stop sign,01 - Functioning,1,0,0,0,,0,,,,,385733.6392,5036025.747,45.45947181,-75.46512548,3566
20--4496,2020/05/23,1:27 PM,CEDARVIEW RD @ WEST HUNT CLUB RD (0010267),10267,03 - At intersection,02 - Non-fatal injury,05 - Turning movement,01 - Clear,01 - Daylight,01 - Dry,01 - Traffic signal,01 - Functioning,2,0,0,0,02 - Minor,1,,1,,,359718.6789,5019554.478,45.31379371,-75.79957289,3567
20--4497,2020/05/23,1:28 AM,MEADOWLILLY @ HATCHLEY RD (0013111),13111,02 - Intersection related,03 - P.D. only,07 - SMV other,01 - Clear,07 - Dark,01 - Dry,02 - Stop sign,01 - Functioning,1,0,0,0,,0,,,,,375717.5236,5020455.098,45.32046366,-75.59541902,3568
20--4498,2020/05/23,1:50 PM,WEST HUNT CLUB RD EB btwn ANTARES DR/LASER ST & PRINCE OF WALES DR (__3ZA3KH),__3ZA3KH,01 - Non intersection,03 - P.D. only,99 - Other,01 - Clear,01 - Daylight,01 - Dry,10 - No control,,2,0,0,0,,0,,,,,367239.7477,5021931.072,45.33454944,-75.70335903,3569
20--4499,2020/05/23,10:08 AM,STRANDHERD DR btwn WOODROFFE AVE & 210 W OF WOODROFFE AVE (__3ZACGCA),__3ZACGCA,04 - At/near private drive,03 - P.D. only,03 - Rear end,01 - Clear,01 - Daylight,01 - Dry,10 - No control,,2,0,0,0,,0,,,,,365997.3058,5015345.479,45.27540234,-75.72002237,3570
20--45,2020/01/02,5:22 PM,MONTREAL RD @ GRANVILLE ST/LAFONTAINE AVE (0009348),9348,03 - At intersection,02 - Non-fatal injury,07 - SMV other,01 - Clear,05 - Dusk,01 - Dry,01 - Traffic signal,01 - Functioning,1,0,0,1,02 - Minor,1,,1,,,370826.711,5033474.584,45.43808545,-75.6560552,3571
20--450,2020/01/11,4:01 PM,PINECREST RD @ RICHMOND RD (0002353),2353,03 - At intersection,03 - P.D. only,05 - Turning movement,02 - Rain,01 - Daylight,02 - Wet,01 - Traffic signal,01 - Functioning,2,0,0,0,,0,,,,,360072.6771,5024471.515,45.3580095,-75.79450918,3572
20--4500,2020/05/23,Unknown,MALAK ST btwn BRADLEY COLE PRIV & HUNT CLUB RD (__3ZA8M1),__3ZA8M1,01 - Non intersection,03 - P.D. only,06 - SMV unattended vehicle,01 - Clear,00 - Unknown,01 - Dry,10 - No control,,1,0,0,0,,0,,,,,374178.621,5025682.354,45.36765021,-75.61431281,3573
20--4501,2020/05/23,12:00 PM,HIGHWAY 417 btwn HWY417 IC124 RAMP67 & HWY417 IC123 RAMP62 (__3ZA2YZ),__3ZA2YZ,01 - Non intersection,03 - P.D. only,07 - SMV other,01 - Clear,01 - Daylight,01 - Dry,10 - No control,,1,0,0,0,,0,,,,,364605.1363,5027776.265,45.38737313,-75.73626249,3574
20--4502,2020/05/23,12:21 PM,MARCH RD @ MORGAN'S GRANT WAY/SHIRLEY'S BROOK  (0002651),2651,03 - At intersection,03 - P.D. only,02 - Angle,01 - Clear,01 - Daylight,01 - Dry,01 - Traffic signal,01 - Functioning,2,0,0,0,,0,,,,,349661.6036,5023617.508,45.35106843,-75.92746436,3575
20--4503,2020/05/23,12:28 PM,BOWESVILLE RD/HIGH RD @ LEITRIM RD (0012439),12439,02 - Intersection related,02 - Non-fatal injury,07 - SMV other,01 - Clear,01 - Daylight,01 - Dry,02 - Stop sign,01 - Functioning,1,0,0,0,02 - Minor,1,,1,,,371674.7356,5019287.479,45.31035449,-75.64713807,3576
20--4504,2020/05/23,2:38 PM,FALLOWFIELD RD @ RICHMOND RD (0000634),634,02 - Intersection related,03 - P.D. only,99 - Other,01 - Clear,01 - Daylight,01 - Dry,01 - Traffic signal,01 - Functioning,2,0,0,0,,0,,,,,357721.637,5013529.411,45.25973262,-75.82568381,3577
20--4505,2020/05/23,2:43 PM,ABBOTT ST @ MOSS HILL TR (0000054),54,03 - At intersection,03 - P.D. only,02 - Angle,01 - Clear,01 - Daylight,01 - Dry,02 - Stop sign,01 - Functioning,2,1,0,0,,0,,,,,350943.6012,5013955.422,45.26404324,-75.91200362,3578
20--4506,2020/05/23,3:31 PM,BANK ST btwn RIDGEMONT AVE & PORTLAND AVE (__3ZA36Z),__3ZA36Z,01 - Non intersection,03 - P.D. only,04 - Sideswipe,01 - Clear,01 - Daylight,01 - Dry,10 - No control,,2,0,0,0,,0,,,,,370098.48,5026574.354,45.37606815,-75.66627624,3579
20--4507,2020/05/23,5:05 AM,HIGHWAY 417 btwn HWY417 IC163 RAMP15 & HWY417 IC155 RAMP51 (__3ZAZNS),__3ZAZNS,01 - Non intersection,03 - P.D. only,07 - SMV other,01 - Clear,07 - Dark,01 - Dry,10 - No control,,1,0,0,0,,0,,,,,335715.0778,5020299.763,45.32196727,-76.10565569,3580
20--4508,2020/05/23,6:12 PM,REGIONAL ROAD 174 btwn OR174 IC112 RAMP26 & OR174 IC112 RAMP61 (__3ZA2XF),__3ZA2XF,01 - Non intersection,02 - Non-fatal injury,03 - Rear end,01 - Clear,01 - Daylight,01 - Dry,10 - No control,,2,0,0,0,01 - Minimal,3,3,,,,375089.5451,5033063.658,45.43397263,-75.60163341,3581
20--4509,2020/05/23,6:27 PM,THIRD AVE btwn LYON ST S & BANK ST (__3ZA92Z),__3ZA92Z,04 - At/near private drive,02 - Non-fatal injury,02 - Angle,01 - Clear,01 - Daylight,01 - Dry,10 - No control,,2,1,0,0,01 - Minimal,1,1,,,,368309.0168,5029535.131,45.40287283,-75.68874053,3582
20--451,2020/01/11,4:10 PM,BELCOURT BLVD btwn JEANNE D'ARC BLVD S & CALLAWAY CRT (__5VHI8R),__5VHI8R,04 - At/near private drive,03 - P.D. only,02 - Angle,02 - Rain,01 - Daylight,02 - Wet,10 - No control,,2,0,0,0,,0,,,,,381893.112,5035830.083,45.45814572,-75.51425634,3583
20--4510,2020/05/23,6:49 AM,BLACKBURN BYPASS @ INNES RD E (0009245),9245,02 - Intersection related,03 - P.D. only,07 - SMV other,01 - Clear,01 - Daylight,01 - Dry,01 - Traffic signal,01 - Functioning,1,0,0,0,,0,,,,,379791.7532,5033781.564,45.43994337,-75.5414336,3584
20--4511,2020/05/23,6:50 PM,WOODROFFE AVE btwn CARLING AVE & FOX CRES (__3ZA4NI),__3ZA4NI,04 - At/near private drive,03 - P.D. only,04 - Sideswipe,01 - Clear,01 - Daylight,01 - Dry,10 - No control,,2,0,0,0,,0,,,,,361788.4554,5025670.758,45.36866283,-75.77247274,3585
20--4512,2020/05/23,7:12 AM,RIVERSIDE DR SB btwn SAN REMO PRIV & TERMINAL AVE (__3ZA253),__3ZA253,01 - Non intersection,03 - P.D. only,04 - Sideswipe,01 - Clear,01 - Daylight,01 - Dry,10 - No control,,2,0,0,0,,0,,,,,370530.2449,5030430.934,45.41072788,-75.66025032,3586
20--4513,2020/05/23,7:50 PM,BASELINE RD @ NAVAHO DR (0003158),3158,02 - Intersection related,03 - P.D. only,04 - Sideswipe,01 - Clear,05 - Dusk,01 - Dry,01 - Traffic signal,01 - Functioning,2,0,0,0,,0,,,,,363085.6841,5024097.495,45.3544001,-75.75609896,3587
20--4514,2020/05/23,9:50 AM,GRANT CARMAN DR @ MEADOWLANDS DR (0001111),1111,03 - At intersection,03 - P.D. only,02 - Angle,01 - Clear,01 - Daylight,01 - Dry,01 - Traffic signal,01 - Functioning,2,0,0,0,,0,,,,,365051.6989,5023901.511,45.35247049,-75.7310328,3588
20--4515,2020/05/24,10:44 PM,RICHMOND RD btwn PERTH ST & CAMBRIAN RD (__3ZAB98),__3ZAB98,01 - Non intersection,02 - Non-fatal injury,07 - SMV other,01 - Clear,07 - Dark,01 - Dry,10 - No control,,1,0,0,0,02 - Minor,1,,1,,,358987.6936,5008212.153,45.2117905,-75.81013233,3589
20--4516,2020/05/24,12:24 PM,BLACKBURN AVE btwn OSGOODE ST & SOMERSET ST E (__3ZA8J3),__3ZA8J3,04 - At/near private drive,03 - P.D. only,02 - Angle,01 - Clear,01 - Daylight,01 - Dry,10 - No control,,2,0,0,0,,0,,,,,369383.1985,5031987.894,45.42484362,-75.67469903,3590
20--4517,2020/05/24,12:31 PM,ROGER STEVENS DR btwn HWY416 IC49 RAMP24 & SECOND LINE RD S (__3ZAZFF),__3ZAZFF,01 - Non intersection,02 - Non-fatal injury,07 - SMV other,01 - Clear,01 - Daylight,01 - Dry,10 - No control,,1,0,0,0,02 - Minor,1,,1,,,369664.9383,5001250.269,45.1482455,-75.67511758,3591
20--4518,2020/05/24,12:51 PM,ST. LAURENT BLVD @ COVENTRY RD/OGILVIE RD (0002151),2151,02 - Intersection related,03 - P.D. only,03 - Rear end,01 - Clear,01 - Daylight,01 - Dry,01 - Traffic signal,01 - Functioning,2,0,0,0,,0,,,,,372305.6977,5031951.572,45.42424089,-75.63736191,3592
20--4519,2020/05/24,2:00 PM,MARCH RD @ TERRY FOX DR (0003173),3173,02 - Intersection related,03 - P.D. only,03 - Rear end,01 - Clear,01 - Daylight,01 - Dry,01 - Traffic signal,01 - Functioning,2,0,0,0,,0,,,,,349864.6145,5023399.514,45.34909385,-75.92489348,3593
20--452,2020/01/11,4:23 AM,SPEEDWAY RD btwn SPRUCE RIDGE RD & END (__7JQ7KY),__7JQ7KY,01 - Non intersection,02 - Non-fatal injury,07 - SMV other,02 - Rain,07 - Dark,02 - Wet,10 - No control,,1,0,0,0,02 - Minor,2,,2,,,344802.9066,5010515.861,45.23346847,-75.99052638,3594
20--4520,2020/05/24,3:15 PM,BRIDGE ST @ LONG ISLAND RD (0008838),8838,03 - At intersection,01 - Fatal injury,02 - Angle,01 - Clear,01 - Daylight,01 - Dry,01 - Traffic signal,01 - Functioning,2,0,0,0,04 - Fatal,2,,1,,1,369059.7121,5010345.402,45.23013892,-75.68164145,3595
20--4521,2020/05/24,3:15 PM,RUSSELL RD btwn SHELLEY AVE & THIRSK ST (__3ZA79M),__3ZA79M,04 - At/near private drive,03 - P.D. only,06 - SMV unattended vehicle,01 - Clear,01 - Daylight,01 - Dry,10 - No control,,1,0,0,0,,0,,,,,372496.5746,5030042.932,45.40704937,-75.6351852,3596
20--4522,2020/05/24,4:33 PM,ST. JOSEPH BLVD @ DUFORD DR/PLACE D'ORLEANS DR (0003629),3629,02 - Intersection related,02 - Non-fatal injury,03 - Rear end,01 - Clear,01 - Daylight,01 - Dry,01 - Traffic signal,01 - Functioning,2,0,0,0,02 - Minor,1,,1,,,381997.668,5037995.685,45.47761842,-75.51257948,3597
20--4523,2020/05/24,5:58 PM,PARKDALE AVE btwn WELLINGTON ST W & GLADSTONE AVE (__3ZA4QM),__3ZA4QM,01 - Non intersection,03 - P.D. only,05 - Turning movement,01 - Clear,01 - Daylight,01 - Dry,10 - No control,,2,0,0,0,,0,,,,,365185.8776,5029190.89,45.4000518,-75.7286737,3598