Anom_ID,Accident_Date,Accident_Time,Location,Geo_ID,Accident_Location,Classification_of_Accident,Initial_Impact_Type,Environment_Condition,Light,Road_Surface_Condition,Traffic_Control,Traffic_Control_Condition,No__of_Vehicles,No__of_Bicycles,No__of_Motorcycles,No__of_Pedestrians,Max_Injury,No__of_Injuries,No__of_Minimal,No__of_Minor,No__of_Major,No__of_Fatal,X,Y,Latitude,Longitude,ObjectId
20--4524,2020/05/24,7:05 PM,AIRPORT PKWY/WALKLEY RD NB OFF RAMP @ WALKLEY RD (0011348),11348,02 - Intersection related,02 - Non-fatal injury,99 - Other,01 - Clear,01 - Daylight,01 - Dry,01 - Traffic signal,01 - Functioning,4,0,0,0,02 - Minor,3,2,1,,,370077.7193,5025791.533,45.36902651,-75.66664474,3599
20--4525,2020/05/24,7:25 PM,AIRPORT PKWY btwn AIRPORT PKWY/HUNT CLUB RAMP 42 & WALKLEY RD NB RAMP (__3ZAZP9),__3ZAZP9,01 - Non intersection,02 - Non-fatal injury,07 - SMV other,01 - Clear,01 - Daylight,01 - Dry,10 - No control,,1,0,1,0,02 - Minor,1,,1,,,370230.689,5025233.689,45.36399294,-75.66476596,3600
20--4526,2020/05/24,7:25 PM,BRONSON AVE @ THIRD AVE (0007716),7716,03 - At intersection,03 - P.D. only,05 - Turning movement,01 - Clear,01 - Daylight,01 - Dry,02 - Stop sign,00 - Unknown,2,0,0,0,,0,,,,,367550.7035,5029087.57,45.39891419,-75.69848316,3601
20--4527,2020/05/24,8:03 PM,STRANDHERD DR @ WOODROFFE AVE (0009688),9688,02 - Intersection related,03 - P.D. only,04 - Sideswipe,01 - Clear,05 - Dusk,01 - Dry,01 - Traffic signal,01 - Functioning,2,0,0,0,,0,,,,,366106.1471,5015395.152,45.27583982,-75.71862915,3602
20--4528,2020/05/24,8:30 PM,BASELINE RD/HERON RD @ PRINCE OF WALES DR (0002345),2345,02 - Intersection related,03 - P.D. only,04 - Sideswipe,01 - Clear,05 - Dusk,01 - Dry,01 - Traffic signal,01 - Functioning,2,0,0,0,,0,,,,,366873.6983,5026438.536,45.37513919,-75.7074629,3603
20--4529,2020/05/24,9:15 AM,INDUSTRIAL AVE btwn RUSSELL RD & ST. LAURENT BLVD (__3ZA3R7),__3ZA3R7,01 - Non intersection,03 - P.D. only,03 - Rear end,01 - Clear,01 - Daylight,01 - Dry,10 - No control,,2,0,0,0,,0,,,,,372691.2369,5030089.708,45.40745139,-75.63269226,3604
20--453,2020/01/11,4:39 AM,ELIZABETH ST btwn OSGOODE MAIN ST & PHILIP ST (__3ZA7F8),__3ZA7F8,01 - Non intersection,02 - Non-fatal injury,07 - SMV other,"07 - Fog, mist, smoke, dust",07 - Dark,03 - Loose snow,10 - No control,,1,0,0,1,03 - Major,1,,,1,,375121.6906,5000976.182,45.14525705,-75.60577119,3605
20--4530,2020/05/24,9:30 AM,MCRAE AVE @ RICHMOND RD (0006867),6867,03 - At intersection,03 - P.D. only,02 - Angle,01 - Clear,01 - Daylight,01 - Dry,01 - Traffic signal,01 - Functioning,2,0,0,0,,0,,,,,363609.6861,5028538.537,45.39431622,-75.74888286,3606
20--4531,2020/05/24,9:46 PM,PARKDALE AVE @ WELLINGTON ST (0002260),2260,03 - At intersection,03 - P.D. only,05 - Turning movement,01 - Clear,07 - Dark,01 - Dry,01 - Traffic signal,01 - Functioning,2,0,0,0,,0,,,,,365149.7018,5029270.555,45.40077173,-75.729126,3607
20--4532,2020/05/25,1:55 AM,SNAKE ISLAND RD btwn MANOTICK STATION RD & STAGECOACH RD (__3ZA2C4),__3ZA2C4,01 - Non intersection,03 - P.D. only,07 - SMV other,01 - Clear,07 - Dark,01 - Dry,10 - No control,,1,0,0,0,,0,,,,,377601.283,5006308.711,45.19298676,-75.57346648,3608
20--4533,2020/05/25,10:22 AM,LIEBE TERR @ STRANDHERD DR (0019085),19085,02 - Intersection related,03 - P.D. only,07 - SMV other,01 - Clear,01 - Daylight,01 - Dry,02 - Stop sign,00 - Unknown,1,0,0,0,,0,,,,,362647.7598,5013682.873,45.26072567,-75.76290333,3609
20--4534,2020/05/25,10:39 PM,STRANDHERD DR btwn LONGFIELDS DR & CLARIDGE DR (__4BRV9S),__4BRV9S,01 - Non intersection,03 - P.D. only,04 - Sideswipe,01 - Clear,07 - Dark,01 - Dry,10 - No control,,2,0,0,0,,0,,,,,364939.1216,5015378.34,45.27578933,-75.73350404,3610
20--4535,2020/05/25,12:45 PM,HAZELDEAN RD btwn KITTIWAKE DR & CARP RD (__3ZA3EI),__3ZA3EI,01 - Non intersection,03 - P.D. only,05 - Turning movement,01 - Clear,01 - Daylight,01 - Dry,10 - No control,,2,0,0,0,,0,,,,,348566.4861,5013998.622,45.2645839,-75.94228932,3611
20--4536,2020/05/25,2:15 PM,KENT ST btwn QUEEN ST & ALBERT ST (__3ZA1XM),__3ZA1XM,01 - Non intersection,03 - P.D. only,04 - Sideswipe,01 - Clear,01 - Daylight,01 - Dry,10 - No control,,2,0,0,0,,0,,,,,367210.286,5031337.851,45.41919199,-75.70254602,3612
20--4537,2020/05/25,2:38 PM,BLACKBURN AVE @ TEMPLETON ST (0007311),7311,03 - At intersection,03 - P.D. only,02 - Angle,01 - Clear,01 - Daylight,01 - Dry,02 - Stop sign,01 - Functioning,2,1,0,0,,0,,,,,369511.7082,5031780.581,45.42296642,-75.67308423,3613
20--4538,2020/05/25,4:00 PM,FOURTH LINE RD btwn POLLOCK RD & PHELAN RD W (__3ZBOC1),__3ZBOC1,01 - Non intersection,03 - P.D. only,99 - Other,01 - Clear,01 - Daylight,01 - Dry,10 - No control,,2,0,0,0,,0,,,,,364693.338,5001301.246,45.14914332,-75.73832909,3614
20--4539,2020/05/25,5:40 PM,BANK ST @ WALKLEY RD (0011423),11423,02 - Intersection related,02 - Non-fatal injury,02 - Angle,01 - Clear,01 - Daylight,01 - Dry,01 - Traffic signal,01 - Functioning,2,1,0,0,01 - Minimal,1,1,,,,370337.8568,5025947.745,45.37040777,-75.66330337,3615
20--454,2020/01/11,4:54 PM,EARL ARMSTRONG RD @ SPRATT RD (0013063),13063,03 - At intersection,02 - Non-fatal injury,05 - Turning movement,02 - Rain,05 - Dusk,02 - Wet,01 - Traffic signal,01 - Functioning,2,0,0,0,02 - Minor,1,,1,,,368396.704,5015011.429,45.27218367,-75.68948714,3616
20--4540,2020/05/25,6:09 PM,CATHERINE ST/HWY 417 O'CONN IC119BR76 @ O'CONN (0001697),1697,02 - Intersection related,03 - P.D. only,04 - Sideswipe,01 - Clear,01 - Daylight,01 - Dry,01 - Traffic signal,01 - Functioning,2,0,0,0,,0,,,,,368243.7178,5030392.556,45.41059359,-75.68946424,3617
20--4541,2020/05/25,9:37 AM,BANTREE ST @ INNES RD (0007684),7684,03 - At intersection,03 - P.D. only,05 - Turning movement,01 - Clear,01 - Daylight,01 - Dry,01 - Traffic signal,01 - Functioning,2,0,0,0,,0,,,,,373705.7165,5030406.564,45.41020317,-75.61968957,3618
20--4542,2020/05/25,9:56 AM,EARL ARMSTRONG RD @ SPRATT RD (0013063),13063,03 - At intersection,03 - P.D. only,02 - Angle,01 - Clear,01 - Daylight,01 - Dry,01 - Traffic signal,01 - Functioning,2,0,0,0,,0,,,,,368396.7006,5015011.436,45.27218374,-75.68948719,3619
20--4543,2020/05/26,Unknown,LANGELIER AVE btwn TRAILSEDGE WAY & TRAILSEDGE WAY (__7YK17W),__7YK17W,01 - Non intersection,03 - P.D. only,06 - SMV unattended vehicle,01 - Clear,00 - Unknown,01 - Dry,10 - No control,,1,0,0,0,,0,,,,,381806.851,5033100.377,45.43359555,-75.51578636,3620
20--4544,2020/05/26,Unknown,MERTON ST btwn LOWREY ST & LADOUCEUR ST (__3ZAAJJ),__3ZAAJJ,01 - Non intersection,03 - P.D. only,06 - SMV unattended vehicle,01 - Clear,00 - Unknown,01 - Dry,10 - No control,,1,0,0,0,,0,,,,,365384.3626,5029827.405,45.40576187,-75.72606043,3621
20--4545,2020/05/26,12:30 PM,MONTREAL RD @ ST. LAURENT BLVD (0002604),2604,03 - At intersection,02 - Non-fatal injury,07 - SMV other,01 - Clear,01 - Daylight,01 - Dry,01 - Traffic signal,01 - Functioning,1,0,0,1,01 - Minimal,1,1,,,,371545.7063,5033817.605,45.44110353,-75.64681959,3622
20--4546,2020/05/26,12:42 PM,BOYD AVE @ DOBBIE ST (0003057),3057,02 - Intersection related,03 - P.D. only,04 - Sideswipe,01 - Clear,01 - Daylight,01 - Dry,03 - Yield sign,01 - Functioning,2,0,0,0,,0,,,,,363492.6816,5026488.529,45.37588038,-75.75062088,3623
20--4547,2020/05/26,12:58 PM,CUMMINGS AVE @ MONTREAL RD (0007748),7748,03 - At intersection,03 - P.D. only,02 - Angle,01 - Clear,01 - Daylight,01 - Dry,01 - Traffic signal,01 - Functioning,2,0,0,0,,0,,,,,372007.6946,5034040.584,45.44306552,-75.64088442,3624
20--4548,2020/05/26,2:10 PM,BELCOURT BLVD @ INNES RD (0004202),4202,02 - Intersection related,03 - P.D. only,04 - Sideswipe,01 - Clear,01 - Daylight,01 - Dry,01 - Traffic signal,01 - Functioning,2,0,0,0,,0,,,,,382121.5783,5035266.61,45.45305082,-75.51142411,3625
20--4549,2020/05/26,2:53 PM,INDUSTRIAL AVE btwn TRAINYARDS DR & RUSSELL RD (__3ZA3R9),__3ZA3R9,04 - At/near private drive,03 - P.D. only,02 - Angle,01 - Clear,01 - Daylight,01 - Dry,10 - No control,,2,0,0,0,,0,,,,,372002.5445,5030464.473,45.41088982,-75.64143819,3626
20--455,2020/01/11,5:20 PM,INNES RD @ JEANNE D'ARC BLVD/MER BLEUE RD (0012475),12475,02 - Intersection related,03 - P.D. only,03 - Rear end,02 - Rain,05 - Dusk,02 - Wet,01 - Traffic signal,01 - Functioning,2,0,0,0,,0,,,,,382637.7545,5035567.557,45.45570118,-75.50477804,3627
20--4550,2020/05/26,3:15 PM,BLAIR RD @ OGILVIE RD (0004120),4120,02 - Intersection related,03 - P.D. only,03 - Rear end,01 - Clear,01 - Daylight,01 - Dry,01 - Traffic signal,01 - Functioning,2,0,0,0,,0,,,,,374507.7097,5033198.581,45.43524483,-75.60904981,3628
20--3745,2020/03/17,7:31 AM,FROBISHER LANE W @ RIVERSIDE DR (0011961),11961,02 - Intersection related,03 - P.D. only,03 - Rear end,02 - Rain,01 - Daylight,04 - Slush,01 - Traffic signal,01 - Functioning,2,0,0,0,,0,,,,,370118.7105,5029601.224,45.40330099,-75.66561732,3629
20--4378,2020/05/15,7:43 AM,IBER RD btwn HARRY DOUGLAS DR & ABBOTT ST E (__3ZAZR8),__3ZAZR8,01 - Non intersection,03 - P.D. only,03 - Rear end,01 - Clear,01 - Daylight,01 - Dry,10 - No control,,2,0,0,0,,0,,,,,351787.2158,5015097.161,45.27426111,-75.90114621,3630
20--3746,2020/03/17,8:00 AM,ST. JOSEPH BLVD btwn OR174 IC101 RAMP45 & SECOND AVE (__3ZA3YR),__3ZA3YR,01 - Non intersection,03 - P.D. only,07 - SMV other,04 - Freezing Rain,01 - Daylight,06 - Ice,10 - No control,,1,0,0,0,,0,,,,,383437.8608,5038984.624,45.48635526,-75.49400273,3631
20--4200,2020/05/01,8:02 PM,HUNT CLUB RD @ RIVERSIDE DR (0002237),2237,02 - Intersection related,02 - Non-fatal injury,03 - Rear end,01 - Clear,05 - Dusk,01 - Dry,01 - Traffic signal,01 - Functioning,2,0,0,0,01 - Minimal,1,1,,,,368036.6976,5021945.486,45.33460777,-75.69319027,3632
20--4379,2020/05/16,1:04 PM,TRIPP CRES btwn LARKIN DR & SHANEL PL (__3ZABLU),__3ZABLU,04 - At/near private drive,03 - P.D. only,06 - SMV unattended vehicle,01 - Clear,01 - Daylight,01 - Dry,10 - No control,,1,0,0,0,,0,,,,,362764.6732,5016396.003,45.28512892,-75.761097,3633
20--4201,2020/05/01,9:16 AM,MERIVALE RD/LOTTA AVE @ CLYDE AVE (0001112),1112,02 - Intersection related,03 - P.D. only,04 - Sideswipe,01 - Clear,01 - Daylight,01 - Dry,01 - Traffic signal,01 - Functioning,2,0,0,0,,0,,,,,364521.6954,5024507.525,45.35796866,-75.7377232,3634
20--438,2020/01/11,11:41 AM,ALERT RD/AIRPORT PKWY/UPLANDS DR RAMP 62 @ LES (0003652),3652,03 - At intersection,02 - Non-fatal injury,05 - Turning movement,02 - Rain,01 - Daylight,02 - Wet,01 - Traffic signal,01 - Functioning,2,0,0,0,02 - Minor,1,,1,,,371306.7067,5021353.784,45.32898149,-75.65155362,3635
20--4202,2020/05/02,1:24 PM,ABBOTT ST W @ WEST RIDGE DR (0009770),9770,03 - At intersection,02 - Non-fatal injury,05 - Turning movement,01 - Clear,01 - Daylight,01 - Dry,02 - Stop sign,01 - Functioning,2,1,0,0,02 - Minor,1,,1,,,349643.1183,5012785.094,45.25359631,-75.92868013,3636
20--4380,2020/05/16,10:46 PM,DUNROBIN RD @ MARCH RD (0003175),3175,02 - Intersection related,03 - P.D. only,03 - Rear end,01 - Clear,07 - Dark,01 - Dry,01 - Traffic signal,01 - Functioning,2,0,0,0,,0,,,,,347174.5994,5026065.533,45.37325106,-75.9589928,3637
20--4203,2020/05/02,10:21 AM,ANTARES DR btwn CAPELLA CRT & AURIGA DR (2) (__3ZA53B),__3ZA53B,04 - At/near private drive,02 - Non-fatal injury,07 - SMV other,01 - Clear,01 - Daylight,01 - Dry,10 - No control,,1,0,1,0,02 - Minor,1,,1,,,366841.5567,5021870.156,45.33403665,-75.70844652,3638
20--4381,2020/05/16,Unknown,CHAPEL ST btwn TEMPLETON ST & MANN AVE (__3ZA9VN),__3ZA9VN,01 - Non intersection,03 - P.D. only,06 - SMV unattended vehicle,01 - Clear,00 - Unknown,01 - Dry,10 - No control,,1,0,0,0,,0,,,,,369521.8664,5031602.033,45.42135898,-75.67297789,3639
20--4204,2020/05/02,10:52 PM,POULIN AVE @ RICHMOND RD (0002748),2748,03 - At intersection,03 - P.D. only,02 - Angle,02 - Rain,07 - Dark,02 - Wet,01 - Traffic signal,01 - Functioning,2,0,0,0,,0,,,,,360325.6834,5024900.512,45.36184961,-75.79123191,3640
20--4382,2020/05/16,12:48 PM,GREENBANK RD @ MEADOWBANK DR (0001123),1123,02 - Intersection related,03 - P.D. only,04 - Sideswipe,01 - Clear,01 - Daylight,01 - Dry,02 - Stop sign,01 - Functioning,2,0,0,0,,0,,,,,360765.6723,5022186.499,45.337394,-75.78592318,3641
20--4205,2020/05/02,12:13 PM,BRIAN COBURN BLVD @ STRASBOURG ST (0013501),13501,02 - Intersection related,02 - Non-fatal injury,03 - Rear end,01 - Clear,01 - Daylight,01 - Dry,11 - Roundabout,01 - Functioning,2,0,0,0,01 - Minimal,1,1,,,,384046.5521,5034850.028,45.44908715,-75.48688377,3642
20--4206,2020/05/02,2:10 PM,REGIONAL RD 174 @ TRIM RD (0012835),12835,02 - Intersection related,03 - P.D. only,03 - Rear end,01 - Clear,01 - Daylight,01 - Dry,01 - Traffic signal,01 - Functioning,2,0,0,0,,0,,,,,384351.839,5039990.347,45.49530021,-75.48214927,3643
20--4207,2020/05/02,2:18 AM,CARLING AVE @ MAITLAND AVE/SHERBOURNE RD (0002641),2641,02 - Intersection related,03 - P.D. only,04 - Sideswipe,01 - Clear,07 - Dark,01 - Dry,01 - Traffic signal,01 - Functioning,2,0,0,0,,0,,,,,362942.6941,5026488.527,45.37592622,-75.75764244,3644
20--4208,2020/05/02,2:30 PM,PATRICIA AVE @ RICHMOND RD (0005608),5608,02 - Intersection related,03 - P.D. only,03 - Rear end,01 - Clear,01 - Daylight,01 - Dry,01 - Traffic signal,01 - Functioning,2,0,0,0,,0,,,,,363953.6803,5028753.558,45.39622197,-75.74446397,3645
20--4209,2020/05/02,4:17 PM,WALKLEY RD @ DON REID DR/RYDER ST (0008218),8218,03 - At intersection,03 - P.D. only,02 - Angle,01 - Clear,01 - Daylight,01 - Dry,01 - Traffic signal,01 - Functioning,2,0,0,0,,0,,,,,372601.7249,5027284.545,45.38222041,-75.63422116,3646
20--421,2020/01/10,7:46 PM,KITCHENER AVE @ BANK ST (0011963),11963,03 - At intersection,02 - Non-fatal injury,07 - SMV other,01 - Clear,07 - Dark,02 - Wet,01 - Traffic signal,01 - Functioning,1,0,0,1,02 - Minor,1,,1,,,370540.88,5025499.975,45.36635987,-75.66077132,3647
20--4210,2020/05/02,7:49 PM,BRONSON AVE @ SUNNYSIDE AVE/UNIVERSITY RD - CA (0007209),7209,02 - Intersection related,03 - P.D. only,03 - Rear end,01 - Clear,01 - Daylight,01 - Dry,01 - Traffic signal,01 - Functioning,2,0,0,0,,0,,,,,367922.7083,5028091.542,45.38991878,-75.69385944,3648
20--4211,2020/05/02,8:29 AM,AUGUSTA ST btwn RIDEAU ST & END (__3ZA7BV),__3ZA7BV,04 - At/near private drive,03 - P.D. only,07 - SMV other,01 - Clear,01 - Daylight,02 - Wet,10 - No control,,1,0,0,0,,0,,,,,368978.5089,5032776.001,45.43197196,-75.67976727,3649
20--4212,2020/05/02,8:41 PM,INNES RD @ JEANNE D'ARC BLVD/MER BLEUE RD (0012475),12475,03 - At intersection,03 - P.D. only,05 - Turning movement,01 - Clear,07 - Dark,01 - Dry,01 - Traffic signal,01 - Functioning,2,0,0,0,,0,,,,,382637.7556,5035567.543,45.45570105,-75.50477803,3650
20--4213,2020/05/02,9:31 AM,INNES RD @ STAR TOP RD/WINDMILL LANE (0008734),8734,03 - At intersection,02 - Non-fatal injury,02 - Angle,01 - Clear,01 - Daylight,01 - Dry,01 - Traffic signal,01 - Functioning,2,0,0,0,02 - Minor,2,,2,,,374147.7178,5030666.549,45.41249872,-75.61400685,3651
20--4214,2020/05/03,10:00 AM,MADELEINE MEILLEUR PRIV @ VANIER PKWY (0013514),13514,02 - Intersection related,03 - P.D. only,03 - Rear end,01 - Clear,01 - Daylight,01 - Dry,01 - Traffic signal,01 - Functioning,2,0,0,0,,0,,,,,369654.8152,5033359.306,45.43715791,-75.67104781,3652
20--4215,2020/05/03,Unknown,BIRCHVIEW RD btwn ANDOVER PL & ANDOVER PL (__3ZAAS8),__3ZAAS8,01 - Non intersection,03 - P.D. only,06 - SMV unattended vehicle,01 - Clear,00 - Unknown,01 - Dry,10 - No control,,1,0,0,0,,0,,,,,362996.1617,5023033.314,45.34483212,-75.75736668,3653
20--4216,2020/05/03,2:10 PM,RAVEN AVE @ KIRKWOOD AVE (0006712),6712,03 - At intersection,03 - P.D. only,02 - Angle,01 - Clear,01 - Daylight,01 - Dry,02 - Stop sign,01 - Functioning,2,0,0,0,,0,,,,,364690.6945,5026773.545,45.37834353,-75.73529162,3654
20--4217,2020/05/03,4:20 PM,LONGFIELDS DR @ PORTRUSH AVE (0010988),10988,02 - Intersection related,03 - P.D. only,03 - Rear end,01 - Clear,01 - Daylight,01 - Dry,02 - Stop sign,01 - Functioning,2,0,0,0,,0,,,,,364436.2349,5015358.912,45.27565735,-75.73991529,3655
20--4218,2020/05/03,5:48 PM,HAZELDEAN RD btwn 246 E OF CASTLEFRANK RD & IRWIN GT (__3ZA41NB),__3ZA41NB,04 - At/near private drive,03 - P.D. only,07 - SMV other,01 - Clear,01 - Daylight,01 - Dry,10 - No control,,1,0,0,0,,0,,,,,352987.9985,5017956.34,45.29990747,-75.88556536,3656
20--4286,2020/05/09,4:20 PM,HIGHWAY 417 btwn HIGHWAY 417 & HWY417 IC140 RAMP51 (__3ZA20L),__3ZA20L,01 - Non intersection,03 - P.D. only,03 - Rear end,01 - Clear,01 - Daylight,01 - Dry,10 - No control,,2,0,0,0,,0,,,,,350331.7749,5018203.459,45.30230829,-75.91940979,3657
20--4219,2020/05/03,6:07 PM,BASELINE RD @ CLYDE AVE (0002343),2343,02 - Intersection related,02 - Non-fatal injury,03 - Rear end,01 - Clear,01 - Daylight,01 - Dry,01 - Traffic signal,01 - Functioning,2,0,0,0,01 - Minimal,1,1,,,,364358.7072,5024890.518,45.36142864,-75.73975722,3658
20--422,2020/01/10,8:20 AM,HAWTHORNE RD/RUSSELL RD @ WALKLEY RD (0002618),2618,02 - Intersection related,03 - P.D. only,03 - Rear end,01 - Clear,01 - Daylight,01 - Dry,01 - Traffic signal,01 - Functioning,2,0,0,0,,0,,,,,374674.7472,5028499.542,45.39294866,-75.60758133,3659
20--4220,2020/05/03,6:30 AM,CANAAN RD btwn ETIENNE RD & COLONIAL RD (__3ZA5EF),__3ZA5EF,01 - Non intersection,03 - P.D. only,07 - SMV other,01 - Clear,01 - Daylight,01 - Dry,10 - No control,,1,0,0,0,,0,,,,,398235.641,5037736.586,45.47330342,-75.3049735,3660
20--4221,2020/05/03,6:30 PM,CARLING AVE @ RICHMOND RD (0010847),10847,03 - At intersection,02 - Non-fatal injury,03 - Rear end,01 - Clear,01 - Daylight,01 - Dry,01 - Traffic signal,01 - Functioning,2,0,0,0,01 - Minimal,1,1,,,,360245.6713,5024781.502,45.36078509,-75.79226651,3661
20--4222,2020/05/03,8:07 AM,HIGHWAY 417 btwn HWY417 IC122 RAMP61 & HWY417 IC121B RAMP16 (__3ZA2Y4),__3ZA2Y4,01 - Non intersection,03 - P.D. only,04 - Sideswipe,01 - Clear,01 - Daylight,01 - Dry,10 - No control,,2,0,0,0,,0,,,,,365698.7831,5029142.057,45.39956799,-75.72212885,3662
20--4223,2020/05/04,11:43 AM,STRANDHERD DR btwn ANDORA AVE & JOCKVALE RD (__3ZAZMN),__3ZAZMN,01 - Non intersection,03 - P.D. only,04 - Sideswipe,01 - Clear,01 - Daylight,01 - Dry,10 - No control,,2,0,0,0,,0,,,,,363458.0568,5014516.637,45.26816082,-75.75248093,3663
20--4224,2020/05/04,11:51 AM,MARCH RD btwn HALTON TERR/MAXWELL BRIDGE RD & KLONDIKE RD (__3ZA3CG),__3ZA3CG,01 - Non intersection,03 - P.D. only,03 - Rear end,01 - Clear,01 - Daylight,01 - Dry,10 - No control,,2,0,0,0,,0,,,,,348975.7485,5024375.399,45.35793164,-75.93614928,3664
20--4225,2020/05/04,12:46 AM,LANCASTER RD btwn SHELBOURN LANE & DELRIDGE LANE (__3ZA78H),__3ZA78H,01 - Non intersection,03 - P.D. only,07 - SMV other,01 - Clear,07 - Dark,01 - Dry,10 - No control,,1,0,0,0,,0,,,,,373954.7241,5029521.97,45.40221946,-75.6166328,3665
20--4226,2020/05/04,12:49 PM,GREENLAND RD btwn VANCES SIDE RD & Continuation of GREENLAND RD (__3ZA1PA),__3ZA1PA,01 - Non intersection,03 - P.D. only,07 - SMV other,01 - Clear,01 - Daylight,01 - Dry,10 - No control,,1,0,0,0,,0,,,,,342525.6911,5035405.856,45.45756332,-76.01762931,3666
20--4227,2020/05/04,2:15 PM,BANK ST @ OSSINGTON AVE (0007228),7228,02 - Intersection related,03 - P.D. only,03 - Rear end,01 - Clear,01 - Daylight,01 - Dry,10 - No control,,2,0,0,0,,0,,,,,368890.7176,5028320.556,45.39189146,-75.6814685,3667
20--4228,2020/05/04,3:18 PM,WEST HUNT CLUB RD @ 354 E OF WOODROFFE AVE/REC (0004605),4605,02 - Intersection related,03 - P.D. only,03 - Rear end,01 - Clear,01 - Daylight,01 - Dry,13 - MPS,01 - Functioning,3,0,0,0,,0,,,,,363982.6752,5021424.488,45.33027351,-75.74497142,3668
20--4229,2020/05/04,4:25 PM,TRAILWAY CIRC btwn ELDERWOOD TR & SHADY BRANCH TR (__3ZACQS),__3ZACQS,01 - Non intersection,02 - Non-fatal injury,04 - Sideswipe,01 - Clear,01 - Daylight,01 - Dry,10 - No control,,2,0,0,0,02 - Minor,1,,1,,,350782.6072,5014392.483,45.26798661,-75.91401456,3669
20--423,2020/01/10,8:35 AM,HIGHWAY 417 btwn HWY417 IC126 RAMP51 & HWY417 IC126 RAMP25 (__3ZA2RD),__3ZA2RD,01 - Non intersection,03 - P.D. only,04 - Sideswipe,01 - Clear,01 - Daylight,01 - Dry,10 - No control,,2,0,0,0,,0,,,,,363332.8936,5026051.477,45.37196121,-75.75271265,3670
20--4230,2020/05/04,4:30 PM,HALKIRK AVE btwn KINCARDINE DR & NAIRN ST (__3ZAZ86),__3ZAZ86,04 - At/near private drive,03 - P.D. only,06 - SMV unattended vehicle,01 - Clear,01 - Daylight,01 - Dry,10 - No control,,1,0,0,0,,0,,,,,352336.1204,5016975.242,45.29112371,-75.89397089,3671
20--4231,2020/05/04,4:47 PM,LIMEBANK RD/RIVERSIDE DR @ RIVER RD (0013336),13336,03 - At intersection,02 - Non-fatal injury,02 - Angle,01 - Clear,01 - Daylight,01 - Dry,01 - Traffic signal,01 - Functioning,2,0,0,0,01 - Minimal,1,1,,,,368403.9892,5020477.33,45.32136439,-75.68869324,3672
20--3747,2020/03/17,8:00 AM,HIGHWAY 417 btwn HWY417 IC118 RAMP35 & HWY417 IC117 RAMP51 (__3ZA2YP),__3ZA2YP,01 - Non intersection,03 - P.D. only,99 - Other,04 - Freezing Rain,01 - Daylight,04 - Slush,10 - No control,,2,0,0,0,,0,,,,,369801.0019,5031136.573,45.41714507,-75.66947285,3673
20--4232,2020/05/04,5:41 PM,EARL ARMSTRONG RD @ BOWESVILLE RD (0009411),9411,03 - At intersection,03 - P.D. only,02 - Angle,01 - Clear,01 - Daylight,01 - Dry,02 - Stop sign,01 - Functioning,2,0,0,0,,0,,,,,372560.7521,5017440.461,45.2936506,-75.63609233,3674
20--4233,2020/05/04,5:56 PM,BANK ST btwn ALTA VISTA DR & WALKLEY RD (__3ZA4TX),__3ZA4TX,01 - Non intersection,03 - P.D. only,07 - SMV other,01 - Clear,01 - Daylight,01 - Dry,10 - No control,,1,0,0,0,,0,,,,,370299.7347,5026061.797,45.37143754,-75.66377489,3675
20--4234,2020/05/04,6:23 PM,DONALD ST @ VANIER PKWY (0007644),7644,03 - At intersection,02 - Non-fatal injury,02 - Angle,01 - Clear,01 - Daylight,01 - Dry,01 - Traffic signal,01 - Functioning,2,0,0,0,02 - Minor,1,,1,,,370311.7065,5032270.586,45.42730083,-75.6627974,3676
20--4235,2020/05/04,6:40 AM,HWY 417 TERRYFO IC140R52 @ TERRY FOX DR (0003180),3180,02 - Intersection related,02 - Non-fatal injury,03 - Rear end,01 - Clear,01 - Daylight,01 - Dry,01 - Traffic signal,01 - Functioning,2,0,0,0,01 - Minimal,1,1,,,,351052.6107,5018433.462,45.30433083,-75.91019721,3677
20--4236,2020/05/04,7:15 PM,INNES RD @ LANTHIER DR/PRESTWICK DR (0004251),4251,02 - Intersection related,03 - P.D. only,04 - Sideswipe,01 - Clear,01 - Daylight,01 - Dry,01 - Traffic signal,00 - Unknown,2,0,0,0,,0,,,,,383540.7607,5035988.557,45.45938779,-75.4931667,3678
20--4237,2020/05/04,8:10 AM,ST. JOSEPH BLVD @ JEANNE D'ARC BLVD (0012421),12421,03 - At intersection,03 - P.D. only,04 - Sideswipe,01 - Clear,01 - Daylight,01 - Dry,11 - Roundabout,00 - Unknown,2,0,0,0,,0,,,,,379860.7421,5036471.585,45.46413875,-75.54014139,3679