Anom_ID,Accident_Date,Accident_Time,Location,Geo_ID,Accident_Location,Classification_of_Accident,Initial_Impact_Type,Environment_Condition,Light,Road_Surface_Condition,Traffic_Control,Traffic_Control_Condition,No__of_Vehicles,No__of_Bicycles,No__of_Motorcycles,No__of_Pedestrians,Max_Injury,No__of_Injuries,No__of_Minimal,No__of_Minor,No__of_Major,No__of_Fatal,X,Y,Latitude,Longitude,ObjectId
20--4238,2020/05/04,9:22 PM,RENAUD RD @ NAVAN RD (0003685),3685,03 - At intersection,03 - P.D. only,07 - SMV other,01 - Clear,07 - Dark,01 - Dry,01 - Traffic signal,01 - Functioning,1,0,0,0,,0,,,,,381816.7672,5032736.554,45.43032106,-75.51571655,3680
20--4239,2020/05/05,1:04 PM,CARLING AVE @ HARE AVE (0002141),2141,03 - At intersection,03 - P.D. only,02 - Angle,01 - Clear,01 - Daylight,01 - Dry,02 - Stop sign,01 - Functioning,2,0,0,0,,0,,,,,362380.69,5026133.535,45.37277845,-75.76485882,3681
20--424,2020/01/10,8:47 AM,PATTERSON AVE btwn BANK ST & ALLAN PL (__3ZA95B),__3ZA95B,01 - Non intersection,03 - P.D. only,06 - SMV unattended vehicle,01 - Clear,01 - Daylight,02 - Wet,10 - No control,,1,0,0,0,,0,,,,,368165.6367,5029990.094,45.40697944,-75.69051341,3682
20--4240,2020/05/05,1:52 PM,TENTH LINE RD btwn DES EPINETTES AVE & INNES RD (__3ZA3Y8),__3ZA3Y8,01 - Non intersection,03 - P.D. only,03 - Rear end,01 - Clear,01 - Daylight,01 - Dry,10 - No control,,3,0,0,0,,0,,,,,383943.3854,5036179.379,45.46105914,-75.48798856,3683
20--4241,2020/05/05,12:30 AM,CARLING AVE btwn JAMES CUMMINGS AVE & ULLSWATER DR (__3ZBOCQ),__3ZBOCQ,01 - Non intersection,03 - P.D. only,07 - SMV other,01 - Clear,07 - Dark,01 - Dry,10 - No control,,1,0,0,0,,0,,,,,356413.2769,5023812.277,45.35235657,-75.84128274,3684
20--4242,2020/05/05,2:20 PM,HUNT CLUB RD EB btwn 275 E OF HAWTHORNE RD/OC TRANSPO TURNAROUND & HAWTHORNE RD (e___2HF3A),e___2HF3A,01 - Non intersection,02 - Non-fatal injury,03 - Rear end,01 - Clear,01 - Daylight,01 - Dry,10 - No control,,2,0,0,0,01 - Minimal,1,1,,,,375530.016,5026412.85,45.37408779,-75.59695844,3685
20--4243,2020/05/05,3:18 PM,BANK ST @ RIVERSIDE DR S (0002704),2704,03 - At intersection,03 - P.D. only,02 - Angle,01 - Clear,01 - Daylight,01 - Dry,01 - Traffic signal,01 - Functioning,2,0,0,0,,0,,,,,369304.7128,5027894.547,45.38802036,-75.67623741,3686
20--4244,2020/05/05,4:45 PM,BRONSON AVE btwn BREWER WAY & RIVERSIDE DR RAMPS 34B & 42A-3 (__3ZA3BR),__3ZA3BR,01 - Non intersection,03 - P.D. only,04 - Sideswipe,01 - Clear,01 - Daylight,01 - Dry,10 - No control,,2,0,0,0,,0,,,,,368130.9912,5027726.217,45.38661289,-75.6912466,3687
20--4245,2020/05/05,6:37 AM,JOHNSTON RD btwn BASLAW DR & CELLINI CRT (2) (__3ZA46Y),__3ZA46Y,01 - Non intersection,03 - P.D. only,06 - SMV unattended vehicle,01 - Clear,01 - Daylight,01 - Dry,10 - No control,,1,0,0,0,,0,,,,,374341.2665,5026534.637,45.37530256,-75.61211674,3688
20--4246,2020/05/05,6:42 AM,ProposedCANYON WALK DR @ EARL ARMSTRONG RD (0013180),13180,03 - At intersection,03 - P.D. only,03 - Rear end,01 - Clear,01 - Daylight,01 - Dry,01 - Traffic signal,01 - Functioning,2,0,0,0,,0,,,,,369397.0836,5015630.143,45.27765959,-75.67665854,3689
20--4247,2020/05/06,1:53 AM,CLARIDGE DR btwn BEATRICE DR & SLEAFORD GT (__31EM6X),__31EM6X,01 - Non intersection,02 - Non-fatal injury,06 - SMV unattended vehicle,01 - Clear,07 - Dark,01 - Dry,10 - No control,,1,0,0,0,02 - Minor,2,,2,,,365181.0963,5016527.163,45.28610566,-75.73028049,3690
20--4248,2020/05/06,11:00 AM,CATHERINE ST/HWY 417 O'CONN IC119BR76 @ O'CONN (0001697),1697,03 - At intersection,03 - P.D. only,02 - Angle,01 - Clear,01 - Daylight,01 - Dry,01 - Traffic signal,01 - Functioning,2,0,0,0,,0,,,,,368243.7132,5030392.569,45.4105937,-75.6894643,3691
20--4249,2020/05/06,11:10 PM,PRINCE OF WALES DR btwn NATIONAL CAPITAL COMM DRWY & SIR JOHN A CARLIN (__3ZA308B),__3ZA308B,01 - Non intersection,03 - P.D. only,07 - SMV other,01 - Clear,07 - Dark,01 - Dry,10 - No control,,1,0,0,0,,0,,,,,366853.2324,5028170.327,45.39072324,-75.70750649,3692
20--425,2020/01/10,8:52 AM,CENTREPOINTE DR btwn Continuation of CENTREPOINTE DR & HEMMINGWOOD WAY (__3ZAA3T),__3ZAA3T,01 - Non intersection,03 - P.D. only,03 - Rear end,01 - Clear,01 - Daylight,01 - Dry,10 - No control,,2,0,0,0,,0,,,,,362255.9511,5023279.057,45.34710433,-75.76678307,3693
20--4250,2020/05/06,Unknown,LANGEVIN AVE btwn PUTMAN AVE & END (__3ZA8BJ),__3ZA8BJ,01 - Non intersection,03 - P.D. only,06 - SMV unattended vehicle,01 - Clear,00 - Unknown,01 - Dry,10 - No control,,1,0,0,0,,0,,,,,369333.0355,5033967.51,45.44266006,-75.67508052,3694
20--4251,2020/05/06,2:19 PM,LORNE GREENE WAY btwn HOWE ST & DON ST (__3ZAZ4A),__3ZAZ4A,01 - Non intersection,03 - P.D. only,06 - SMV unattended vehicle,01 - Clear,01 - Daylight,01 - Dry,10 - No control,,1,0,0,0,,0,,,,,359854.5867,5025077.393,45.36347833,-75.79722515,3695
20--4252,2020/05/06,2:37 PM,BASELINE RD @ ERINDALE DR (0003209),3209,02 - Intersection related,03 - P.D. only,04 - Sideswipe,01 - Clear,01 - Daylight,01 - Dry,02 - Stop sign,01 - Functioning,2,0,0,0,,0,,,,,363857.6784,5024575.515,45.35863667,-75.74618973,3696
20--4253,2020/05/06,4:59 PM,AMIENS ST @ TENTH LINE RD (0004168),4168,02 - Intersection related,02 - Non-fatal injury,03 - Rear end,01 - Clear,01 - Daylight,01 - Dry,01 - Traffic signal,01 - Functioning,2,0,0,0,01 - Minimal,2,2,,,,383352.7261,5037568.219,45.47362134,-75.49531821,3697
20--4254,2020/05/06,5:05 PM,FALLOWFIELD RD @ RICHMOND RD (0000634),634,03 - At intersection,02 - Non-fatal injury,05 - Turning movement,01 - Clear,01 - Daylight,01 - Dry,01 - Traffic signal,01 - Functioning,2,0,0,0,02 - Minor,1,,1,,,357721.6356,5013529.412,45.25973263,-75.82568382,3698
20--4255,2020/05/07,1:12 AM,TREMBLAY RD btwn RIVERSIDE DR & TRAIN STATION (__3ZBN0PA),__3ZBN0PA,01 - Non intersection,03 - P.D. only,07 - SMV other,01 - Clear,07 - Dark,01 - Dry,10 - No control,,1,0,0,0,,0,,,,,370857.0986,5031017.51,45.41597488,-75.65599637,3699
20--4256,2020/05/07,10:07 AM,FALLOWFIELD RD @ RICHMOND RD (0000634),634,03 - At intersection,03 - P.D. only,02 - Angle,01 - Clear,01 - Daylight,01 - Dry,01 - Traffic signal,01 - Functioning,2,0,0,0,,0,,,,,357721.6311,5013529.405,45.25973257,-75.82568388,3700
20--4257,2020/05/07,10:10 PM,LAURIER AVE @ NICHOLAS ST (0010711),10711,03 - At intersection,03 - P.D. only,05 - Turning movement,01 - Clear,07 - Dark,01 - Dry,01 - Traffic signal,01 - Functioning,2,0,0,0,,0,,,,,368373.641,5031798.259,45.42322984,-75.6876232,3701
20--4258,2020/05/07,10:24 AM,KEYWORTH AVE btwn PONTIAC ST & CLEARVIEW AVE (__3ZAAIK),__3ZAAIK,04 - At/near private drive,03 - P.D. only,07 - SMV other,01 - Clear,01 - Daylight,01 - Dry,10 - No control,,1,0,0,0,,0,,,,,363746.5888,5029619.815,45.40403385,-75.74700527,3702
20--4259,2020/05/07,10:24 AM,ISLAND PARK DR @ SCOTT ST (0002126),2126,02 - Intersection related,03 - P.D. only,03 - Rear end,01 - Clear,01 - Daylight,01 - Dry,01 - Traffic signal,01 - Functioning,2,0,0,0,,0,,,,,363833.6703,5029040.549,45.39881439,-75.74596231,3703
20--426,2020/01/10,8:54 PM,CUMMINGS AVE @ DONALD ST (0009936),9936,03 - At intersection,02 - Non-fatal injury,07 - SMV other,03 - Snow,07 - Dark,02 - Wet,01 - Traffic signal,01 - Functioning,1,0,0,1,02 - Minor,1,,1,,,372650.7112,5032411.574,45.42834638,-75.6328902,3704
20--4260,2020/05/07,12:53 PM,BRIAN COBURN BLVD @ MER BLEUE RD (0014363),14363,03 - At intersection,03 - P.D. only,04 - Sideswipe,01 - Clear,01 - Daylight,01 - Dry,11 - Roundabout,01 - Functioning,2,0,0,0,,0,,,,,383150.8189,5034441.164,45.44550953,-75.49839849,3705
20--4261,2020/05/07,3:15 PM,HIGHWAY 417 btwn HWY417 IC126 RAMP61 & HWY417 IC124 RAMP76 (__3ZA2Y2),__3ZA2Y2,01 - Non intersection,03 - P.D. only,03 - Rear end,01 - Clear,01 - Daylight,01 - Dry,10 - No control,,3,0,0,0,,0,,,,,364111.4306,5027125.966,45.38156384,-75.74264491,3706
20--4262,2020/05/07,4:49 PM,KENT ST btwn FLORENCE ST & GLADSTONE AVE (__3ZA3P0),__3ZA3P0,01 - Non intersection,03 - P.D. only,04 - Sideswipe,01 - Clear,01 - Daylight,01 - Dry,10 - No control,,2,0,0,0,,0,,,,,367742.4771,5030463.218,45.41127464,-75.69585827,3707
20--4263,2020/05/07,5:59 PM,DALY AVE @ NICHOLAS ST (0011451),11451,03 - At intersection,03 - P.D. only,02 - Angle,01 - Clear,01 - Daylight,01 - Dry,01 - Traffic signal,01 - Functioning,2,0,0,0,,0,,,,,368227.6976,5032046.574,45.42547734,-75.68945598,3708
20--4264,2020/05/07,6:00 PM,RIVER RD @ 175 N OF EARL ARMSTRONG/LOBLAWS SC (0012471),12471,03 - At intersection,03 - P.D. only,02 - Angle,01 - Clear,01 - Daylight,01 - Dry,01 - Traffic signal,01 - Functioning,2,0,0,0,,0,,,,,367639.9317,5014847.037,45.27077252,-75.69915174,3709
20--4265,2020/05/07,6:10 AM,LANCASTER RD @ WALKLEY RD (0003130),3130,03 - At intersection,03 - P.D. only,05 - Turning movement,01 - Clear,01 - Daylight,01 - Dry,01 - Traffic signal,01 - Functioning,2,0,0,0,,0,,,,,374908.7384,5028602.548,45.39385207,-75.6045786,3710
20--4266,2020/05/07,8:00 PM,HIGHWAY 417 btwn HWY417 IC134 RAMP61 & HWY417 IC131 RAMP66 (__3ZA297),__3ZA297,01 - Non intersection,03 - P.D. only,07 - SMV other,01 - Clear,05 - Dusk,01 - Dry,10 - No control,,1,0,0,0,,0,,,,,357432.8763,5022698.354,45.34225764,-75.82838948,3711
20--4267,2020/05/07,9:13 AM,CATHERINE ST @ METCALFE ST (0011239),11239,03 - At intersection,03 - P.D. only,02 - Angle,01 - Clear,01 - Daylight,01 - Dry,01 - Traffic signal,01 - Functioning,2,0,0,0,,0,,,,,368393.6983,5030486.574,45.41142592,-75.68753621,3712
20--4268,2020/05/07,9:30 AM,ALPINE AVE @ CARLING AVE (0011382),11382,02 - Intersection related,03 - P.D. only,03 - Rear end,01 - Clear,01 - Daylight,01 - Dry,01 - Traffic signal,01 - Functioning,2,0,0,0,,0,,,,,360496.6735,5024942.509,45.36221393,-75.78904471,3713
20--4269,2020/05/07,9:59 AM,GLADSTONE AVE @ ROSEMOUNT AVE (0006156),6156,03 - At intersection,02 - Non-fatal injury,02 - Angle,01 - Clear,01 - Daylight,01 - Dry,02 - Stop sign,01 - Functioning,2,0,0,0,01 - Minimal,2,2,,,,365453.6927,5029222.562,45.40031363,-75.72524924,3714
20--427,2020/01/10,8:59 AM,FISHER AVE @ MEADOWLANDS DR (0002120),2120,03 - At intersection,03 - P.D. only,05 - Turning movement,01 - Clear,01 - Daylight,01 - Dry,01 - Traffic signal,01 - Functioning,2,0,0,0,,0,,,,,366575.0699,5025045.446,45.36263085,-75.71144953,3715
20--4270,2020/05/08,10:48 AM,CARLING AVE @ PRESTON ST (0002161),2161,03 - At intersection,02 - Non-fatal injury,02 - Angle,01 - Clear,01 - Daylight,01 - Dry,01 - Traffic signal,01 - Functioning,2,0,0,0,01 - Minimal,2,2,,,,366829.7123,5028935.552,45.39761062,-75.70771063,3716
20--4271,2020/05/08,11:05 PM,ARCHIBALD ST @ CARLING AVE (0006989),6989,02 - Intersection related,03 - P.D. only,07 - SMV other,01 - Clear,07 - Dark,01 - Dry,02 - Stop sign,01 - Functioning,1,0,0,0,,0,,,,,364637.8421,5027537.598,45.38522286,-75.73587379,3717
20--4272,2020/05/08,11:20 AM,STRANDHERD DR @ CLARIDGE DR (0010893),10893,02 - Intersection related,03 - P.D. only,03 - Rear end,01 - Clear,01 - Daylight,01 - Dry,01 - Traffic signal,01 - Functioning,2,0,0,0,,0,,,,,364949.0241,5015381.097,45.27581329,-75.7333775,3718
20--4273,2020/05/08,Unknown,KEENAN AVE btwn GAINSBOROUGH AVE & WINDERMERE AVE (__3ZBOPK),__3ZBOPK,01 - Non intersection,03 - P.D. only,06 - SMV unattended vehicle,01 - Clear,00 - Unknown,01 - Dry,10 - No control,,1,0,0,0,,0,,,,,362390.8949,5027097.32,45.38144964,-75.76461614,3719
20--4274,2020/05/08,12:57 PM,CARLING AVE @ IROQUOIS RD (0003145),3145,03 - At intersection,02 - Non-fatal injury,02 - Angle,01 - Clear,01 - Daylight,01 - Dry,01 - Traffic signal,01 - Functioning,2,0,0,0,02 - Minor,1,,1,,,362213.688,5026025.526,45.3718203,-75.76700333,3720
20--4275,2020/05/08,3:40 PM,HOPEWELL AVE btwn GROSVENOR AVE & BANK ST (__3ZA9HB),__3ZA9HB,04 - At/near private drive,03 - P.D. only,02 - Angle,01 - Clear,01 - Daylight,01 - Dry,10 - No control,,2,0,0,0,,0,,,,,368621.5179,5028418.644,45.39279861,-75.68489353,3721
20--4276,2020/05/08,4:40 PM,HIGHWAY 417 btwn HWY417 IC127 RAMP25 & HWY417 IC126 RAMP51 (__3ZA2XA),__3ZA2XA,01 - Non intersection,02 - Non-fatal injury,03 - Rear end,01 - Clear,01 - Daylight,01 - Dry,10 - No control,,2,0,0,0,02 - Minor,2,,2,,,362520.1762,5025137.531,45.36380503,-75.76319449,3722
20--4277,2020/05/08,5:25 AM,DWYER HILL RD btwn O'NEIL RD & ROGER STEVENS DR (__3ZA429),__3ZA429,01 - Non intersection,03 - P.D. only,07 - SMV other,01 - Clear,03 - Dawn,01 - Dry,10 - No control,,1,0,0,0,,0,,,,,354045.4591,4989664.269,45.04525036,-75.87487414,3723
20--4278,2020/05/08,5:30 PM,CARLING AVE @ CROYDON AVE (0002642),2642,02 - Intersection related,03 - P.D. only,03 - Rear end,01 - Clear,01 - Daylight,01 - Dry,01 - Traffic signal,01 - Functioning,2,0,0,0,,0,,,,,360658.6695,5025042.508,45.36310083,-75.78696573,3724
20--4279,2020/05/08,6:35 AM,BREN-MAUR RD btwn TEMAGAMI DR & EISENHOWER CRES (__3ZAA7E),__3ZAA7E,01 - Non intersection,02 - Non-fatal injury,07 - SMV other,01 - Clear,01 - Daylight,01 - Dry,10 - No control,,1,0,0,0,03 - Major,2,,1,1,,365813.8843,5014377.901,45.26671205,-75.72247881,3725
20--428,2020/01/10,9:00 AM,CENTREPOINTE DR @ CONSTELLATION CRES S (0010246),10246,03 - At intersection,03 - P.D. only,02 - Angle,01 - Clear,01 - Daylight,01 - Dry,02 - Stop sign,01 - Functioning,2,0,0,0,,0,,,,,362377.0342,5023120.738,45.34566985,-75.76525645,3726
20--4280,2020/05/08,9:09 PM,HIGHWAY 417 btwn HWY417 IC118 RAMP35 & HWY417 IC117 RAMP51 (__3ZA2YP),__3ZA2YP,01 - Non intersection,03 - P.D. only,04 - Sideswipe,01 - Clear,07 - Dark,01 - Dry,10 - No control,,2,0,0,0,,0,,,,,370193.6692,5031101.122,45.4167895,-75.66446093,3727
20--4383,2020/05/16,2:39 AM,BERRIGAN DR btwn PLUMAS GT & WANSTEAD GT (__4O3JOK),__4O3JOK,01 - Non intersection,03 - P.D. only,06 - SMV unattended vehicle,01 - Clear,07 - Dark,01 - Dry,10 - No control,,1,0,0,0,,0,,,,,364919.6732,5015926.661,45.28072477,-75.73368548,3728
20--4384,2020/05/16,3:09 PM,BOOTH ST @ SIR JOHN A. MACDONALD PKWY/WELLINGTON ST (0012252),12252,03 - At intersection,03 - P.D. only,05 - Turning movement,01 - Clear,01 - Daylight,01 - Dry,01 - Traffic signal,01 - Functioning,2,0,0,0,,0,,,,,366264.2559,5031006.684,45.41629599,-75.71467417,3729
20--4385,2020/05/16,3:13 PM,KING EDWARD AVE @ STEWART ST (0007754),7754,02 - Intersection related,03 - P.D. only,04 - Sideswipe,01 - Clear,01 - Daylight,01 - Dry,01 - Traffic signal,01 - Functioning,2,0,0,0,,0,,,,,368634.7122,5032205.577,45.42687096,-75.68423465,3730
20--4386,2020/05/16,3:20 PM,MCARTHUR AVE btwn VANIER PKWY & ENFIELD AVE (__3ZA3WV),__3ZA3WV,01 - Non intersection,03 - P.D. only,05 - Turning movement,01 - Clear,01 - Daylight,01 - Dry,10 - No control,,2,0,0,0,,0,,,,,370247.7757,5032694.409,45.4311202,-75.66355799,3731
20--4387,2020/05/16,4:30 PM,ST. JOSEPH BLVD @ TENTH LINE RD (0009163),9163,02 - Intersection related,03 - P.D. only,03 - Rear end,01 - Clear,01 - Daylight,01 - Dry,01 - Traffic signal,01 - Functioning,2,0,0,0,,0,,,,,382890.8025,5038666.453,45.48355406,-75.50105066,3732
20--4388,2020/05/16,8:30 PM,QUIGLEY HILL RD @ REGIONAL RD 174 (0012884),12884,03 - At intersection,03 - P.D. only,02 - Angle,01 - Clear,05 - Dusk,01 - Dry,02 - Stop sign,01 - Functioning,2,0,0,0,,0,,,,,388373.7677,5042393.567,45.51645154,-75.43028878,3733
20--4389,2020/05/17,10:13 AM,GRANTS SIDE RD btwn FARMVIEW RD & DONALD B. MUNRO DR (__3ZACZF),__3ZACZF,01 - Non intersection,03 - P.D. only,07 - SMV other,01 - Clear,01 - Daylight,01 - Dry,10 - No control,,1,0,0,0,,0,,,,,331160.0139,5025660.974,45.37039607,-76.16347202,3734
20--439,2020/01/11,Unknown,RUSSELL AVE btwn SOMERSET ST E & TEMPLETON ST (__3ZA7G0),__3ZA7G0,01 - Non intersection,03 - P.D. only,06 - SMV unattended vehicle,03 - Snow,00 - Unknown,03 - Loose snow,10 - No control,,1,0,0,0,,0,,,,,369286.1485,5031808.904,45.42324209,-75.67596252,3735
20--4390,2020/05/17,Unknown,WOODFIELD DR btwn DOWNSVIEW CRES & MERIVALE RD (__3ZA00W),__3ZA00W,01 - Non intersection,03 - P.D. only,06 - SMV unattended vehicle,01 - Clear,00 - Unknown,01 - Dry,10 - No control,,1,0,0,0,,0,,,,,365290.93,5022247.019,45.337563,-75.72818221,3736
20--4391,2020/05/17,12:02 PM,CONROY RD @ HUNT CLUB RD (0002257),2257,03 - At intersection,03 - P.D. only,05 - Turning movement,01 - Clear,01 - Daylight,01 - Dry,01 - Traffic signal,01 - Functioning,2,0,0,0,,0,,,,,373763.7333,5025404.518,45.3651913,-75.61964741,3737
20--4392,2020/05/17,3:15 PM,KAKULU RD @ PICKFORD DR E (0003435),3435,03 - At intersection,03 - P.D. only,02 - Angle,01 - Clear,01 - Daylight,01 - Dry,02 - Stop sign,01 - Functioning,2,0,0,0,,0,,,,,353240.6192,5019048.472,45.30971734,-75.8822377,3738
20--4393,2020/05/17,3:30 PM,INNES RD @ TENTH LINE RD (0004633),4633,02 - Intersection related,02 - Non-fatal injury,03 - Rear end,01 - Clear,01 - Daylight,01 - Dry,01 - Traffic signal,01 - Functioning,2,0,0,0,01 - Minimal,2,2,,,,383951.7528,5036159.566,45.46087993,-75.48788477,3739
20--4394,2020/05/17,3:49 AM,PRINCE OF WALES DR btwn GREENBANK RD & BARNSDALE RD (__3ZA296),__3ZA296,01 - Non intersection,02 - Non-fatal injury,07 - SMV other,01 - Clear,07 - Dark,01 - Dry,10 - No control,,1,0,0,0,02 - Minor,1,,1,,,366195.403,5009592.722,45.22362181,-75.71820828,3740
20--4395,2020/05/17,4:24 PM,ANOKA ST @ BANK ST (0006957),6957,02 - Intersection related,02 - Non-fatal injury,04 - Sideswipe,01 - Clear,01 - Daylight,01 - Dry,02 - Stop sign,00 - Unknown,2,0,1,0,02 - Minor,1,,1,,,370022.7236,5026774.548,45.37787648,-75.66721694,3741
20--4396,2020/05/17,5:18 PM,CHURCHILL AVE @ RICHMOND RD (0002361),2361,02 - Intersection related,03 - P.D. only,03 - Rear end,01 - Clear,01 - Daylight,01 - Dry,01 - Traffic signal,01 - Functioning,2,0,0,0,,0,,,,,363227.6976,5028292.547,45.39213482,-75.75379033,3742
20--4397,2020/05/17,5:25 PM,SMYTH RD btwn CUBA AVE & RUSSELL RD (__3ZA3R2),__3ZA3R2,04 - At/near private drive,02 - Non-fatal injury,05 - Turning movement,01 - Clear,01 - Daylight,01 - Dry,10 - No control,,2,0,1,0,02 - Minor,2,,2,,,373128.1731,5029360.45,45.40084734,-75.62721212,3743
20--4398,2020/05/17,5:40 PM,HIGHWAY 417 btwn HWY417 IC115 RAMP25 & REGIONAL ROAD 174 (__3ZA2RY),__3ZA2RY,01 - Non intersection,03 - P.D. only,04 - Sideswipe,01 - Clear,01 - Daylight,01 - Dry,10 - No control,,2,0,0,0,,0,,,,,372921.8977,5031566.018,45.42071212,-75.62954187,3744
20--4399,2020/05/17,9:09 PM,INDUSTRIAL AVE @ RIVERSIDE DR (0011905),11905,02 - Intersection related,02 - Non-fatal injury,03 - Rear end,01 - Clear,07 - Dark,01 - Dry,01 - Traffic signal,01 - Functioning,2,0,0,0,01 - Minimal,1,1,,,,370684.7338,5030592.558,45.41216758,-75.65825523,3745
20--44,2020/01/02,5:20 PM,HIGHWAY 417 btwn HWY417 IC121A RAMP16 & HWY417 IC121A RAMP61 (__3ZA2YY),__3ZA2YY,01 - Non intersection,03 - P.D. only,03 - Rear end,01 - Clear,05 - Dusk,01 - Dry,10 - No control,,2,0,0,0,,0,,,,,367215.884,5029740.934,45.4048229,-75.70267671,3746
20--440,2020/01/11,12:00 PM,AVIATION PKWY @ OGILVIE RD (0004114),4114,02 - Intersection related,03 - P.D. only,03 - Rear end,02 - Rain,01 - Daylight,02 - Wet,01 - Traffic signal,00 - Unknown,2,0,0,0,,0,,,,,373110.7039,5032376.594,45.42798688,-75.62701719,3747
20--4400,2020/05/18,1:45 PM,MCARTHUR AVE @ VANIER PKWY (0004626),4626,02 - Intersection related,03 - P.D. only,03 - Rear end,01 - Clear,01 - Daylight,01 - Dry,01 - Traffic signal,01 - Functioning,2,0,0,0,,0,,,,,370218.7049,5032690.582,45.43108848,-75.66392999,3748
20--4401,2020/05/18,Unknown,FRASER AVE btwn TILLBURY AVE & SHERBOURNE RD (__3ZBOPP),__3ZBOPP,01 - Non intersection,03 - P.D. only,06 - SMV unattended vehicle,01 - Clear,00 - Unknown,01 - Dry,10 - No control,,1,0,0,0,,0,,,,,362865.7293,5026690.811,45.37775273,-75.75860124,3749
20--4402,2020/05/18,Unknown,HARESFIELD CRT btwn END & VISION ST (__86L650),__86L650,01 - Non intersection,03 - P.D. only,06 - SMV unattended vehicle,01 - Clear,00 - Unknown,01 - Dry,10 - No control,,1,0,0,0,,0,,,,,367585.526,5014086.415,45.26393336,-75.69994118,3750
20--4403,2020/05/18,3:15 PM,CABIN RD @ GORDON MURDOCK RD (0005821),5821,02 - Intersection related,03 - P.D. only,07 - SMV other,01 - Clear,01 - Daylight,01 - Dry,02 - Stop sign,00 - Unknown,1,0,0,0,,0,,,,,375666.7983,5002663.292,45.16038296,-75.59860103,3751
20--4404,2020/05/18,3:48 PM,HIGHWAY 417 btwn HWY417 IC119B RAMP57 & HWY417 IC119A RAMP75 (__3ZA1QN),__3ZA1QN,01 - Non intersection,03 - P.D. only,04 - Sideswipe,01 - Clear,01 - Daylight,02 - Wet,10 - No control,,2,0,0,0,,0,,,,,368603.7078,5030522.626,45.41173119,-75.68484876,3752
20--4405,2020/05/18,4:15 PM,CARLING AVE @ FAIRLAWN AVE/WOODROFFE AVE E (0002393),2393,02 - Intersection related,03 - P.D. only,03 - Rear end,01 - Clear,01 - Daylight,01 - Dry,01 - Traffic signal,01 - Functioning,2,0,0,0,,0,,,,,361934.6841,5025830.528,45.37008852,-75.77058762,3753
20--4406,2020/05/18,5:46 PM,CYRVILLE RD @ STAR TOP RD (0004210),4210,03 - At intersection,03 - P.D. only,07 - SMV other,01 - Clear,01 - Daylight,01 - Dry,01 - Traffic signal,01 - Functioning,1,0,0,0,,0,,,,,373829.7362,5031518.562,45.42019615,-75.61794958,3754
20--4407,2020/05/19,1:03 PM,ISABELLA ST/HWY417 IC119AR75 @ METCALFE ST (0011380),11380,02 - Intersection related,02 - Non-fatal injury,03 - Rear end,01 - Clear,01 - Daylight,01 - Dry,01 - Traffic signal,01 - Functioning,3,0,0,0,01 - Minimal,2,2,,,,368448.6951,5030399.559,45.41063799,-75.68684488,3755
20--4408,2020/05/19,1:12 PM,BESSERER ST @ WALLER ST (0008859),8859,02 - Intersection related,03 - P.D. only,04 - Sideswipe,01 - Clear,01 - Daylight,01 - Dry,01 - Traffic signal,01 - Functioning,2,0,0,0,,0,,,,,368315.9319,5032191.976,45.42677761,-75.6883098,3756
20--4409,2020/05/19,11:18 AM,EDEN AVE @ RICHMOND RD (0006991),6991,03 - At intersection,03 - P.D. only,02 - Angle,01 - Clear,01 - Daylight,01 - Dry,02 - Stop sign,01 - Functioning,2,0,0,0,,0,,,,,363331.4517,5028360.578,45.39273829,-75.75245728,3757
20--441,2020/01/11,12:02 AM,RIVERSIDE DR NB btwn FROBISHER LANE & HINCKS LANE (__3ZAZR1),__3ZAZR1,01 - Non intersection,03 - P.D. only,04 - Sideswipe,03 - Snow,07 - Dark,05 - Packed snow,10 - No control,,2,0,0,0,,0,,,,,370144.2409,5029683.128,45.40403555,-75.66528037,3758
20--4410,2020/05/19,Unknown,DENVER AVE btwn TAMPA AVE & ORLANDO AVE (__3ZA9PQ),__3ZA9PQ,04 - At/near private drive,03 - P.D. only,06 - SMV unattended vehicle,01 - Clear,00 - Unknown,01 - Dry,10 - No control,,1,0,0,0,,0,,,,,370567.3357,5027212.439,45.38176557,-75.66020559,3759
20--4411,2020/05/19,12:00 PM,HOLLAND AVE btwn WELLINGTON ST W & BYRON AVE (__3ZA4PY),__3ZA4PY,01 - Non intersection,03 - P.D. only,06 - SMV unattended vehicle,01 - Clear,01 - Daylight,01 - Dry,10 - No control,,1,0,0,0,,0,,,,,364995.5028,5029002.581,45.39837383,-75.73112818,3760
20--4412,2020/05/19,12:30 PM,CATHERINE ST @ METCALFE ST (0011239),11239,02 - Intersection related,03 - P.D. only,04 - Sideswipe,01 - Clear,01 - Daylight,01 - Dry,01 - Traffic signal,01 - Functioning,2,0,0,0,,0,,,,,368393.7068,5030486.56,45.41142579,-75.6875361,3761