Anom_ID,Accident_Date,Accident_Time,Location,Geo_ID,Accident_Location,Classification_of_Accident,Initial_Impact_Type,Environment_Condition,Light,Road_Surface_Condition,Traffic_Control,Traffic_Control_Condition,No__of_Vehicles,No__of_Bicycles,No__of_Motorcycles,No__of_Pedestrians,Max_Injury,No__of_Injuries,No__of_Minimal,No__of_Minor,No__of_Major,No__of_Fatal,X,Y,Latitude,Longitude,ObjectId
20--4413,2020/05/19,2:41 PM,HIGHWAY 417 btwn HWY417 IC124 RAMP76 & HWY417 IC124 RAMP67 (__3ZA2R7),__3ZA2R7,01 - Non intersection,02 - Non-fatal injury,99 - Other,01 - Clear,01 - Daylight,01 - Dry,10 - No control,,4,0,0,0,02 - Minor,2,,2,,,364318.78,5027390.154,45.38392337,-75.73996562,3762
20--4414,2020/05/19,2:55 PM,BERRIGAN DR @ LONGFIELDS DR (0010453),10453,03 - At intersection,03 - P.D. only,02 - Angle,01 - Clear,01 - Daylight,01 - Dry,11 - Roundabout,01 - Functioning,2,0,0,0,,0,,,,,364305.2368,5015646.353,45.27825484,-75.7415503,3763
20--4415,2020/05/19,3:27 PM,INNES RD @ STAR TOP RD/WINDMILL LANE (0008734),8734,03 - At intersection,02 - Non-fatal injury,05 - Turning movement,01 - Clear,01 - Daylight,01 - Dry,01 - Traffic signal,01 - Functioning,2,0,0,0,01 - Minimal,2,2,,,,374147.7073,5030666.568,45.4124989,-75.61400698,3764
20--4416,2020/05/19,5:08 AM,CHARLEMAGNE BLVD btwn MERKLEY DR & VALIN ST (__3ZA5U5),__3ZA5U5,01 - Non intersection,03 - P.D. only,07 - SMV other,01 - Clear,03 - Dawn,01 - Dry,10 - No control,,1,0,0,0,,0,,,,,384706.8025,5037691.579,45.47457759,-75.47798239,3765
20--4417,2020/05/19,5:26 PM,RICHMOND RD btwn ROBERTSON RD & STINSON AVE (__3ZA4YR),__3ZA4YR,01 - Non intersection,03 - P.D. only,03 - Rear end,01 - Clear,01 - Daylight,01 - Dry,10 - No control,,2,0,0,0,,0,,,,,357709.6729,5020829.752,45.325423,-75.82505749,3766
20--4418,2020/05/19,5:30 AM,HIGHWAY 416 btwn HWY416 IC75A RAMP26 & HWY416 IC72 RAMP62 (__3ZAZLF),__3ZAZLF,01 - Non intersection,03 - P.D. only,07 - SMV other,01 - Clear,03 - Dawn,01 - Dry,10 - No control,,1,0,0,0,,0,,,,,359239.9715,5020297.453,45.32051633,-75.80559616,3767
20--4419,2020/05/19,7:33 AM,DESCHAMPS AVE @ HANNAH ST (0009996),9996,03 - At intersection,03 - P.D. only,02 - Angle,01 - Clear,01 - Daylight,01 - Dry,02 - Stop sign,01 - Functioning,2,0,0,0,,0,,,,,370163.6979,5033319.592,45.4367532,-75.66454941,3768
20--442,2020/01/11,12:25 PM,STRANDHERD DR @ 215 W OF GREENBANK RD/BARRHAVE (0005413),5413,02 - Intersection related,03 - P.D. only,03 - Rear end,02 - Rain,01 - Daylight,02 - Wet,01 - Traffic signal,01 - Functioning,2,0,0,0,,0,,,,,363743.8526,5014679.36,45.26960111,-75.74881985,3769
20--4420,2020/05/19,8:00 AM,KILBIRNIE DR @ ROBIN EASEY AVE (0019177),19177,03 - At intersection,03 - P.D. only,02 - Angle,01 - Clear,01 - Daylight,01 - Dry,02 - Stop sign,01 - Functioning,2,0,0,0,,0,,,,,364694.3644,5011322.185,45.23931286,-75.73711218,3770
20--4421,2020/05/19,8:30 AM,COOPER ST btwn O'CONNOR ST & METCALFE ST (__3ZA9UP),__3ZA9UP,01 - Non intersection,03 - P.D. only,06 - SMV unattended vehicle,01 - Clear,01 - Daylight,01 - Dry,10 - No control,,1,0,0,0,,0,,,,,367864.9123,5031119.507,45.4171687,-75.69421023,3771
20--4422,2020/05/19,9:22 AM,BANK ST @ JOHNSTON RD (0006967),6967,03 - At intersection,03 - P.D. only,05 - Turning movement,01 - Clear,01 - Daylight,01 - Dry,01 - Traffic signal,01 - Functioning,2,0,0,0,,0,,,,,370851.7317,5024839.535,45.36038822,-75.65689178,3772
20--4423,2020/05/20,10:30 AM,PRINCE OF WALES DR @ WEST HUNT CLUB RD (0000567),567,02 - Intersection related,03 - P.D. only,03 - Rear end,01 - Clear,01 - Daylight,01 - Dry,01 - Traffic signal,01 - Functioning,2,0,0,0,,0,,,,,367458.7055,5021891.492,45.33417379,-75.70057073,3773
20--4424,2020/05/20,10:34 AM,GREENBANK RD @ MARKETPLACE AVE (0010406),10406,02 - Intersection related,03 - P.D. only,03 - Rear end,01 - Clear,01 - Daylight,01 - Dry,01 - Traffic signal,01 - Functioning,2,0,0,0,,0,,,,,364008.3526,5014602.187,45.26888449,-75.74545855,3774
20--4425,2020/05/20,11:01 AM,DUNROBIN RD @ MARCH RD (0003175),3175,02 - Intersection related,02 - Non-fatal injury,03 - Rear end,01 - Clear,01 - Daylight,01 - Dry,01 - Traffic signal,01 - Functioning,2,0,0,0,01 - Minimal,1,1,,,,347174.596,5026065.536,45.37325108,-75.95899284,3775
20--4426,2020/05/20,11:26 AM,HALTON TERR/MAXWELL BRIDGE RD @ MARCH RD (0011852),11852,03 - At intersection,03 - P.D. only,02 - Angle,01 - Clear,01 - Daylight,01 - Dry,01 - Traffic signal,01 - Functioning,2,0,0,0,,0,,,,,348932.6059,5024422.515,45.35835832,-75.93669571,3776
20--4427,2020/05/20,11:57 AM,MARCH RD @ UPPER DWYER HILL RD (0010832),10832,02 - Intersection related,03 - P.D. only,99 - Other,01 - Clear,01 - Daylight,01 - Dry,01 - Traffic signal,01 - Functioning,2,0,0,0,,0,,,,,334081.4395,5014291.501,45.26797156,-76.12684823,3777
20--4428,2020/05/20,12:54 PM,STRANDHERD DR @ LONGFIELDS DR (0010935),10935,02 - Intersection related,03 - P.D. only,03 - Rear end,01 - Clear,01 - Daylight,01 - Dry,01 - Traffic signal,01 - Functioning,2,0,0,0,,0,,,,,364548.805,5015173.323,45.27397786,-75.738503,3778
20--4287,2020/05/09,5:29 AM,WALKLEY RD btwn LANCASTER RD & SHEFFIELD RD (__3ZA1UM),__3ZA1UM,01 - Non intersection,03 - P.D. only,07 - SMV other,01 - Clear,03 - Dawn,01 - Dry,10 - No control,,1,0,0,0,,0,,,,,374998.7976,5028649.174,45.39426257,-75.60342188,3779
20--4429,2020/05/20,2:10 PM,TRAIL RD btwn CAMBRIAN RD & BARNSDALE RD (__3ZABMJ),__3ZABMJ,01 - Non intersection,03 - P.D. only,99 - Other,01 - Clear,01 - Daylight,01 - Dry,10 - No control,,2,0,0,0,,0,,,,,361827.3864,5010674.775,45.23372545,-75.77370072,3780
20--443,2020/01/11,12:45 PM,KIRKWOOD AVE @ RICHMOND RD (0002080),2080,02 - Intersection related,03 - P.D. only,04 - Sideswipe,02 - Rain,01 - Daylight,02 - Wet,01 - Traffic signal,01 - Functioning,2,0,0,0,,0,,,,,363778.6936,5028641.556,45.39522895,-75.74671217,3781
20--4430,2020/05/20,2:20 PM,KANATA AVE @ LORD BYNG WAY/MARITIME WAY (0009115),9115,02 - Intersection related,03 - P.D. only,03 - Rear end,01 - Clear,01 - Daylight,01 - Dry,01 - Traffic signal,01 - Functioning,2,0,0,0,,0,,,,,351429.9818,5019331.311,45.31238495,-75.90530084,3782
20--4431,2020/05/20,2:30 PM,ST. JOSEPH BLVD/OLD MONTREAL RD @ TRIM RD (0004118),4118,03 - At intersection,03 - P.D. only,04 - Sideswipe,01 - Clear,01 - Daylight,01 - Dry,11 - Roundabout,00 - Unknown,2,0,0,0,,0,,,,,384682.7383,5039285.578,45.4889216,-75.47803085,3783
20--4432,2020/05/20,2:30 PM,BRAMBLING WAY btwn TOWHEE PL & TOWHEE PL (__8JUTEW),__8JUTEW,04 - At/near private drive,03 - P.D. only,06 - SMV unattended vehicle,01 - Clear,01 - Daylight,01 - Dry,10 - No control,,1,0,0,0,,0,,,,,364874.583,5012441.96,45.24937328,-75.73468162,3784
20--4433,2020/05/20,2:37 PM,FALLOWFIELD RD @ RICHMOND RD (0000634),634,03 - At intersection,03 - P.D. only,02 - Angle,01 - Clear,01 - Daylight,01 - Dry,01 - Traffic signal,01 - Functioning,2,0,0,0,,0,,,,,357721.6476,5013529.42,45.2597327,-75.82568367,3785
20--4434,2020/05/20,3:35 PM,WEST HUNT CLUB RD btwn PRINCE OF WALES DR & HUNT CLUB RD (__3ZA2T4),__3ZA2T4,01 - Non intersection,03 - P.D. only,03 - Rear end,01 - Clear,01 - Daylight,01 - Dry,10 - No control,,2,0,0,0,,0,,,,,367630.811,5021883.752,45.33408876,-75.69837613,3786
20--4435,2020/05/20,4:00 PM,WEST HUNT CLUB RD EB btwn ROYDON PL/SUNDERLAND ST & 545 E OF ROYDON PL (__3ZA3JPA),__3ZA3JPA,01 - Non intersection,03 - P.D. only,04 - Sideswipe,01 - Clear,01 - Daylight,01 - Dry,10 - No control,,2,0,0,0,,0,,,,,366210.6278,5022304.746,45.33800253,-75.7164415,3787
20--4436,2020/05/20,5:09 PM,ROCKCLIFFE PKWY btwn GL/OT BOUNDARY & ST. JOSEPH BLVD (__3ZA21V),__3ZA21V,01 - Non intersection,03 - P.D. only,07 - SMV other,01 - Clear,01 - Daylight,01 - Dry,10 - No control,,1,0,0,0,,0,,,,,377619.7238,5036724.86,45.46665475,-75.56875759,3788
20--4437,2020/05/20,5:58 PM,VANIER PKWY NB btwn MONTREAL RD & MCARTHUR AVE (__3ZA4SS),__3ZA4SS,01 - Non intersection,03 - P.D. only,03 - Rear end,01 - Clear,01 - Daylight,01 - Dry,10 - No control,,3,0,0,0,,0,,,,,370215.3721,5032709.922,45.43126281,-75.66397001,3789
20--4438,2020/05/20,6:00 PM,RUSSLAND RD btwn ROCKDALE RD & DUNNING RD (__3ZA3KV),__3ZA3KV,04 - At/near private drive,03 - P.D. only,05 - Turning movement,01 - Clear,01 - Daylight,01 - Dry,10 - No control,,2,0,0,0,,0,,,,,396580.5934,5022730.175,45.33851477,-75.32893005,3790
20--4439,2020/05/20,6:10 PM,ALBION RD btwn DES MESANGES DR & FORGE ST (__3ZA9W0),__3ZA9W0,01 - Non intersection,03 - P.D. only,03 - Rear end,01 - Clear,01 - Daylight,01 - Dry,10 - No control,,3,0,0,0,,0,,,,,372021.5046,5023943.037,45.35221066,-75.64208395,3791
20--444,2020/01/11,12:51 PM,HIGHWAY 417 btwn HWY417 IC110 RAMP55 & HWY417 IC104 RAMP51 (__3ZA2W8),__3ZA2W8,01 - Non intersection,03 - P.D. only,04 - Sideswipe,02 - Rain,01 - Daylight,02 - Wet,10 - No control,,2,0,0,0,,0,,,,,379494.3368,5026027.099,45.37020569,-75.54640939,3792
20--4440,2020/05/20,6:19 AM,BERRIGAN DR btwn CROXLEY WAY & CLARIDGE DR (__4O3JPX),__4O3JPX,01 - Non intersection,03 - P.D. only,06 - SMV unattended vehicle,01 - Clear,03 - Dawn,01 - Dry,10 - No control,,1,0,0,0,,0,,,,,364429.8508,5015718.328,45.27889191,-75.73995347,3793
20--4441,2020/05/20,6:24 PM,RICHMOND RD @ WOODROFFE AVE (0011466),11466,02 - Intersection related,03 - P.D. only,03 - Rear end,01 - Clear,01 - Daylight,01 - Dry,01 - Traffic signal,01 - Functioning,2,0,0,0,,0,,,,,361584.6868,5026654.522,45.3775312,-75.77496078,3794
20--4442,2020/05/20,6:37 AM,RIVER ST btwn OTTAWA RIVER PKWY & END (__3ZA0PR),__3ZA0PR,04 - At/near private drive,02 - Non-fatal injury,02 - Angle,01 - Clear,01 - Daylight,01 - Dry,10 - No control,,2,0,1,0,02 - Minor,1,,1,,,365027.1202,5030544.161,45.4122419,-75.73053607,3795
20--4443,2020/05/20,6:45 PM,VANIER PKWY NB btwn MONTREAL RD & MCARTHUR AVE (__3ZA4SS),__3ZA4SS,01 - Non intersection,02 - Non-fatal injury,03 - Rear end,01 - Clear,01 - Daylight,01 - Dry,10 - No control,,4,0,0,0,01 - Minimal,2,2,,,,370218.3315,5032692.758,45.4311081,-75.66393447,3796
20--4444,2020/05/20,7:30 AM,LEEDS AVE @ SHEFFIELD RD (0007680),7680,03 - At intersection,03 - P.D. only,02 - Angle,01 - Clear,01 - Daylight,01 - Dry,03 - Yield sign,01 - Functioning,2,0,0,0,,0,,,,,374862.7333,5029550.56,45.40238641,-75.60503145,3797
20--4445,2020/05/20,8:15 AM,PRINCE OF WALES DR btwn WATERBRIDGE DR & CRESTWAY DR (__3ZA294),__3ZA294,01 - Non intersection,03 - P.D. only,07 - SMV other,01 - Clear,01 - Daylight,01 - Dry,10 - No control,,1,0,0,0,,0,,,,,367359.5327,5016453.614,45.28525336,-75.70252239,3798
20--4446,2020/05/20,9:10 AM,RIVERSIDE DR @ TREMBLAY RD/HWY417 IC117 RAMP52 (0010790),10790,02 - Intersection related,03 - P.D. only,03 - Rear end,01 - Clear,01 - Daylight,01 - Dry,01 - Traffic signal,01 - Functioning,2,0,0,0,,0,,,,,370802.0853,5031015.91,45.41596568,-75.65669941,3799
20--4447,2020/05/21,1:12 PM,RIVERSIDE DR @ TREMBLAY RD/HWY417 IC117 RAMP52 (0010790),10790,02 - Intersection related,03 - P.D. only,03 - Rear end,01 - Clear,01 - Daylight,01 - Dry,01 - Traffic signal,01 - Functioning,2,0,0,0,,0,,,,,370802.0789,5031015.917,45.41596574,-75.65669949,3800
20--4448,2020/05/21,1:22 PM,CATHERINE ST @ KENT ST (0002707),2707,03 - At intersection,03 - P.D. only,05 - Turning movement,01 - Clear,01 - Daylight,01 - Dry,01 - Traffic signal,01 - Functioning,2,0,0,0,,0,,,,,367907.7091,5030188.557,45.40878845,-75.69378266,3801
20--4449,2020/05/21,10:33 AM,WINDMILL LANE btwn STAR TOP RD & END (__3ZA1FH),__3ZA1FH,01 - Non intersection,03 - P.D. only,01 - Approaching,01 - Clear,01 - Daylight,01 - Dry,10 - No control,,2,0,0,0,,0,,,,,374168.7567,5030635.879,45.41222069,-75.6137424,3802
20--445,2020/01/11,2:05 PM,DALHOUSIE ST btwn YORK ST & GEORGE ST (__3ZBOX1),__3ZBOX1,04 - At/near private drive,03 - P.D. only,02 - Angle,02 - Rain,01 - Daylight,02 - Wet,10 - No control,,2,0,0,0,,0,,,,,368104.543,5032402.438,45.42869043,-75.69098388,3803
20--4450,2020/05/21,10:35 AM,STRANDHERD DR @ ANDORA AVE (0010895),10895,02 - Intersection related,03 - P.D. only,03 - Rear end,01 - Clear,01 - Daylight,01 - Dry,01 - Traffic signal,01 - Functioning,2,0,0,0,,0,,,,,363229.4604,5014304.093,45.26626737,-75.75541885,3804
20--4451,2020/05/21,11:00 AM,REGIONAL ROAD 174 btwn QUIGLEY HILL RD & REGIONAL ROAD 174 DIVIDED (__3ZA2Y5),__3ZA2Y5,01 - Non intersection,03 - P.D. only,07 - SMV other,01 - Clear,01 - Daylight,01 - Dry,10 - No control,,1,0,0,0,,0,,,,,388126.4049,5042388.771,45.516438,-75.43345519,3805
20--4452,2020/05/21,11:10 AM,LAUZON ST btwn SUNLAND DR & SUNLAND DR (__3ZA5U6),__3ZA5U6,04 - At/near private drive,03 - P.D. only,02 - Angle,01 - Clear,01 - Daylight,01 - Dry,10 - No control,,2,0,0,0,,0,,,,,384822.4093,5037046.734,45.46876265,-75.47660902,3806
20--4453,2020/05/21,Unknown,DE L'ESTURGEON ST btwn MALACHIGAN CRES & MALACHIGAN CRES (e___2JXJ),e___2JXJ,01 - Non intersection,03 - P.D. only,06 - SMV unattended vehicle,01 - Clear,00 - Unknown,01 - Dry,10 - No control,,1,0,0,0,,0,,,,,383867.878,5034069.865,45.44208816,-75.48929301,3807
20--4454,2020/05/21,2:04 PM,EAGLESON RD @ MICHAEL COWPLAND DR/STONEHAVEN D (0003544),3544,02 - Intersection related,03 - P.D. only,03 - Rear end,01 - Clear,01 - Daylight,01 - Dry,01 - Traffic signal,01 - Functioning,2,0,0,0,,0,,,,,354382.6267,5016623.427,45.28781659,-75.86791709,3808
20--4455,2020/05/21,3:05 AM,HIGHWAY 417 btwn HWY417 IC129 RAMP25 & TRANSIT (__3ZA2SH),__3ZA2SH,01 - Non intersection,02 - Non-fatal injury,07 - SMV other,01 - Clear,07 - Dark,01 - Dry,10 - No control,,1,0,0,0,02 - Minor,1,,1,,,360915.5381,5023885.208,45.35266698,-75.78381844,3809
20--4456,2020/05/21,3:10 PM,PRINCE OF WALES DR @ WATERBRIDGE DR (0009687),9687,03 - At intersection,03 - P.D. only,99 - Other,01 - Clear,01 - Daylight,01 - Dry,01 - Traffic signal,01 - Functioning,2,0,0,0,,0,,,,,367315.3673,5015945.735,45.28068744,-75.70314931,3810
20--4457,2020/05/21,3:15 PM,HIGHWAY 417 btwn HWY417 IC126 RAMP25 & HWY417 IC124 RAMP57 (__3ZA2R5),__3ZA2R5,01 - Non intersection,03 - P.D. only,03 - Rear end,01 - Clear,01 - Daylight,01 - Dry,10 - No control,,3,0,0,0,,0,,,,,363728.65,5026581.914,45.37670084,-75.74759719,3811
20--4458,2020/05/21,4:57 PM,RUSSELL RD btwn BELGREEN DR & BLAKE RD (__3ZA2DC),__3ZA2DC,04 - At/near private drive,02 - Non-fatal injury,05 - Turning movement,01 - Clear,01 - Daylight,01 - Dry,10 - No control,,2,0,1,0,02 - Minor,1,,1,,,376491.1947,5027169.188,45.38079525,-75.58457841,3812
20--4459,2020/05/21,5:42 PM,MONTREAL RD @ VANIER PKWY (0004630),4630,02 - Intersection related,03 - P.D. only,03 - Rear end,01 - Clear,01 - Daylight,01 - Dry,01 - Traffic signal,01 - Functioning,2,0,0,0,,0,,,,,370072.7284,5033065.598,45.43447636,-75.6657457,3813
20--446,2020/01/11,2:44 PM,CUMMINGS AVE @ DONALD ST (0009936),9936,02 - Intersection related,03 - P.D. only,03 - Rear end,01 - Clear,01 - Daylight,01 - Dry,01 - Traffic signal,01 - Functioning,2,0,0,0,,0,,,,,372650.7201,5032411.583,45.42834646,-75.63289009,3814
20--4460,2020/05/21,5:46 AM,HERON RD btwn JEFFERSON ST & TURN LANE (__3ZA3BI),__3ZA3BI,04 - At/near private drive,03 - P.D. only,02 - Angle,01 - Clear,03 - Dawn,01 - Dry,10 - No control,,2,0,0,0,,0,,,,,372097.7529,5027087.422,45.38049537,-75.64068266,3815
20--3748,2020/03/17,8:05 AM,HIGHWAY 417 btwn HWY417 IC122 RAMP51 & HWY417 IC122 RAMP15 (__3ZA2R0),__3ZA2R0,01 - Non intersection,03 - P.D. only,04 - Sideswipe,03 - Snow,01 - Daylight,04 - Slush,10 - No control,,3,0,0,0,,0,,,,,365301.8157,5028852.387,45.39699602,-75.72723445,3816
20--4288,2020/05/09,7:26 AM,BANK ST btwn TURN LANE & SPRINGHILL RD (__3ZA2LG),__3ZA2LG,01 - Non intersection,03 - P.D. only,07 - SMV other,01 - Clear,01 - Daylight,01 - Dry,10 - No control,,1,0,0,0,,0,,,,,383934.4388,5009488.337,45.22091319,-75.49237213,3817
20--4289,2020/05/09,7:32 PM,HAIG DR @ SMYTH RD (0007736),7736,03 - At intersection,03 - P.D. only,02 - Angle,01 - Clear,01 - Daylight,01 - Dry,01 - Traffic signal,01 - Functioning,2,0,0,0,,0,,,,,372564.7218,5029298.547,45.40034513,-75.63441703,3818
20--429,2020/01/10,9:06 AM,INNES RD @ TENTH LINE RD (0004633),4633,02 - Intersection related,02 - Non-fatal injury,03 - Rear end,01 - Clear,01 - Daylight,01 - Dry,01 - Traffic signal,01 - Functioning,2,0,0,0,01 - Minimal,1,1,,,,383951.7511,5036159.574,45.46088001,-75.48788479,3819
20--4290,2020/05/10,1:14 PM,BANK ST @ ROTARY WAY (0013660),13660,03 - At intersection,02 - Non-fatal injury,02 - Angle,01 - Clear,01 - Daylight,01 - Dry,01 - Traffic signal,01 - Functioning,2,0,0,0,02 - Minor,1,,1,,,375523.5441,5021226.117,45.32742054,-75.59778288,3820
20--4291,2020/05/10,1:34 PM,BEECHWOOD AVE btwn PUTMAN AVE & ACACIA AVE (__3ZA3AZ),__3ZA3AZ,04 - At/near private drive,03 - P.D. only,06 - SMV unattended vehicle,01 - Clear,01 - Daylight,01 - Dry,10 - No control,,1,0,0,0,,0,,,,,369620.7545,5033925.772,45.4422579,-75.67140852,3821
20--4292,2020/05/10,10:17 PM,OGILVIE RD btwn 240 W OF BLAIR RD & CITY PARK DR (__3ZA2DOB),__3ZA2DOB,01 - Non intersection,03 - P.D. only,07 - SMV other,01 - Clear,07 - Dark,01 - Dry,10 - No control,,1,0,0,0,,0,,,,,374490.6323,5033188.569,45.43515645,-75.60926947,3822
20--4293,2020/05/10,Unknown,GEORGE ST btwn BY WARD MARKET SQ & WILLIAM ST (__3ZA8ZU),__3ZA8ZU,01 - Non intersection,03 - P.D. only,06 - SMV unattended vehicle,01 - Clear,00 - Unknown,01 - Dry,10 - No control,,1,0,0,0,,0,,,,,368032.4507,5032221.038,45.42706478,-75.6919284,3823
20--4294,2020/05/10,Unknown,BAYSWATER AVE btwn SOMERSET ST W & LAUREL ST (__3ZAAIZ),__3ZAAIZ,01 - Non intersection,03 - P.D. only,06 - SMV unattended vehicle,01 - Clear,00 - Unknown,01 - Dry,10 - No control,,1,0,0,0,,0,,,,,365858.4661,5029810.889,45.40557206,-75.72000657,3824
20--4295,2020/05/10,Unknown,ROTARY WAY btwn KINGSVILLE ST & LAGUNA ST (__8PNKG4),__8PNKG4,01 - Non intersection,03 - P.D. only,06 - SMV unattended vehicle,01 - Clear,00 - Unknown,01 - Dry,10 - No control,,1,0,0,0,,0,,,,,375880.456,5021433.725,45.32925246,-75.59320053,3825
20--4296,2020/05/10,2:30 PM,HIGHWAY 417 btwn HWY417 IC126 RAMP51 & HWY417 IC126 RAMP25 (__3ZA2RD),__3ZA2RD,01 - Non intersection,03 - P.D. only,03 - Rear end,01 - Clear,01 - Daylight,01 - Dry,10 - No control,,4,0,0,0,,0,,,,,363300.3414,5026008.264,45.3715751,-75.75313332,3826
20--4297,2020/05/10,2:45 PM,HAWKSTONE GT btwn CAMPEAU DR & EDENVALE DR (__3ZA1JU),__3ZA1JU,01 - Non intersection,03 - P.D. only,06 - SMV unattended vehicle,01 - Clear,01 - Daylight,01 - Dry,10 - No control,,1,0,0,0,,0,,,,,352320.5838,5020320.353,45.32122486,-75.89384823,3827
20--4298,2020/05/10,5:08 PM,FALLOWFIELD RD @ MOODIE DR (0010412),10412,03 - At intersection,02 - Non-fatal injury,05 - Turning movement,01 - Clear,01 - Daylight,01 - Dry,01 - Traffic signal,01 - Functioning,2,1,0,0,02 - Minor,1,,1,,,359501.6519,5014636.41,45.2695574,-75.80288299,3828
20--4299,2020/05/10,5:48 PM,RIVERSIDE DR @ WALKLEY RD (0002158),2158,03 - At intersection,03 - P.D. only,07 - SMV other,01 - Clear,01 - Daylight,01 - Dry,01 - Traffic signal,01 - Functioning,1,0,0,0,,0,,,,,368418.7266,5024853.533,45.36073918,-75.68794254,3829
20--43,2020/01/02,5:03 PM,MAIN ST @ RIVERDALE AVE (0007229),7229,03 - At intersection,03 - P.D. only,05 - Turning movement,01 - Clear,05 - Dusk,04 - Slush,01 - Traffic signal,01 - Functioning,2,0,0,0,,0,,,,,369431.7522,5029532.499,45.40274639,-75.67440062,3830
20--430,2020/01/10,9:15 AM,HERON RD EB btwn RIVERSIDE DR & BRONSON AVE RAMP 35 (__5FD4WD),__5FD4WD,01 - Non intersection,03 - P.D. only,03 - Rear end,01 - Clear,01 - Daylight,02 - Wet,10 - No control,,2,0,0,0,,0,,,,,368418.8453,5026666.33,45.37705024,-75.68770758,3831
20--4300,2020/05/10,7:57 PM,CHARLEMAGNE BLVD @ GARDENWAY DR/BOTTRIELL WAY  (0003748),3748,02 - Intersection related,03 - P.D. only,04 - Sideswipe,01 - Clear,01 - Daylight,01 - Dry,01 - Traffic signal,00 - Unknown,2,0,0,0,,0,,,,,384049.7472,5037034.574,45.46874134,-75.48649084,3832
20--4301,2020/05/10,9:49 AM,GREENBANK RD btwn STRANDHERD DR & MARKETPLACE AVE (__4NMF9S),__4NMF9S,01 - Non intersection,03 - P.D. only,04 - Sideswipe,01 - Clear,01 - Daylight,01 - Dry,10 - No control,,2,0,0,0,,0,,,,,364002.322,5014616.911,45.26901748,-75.74553364,3833
20--4302,2020/05/11,10:13 PM,JEANNE D'ARC BLVD @ ORLEANS BLVD S (0004154),4154,03 - At intersection,03 - P.D. only,05 - Turning movement,01 - Clear,07 - Dark,01 - Dry,01 - Traffic signal,01 - Functioning,2,0,0,0,,0,,,,,380940.7306,5036250.584,45.46203348,-75.52636698,3834
20--4303,2020/05/11,2:51 PM,CHAMPLAIN BRIDGE/ISLAND PARK DR @ BATE ISLAND (0010849),10849,02 - Intersection related,03 - P.D. only,01 - Approaching,01 - Clear,01 - Daylight,01 - Dry,02 - Stop sign,01 - Functioning,2,0,0,0,,0,,,,,362967.0318,5030056.357,45.40802699,-75.75691113,3835
20--4304,2020/05/11,3:08 PM,INNES RD btwn HWY417 IC112 RAMP67 & HWY417 IC112 RAMP66 (__3ZA2TC),__3ZA2TC,01 - Non intersection,03 - P.D. only,04 - Sideswipe,01 - Clear,01 - Daylight,01 - Dry,10 - No control,,2,0,0,0,,0,,,,,374813.527,5030979.031,45.41524398,-75.60545705,3836
20--4305,2020/05/11,3:25 PM,HIGHWAY 417 btwn HWY417 IC126 RAMP25 & HWY417 IC124 RAMP57 (__3ZA2R5),__3ZA2R5,01 - Non intersection,03 - P.D. only,03 - Rear end,01 - Clear,01 - Daylight,01 - Dry,10 - No control,,5,0,0,0,,0,,,,,363795.3555,5026669.766,45.37748571,-75.74673507,3837
20--4306,2020/05/11,3:32 PM,BANK ST btwn CHAMBERLAIN AVE S & PRETORIA AVE (__3ZA3PL),__3ZA3PL,01 - Non intersection,03 - P.D. only,04 - Sideswipe,01 - Clear,01 - Daylight,01 - Dry,10 - No control,,2,0,0,0,,0,,,,,368104.1819,5030114.539,45.40810471,-75.69128243,3838
20--4307,2020/05/11,4:30 PM,REVELSTOKE DR @ RIVERSIDE DR (0006918),6918,02 - Intersection related,03 - P.D. only,03 - Rear end,01 - Clear,01 - Daylight,01 - Dry,01 - Traffic signal,01 - Functioning,2,0,0,0,,0,,,,,368217.7198,5024423.511,45.35688816,-75.6905632,3839
20--4308,2020/05/11,5:33 PM,GREENBANK RD @ LISA AVE (0002753),2753,02 - Intersection related,03 - P.D. only,03 - Rear end,01 - Clear,01 - Daylight,01 - Dry,01 - Traffic signal,01 - Functioning,2,0,0,0,,0,,,,,360554.6729,5022893.489,45.34377229,-75.78853548,3840
20--4309,2020/05/11,6:30 PM,IRIS ST @ WOODROFFE AVE (0002736),2736,02 - Intersection related,03 - P.D. only,03 - Rear end,01 - Clear,01 - Daylight,01 - Dry,01 - Traffic signal,01 - Functioning,2,0,0,0,,0,,,,,362282.6925,5024441.519,45.35756189,-75.7663067,3841
20--431,2020/01/10,9:52 PM,CLARENCE ST @ DALHOUSIE ST (0008415),8415,02 - Intersection related,03 - P.D. only,03 - Rear end,03 - Snow,07 - Dark,03 - Loose snow,01 - Traffic signal,01 - Functioning,2,0,0,0,,0,,,,,368042.6967,5032503.598,45.42960623,-75.69176119,3842
20--4310,2020/05/11,7:48 PM,ALBION RD @ BANK ST (0012409),12409,03 - At intersection,03 - P.D. only,02 - Angle,01 - Clear,01 - Daylight,01 - Dry,01 - Traffic signal,01 - Functioning,2,0,0,0,,0,,,,,371946.733,5024129.514,45.35389568,-75.64301279,3843