Anom_ID,Accident_Date,Accident_Time,Location,Geo_ID,Accident_Location,Classification_of_Accident,Initial_Impact_Type,Environment_Condition,Light,Road_Surface_Condition,Traffic_Control,Traffic_Control_Condition,No__of_Vehicles,No__of_Bicycles,No__of_Motorcycles,No__of_Pedestrians,Max_Injury,No__of_Injuries,No__of_Minimal,No__of_Minor,No__of_Major,No__of_Fatal,X,Y,Latitude,Longitude,ObjectId
20--4311,2020/05/11,8:15 AM,INNES RD @ TENTH LINE RD (0004633),4633,02 - Intersection related,03 - P.D. only,03 - Rear end,01 - Clear,01 - Daylight,01 - Dry,01 - Traffic signal,01 - Functioning,2,0,0,0,,0,,,,,383951.7544,5036159.553,45.46087982,-75.48788475,3844
20--4312,2020/05/11,8:15 PM,MARGUERITE AVE btwn MCARTHUR AVE & CARLOTTA AVE (__3ZA7A1),__3ZA7A1,04 - At/near private drive,03 - P.D. only,02 - Angle,01 - Clear,05 - Dusk,01 - Dry,10 - No control,,2,0,0,0,,0,,,,,370038.3445,5032644.422,45.43069,-75.66624092,3845
20--4313,2020/05/11,9:50 PM,HIGHWAY 417 btwn HWY417 IC117 RAMP25 & HWY417 IC115 RAMP51 (__3ZA2R3),__3ZA2R3,01 - Non intersection,03 - P.D. only,04 - Sideswipe,01 - Clear,07 - Dark,01 - Dry,10 - No control,,2,0,0,0,,0,,,,,371250.1653,5031368.002,45.41909124,-75.6509275,3846
20--4314,2020/05/12,11:56 AM,CONROY RD @ WALKLEY RD (0002648),2648,03 - At intersection,03 - P.D. only,04 - Sideswipe,01 - Clear,01 - Daylight,01 - Dry,01 - Traffic signal,01 - Functioning,2,0,0,0,,0,,,,,372903.0963,5027464.069,45.38380646,-75.63034854,3847
20--4315,2020/05/12,2:00 PM,CYRVILLE RD @ INNES RD (0009352),9352,02 - Intersection related,03 - P.D. only,04 - Sideswipe,01 - Clear,01 - Daylight,01 - Dry,01 - Traffic signal,00 - Unknown,2,0,0,0,,0,,,,,375047.7327,5031119.562,45.41648493,-75.60244501,3848
20--4316,2020/05/12,2:13 PM,LAFONTAINE AVE btwn MCARTHUR AVE & BLAKE BLVD (__3ZA7B1),__3ZA7B1,04 - At/near private drive,03 - P.D. only,02 - Angle,01 - Clear,01 - Daylight,01 - Dry,10 - No control,,2,0,0,0,,0,,,,,370951.2942,5032784.752,45.43186687,-75.65455566,3849
20--4317,2020/05/12,2:47 PM,HIGHWAY 417 btwn HWY417 IC124 RAMP76 & HWY417 IC124 RAMP67 (__3ZA2R7),__3ZA2R7,01 - Non intersection,03 - P.D. only,03 - Rear end,01 - Clear,01 - Daylight,01 - Dry,10 - No control,,4,0,0,0,,0,,,,,364376.0218,5027465.094,45.3845928,-75.73922568,3850
20--4318,2020/05/12,4:07 PM,ANDERSON RD @ NINTH LINE RD (0004111),4111,02 - Intersection related,03 - P.D. only,07 - SMV other,01 - Clear,01 - Daylight,01 - Dry,02 - Stop sign,01 - Functioning,1,0,0,0,,0,,,,,382008.7814,5021090.467,45.32551662,-75.51508391,3851
20--4319,2020/05/12,4:16 PM,OLD MONTREAL RD btwn TED KELLY LANE & MEADOW LANE RD (__3ZA3YW),__3ZA3YW,01 - Non intersection,03 - P.D. only,03 - Rear end,01 - Clear,01 - Daylight,01 - Dry,10 - No control,,3,0,0,0,,0,,,,,386464.9636,5040916.702,45.50339047,-75.45496252,3852
20--432,2020/01/11,1:21 AM,QUEEN ELIZABETH DRWY btwn TORRINGTON PL & TO BE DETERMINED (__3ZA21F),__3ZA21F,01 - Non intersection,03 - P.D. only,07 - SMV other,02 - Rain,07 - Dark,02 - Wet,10 - No control,,1,0,0,0,,0,,,,,367997.1613,5028571.46,45.39423023,-75.69284722,3853
20--4320,2020/05/12,5:42 PM,LARKIN DR btwn OTTEN DR & RAFTUS SQ (__3ZAB8M),__3ZAB8M,01 - Non intersection,03 - P.D. only,06 - SMV unattended vehicle,01 - Clear,01 - Daylight,01 - Dry,10 - No control,,1,0,0,0,,0,,,,,361851.1969,5015686.416,45.27881875,-75.77282214,3854
20--4321,2020/05/12,6:01 PM,HWY 417 WALKLEY IC110R58 @ WALKLEY EXTENSION R (0012302),12302,02 - Intersection related,02 - Non-fatal injury,04 - Sideswipe,01 - Clear,01 - Daylight,01 - Dry,10 - No control,,2,0,0,0,01 - Minimal,1,1,,,,375541.6033,5028937.475,45.39680193,-75.5964487,3855
20--4322,2020/05/12,8:34 PM,CLEARBROOK DR/MARKETPLACE AVE @ LONGFIELDS DR (0011162),11162,02 - Intersection related,02 - Non-fatal injury,04 - Sideswipe,01 - Clear,05 - Dusk,01 - Dry,01 - Traffic signal,01 - Functioning,2,0,1,0,02 - Minor,1,,1,,,364631.8412,5014953.581,45.27199356,-75.73747128,3856
20--4323,2020/05/12,9:05 AM,CUMMINGS AVE btwn MONTREAL RD & WILSON ST (__3ZA8IW),__3ZA8IW,01 - Non intersection,03 - P.D. only,06 - SMV unattended vehicle,01 - Clear,01 - Daylight,01 - Dry,10 - No control,,1,0,0,0,,0,,,,,372056.9321,5033916.457,45.44194395,-75.64027205,3857
20--4324,2020/05/12,9:40 PM,BRITANNIA RD btwn PRISCILLA ST & MARIE ST (__3ZABWE),__3ZABWE,01 - Non intersection,03 - P.D. only,06 - SMV unattended vehicle,01 - Clear,07 - Dark,01 - Dry,10 - No control,,1,0,0,0,,0,,,,,360094.1304,5024924.974,45.36208802,-75.79418465,3858
20--4325,2020/05/13,1:35 PM,RIOCAN AVE btwn STRANDHERD DR & MARKETPLACE AVE (__4LZBMJ),__4LZBMJ,01 - Non intersection,03 - P.D. only,04 - Sideswipe,01 - Clear,01 - Daylight,01 - Dry,10 - No control,,2,0,0,0,,0,,,,,364236.3042,5014845.959,45.27105872,-75.74252465,3859
20--4326,2020/05/13,10:13 AM,RICHMOND RD btwn EDGEWOOD AVE & ATHLONE AVE (__3ZA4O2),__3ZA4O2,01 - Non intersection,03 - P.D. only,07 - SMV other,01 - Clear,01 - Daylight,01 - Dry,10 - No control,,1,0,0,0,,0,,,,,363412.8075,5028414.073,45.39321282,-75.75141197,3860
20--4327,2020/05/13,10:27 AM,RIVERSIDE DR btwn RIVERSIDE DR RAMP 42A & RIVERSIDE DR SPLIT (__3ZAZQJ),__3ZAZQJ,01 - Non intersection,02 - Non-fatal injury,04 - Sideswipe,01 - Clear,01 - Daylight,01 - Dry,10 - No control,,2,0,0,0,01 - Minimal,1,1,,,,368528.6606,5027338.576,45.38308894,-75.68621882,3861
20--4328,2020/05/13,10:27 AM,TENTH LINE RD btwn OR174 IC101 RAMP36 & OR174 IC101 RAMP61 (__3ZA1TF),__3ZA1TF,01 - Non intersection,03 - P.D. only,05 - Turning movement,01 - Clear,01 - Daylight,01 - Dry,10 - No control,,2,0,0,0,,0,,,,,382699.7814,5039068.798,45.48719534,-75.50343003,3862
20--4329,2020/05/13,11:09 PM,AVIATION PKWY @ MONTREAL RD (0008799),8799,03 - At intersection,03 - P.D. only,02 - Angle,01 - Clear,07 - Dark,01 - Dry,01 - Traffic signal,01 - Functioning,2,0,0,0,,0,,,,,372146.7186,5034108.58,45.44366394,-75.63909817,3863
20--433,2020/01/11,1:38 PM,ALBION RD @ BANK ST (0012409),12409,03 - At intersection,03 - P.D. only,02 - Angle,02 - Rain,01 - Daylight,02 - Wet,01 - Traffic signal,01 - Functioning,2,0,0,0,,0,,,,,371946.7262,5024129.498,45.35389553,-75.64301288,3864
20--4330,2020/05/13,11:15 AM,BANK ST btwn SIEVERIGHT AVE & ATHANS AVE (__3ZAYF2),__3ZAYF2,04 - At/near private drive,02 - Non-fatal injury,02 - Angle,01 - Clear,01 - Daylight,01 - Dry,10 - No control,,2,0,0,0,02 - Minor,1,,1,,,372703.3901,5023914.069,45.35188432,-75.63338635,3865
20--4331,2020/05/13,12:13 AM,INNES RD @ PAGE RD (0012476),12476,03 - At intersection,03 - P.D. only,05 - Turning movement,01 - Clear,07 - Dark,01 - Dry,01 - Traffic signal,01 - Functioning,2,0,0,0,,0,,,,,380887.7511,5034540.562,45.44665383,-75.5273089,3866
20--4332,2020/05/13,12:27 PM,QUEENSDALE AVE btwn EIGHTH ST & CONROY RD (__3ZA8PY),__3ZA8PY,01 - Non intersection,03 - P.D. only,07 - SMV other,01 - Clear,01 - Daylight,01 - Dry,10 - No control,,1,0,0,0,,0,,,,,374183.0664,5023945.565,45.35202287,-75.61449987,3867
20--4333,2020/05/13,3:54 PM,JEANNE D'ARC BLVD @ PADDLER WAY/VORLAGE DR E (0003297),3297,02 - Intersection related,03 - P.D. only,07 - SMV other,01 - Clear,01 - Daylight,01 - Dry,01 - Traffic signal,01 - Functioning,1,0,0,0,,0,,,,,379612.7261,5037995.588,45.47787715,-75.54308048,3868
20--4334,2020/05/13,3:59 PM,CASTLEFRANK RD btwn KAKULU RD & HUNGERFORD GT (__3ZBNCQ),__3ZBNCQ,01 - Non intersection,03 - P.D. only,03 - Rear end,01 - Clear,01 - Daylight,01 - Dry,10 - No control,,2,0,0,0,,0,,,,,352193.2144,5018394.353,45.30390288,-75.89565703,3869
20--4335,2020/05/13,4:13 PM,HIGHWAY 417 btwn HWY417 IC129 RAMP25 & TRANSIT (__3ZA2SH),__3ZA2SH,01 - Non intersection,03 - P.D. only,03 - Rear end,01 - Clear,01 - Daylight,01 - Dry,10 - No control,,2,0,0,0,,0,,,,,361365.9962,5024231.499,45.35574669,-75.77803025,3870
20--4336,2020/05/13,4:35 PM,UPLANDS DR @ HUNTMASTER LANE/RHAPSODY LANE (0006880),6880,03 - At intersection,03 - P.D. only,02 - Angle,01 - Clear,01 - Daylight,01 - Dry,02 - Stop sign,01 - Functioning,2,0,0,0,,0,,,,,369020.7254,5023501.523,45.34851925,-75.68043478,3871
20--4337,2020/05/13,4:55 PM,RICHMOND RD btwn HIGH ST & PINECREST RD (__3ZA4M8),__3ZA4M8,04 - At/near private drive,03 - P.D. only,02 - Angle,01 - Clear,01 - Daylight,01 - Dry,10 - No control,,2,0,0,0,,0,,,,,360039.934,5024417.327,45.35752449,-75.79493314,3872
20--4338,2020/05/13,5:34 PM,8TH LINE RD @ MITCH OWENS RD (0003574),3574,02 - Intersection related,03 - P.D. only,03 - Rear end,01 - Clear,01 - Daylight,01 - Dry,02 - Stop sign,01 - Functioning,2,0,0,0,,0,,,,,382362.7892,5018774.468,45.30463966,-75.51093126,3873
20--4339,2020/05/13,5:42 PM,NESTLETON ST btwn WORTHAM WAY & CORBRIDGE ST (__5Z1S6F),__5Z1S6F,04 - At/near private drive,03 - P.D. only,06 - SMV unattended vehicle,01 - Clear,01 - Daylight,01 - Dry,10 - No control,,1,0,0,0,,0,,,,,385277.2205,5035339.998,45.45335482,-75.47107284,3874
20--434,2020/01/11,10:13 AM,BESSERER ST @ DALHOUSIE ST (0011452),11452,03 - At intersection,03 - P.D. only,05 - Turning movement,02 - Rain,01 - Daylight,02 - Wet,01 - Traffic signal,01 - Functioning,2,0,0,0,,0,,,,,368252.7035,5032157.57,45.42647377,-75.68912216,3875
20--4340,2020/05/13,5:55 PM,PRINCE OF WALES DR @ STRANDHERD DR (0013339),13339,02 - Intersection related,03 - P.D. only,04 - Sideswipe,01 - Clear,01 - Daylight,01 - Dry,01 - Traffic signal,01 - Functioning,2,0,0,0,,0,,,,,367175.2819,5014824.21,45.27060849,-75.70507565,3876
20--4341,2020/05/13,6:34 AM,LANCASTER RD btwn BARBERRY LANE & WALKLEY RD (__3ZA5L8),__3ZA5L8,01 - Non intersection,03 - P.D. only,05 - Turning movement,01 - Clear,01 - Daylight,01 - Dry,10 - No control,,2,0,0,0,,0,,,,,374878.1297,5028685.275,45.39459947,-75.60495773,3877
20--4342,2020/05/13,6:46 PM,BARNSDALE RD @ PRINCE OF WALES DR (0001082),1082,03 - At intersection,03 - P.D. only,05 - Turning movement,01 - Clear,01 - Daylight,01 - Dry,02 - Stop sign,01 - Functioning,2,0,0,0,,0,,,,,366646.6914,5011532.42,45.24103575,-75.71222114,3878
20--4343,2020/05/13,6:54 AM,ROBERTSON RD @ WESTCLIFFE RD (0010387),10387,03 - At intersection,03 - P.D. only,02 - Angle,01 - Clear,01 - Daylight,01 - Dry,01 - Traffic signal,01 - Functioning,2,0,0,0,,0,,,,,356395.6456,5020053.477,45.3185358,-75.84189963,3879
20--4344,2020/05/13,8:20 AM,HAZEL ST @ MAIN ST (0007202),7202,02 - Intersection related,03 - P.D. only,05 - Turning movement,01 - Clear,01 - Daylight,01 - Dry,01 - Traffic signal,01 - Functioning,2,0,0,0,,0,,,,,369166.7173,5030173.55,45.40853877,-75.67770212,3880
20--4345,2020/05/13,9:02 AM,ABBOTT ST @ CARBERY DR (0000324),324,02 - Intersection related,03 - P.D. only,03 - Rear end,01 - Clear,01 - Daylight,01 - Dry,02 - Stop sign,01 - Functioning,2,0,0,0,,0,,,,,350673.5845,5013712.415,45.26187424,-75.91546664,3881
20--4346,2020/05/13,9:38 PM,TERRY FOX DR @ WESTPHALIAN AVE (0014366),14366,02 - Intersection related,03 - P.D. only,03 - Rear end,01 - Clear,07 - Dark,01 - Dry,01 - Traffic signal,01 - Functioning,2,0,0,0,,0,,,,,353455.2261,5015759.789,45.28011017,-75.87982363,3882
20--4347,2020/05/14,10:32 PM,BASELINE RD @ WOODROFFE AVE (0002225),2225,03 - At intersection,03 - P.D. only,05 - Turning movement,01 - Clear,07 - Dark,01 - Dry,01 - Traffic signal,00 - Unknown,2,0,0,0,,0,,,,,362549.6847,5023770.515,45.35150231,-75.76297755,3883
20--4348,2020/05/14,11:08 AM,THOMAS A. DOLAN PKWY @ WOODKILTON RD (0008818),8818,02 - Intersection related,03 - P.D. only,05 - Turning movement,01 - Clear,01 - Daylight,01 - Dry,02 - Stop sign,00 - Unknown,2,0,0,0,,0,,,,,341215.5859,5030501.574,45.41350293,-76.03474288,3884
20--4349,2020/05/14,Unknown,CHESTERTON DR btwn SOUTHVIEW CRES & SOUTHVIEW CRES (__3ZAAV6),__3ZAAV6,01 - Non intersection,03 - P.D. only,06 - SMV unattended vehicle,00 - Unknown,00 - Unknown,00 - Unknown,10 - No control,,1,0,0,0,,0,,,,,365400.8913,5023853.27,45.35200633,-75.72658253,3885
20--435,2020/01/11,10:50 PM,BASELINE RD @ BASSANO ST (0003210),3210,02 - Intersection related,03 - P.D. only,03 - Rear end,04 - Freezing Rain,07 - Dark,06 - Ice,02 - Stop sign,00 - Unknown,2,0,0,0,,0,,,,,363765.6832,5024517.525,45.35812263,-75.74737077,3886
20--4350,2020/05/14,12:17 PM,MERIVALE RD/LOTTA AVE @ CLYDE AVE (0001112),1112,02 - Intersection related,03 - P.D. only,03 - Rear end,01 - Clear,01 - Daylight,01 - Dry,01 - Traffic signal,01 - Functioning,2,0,0,0,,0,,,,,364521.6963,5024507.517,45.35796859,-75.73772319,3887
20--4351,2020/05/14,12:50 PM,ALBION RD @ HUNT CLUB RD (0006974),6974,02 - Intersection related,03 - P.D. only,03 - Rear end,01 - Clear,01 - Daylight,01 - Dry,01 - Traffic signal,01 - Functioning,2,0,0,0,,0,,,,,371867.7348,5024320.507,45.35562173,-75.64399502,3888
20--4352,2020/05/14,2:25 PM,BANK ST @ HERON RD (0002155),2155,03 - At intersection,03 - P.D. only,05 - Turning movement,02 - Rain,01 - Daylight,02 - Wet,01 - Traffic signal,01 - Functioning,2,0,0,0,,0,,,,,369995.7119,5026851.557,45.3785719,-75.66755163,3889
20--4353,2020/05/14,3:13 PM,STRANDHERD DR @ WOODROFFE AVE (0009688),9688,02 - Intersection related,03 - P.D. only,03 - Rear end,01 - Clear,01 - Daylight,01 - Dry,01 - Traffic signal,01 - Functioning,2,0,0,0,,0,,,,,366106.1529,5015395.134,45.27583965,-75.71862908,3890
20--4354,2020/05/14,3:50 PM,HIGHWAY 417 btwn HWY417 IC123 RAMP62 & HWY417 IC122 RAMP16 (__3ZA2R9),__3ZA2R9,01 - Non intersection,03 - P.D. only,03 - Rear end,01 - Clear,01 - Daylight,01 - Dry,10 - No control,,2,0,0,0,,0,,,,,364827.3306,5028164.18,45.39084451,-75.73337804,3891
20--4355,2020/05/14,4:05 PM,WOODWAY AVE btwn BUCHANAN CRES & HOLLYBROOK CRES (__3ZA7PB),__3ZA7PB,01 - Non intersection,02 - Non-fatal injury,07 - SMV other,01 - Clear,01 - Daylight,01 - Dry,10 - No control,,1,0,0,0,02 - Minor,1,,1,,,374370.2639,5036125.181,45.4615904,-75.61039246,3892
20--4356,2020/05/14,4:14 PM,INNES RD @ STONEHENGE CRES E (0009355),9355,03 - At intersection,03 - P.D. only,02 - Angle,01 - Clear,01 - Daylight,01 - Dry,01 - Traffic signal,01 - Functioning,3,0,0,0,,0,,,,,375363.7491,5031313.545,45.41819848,-75.59837999,3893
20--4357,2020/05/14,4:19 PM,MITCH OWENS RD @ SPRATT RD (0004193),4193,03 - At intersection,02 - Non-fatal injury,03 - Rear end,01 - Clear,01 - Daylight,01 - Dry,02 - Stop sign,01 - Functioning,3,0,0,0,03 - Major,1,,,1,,369954.7188,5011046.414,45.23636432,-75.67015277,3894
20--4358,2020/05/14,4:59 PM,CAMERON ST @ REGIONAL RD 174 (0012883),12883,02 - Intersection related,02 - Non-fatal injury,03 - Rear end,01 - Clear,01 - Daylight,01 - Dry,01 - Traffic signal,01 - Functioning,2,0,0,0,02 - Minor,1,,1,,,389860.7568,5042617.577,45.51828711,-75.41122047,3895
20--4359,2020/05/14,6:16 PM,HIGHWAY 417 btwn HWY417 IC117 RAMP26 & HWY417 IC117 RAMP61 (__3ZA2YM),__3ZA2YM,01 - Non intersection,03 - P.D. only,04 - Sideswipe,01 - Clear,01 - Daylight,01 - Dry,10 - No control,,2,0,0,0,,0,,,,,371154.7567,5031368.459,45.41910441,-75.65214639,3896
20--436,2020/01/11,10:52 PM,HIGHWAY 417 btwn HWY417 IC144 RAMP16 & HWY417 IC144 RAMP61 (__3ZA2QU),__3ZA2QU,01 - Non intersection,03 - P.D. only,07 - SMV other,04 - Freezing Rain,07 - Dark,04 - Slush,10 - No control,,1,0,0,0,,0,,,,,347406.0347,5015870.079,45.28149524,-75.95691553,3897
20--4360,2020/05/14,6:51 AM,COPE DR btwn DEFENCE ST & YELLOWTAILWALK (e___2ISJ),e___2ISJ,01 - Non intersection,03 - P.D. only,06 - SMV unattended vehicle,01 - Clear,01 - Daylight,01 - Dry,10 - No control,,1,0,0,0,,0,,,,,352955.794,5014704.303,45.27064701,-75.88629158,3898
20--4361,2020/05/14,7:25 AM,MERIVALE RD @ SLACK RD (0000110),110,02 - Intersection related,03 - P.D. only,03 - Rear end,01 - Clear,01 - Daylight,01 - Dry,01 - Traffic signal,01 - Functioning,2,0,0,0,,0,,,,,366019.6973,5020955.499,45.32587887,-75.7190443,3899
20--4362,2020/05/14,7:56 PM,DES PERES BLANCS AVE @ LAVERGNE ST (0009955),9955,03 - At intersection,03 - P.D. only,02 - Angle,01 - Clear,05 - Dusk,01 - Dry,02 - Stop sign,01 - Functioning,2,0,0,0,,0,,,,,370292.7111,5033911.593,45.44206769,-75.66282183,3900
20--4363,2020/05/14,8:10 AM,CARLING AVE @ HOLLAND AVE (0002146),2146,03 - At intersection,03 - P.D. only,02 - Angle,01 - Clear,01 - Daylight,01 - Dry,01 - Traffic signal,01 - Functioning,2,0,0,0,,0,,,,,365416.6899,5028038.54,45.38966326,-75.72586733,3901
20--4364,2020/05/14,8:10 AM,VANIER PKWY/CRICHTON ST @ BEECHWOOD AVE/ST. PA (0001604),1604,02 - Intersection related,03 - P.D. only,03 - Rear end,01 - Clear,01 - Daylight,01 - Dry,01 - Traffic signal,01 - Functioning,2,0,0,0,,0,,,,,369127.791,5033487.138,45.43835678,-75.67776665,3902
20--4365,2020/05/14,9:51 PM,CRICHTON ST btwn ELECTRIC ST & VAUGHAN ST (__3ZA8WN),__3ZA8WN,01 - Non intersection,03 - P.D. only,06 - SMV unattended vehicle,01 - Clear,07 - Dark,01 - Dry,10 - No control,,1,0,0,0,,0,,,,,368959.303,5033554.138,45.4389751,-75.6799113,3903
20--4366,2020/05/15,Unknown,CRANESBILL RD btwn ADSTOCK HTS/MALAHATWAY & NORDMANN FIR CRT (e___2HZH),e___2HZH,01 - Non intersection,03 - P.D. only,06 - SMV unattended vehicle,01 - Clear,00 - Unknown,01 - Dry,10 - No control,,1,0,0,0,,0,,,,,352352.901,5016373.265,45.28570582,-75.89381467,3904
20--4367,2020/05/15,Unknown,BANTREE ST @ INNES RD (0007684),7684,03 - At intersection,03 - P.D. only,05 - Turning movement,01 - Clear,00 - Unknown,01 - Dry,01 - Traffic signal,01 - Functioning,2,0,0,0,,0,,,,,373705.7424,5030406.564,45.41020316,-75.61968924,3905
20--4368,2020/05/15,Unknown,CATHCART ST btwn DALHOUSIE ST & CUMBERLAND ST (__3ZA7DN),__3ZA7DN,01 - Non intersection,03 - P.D. only,06 - SMV unattended vehicle,01 - Clear,00 - Unknown,01 - Dry,10 - No control,,1,0,0,0,,0,,,,,367914.5368,5033013.314,45.43420405,-75.69333357,3906
20--4369,2020/05/15,2:00 PM,WEST HUNT CLUB RD @ 545 E OF ROYDON PL/SUNDERLAND ST (0010375),10375,02 - Intersection related,03 - P.D. only,04 - Sideswipe,02 - Rain,01 - Daylight,02 - Wet,01 - Traffic signal,01 - Functioning,2,0,0,0,,0,,,,,366352.704,5022407.52,45.33891482,-75.71461609,3907
20--437,2020/01/11,11:24 AM,MAXIME ST @ RIDGEBROOK DR (0009440),9440,03 - At intersection,03 - P.D. only,02 - Angle,02 - Rain,01 - Daylight,02 - Wet,02 - Stop sign,01 - Functioning,2,0,0,0,,0,,,,,374668.7311,5031649.577,45.42129167,-75.60721176,3908
20--4370,2020/05/15,3:01 PM,HUNT CLUB RD btwn MCCARTHY RD & RAMP (__3ZA36L),__3ZA36L,01 - Non intersection,02 - Non-fatal injury,07 - SMV other,02 - Rain,01 - Daylight,02 - Wet,10 - No control,,1,0,0,0,01 - Minimal,1,1,,,,370931.8789,5023651.353,45.34968978,-75.65602781,3909
20--3749,2020/03/17,8:20 PM,MARIER AVE @ MONTFORT ST (0010023),10023,02 - Intersection related,03 - P.D. only,07 - SMV other,01 - Clear,07 - Dark,01 - Dry,02 - Stop sign,01 - Functioning,1,0,0,0,,0,,,,,370260.7162,5033540.597,45.43873263,-75.66328011,3910
20--375,2020/01/10,1:05 PM,HUNT CLUB RD btwn DAZE ST & TURN LANE (__5AFH5U),__5AFH5U,01 - Non intersection,03 - P.D. only,04 - Sideswipe,01 - Clear,01 - Daylight,01 - Dry,10 - No control,,2,0,0,0,,0,,,,,371551.1282,5024017.562,45.35292614,-75.64807641,3911
20--3750,2020/03/17,8:33 AM,KING EDWARD AVE @ YORK ST (0008244),8244,02 - Intersection related,02 - Non-fatal injury,03 - Rear end,04 - Freezing Rain,01 - Daylight,04 - Slush,01 - Traffic signal,01 - Functioning,3,0,0,0,01 - Minimal,4,4,,,,368396.7141,5032621.592,45.4306358,-75.68722208,3912
20--3751,2020/03/17,9:00 PM,ALBION RD @ HUNT CLUB RD (0006974),6974,02 - Intersection related,03 - P.D. only,03 - Rear end,01 - Clear,07 - Dark,01 - Dry,01 - Traffic signal,01 - Functioning,2,0,0,0,,0,,,,,371867.7334,5024320.513,45.35562178,-75.64399503,3913
20--3752,2020/03/17,9:09 AM,CAMPEAU DR @ TERRY FOX DR (0008211),8211,03 - At intersection,02 - Non-fatal injury,02 - Angle,02 - Rain,01 - Daylight,02 - Wet,01 - Traffic signal,01 - Functioning,2,0,0,0,02 - Minor,1,,1,,,350455.6103,5019010.445,45.30956174,-75.91775647,3914
20--3753,2020/03/17,9:30 PM,KING EDWARD AVE @ RIDEAU ST (0002121),2121,02 - Intersection related,03 - P.D. only,03 - Rear end,01 - Clear,07 - Dark,01 - Dry,01 - Traffic signal,01 - Functioning,2,0,0,0,,0,,,,,368511.7057,5032413.582,45.42875373,-75.68577953,3915
20--3754,2020/03/17,9:40 PM,BASELINE RD/HERON RD @ PRINCE OF WALES DR (0002345),2345,02 - Intersection related,03 - P.D. only,03 - Rear end,01 - Clear,07 - Dark,01 - Dry,01 - Traffic signal,01 - Functioning,2,0,0,0,,0,,,,,366873.6807,5026438.53,45.37513914,-75.70746312,3916
20--3755,2020/03/18,12:52 PM,RIVERSIDE DR btwn HERON RD & RIVERSIDE DR RAMP 34 (__5FDVSE),__5FDVSE,01 - Non intersection,03 - P.D. only,03 - Rear end,01 - Clear,01 - Daylight,01 - Dry,10 - No control,,2,0,0,0,,0,,,,,368113.872,5026732.954,45.37767733,-75.69159258,3917
20--3756,2020/03/18,2:03 AM,ELGIN ST btwn WAVERLEY ST & FRANK ST (__3ZA3RQ),__3ZA3RQ,01 - Non intersection,03 - P.D. only,07 - SMV other,01 - Clear,07 - Dark,01 - Dry,10 - No control,,1,0,0,0,,0,,,,,368320.4315,5030948.148,45.41558566,-75.68841267,3918
20--3757,2020/03/18,3:13 PM,MELFORT ST @ WALKLEY RD (0008805),8805,02 - Intersection related,03 - P.D. only,03 - Rear end,01 - Clear,01 - Daylight,01 - Dry,12 - IPS,01 - Functioning,2,0,0,0,,0,,,,,374445.7468,5028373.551,45.39183787,-75.61052348,3919
20--3758,2020/03/18,4:26 AM,HIGHWAY 417 btwn HWY417 IC144 RAMP61 & HWY417 IC142 RAMP16 (__3ZA20K),__3ZA20K,01 - Non intersection,02 - Non-fatal injury,07 - SMV other,01 - Clear,07 - Dark,01 - Dry,10 - No control,,1,0,0,0,02 - Minor,1,,1,,,348414.809,5016789.701,45.28970846,-75.94397679,3920
20--3759,2020/03/18,4:49 PM,HUNT CLUB RD @ RIVERSIDE DR (0002237),2237,02 - Intersection related,02 - Non-fatal injury,03 - Rear end,01 - Clear,01 - Daylight,01 - Dry,01 - Traffic signal,01 - Functioning,2,0,0,0,02 - Minor,1,,1,,,368036.7001,5021945.499,45.33460789,-75.69319024,3921
20--376,2020/01/10,1:17 PM,GRANT CARMAN DR @ FAMILY BROWN LANE (0010458),10458,03 - At intersection,03 - P.D. only,02 - Angle,01 - Clear,01 - Daylight,01 - Dry,02 - Stop sign,01 - Functioning,2,0,0,0,,0,,,,,365218.8644,5023514.76,45.34897618,-75.72894679,3922
20--3760,2020/03/18,4:52 PM,ST. LAURENT BLVD btwn MCARTHUR AVE & DONALD ST (__3ZBOF4),__3ZBOF4,01 - Non intersection,03 - P.D. only,03 - Rear end,01 - Clear,01 - Daylight,01 - Dry,10 - No control,,3,0,0,0,,0,,,,,371937.9658,5032848.634,45.43234763,-75.64193824,3923
20--3761,2020/03/18,8:54 PM,MITCH OWENS RD @ DOZOIS RD/LIMEBANK RD (0012469),12469,03 - At intersection,02 - Non-fatal injury,02 - Angle,01 - Clear,07 - Dark,01 - Dry,01 - Traffic signal,01 - Functioning,2,0,0,0,02 - Minor,2,,2,,,371673.7301,5012108.421,45.24575893,-75.64811808,3924
20--3762,2020/03/18,9:27 AM,LEITRIM RD @ RIVER RD (0004194),4194,03 - At intersection,03 - P.D. only,02 - Angle,02 - Rain,01 - Daylight,02 - Wet,02 - Stop sign,01 - Functioning,2,0,0,0,,0,,,,,368019.6905,5017177.449,45.29170728,-75.69401562,3925
20--3763,2020/03/18,9:38 PM,ALBION RD @ MITCH OWENS RD (0004212),4212,03 - At intersection,02 - Non-fatal injury,05 - Turning movement,01 - Clear,07 - Dark,01 - Dry,01 - Traffic signal,01 - Functioning,2,0,0,0,02 - Minor,2,,2,,,375906.7418,5014804.448,45.26960205,-75.59381594,3926