Anom_ID,Accident_Date,Accident_Time,Location,Geo_ID,Accident_Location,Classification_of_Accident,Initial_Impact_Type,Environment_Condition,Light,Road_Surface_Condition,Traffic_Control,Traffic_Control_Condition,No__of_Vehicles,No__of_Bicycles,No__of_Motorcycles,No__of_Pedestrians,Max_Injury,No__of_Injuries,No__of_Minimal,No__of_Minor,No__of_Major,No__of_Fatal,X,Y,Latitude,Longitude,ObjectId
20--3764,2020/03/19,1:04 AM,PRINCE OF WALES DR btwn WATERFORD WAY & AMBERWOOD CRES (__3ZA27J),__3ZA27J,01 - Non intersection,03 - P.D. only,04 - Sideswipe,01 - Clear,07 - Dark,01 - Dry,10 - No control,,2,0,0,0,,0,,,,,367401.7491,5020799.184,45.32435047,-75.70143547,3927
20--3765,2020/03/19,11:45 AM,PRINCE OF WALES DR btwn 187 N OF MEADOWLANDS DR & MEADOWLANDS DR/HOG'S (__3ZA36WA),__3ZA36WA,04 - At/near private drive,03 - P.D. only,03 - Rear end,01 - Clear,01 - Daylight,01 - Dry,10 - No control,,2,0,0,0,,0,,,,,367331.6164,5025808.138,45.36942631,-75.70169672,3928
20--3766,2020/03/19,12:39 PM,PINECREST RD @ RICHMOND RD (0002353),2353,03 - At intersection,02 - Non-fatal injury,07 - SMV other,01 - Clear,01 - Daylight,01 - Dry,01 - Traffic signal,01 - Functioning,1,0,0,1,02 - Minor,1,,1,,,360072.6753,5024471.513,45.35800948,-75.79450921,3929
20--3767,2020/03/19,12:43 PM,TERRY FOX DR @ FERNBANK RD (0011863),11863,02 - Intersection related,03 - P.D. only,02 - Angle,01 - Clear,01 - Daylight,01 - Dry,01 - Traffic signal,01 - Functioning,2,0,0,0,,0,,,,,354303.6302,5015130.469,45.27438817,-75.86907299,3930
20--3768,2020/03/19,12:45 PM,SLOAN AVE btwn HOPEWELL AVE & END (__3ZA1GW),__3ZA1GW,01 - Non intersection,03 - P.D. only,06 - SMV unattended vehicle,01 - Clear,01 - Daylight,01 - Dry,10 - No control,,1,0,0,0,,0,,,,,368031.366,5027988.643,45.38898312,-75.69248509,3931
20--3769,2020/03/19,12:47 AM,WELLINGTON ST    W btwn ROSS AVE & CLARENDON AVE (__3ZA4P9),__3ZA4P9,01 - Non intersection,03 - P.D. only,07 - SMV other,01 - Clear,07 - Dark,01 - Dry,10 - No control,,1,0,0,0,,0,,,,,364516.839,5029020.296,45.39857422,-75.73723941,3932
20--377,2020/01/10,1:29 PM,INDUSTRIAL AVE btwn RUSSELL RD & ST. LAURENT BLVD (__3ZA3R7),__3ZA3R7,04 - At/near private drive,03 - P.D. only,02 - Angle,01 - Clear,01 - Daylight,01 - Dry,10 - No control,,2,0,0,0,,0,,,,,373010.6148,5029961.061,45.40626283,-75.6286305,3933
20--3770,2020/03/19,2:21 PM,REGIONAL ROAD 174 btwn OR174 IC112 RAMP51 & OR174 IC112 RAMP15 (__3ZA2XE),__3ZA2XE,01 - Non intersection,03 - P.D. only,04 - Sideswipe,01 - Clear,01 - Daylight,01 - Dry,10 - No control,,2,0,0,0,,0,,,,,375114.2465,5033062.438,45.43395917,-75.60131792,3934
20--3771,2020/03/19,2:36 PM,BASELINE RD @ MERIVALE RD (0002342),2342,02 - Intersection related,03 - P.D. only,02 - Angle,01 - Clear,01 - Daylight,01 - Dry,01 - Traffic signal,01 - Functioning,2,0,0,0,,0,,,,,365054.6963,5025325.516,45.36528321,-75.73082096,3935
20--3772,2020/03/19,2:43 PM,GESNER CRT btwn MAPLE GROVE RD & END (__3ZACX4),__3ZACX4,04 - At/near private drive,03 - P.D. only,02 - Angle,01 - Clear,01 - Daylight,01 - Dry,10 - No control,,2,0,0,0,,0,,,,,351698.1666,5017806.058,45.29864248,-75.90202503,3936
20--3773,2020/03/19,4:00 PM,MERIVALE RD btwn VIEWMOUNT DR & COLONNADE RD (__3ZA33F),__3ZA33F,01 - Non intersection,03 - P.D. only,04 - Sideswipe,01 - Clear,01 - Daylight,01 - Dry,10 - No control,,2,0,0,0,,0,,,,,365212.7506,5022903.254,45.34347446,-75.7290995,3937
20--3774,2020/03/19,4:15 PM,JAMES ST @ KENT ST (0007277),7277,02 - Intersection related,03 - P.D. only,03 - Rear end,01 - Clear,01 - Daylight,01 - Dry,02 - Stop sign,01 - Functioning,2,0,0,0,,0,,,,,367659.7047,5030598.561,45.41249986,-75.69689839,3938
20--3775,2020/03/19,4:39 PM,HIGHWAY 417 btwn Continuation of HIGHWAY 417 & HWY417 IC134 RAMP51 (__3ZA29B),__3ZA29B,01 - Non intersection,03 - P.D. only,04 - Sideswipe,01 - Clear,01 - Daylight,01 - Dry,10 - No control,,2,0,0,0,,0,,,,,355242.391,5021552.005,45.33210358,-75.85645575,3939
20--3776,2020/03/19,5:10 PM,WILLOW ASTER CIR btwn JEROME JODOIN DR & WILLOW ASTER CIR (e___2HC9),e___2HC9,04 - At/near private drive,03 - P.D. only,05 - Turning movement,01 - Clear,01 - Daylight,01 - Dry,10 - No control,,2,0,0,0,,0,,,,,383637.988,5033870.414,45.44031964,-75.49226314,3940
20--3777,2020/03/19,6:40 AM,HIGHWAY 417 btwn HWY417 IC110 RAMP55 & HWY417 IC104 RAMP51 (__3ZA2W8),__3ZA2W8,01 - Non intersection,03 - P.D. only,04 - Sideswipe,01 - Clear,03 - Dawn,01 - Dry,10 - No control,,2,0,0,0,,0,,,,,375991.414,5027999.556,45.38831744,-75.59083951,3941
20--3778,2020/03/19,7:00 PM,JEANNE D'ARC BLVD  S btwn YOUVILLE DR & ST. JOSEPH BLVD (__3ZA2BT),__3ZA2BT,01 - Non intersection,03 - P.D. only,07 - SMV other,01 - Clear,05 - Dusk,01 - Dry,10 - No control,,1,0,0,0,,0,,,,,379808.0208,5036557.247,45.46491514,-75.54080241,3942
20--3779,2020/03/19,9:37 AM,BELFAST RD btwn TRAINYARDS DR & ST. LAURENT BLVD (__3ZA79Z),__3ZA79Z,04 - At/near private drive,03 - P.D. only,05 - Turning movement,01 - Clear,01 - Daylight,01 - Dry,10 - No control,,2,0,0,0,,0,,,,,372159.8793,5030772.199,45.41364348,-75.6393863,3943
20--378,2020/01/10,10:00 AM,WOODROFFE AVE/HWY 417 WOODROFF IC127R25 @ HWY  (0002348),2348,02 - Intersection related,03 - P.D. only,03 - Rear end,01 - Clear,01 - Daylight,01 - Dry,01 - Traffic signal,01 - Functioning,2,0,0,0,,0,,,,,362179.68,5024694.51,45.35984672,-75.76759205,3944
20--3780,2020/03/19,9:45 PM,CONROY RD @ WALKLEY RD (0002648),2648,02 - Intersection related,03 - P.D. only,03 - Rear end,01 - Clear,07 - Dark,01 - Dry,01 - Traffic signal,01 - Functioning,2,0,0,0,,0,,,,,372903.7348,5027463.522,45.38380147,-75.63034047,3945
20--3781,2020/03/20,10:00 PM,BANK ST btwn CECIL AVE & HERON RD (__3ZA3AC),__3ZA3AC,01 - Non intersection,03 - P.D. only,07 - SMV other,01 - Clear,07 - Dark,06 - Ice,10 - No control,,1,0,0,0,,0,,,,,369968.5124,5026925.18,45.37923687,-75.66788917,3946
20--3782,2020/03/20,10:35 AM,TERRANOVA DR btwn DEAUVILLE CRES & GRENOBLE CRES (__3ZA7K6),__3ZA7K6,01 - Non intersection,03 - P.D. only,06 - SMV unattended vehicle,01 - Clear,01 - Daylight,02 - Wet,10 - No control,,1,0,0,0,,0,,,,,381045.3497,5038914.976,45.48599406,-75.5246159,3947
20--3783,2020/03/20,11:00 AM,INNES RD @ TENTH LINE RD (0004633),4633,02 - Intersection related,03 - P.D. only,04 - Sideswipe,"07 - Fog, mist, smoke, dust",01 - Daylight,02 - Wet,01 - Traffic signal,01 - Functioning,2,0,0,0,,0,,,,,383951.7611,5036159.555,45.46087983,-75.48788467,3948
20--3784,2020/03/20,11:00 PM,BANK ST @ HUNT CLUB RD (0002119),2119,02 - Intersection related,03 - P.D. only,03 - Rear end,01 - Clear,07 - Dark,01 - Dry,01 - Traffic signal,01 - Functioning,2,0,0,0,,0,,,,,371608.7393,5024096.502,45.35363093,-75.64733055,3949
20--3785,2020/03/20,11:28 PM,HIGHWAY 417 btwn HWY417 IC123 RAMP62 & HWY417 IC122 RAMP16 (__3ZA2R9),__3ZA2R9,01 - Non intersection,03 - P.D. only,04 - Sideswipe,01 - Clear,07 - Dark,01 - Dry,10 - No control,,2,0,0,0,,0,,,,,364914.0384,5028322.801,45.39226431,-75.73225145,3950
20--3786,2020/03/20,Unknown,MCGEE SIDE RD btwn SPRUCE RIDGE RD & END (__3ZA1GG),__3ZA1GG,01 - Non intersection,03 - P.D. only,06 - SMV unattended vehicle,02 - Rain,00 - Unknown,02 - Wet,10 - No control,,1,0,0,0,,0,,,,,341173.3549,5016668.195,45.2890272,-76.03630001,3951
20--3787,2020/03/20,Unknown,WILDBRIAR WAY btwn PINETRAIL CRES & PINETRAIL CRES (__3ZA0F5),__3ZA0F5,04 - At/near private drive,03 - P.D. only,06 - SMV unattended vehicle,02 - Rain,00 - Unknown,02 - Wet,10 - No control,,1,0,0,0,,0,,,,,362897.7727,5022244.789,45.33774518,-75.7587147,3952
20--3788,2020/03/20,2:39 PM,SPEEDWAY RD btwn SPRUCE RIDGE RD & END (__7JQ7KY),__7JQ7KY,01 - Non intersection,03 - P.D. only,07 - SMV other,01 - Clear,01 - Daylight,01 - Dry,10 - No control,,1,0,0,0,,0,,,,,345805.0642,5011466.151,45.24196198,-75.97768518,3953
20--3789,2020/03/20,3:00 PM,MEADOWLANDS DR btwn BAYNE AVE & MERIVALE RD (__3ZA4HT),__3ZA4HT,01 - Non intersection,03 - P.D. only,04 - Sideswipe,01 - Clear,01 - Daylight,01 - Dry,10 - No control,,2,0,0,0,,0,,,,,364809.9086,5023699.09,45.35066986,-75.73414296,3954
20--379,2020/01/10,10:30 PM,MONTREAL RD @ CARSON'S RD/CODD'S RD (0010801),10801,02 - Intersection related,02 - Non-fatal injury,03 - Rear end,"07 - Fog, mist, smoke, dust",07 - Dark,02 - Wet,01 - Traffic signal,01 - Functioning,2,0,0,0,01 - Minimal,2,2,,,,372770.7117,5034398.577,45.44621279,-75.63108245,3955
20--3790,2020/03/20,7:14 AM,HIGHWAY 416 btwn HWY416 IC49 RAMP24 & HWY416 IC42 RAMP42 (__3ZA29T),__3ZA29T,01 - Non intersection,03 - P.D. only,07 - SMV other,02 - Rain,01 - Daylight,02 - Wet,10 - No control,,1,0,0,0,,0,,,,,370149.9099,4997246.481,45.11217442,-75.66947392,3956
20--3791,2020/03/20,8:47 AM,FALLOWFIELD RD @ STEEPLE HILL CRES (0000635),635,03 - At intersection,03 - P.D. only,02 - Angle,"07 - Fog, mist, smoke, dust",01 - Daylight,02 - Wet,02 - Stop sign,01 - Functioning,2,0,0,0,,0,,,,,358398.6438,5013997.423,45.26389262,-75.81700765,3957
20--3792,2020/03/20,9:20 AM,AIRPORT PKWY btwn AIRPORT PKWY/HUNT CLUB RAMP 42 & WALKLEY RD NB RAMP (__3ZAZP9),__3ZAZP9,01 - Non intersection,02 - Non-fatal injury,05 - Turning movement,01 - Clear,01 - Daylight,02 - Wet,10 - No control,,2,0,0,0,02 - Minor,1,,1,,,370671.0147,5024227.761,45.35490067,-75.65927979,3958
20--3793,2020/03/21,10:23 PM,GREENBANK RD btwn BARNSDALE RD & VIEWBANK RD (__3ZABMH),__3ZABMH,01 - Non intersection,03 - P.D. only,03 - Rear end,01 - Clear,07 - Dark,01 - Dry,10 - No control,,2,0,0,0,,0,,,,,366058.7044,5009798.172,45.22548236,-75.71992351,3959
20--3794,2020/03/21,10:45 AM,PARKDALE AVE @ RUSKIN ST (0006697),6697,02 - Intersection related,03 - P.D. only,03 - Rear end,01 - Clear,01 - Daylight,01 - Dry,01 - Traffic signal,01 - Functioning,2,0,0,0,,0,,,,,365507.7077,5028451.548,45.39337154,-75.72465424,3960
20--3795,2020/03/21,12:30 PM,BILLINGS BRIDGESC RAMP SB @ RIVERSIDE DR EB (0010763),10763,03 - At intersection,03 - P.D. only,02 - Angle,01 - Clear,01 - Daylight,01 - Dry,02 - Stop sign,01 - Functioning,2,0,0,0,,0,,,,,369177.3022,5027785.493,45.38705085,-75.67787857,3961
20--3796,2020/03/21,2:56 PM,OLD INNES RD @ BANTREE ST (0007674),7674,03 - At intersection,03 - P.D. only,02 - Angle,01 - Clear,01 - Daylight,01 - Dry,02 - Stop sign,01 - Functioning,2,0,0,0,,0,,,,,373727.7303,5030352.557,45.40971507,-75.61941591,3962
20--3797,2020/03/21,3:42 AM,GERRY LALONDE DR btwn BLUESTONE PRIV & BLUESTONE PRIV (__86L67K),__86L67K,01 - Non intersection,03 - P.D. only,04 - Sideswipe,04 - Freezing Rain,07 - Dark,06 - Ice,10 - No control,,2,0,0,0,,0,,,,,384150.903,5035374.482,45.45379387,-75.48546532,3963
20--3798,2020/03/21,7:05 PM,BANK ST @ CATHERINE ST (0002708),2708,03 - At intersection,02 - Non-fatal injury,02 - Angle,01 - Clear,07 - Dark,01 - Dry,01 - Traffic signal,01 - Functioning,3,0,0,0,02 - Minor,1,,1,,,368039.709,5030267.569,45.40948746,-75.69208636,3964
20--3799,2020/03/21,9:10 PM,BRIAN COBURN BLVD @ TENTH LINE RD (0013966),13966,03 - At intersection,03 - P.D. only,04 - Sideswipe,01 - Clear,07 - Dark,01 - Dry,01 - Traffic signal,01 - Functioning,2,0,0,0,,0,,,,,384428.3389,5035022.308,45.45059377,-75.48197576,3965
20--38,2020/01/02,3:05 PM,STRANDHERD DR btwn LONGFIELDS DR & CLARIDGE DR (__4BRV9S),__4BRV9S,04 - At/near private drive,02 - Non-fatal injury,05 - Turning movement,01 - Clear,01 - Daylight,02 - Wet,10 - No control,,2,0,0,0,02 - Minor,1,,1,,,364609.2262,5015210.534,45.27430755,-75.73772852,3966
20--380,2020/01/10,10:32 AM,COOPER ST @ METCALFE ST (0006940),6940,03 - At intersection,03 - P.D. only,02 - Angle,01 - Clear,01 - Daylight,06 - Ice,02 - Stop sign,01 - Functioning,2,0,0,0,,0,,,,,367962.7057,5031178.56,45.41769122,-75.69295327,3967
20--3800,2020/03/22,Unknown,GULF PL btwn HOCHELAGA ST & THE ROCKERY PRIV (__3ZBOBR),__3ZBOBR,01 - Non intersection,03 - P.D. only,06 - SMV unattended vehicle,01 - Clear,00 - Unknown,01 - Dry,10 - No control,,1,0,0,0,,0,,,,,373074.7549,5034392.826,45.44613141,-75.6271969,3968
20--3801,2020/03/22,12:12 PM,VANIER PKWY NB btwn MONTREAL RD & MCARTHUR AVE (__3ZA4SS),__3ZA4SS,01 - Non intersection,02 - Non-fatal injury,03 - Rear end,01 - Clear,01 - Daylight,01 - Dry,10 - No control,,2,0,0,0,01 - Minimal,1,1,,,,370111.778,5033005.711,45.43393388,-75.6652546,3969
20--3802,2020/03/22,6:31 AM,TRAINYARDS DR btwn TERMINAL AVE & BELFAST RD (__58HPET),__58HPET,01 - Non intersection,02 - Non-fatal injury,07 - SMV other,01 - Clear,01 - Daylight,01 - Dry,10 - No control,,1,0,0,0,02 - Minor,1,,1,,,371879.1509,5030898.538,45.41480719,-75.64295539,3970
20--3803,2020/03/22,7:30 PM,STANLEY AVE btwn SUSSEX DR & THOMAS ST (__3ZA8A1),__3ZA8A1,01 - Non intersection,03 - P.D. only,06 - SMV unattended vehicle,01 - Clear,07 - Dark,01 - Dry,10 - No control,,1,0,0,0,,0,,,,,367888.3898,5033847.677,45.44171371,-75.69356078,3971
20--3804,2020/03/23,10:00 AM,HIGHWAY 416 btwn HWY416 IC66 RAMP24 & HWY416 IC57 RAMP62 (__3ZA1OI),__3ZA1OI,01 - Non intersection,03 - P.D. only,07 - SMV other,03 - Snow,01 - Daylight,06 - Ice,10 - No control,,1,0,0,0,,0,,,,,361297.5144,5012326.484,45.24863047,-75.78026098,3972
20--3805,2020/03/23,10:00 PM,5TH LINE RD @ DALMENY RD (0001646),1646,03 - At intersection,03 - P.D. only,02 - Angle,03 - Snow,07 - Dark,06 - Ice,02 - Stop sign,01 - Functioning,2,0,0,0,,0,,,,,382530.7561,5002291.349,45.15631396,-75.51136441,3973
20--3806,2020/03/23,11:21 AM,MERIVALE RD/LOTTA AVE @ CLYDE AVE (0001112),1112,02 - Intersection related,03 - P.D. only,03 - Rear end,01 - Clear,01 - Daylight,01 - Dry,01 - Traffic signal,01 - Functioning,2,0,0,0,,0,,,,,364521.698,5024507.52,45.35796861,-75.73772317,3974
20--3807,2020/03/23,Unknown,OGILVIE WALK CRES btwn AMBASSADOR AVE & AMBASSADOR AVE (__3ZAZRH),__3ZAZRH,01 - Non intersection,03 - P.D. only,06 - SMV unattended vehicle,01 - Clear,00 - Unknown,01 - Dry,10 - No control,,1,0,0,0,,0,,,,,374044.3639,5032551.177,45.42946587,-75.61506227,3975
20--3808,2020/03/23,2:30 PM,ALBION RD @ D'AOUST AVE (0009629),9629,03 - At intersection,03 - P.D. only,02 - Angle,02 - Rain,01 - Daylight,02 - Wet,01 - Traffic signal,01 - Functioning,2,0,0,0,,0,,,,,372217.7443,5023470.521,45.34794028,-75.63964414,3976
20--3809,2020/03/23,3:10 PM,BASELINE RD @ NAVAHO DR (0003158),3158,02 - Intersection related,03 - P.D. only,03 - Rear end,03 - Snow,01 - Daylight,02 - Wet,01 - Traffic signal,01 - Functioning,3,0,0,0,,0,,,,,363085.6785,5024097.498,45.35440013,-75.75609903,3977
20--381,2020/01/10,10:45 AM,GREENBANK RD @ STRANDHERD DR (0005563),5563,02 - Intersection related,03 - P.D. only,04 - Sideswipe,01 - Clear,01 - Daylight,01 - Dry,01 - Traffic signal,01 - Functioning,2,0,0,0,,0,,,,,363933.6792,5014784.415,45.27053046,-75.7463884,3978
20--3810,2020/03/23,4:07 PM,CYRVILLE RD @ INNES RD (0009352),9352,02 - Intersection related,03 - P.D. only,03 - Rear end,03 - Snow,01 - Daylight,02 - Wet,01 - Traffic signal,01 - Functioning,2,0,0,0,,0,,,,,375047.7174,5031119.559,45.4164849,-75.60244521,3979
20--3811,2020/03/23,5:13 PM,ALBERT ST btwn METCALFE ST & ELGIN ST (__3ZA353),__3ZA353,01 - Non intersection,03 - P.D. only,06 - SMV unattended vehicle,03 - Snow,01 - Daylight,04 - Slush,10 - No control,,1,0,0,0,,0,,,,,367704.0307,5031621.382,45.42169889,-75.69620156,3980
20--3812,2020/03/23,6:51 AM,REGIONAL ROAD 174 btwn OR174 IC109 RAMP64 & OR174 IC105 RAMP16 (__3ZA2XD),__3ZA2XD,01 - Non intersection,03 - P.D. only,03 - Rear end,01 - Clear,01 - Daylight,01 - Dry,10 - No control,,2,0,0,0,,0,,,,,378359.7416,5036438.567,45.46400135,-75.55933813,3981
20--3813,2020/03/23,9:02 PM,MERIVALE RD @ WEST HUNT CLUB RD (0000584),584,02 - Intersection related,03 - P.D. only,04 - Sideswipe,01 - Clear,07 - Dark,01 - Dry,01 - Traffic signal,01 - Functioning,2,0,0,0,,0,,,,,365612.6962,5021942.492,45.33479509,-75.72411452,3982
20--3814,2020/03/23,9:09 PM,GREENBANK RD @ BERRIGAN DR/WESSEX RD (0004726),4726,03 - At intersection,02 - Non-fatal injury,05 - Turning movement,01 - Clear,07 - Dark,02 - Wet,01 - Traffic signal,01 - Functioning,2,0,0,0,02 - Minor,1,,1,,,363723.6741,5015276.416,45.27497512,-75.74900613,3983
20--3815,2020/03/24,10:55 AM,GLADSTONE AVE @ KENT ST (0002251),2251,03 - At intersection,03 - P.D. only,02 - Angle,01 - Clear,01 - Daylight,01 - Dry,01 - Traffic signal,01 - Functioning,2,0,0,0,,0,,,,,367744.7045,5030459.561,45.41124154,-75.69583028,3984
20--3816,2020/03/24,12:54 AM,OGILVIE RD btwn AVIATION PKWY & MATHESON RD (__3ZA2DL),__3ZA2DL,01 - Non intersection,03 - P.D. only,03 - Rear end,01 - Clear,07 - Dark,02 - Wet,10 - No control,,2,0,0,0,,0,,,,,373208.8925,5032434.74,45.42850045,-75.62575445,3985
20--3817,2020/03/24,5:10 PM,HAZELDEAN RD btwn GO/KA BOUNDARY & GO/KA BOUNDARY (__3ZBOBE),__3ZBOBE,01 - Non intersection,03 - P.D. only,04 - Sideswipe,01 - Clear,01 - Daylight,01 - Dry,10 - No control,,2,0,0,0,,0,,,,,351503.5719,5016592.591,45.28773633,-75.90462034,3986
20--3818,2020/03/24,5:34 PM,WEST HUNT CLUB RD @ WOODROFFE AVE (0000576),576,03 - At intersection,03 - P.D. only,05 - Turning movement,01 - Clear,01 - Daylight,01 - Dry,01 - Traffic signal,01 - Functioning,2,0,0,0,,0,,,,,363670.6962,5021246.474,45.32869799,-75.74897235,3987
20--3819,2020/03/24,5:39 PM,BAYSHORE DR @ RICHMOND RD (0010407),10407,02 - Intersection related,03 - P.D. only,02 - Angle,01 - Clear,01 - Daylight,01 - Dry,01 - Traffic signal,01 - Functioning,2,0,0,0,,0,,,,,359372.6852,5023368.527,45.34813964,-75.80356483,3988
20--382,2020/01/10,10:46 AM,HUNT CLUB RD @ DOWNPATRICK RD/MCCARTHY RD (0006931),6931,03 - At intersection,02 - Non-fatal injury,05 - Turning movement,01 - Clear,01 - Daylight,01 - Dry,01 - Traffic signal,01 - Functioning,2,0,0,0,02 - Minor,2,,2,,,370507.72,5023400.524,45.34747276,-75.66147364,3989
20--3820,2020/03/24,7:38 AM,HOLLAND AVE @ ISLAND PARK DR/N.C.C. DRIVEWAY (0010787),10787,02 - Intersection related,03 - P.D. only,03 - Rear end,01 - Clear,01 - Daylight,06 - Ice,01 - Traffic signal,01 - Functioning,2,0,0,0,,0,,,,,365425.7016,5027917.539,45.38857374,-75.72576711,3990
20--3821,2020/03/25,1:45 AM,REGIONAL ROAD 174 btwn OR174 IC105 RAMP25 & OR174 IC102 RAMP51 (__3ZA27G),__3ZA27G,01 - Non intersection,03 - P.D. only,07 - SMV other,01 - Clear,07 - Dark,01 - Dry,10 - No control,,1,0,0,0,,0,,,,,380104.4797,5037395.229,45.47242274,-75.53688344,3991
20--3822,2020/03/25,11:35 AM,RICHMOND RD @ STINSON AVE (0001130),1130,02 - Intersection related,02 - Non-fatal injury,03 - Rear end,01 - Clear,01 - Daylight,01 - Dry,01 - Traffic signal,00 - Unknown,2,0,0,0,02 - Minor,2,,2,,,357873.6659,5020928.474,45.32629893,-75.82295508,3992
20--3823,2020/03/25,12:30 AM,TRIM RD btwn DEMETER ST & VALIN ST (__4BQAS8),__4BQAS8,01 - Non intersection,03 - P.D. only,07 - SMV other,01 - Clear,07 - Dark,01 - Dry,10 - No control,,1,0,0,0,,0,,,,,386226.0508,5037762.164,45.47503714,-75.45854252,3993
20--3824,2020/03/25,2:30 PM,HIGHWAY 417 btwn HWY417 IC115 RAMP35 & HIGHWAY 417 (__3ZA2US),__3ZA2US,01 - Non intersection,03 - P.D. only,04 - Sideswipe,01 - Clear,01 - Daylight,01 - Dry,10 - No control,,2,0,0,0,,0,,,,,372550.2115,5031511.737,45.42025982,-75.63429817,3994
20--3825,2020/03/25,3:00 PM,SHEFFIELD RD @ WALKLEY RD (0005156),5156,02 - Intersection related,03 - P.D. only,07 - SMV other,01 - Clear,01 - Daylight,02 - Wet,01 - Traffic signal,01 - Functioning,1,0,0,0,,0,,,,,375257.7366,5028784.54,45.39545452,-75.60009579,3995
20--3826,2020/03/25,6:06 PM,EAGLESON RD @ FALLOWFIELD RD (0000118),118,03 - At intersection,03 - P.D. only,02 - Angle,01 - Clear,05 - Dusk,01 - Dry,01 - Traffic signal,01 - Functioning,2,0,0,0,,0,,,,,355961.6221,5012594.403,45.25144939,-75.84820432,3996
20--3827,2020/03/25,6:30 PM,RUSSELL RD S @ ST. LAURENT BLVD (0007734),7734,02 - Intersection related,03 - P.D. only,03 - Rear end,01 - Clear,05 - Dusk,01 - Dry,01 - Traffic signal,01 - Functioning,2,0,0,0,,0,,,,,373569.7301,5029260.551,45.39990526,-75.6215865,3997
20--3828,2020/03/25,6:31 PM,HINCKS LANE @ RIVERSIDE DR (0011354),11354,03 - At intersection,03 - P.D. only,02 - Angle,01 - Clear,05 - Dusk,01 - Dry,01 - Traffic signal,01 - Functioning,2,0,0,0,,0,,,,,370166.7081,5030205.569,45.40873418,-75.66492414,3998
20--3829,2020/03/25,7:09 AM,DUNDAS ST btwn SELKIRK ST & MCARTHUR AVE (__3ZA1B8),__3ZA1B8,01 - Non intersection,03 - P.D. only,04 - Sideswipe,01 - Clear,01 - Daylight,01 - Dry,10 - No control,,2,0,0,0,,0,,,,,369968.5738,5032723.402,45.43140714,-75.66712205,3999
20--383,2020/01/10,10:54 AM,MEADOWLANDS DR @ MERIVALE RD (0000625),625,02 - Intersection related,03 - P.D. only,04 - Sideswipe,01 - Clear,01 - Daylight,01 - Dry,01 - Traffic signal,01 - Functioning,2,0,0,0,,0,,,,,364858.7013,5023725.504,45.35090336,-75.73351711,4000
20--5001,2020/06/18,9:58 PM,ISLAND PARK DR btwn HELENA ST & ISLAND PARK CRES (__3ZA23Z),__3ZA23Z,01 - Non intersection,03 - P.D. only,07 - SMV other,01 - Clear,07 - Dark,01 - Dry,10 - No control,,1,0,0,0,,0,,,,,364421.9606,5028220.269,45.39138382,-75.73854787,4001
20--5002,2020/06/19,1:20 PM,HAWTHORNE RD @ HUNT CLUB RD (0007651),7651,02 - Intersection related,03 - P.D. only,03 - Rear end,01 - Clear,01 - Daylight,01 - Dry,01 - Traffic signal,01 - Functioning,2,0,0,0,,0,,,,,375507.7458,5026406.52,45.37403309,-75.59724365,4002
20--5003,2020/06/19,1:30 PM,HIGHWAY 417 btwn HWY417 IC124 RAMP76 & HWY417 IC124 RAMP67 (__3ZA2R7),__3ZA2R7,01 - Non intersection,03 - P.D. only,03 - Rear end,01 - Clear,01 - Daylight,01 - Dry,10 - No control,,2,0,0,0,,0,,,,,364133.0131,5027154.012,45.38181436,-75.74236597,4003
20--5004,2020/06/19,1:38 PM,VIEWMOUNT DR @ MERIVALE RD (0001528),1528,03 - At intersection,02 - Non-fatal injury,05 - Turning movement,01 - Clear,01 - Daylight,01 - Dry,01 - Traffic signal,01 - Functioning,2,0,0,0,02 - Minor,1,,1,,,365193.7015,5022948.492,45.34388314,-75.72933703,4004
20--5005,2020/06/19,10:00 AM,CROSSKEYS PL/HELENE CAMPBELL RD @ STRANDHERD DR (0015337),15337,02 - Intersection related,03 - P.D. only,03 - Rear end,01 - Clear,01 - Daylight,01 - Dry,01 - Traffic signal,01 - Functioning,2,0,0,0,,0,,,,,360982.3112,5014901.733,45.27182808,-75.78398493,4005
20--4821,2020/06/11,2:30 PM,WOODROFFE AVE btwn GEORGINA DR & HWY417 IC127 RAMP36 (__3ZA4L6),__3ZA4L6,01 - Non intersection,03 - P.D. only,03 - Rear end,01 - Clear,01 - Daylight,01 - Dry,10 - No control,,2,0,0,0,,0,,,,,362021.8368,5025091.503,45.36343173,-75.76956067,4006
20--4551,2020/05/26,3:40 AM,ROCKDALE RD btwn COLONIAL RD & END (__3ZA1OP),__3ZA1OP,01 - Non intersection,03 - P.D. only,07 - SMV other,01 - Clear,07 - Dark,01 - Dry,10 - No control,,1,0,0,0,,0,,,,,391306.4316,5032949.817,45.4311304,-75.39442152,4007