Anom_ID,Accident_Date,Accident_Time,Location,Geo_ID,Accident_Location,Classification_of_Accident,Initial_Impact_Type,Environment_Condition,Light,Road_Surface_Condition,Traffic_Control,Traffic_Control_Condition,No__of_Vehicles,No__of_Bicycles,No__of_Motorcycles,No__of_Pedestrians,Max_Injury,No__of_Injuries,No__of_Minimal,No__of_Minor,No__of_Major,No__of_Fatal,X,Y,Latitude,Longitude,ObjectId
20--5006,2020/06/19,10:35 AM,HAZELDEAN RD @ WEST RIDGE DR (0010365),10365,03 - At intersection,03 - P.D. only,02 - Angle,01 - Clear,01 - Daylight,01 - Dry,01 - Traffic signal,01 - Functioning,2,1,0,0,,0,,,,,348492.5798,5013885.416,45.26356982,-75.94324101,4008
20--5007,2020/06/19,11:45 PM,DUNNING RD btwn MAGLADRY RD & SARSFIELD RD (__3ZA2YC),__3ZA2YC,01 - Non intersection,03 - P.D. only,07 - SMV other,01 - Clear,07 - Dark,01 - Dry,10 - No control,,1,0,0,0,,0,,,,,395655.0717,5029355.247,45.39823965,-75.33951842,4009
20--5008,2020/06/19,11:58 PM,ABBOTT ST @ CRANESBILL RD/ROUNCEY RD (0018110),18110,03 - At intersection,02 - Non-fatal injury,07 - SMV other,01 - Clear,07 - Dark,01 - Dry,11 - Roundabout,01 - Functioning,1,0,0,0,02 - Minor,1,,1,,,352720.6724,5016063.277,45.28289149,-75.88915667,4010
20--5009,2020/06/19,12:24 PM,RIVERSIDE DR @ TREMBLAY RD/HWY417 IC117 RAMP52 (0010790),10790,02 - Intersection related,03 - P.D. only,03 - Rear end,01 - Clear,01 - Daylight,01 - Dry,01 - Traffic signal,01 - Functioning,2,0,0,0,,0,,,,,370802.0779,5031015.911,45.41596568,-75.6566995,4011
20--501,2020/01/12,3:20 AM,HIGHWAY 417 btwn HWY417 IC123 RAMP62 & HWY417 IC122 RAMP16 (__3ZA2R9),__3ZA2R9,01 - Non intersection,03 - P.D. only,07 - SMV other,03 - Snow,07 - Dark,05 - Packed snow,10 - No control,,1,0,0,0,,0,,,,,365128.3697,5028706.031,45.3956941,-75.7294675,4012
20--5010,2020/06/19,12:43 PM,HAZEL ST @ MAIN ST (0007202),7202,02 - Intersection related,03 - P.D. only,03 - Rear end,01 - Clear,01 - Daylight,01 - Dry,01 - Traffic signal,01 - Functioning,2,0,0,0,,0,,,,,369166.7241,5030173.548,45.40853875,-75.67770203,4013
20--5011,2020/06/19,12:55 PM,HIGHWAY 417 btwn HWY417 IC129 RAMP25 & TRANSIT (__3ZA2SH),__3ZA2SH,01 - Non intersection,03 - P.D. only,04 - Sideswipe,01 - Clear,01 - Daylight,01 - Dry,10 - No control,,2,0,0,0,,0,,,,,361140.1544,5024061.489,45.35423513,-75.78093189,4014
20--4641,2020/06/01,4:00 PM,HIGHWAY 417 btwn HWY417 IC122 RAMP61 & HWY417 IC121B RAMP16 (__3ZA2Y4),__3ZA2Y4,01 - Non intersection,03 - P.D. only,03 - Rear end,01 - Clear,01 - Daylight,01 - Dry,10 - No control,,2,0,0,0,,0,,,,,365648.7983,5029110.749,45.39929063,-75.72277111,4015
20--5012,2020/06/19,2:00 AM,HERON RD @ ALTA VISTA DR (0007188),7188,02 - Intersection related,02 - Non-fatal injury,03 - Rear end,01 - Clear,07 - Dark,01 - Dry,01 - Traffic signal,01 - Functioning,2,0,0,0,02 - Minor,1,,1,,,370492.7237,5026902.554,45.37898433,-75.66119945,4016
20--5013,2020/06/19,2:10 PM,BANK ST @ MCLEOD ST (0007255),7255,03 - At intersection,03 - P.D. only,05 - Turning movement,01 - Clear,01 - Daylight,01 - Dry,02 - Stop sign,01 - Functioning,2,0,0,0,,0,,,,,367948.7107,5030487.573,45.4114752,-75.69322061,4017
20--5014,2020/06/19,2:21 PM,DUNCAIRN AVE btwn CHURCHILL AVE N & TWEEDSMUIR AVE (__3ZA07Y),__3ZA07Y,01 - Non intersection,03 - P.D. only,06 - SMV unattended vehicle,01 - Clear,01 - Daylight,01 - Dry,10 - No control,,1,0,0,0,,0,,,,,363614.361,5027526.918,45.38521345,-75.74894373,4018
20--5015,2020/06/19,5:50 PM,LEES AVE / GRAHAM AVE @ MAIN ST (0002252),2252,02 - Intersection related,02 - Non-fatal injury,03 - Rear end,01 - Clear,01 - Daylight,01 - Dry,01 - Traffic signal,01 - Functioning,3,0,0,0,02 - Minor,1,,1,,,369001.7081,5030560.56,45.4120361,-75.67975952,4019
20--5016,2020/06/19,5:56 PM,OLD MONTREAL RD btwn PIERRETTE DR & PIERRETTE DR (__3ZA5FD),__3ZA5FD,01 - Non intersection,03 - P.D. only,03 - Rear end,01 - Clear,01 - Daylight,01 - Dry,10 - No control,,2,0,0,0,,0,,,,,391836.3618,5042667.865,45.51849573,-75.38592851,4020
20--5017,2020/06/19,7:09 PM,INNES RD @ STONEHENGE CRES E (0009355),9355,03 - At intersection,02 - Non-fatal injury,02 - Angle,01 - Clear,01 - Daylight,01 - Dry,01 - Traffic signal,01 - Functioning,2,0,0,0,02 - Minor,1,,1,,,375363.751,5031313.556,45.41819858,-75.59837997,4021
20--5018,2020/06/19,8:02 AM,VANIER PKWY/CRICHTON ST @ BEECHWOOD AVE/ST. PA (0001604),1604,02 - Intersection related,03 - P.D. only,03 - Rear end,01 - Clear,01 - Daylight,01 - Dry,01 - Traffic signal,00 - Unknown,3,0,0,0,,0,,,,,369127.8091,5033487.129,45.4383567,-75.67776642,4022
20--5019,2020/06/19,8:16 AM,ALPINE AVE btwn CARLING AVE & ELMHURST ST (__3ZBNG7),__3ZBNG7,04 - At/near private drive,03 - P.D. only,99 - Other,01 - Clear,01 - Daylight,01 - Dry,10 - No control,,2,0,0,0,,0,,,,,360515.0934,5024893.989,45.36177588,-75.78881507,4023
20--502,2020/01/12,4:52 AM,REGIONAL ROAD 174 btwn OR174 IC105 RAMP25 & OR174 IC102 RAMP51 (__3ZA27G),__3ZA27G,01 - Non intersection,03 - P.D. only,07 - SMV other,04 - Freezing Rain,07 - Dark,06 - Ice,10 - No control,,1,0,0,0,,0,,,,,380754.0732,5037763.238,45.47566344,-75.52851969,4024
20--5020,2020/06/19,9:15 AM,CATHERINE ST @ METCALFE ST (0011239),11239,02 - Intersection related,03 - P.D. only,02 - Angle,01 - Clear,01 - Daylight,01 - Dry,01 - Traffic signal,01 - Functioning,2,0,0,0,,0,,,,,368393.6975,5030486.574,45.41142592,-75.68753622,4025
20--5021,2020/06/19,9:44 PM,GREENBANK RD btwn WEST HUNT CLUB RD & FALLOWFIELD RD (__3ZA1NE),__3ZA1NE,01 - Non intersection,03 - P.D. only,04 - Sideswipe,01 - Clear,07 - Dark,01 - Dry,10 - No control,,2,0,0,0,,0,,,,,361504.7134,5020444.955,45.32166427,-75.77669384,4026
20--5022,2020/06/20,10:31 AM,MERIVALE RD btwn CLYDE AVE & RITA AVE (__3ZA4H7),__3ZA4H7,04 - At/near private drive,03 - P.D. only,03 - Rear end,01 - Clear,01 - Daylight,01 - Dry,10 - No control,,3,0,0,0,,0,,,,,364595.6691,5024335.211,45.3564119,-75.73679995,4027
20--5023,2020/06/20,11:58 AM,CENTURY RD S @ MCCORDICK RD S (0003724),3724,03 - At intersection,03 - P.D. only,02 - Angle,01 - Clear,01 - Daylight,01 - Dry,02 - Stop sign,01 - Functioning,2,0,0,0,,0,,,,,360469.6148,5003123.322,45.16588447,-75.79183536,4028
20--5024,2020/06/20,12:16 PM,REGIONAL ROAD 174 btwn OR174 IC101 RAMP63 & OR174 IC101 RAMP45 (__3ZA11Q),__3ZA11Q,01 - Non intersection,03 - P.D. only,07 - SMV other,01 - Clear,01 - Daylight,01 - Dry,10 - No control,,1,0,0,0,,0,,,,,382741.1568,5038885.121,45.48553816,-75.50292995,4029
20--5025,2020/06/20,12:21 AM,RICHMOND RD btwn PERTH ST & CAMBRIAN RD (__3ZAB98),__3ZAB98,01 - Non intersection,02 - Non-fatal injury,07 - SMV other,01 - Clear,07 - Dark,01 - Dry,10 - No control,,1,0,1,0,03 - Major,1,,,1,,358993.183,5008221.881,45.21187761,-75.81006139,4030
20--5026,2020/06/20,12:30 PM,MEADOWLANDS DR @ MERIVALE RD (0000625),625,02 - Intersection related,03 - P.D. only,03 - Rear end,01 - Clear,01 - Daylight,01 - Dry,01 - Traffic signal,01 - Functioning,2,0,0,0,,0,,,,,364858.6973,5023725.496,45.35090329,-75.73351716,4031
20--5027,2020/06/20,2:00 PM,HIGHWAY 417 btwn HWY417 IC129 RAMP25 & TRANSIT (__3ZA2SH),__3ZA2SH,01 - Non intersection,03 - P.D. only,03 - Rear end,01 - Clear,01 - Daylight,01 - Dry,10 - No control,,2,0,0,0,,0,,,,,361841.8644,5024603.878,45.35905878,-75.77191412,4032
20--5028,2020/06/20,3:00 PM,BOOTH ST @ SIR JOHN A. MACDONALD PKWY/WELLINGTON ST (0012252),12252,02 - Intersection related,03 - P.D. only,04 - Sideswipe,02 - Rain,01 - Daylight,02 - Wet,01 - Traffic signal,01 - Functioning,2,0,0,0,,0,,,,,366264.2566,5031006.701,45.41629614,-75.71467416,4033
20--5029,2020/06/20,3:11 PM,ST. JOSEPH BLVD/OLD MONTREAL RD @ TRIM RD (0004118),4118,03 - At intersection,03 - P.D. only,02 - Angle,01 - Clear,01 - Daylight,01 - Dry,11 - Roundabout,03 - Obscured,2,0,0,0,,0,,,,,384682.7453,5039285.585,45.48892166,-75.47803076,4034
20--503,2020/01/12,5:28 PM,ALBERT ST @ KENT ST (OTTAWA) (0003136),3136,03 - At intersection,02 - Non-fatal injury,02 - Angle,01 - Clear,05 - Dusk,03 - Loose snow,01 - Traffic signal,01 - Functioning,2,0,0,0,02 - Minor,1,,1,,,367221.6767,5031319.582,45.41902659,-75.7024028,4035
20--5030,2020/06/20,3:11 PM,KING EDWARD AVE NB btwn CLARENCE ST & YORK ST (__3ZA3WR),__3ZA3WR,01 - Non intersection,03 - P.D. only,06 - SMV unattended vehicle,01 - Clear,01 - Daylight,01 - Dry,10 - No control,,1,0,0,0,,0,,,,,368364.8893,5032674.294,45.43111288,-75.68762196,4036
20--5031,2020/06/20,3:21 PM,PINNACLE ST @ FIELDFAIR WAY/PENNYROYAL CRES (0013411),13411,03 - At intersection,03 - P.D. only,99 - Other,01 - Clear,01 - Daylight,01 - Dry,02 - Stop sign,01 - Functioning,2,0,0,0,,0,,,,,386975.673,5036113.589,45.46011715,-75.44923194,4037
20--5032,2020/06/20,4:50 PM,CENTURY RD S @ MCCORDICK RD S (0003724),3724,03 - At intersection,02 - Non-fatal injury,02 - Angle,01 - Clear,01 - Daylight,01 - Dry,02 - Stop sign,01 - Functioning,2,0,0,0,02 - Minor,1,,1,,,360469.6346,5003123.308,45.16588434,-75.79183511,4038
20--5033,2020/06/20,5:10 PM,BILLINGS BRIDGE NB RAMP @ RIVERSIDE DR WB (0002619),2619,02 - Intersection related,03 - P.D. only,02 - Angle,01 - Clear,01 - Daylight,01 - Dry,10 - No control,,2,0,0,0,,0,,,,,369274.1652,5028046.66,45.38939183,-75.67660761,4039
20--5034,2020/06/20,5:30 PM,RIOCAN AVE @ STRANDHERD DR (0010997),10997,02 - Intersection related,03 - P.D. only,03 - Rear end,01 - Clear,01 - Daylight,01 - Dry,01 - Traffic signal,01 - Functioning,2,0,0,0,,0,,,,,364172.1982,5014944.564,45.27195139,-75.74332978,4040
20--5035,2020/06/20,5:50 PM,KANATA AVE @ EARL GREY DR (0012608),12608,02 - Intersection related,03 - P.D. only,03 - Rear end,01 - Clear,01 - Daylight,01 - Dry,01 - Traffic signal,01 - Functioning,2,0,0,0,,0,,,,,350951.7562,5019284.66,45.31199676,-75.91140395,4041
20--5036,2020/06/20,7:48 PM,BLAIR RD @ REGIONAL RD 174 N/OR174 IC112 RAMP61 (0003617),3617,03 - At intersection,03 - P.D. only,02 - Angle,01 - Clear,01 - Daylight,01 - Dry,01 - Traffic signal,01 - Functioning,2,0,0,0,,0,,,,,374634.7195,5032991.567,45.43336956,-75.60745603,4042
20--5037,2020/06/21,1:03 PM,ELLERY CRES btwn VIRGIL RD & GARDEN PL (__3ZBNF5),__3ZBNF5,01 - Non intersection,03 - P.D. only,06 - SMV unattended vehicle,01 - Clear,01 - Daylight,01 - Dry,10 - No control,,1,0,0,0,,0,,,,,358123.2068,5020774.839,45.3248976,-75.81978853,4043
20--5038,2020/06/21,1:17 PM,LEEDS AVE btwn BLACKWELL ST & END (__3ZA78X),__3ZA78X,01 - Non intersection,03 - P.D. only,06 - SMV unattended vehicle,01 - Clear,01 - Daylight,01 - Dry,10 - No control,,1,0,0,0,,0,,,,,374604.4991,5029463.094,45.40162524,-75.60834206,4044
20--5039,2020/06/21,11:09 PM,HIGHWAY 417 btwn HWY417 IC119A RAMP75 & HWY417 IC118 RAMP57 (__3ZA2R2),__3ZA2R2,01 - Non intersection,03 - P.D. only,04 - Sideswipe,01 - Clear,07 - Dark,01 - Dry,10 - No control,,2,0,0,0,,0,,,,,369050.4343,5030762.77,45.41385105,-75.6791107,4045
20--504,2020/01/12,6:05 AM,HIGHWAY 417 btwn HWY417 IC124 RAMP67 & HWY417 IC123 RAMP62 (__3ZA2YZ),__3ZA2YZ,01 - Non intersection,03 - P.D. only,07 - SMV other,03 - Snow,07 - Dark,03 - Loose snow,10 - No control,,1,0,0,0,,0,,,,,364617.0642,5027794.845,45.38753929,-75.73610793,4046
20--5040,2020/06/21,11:31 AM,GREGOIRE RD @ MARVELVILLE RD (0001674),1674,02 - Intersection related,03 - P.D. only,07 - SMV other,01 - Clear,01 - Daylight,01 - Dry,02 - Stop sign,01 - Functioning,1,0,0,0,,0,,,,,393290.8414,5008915.36,45.21464493,-75.3733597,4047
20--5041,2020/06/21,11:36 AM,MITCH OWENS RD @ OLD PRESCOTT RD (0009275),9275,02 - Intersection related,03 - P.D. only,02 - Angle,01 - Clear,01 - Daylight,01 - Dry,01 - Traffic signal,01 - Functioning,2,0,0,0,,0,,,,,377088.7696,5015548.452,45.27617582,-75.5786458,4048
20--5042,2020/06/21,12:27 AM,REGIONAL ROAD 174 btwn OR174 IC109 RAMP64 & OR174 IC105 RAMP16 (__3ZA2XD),__3ZA2XD,01 - Non intersection,03 - P.D. only,07 - SMV other,01 - Clear,07 - Dark,01 - Dry,10 - No control,,1,0,0,0,,0,,,,,376641.4807,5035364.866,45.45451972,-75.58146478,4049
20--5043,2020/06/21,2:17 PM,BLAIR RD btwn MEADOWBROOK RD & LAURA PRIV (__5J9N74),__5J9N74,01 - Non intersection,03 - P.D. only,04 - Sideswipe,01 - Clear,01 - Daylight,01 - Dry,10 - No control,,2,0,0,0,,0,,,,,375200.4174,5032303.38,45.42712092,-75.60032523,4050
20--5044,2020/06/21,2:42 PM,ST. JOSEPH BLVD @ JEANNE D'ARC BLVD (0012421),12421,03 - At intersection,03 - P.D. only,04 - Sideswipe,01 - Clear,01 - Daylight,01 - Dry,11 - Roundabout,00 - Unknown,2,0,0,0,,0,,,,,379860.7403,5036471.581,45.46413872,-75.54014141,4051
20--5045,2020/06/21,4:36 PM,DES EPINETTES AVE @ JEANNE D'ARC BLVD (0004221),4221,02 - Intersection related,03 - P.D. only,03 - Rear end,01 - Clear,01 - Daylight,01 - Dry,01 - Traffic signal,01 - Functioning,3,0,0,0,,0,,,,,382226.7455,5035958.587,45.459265,-75.50997078,4052
20--5046,2020/06/21,5:40 PM,PARKWAY RD @ STAGECOACH RD (0010378),10378,02 - Intersection related,03 - P.D. only,07 - SMV other,01 - Clear,01 - Daylight,01 - Dry,02 - Stop sign,01 - Functioning,1,0,0,0,,0,,,,,376230.7334,5012622.412,45.24993596,-75.59000121,4053
20--5047,2020/06/21,8:40 PM,BLAIS RD btwn BANK ST & HAWTHORNE RD (__3ZA6G4),__3ZA6G4,01 - Non intersection,03 - P.D. only,07 - SMV other,01 - Clear,05 - Dusk,01 - Dry,10 - No control,,1,0,0,0,,0,,,,,377007.0905,5020218.148,45.31820023,-75.57900674,4054
20--5048,2020/06/22,1:04 PM,KING EDWARD AVE @ RIDEAU ST (0002121),2121,02 - Intersection related,03 - P.D. only,03 - Rear end,01 - Clear,01 - Daylight,01 - Dry,01 - Traffic signal,01 - Functioning,2,0,0,0,,0,,,,,368511.7038,5032413.588,45.42875379,-75.68577955,4055
20--5049,2020/06/22,1:06 PM,MERIVALE RD/LOTTA AVE @ CLYDE AVE (0001112),1112,02 - Intersection related,03 - P.D. only,03 - Rear end,01 - Clear,01 - Daylight,01 - Dry,01 - Traffic signal,01 - Functioning,2,0,0,0,,0,,,,,364521.6973,5024507.531,45.35796871,-75.73772318,4056
20--505,2020/01/12,6:44 AM,REGIONAL ROAD 174 btwn OR174 IC109 RAMP56 & OR174 IC109 RAMP86 (__3ZA28W),__3ZA28W,01 - Non intersection,03 - P.D. only,07 - SMV other,03 - Snow,07 - Dark,04 - Slush,10 - No control,,1,0,0,0,,0,,,,,376479.76,5035050.332,45.45170635,-75.58357805,4057
20--5050,2020/06/22,1:30 PM,FINDLAY CREEK DR @ BANK ST (0012407),12407,02 - Intersection related,03 - P.D. only,03 - Rear end,01 - Clear,01 - Daylight,01 - Dry,01 - Traffic signal,01 - Functioning,2,0,0,0,,0,,,,,375847.4735,5020459.961,45.32049427,-75.59376097,4058
20--5051,2020/06/22,10:31 AM,STE. ANNE ST btwn MONTFORT ST & MONTREAL RD (__3ZA8VJ),__3ZA8VJ,04 - At/near private drive,03 - P.D. only,05 - Turning movement,01 - Clear,01 - Daylight,01 - Dry,10 - No control,,2,0,0,0,,0,,,,,370592.763,5033563.698,45.43890931,-75.65903325,4059
20--5052,2020/06/22,10:45 AM,O'CONNOR ST btwn GILMOUR ST & LEWIS ST (__3ZA3RK),__3ZA3RK,01 - Non intersection,03 - P.D. only,04 - Sideswipe,01 - Clear,01 - Daylight,01 - Dry,10 - No control,,2,0,0,0,,0,,,,,367948.6152,5030861.001,45.41483519,-75.69317398,4060
20--5053,2020/06/22,12:06 PM,HUNT CLUB RD @ LORRY GREENBERG DR/SABLE RIDGE  (0008203),8203,02 - Intersection related,03 - P.D. only,03 - Rear end,01 - Clear,01 - Daylight,01 - Dry,01 - Traffic signal,01 - Functioning,2,0,0,0,,0,,,,,372823.7451,5024807.503,45.35991144,-75.63172756,4061
20--5054,2020/06/22,12:40 PM,CUMBERLAND ST @ MURRAY ST (0008237),8237,02 - Intersection related,03 - P.D. only,04 - Sideswipe,01 - Clear,01 - Daylight,01 - Dry,01 - Traffic signal,01 - Functioning,2,0,0,0,,0,,,,,368170.7067,5032679.585,45.43117811,-75.69010274,4062
20--5055,2020/06/22,12:50 PM,RIVERSIDE DR @ PLEASANT PARK RD (0007296),7296,03 - At intersection,02 - Non-fatal injury,02 - Angle,01 - Clear,01 - Daylight,01 - Dry,01 - Traffic signal,01 - Functioning,2,1,0,0,02 - Minor,1,,1,,,369561.2458,5028415.015,45.39267968,-75.67289337,4063
20--5056,2020/06/22,2:06 PM,BROPHY DR @ MOODIE DR (0003715),3715,02 - Intersection related,03 - P.D. only,07 - SMV other,01 - Clear,01 - Daylight,01 - Dry,02 - Stop sign,01 - Functioning,1,0,0,0,,0,,,,,362746.6546,5006863.335,45.19935455,-75.76243742,4064
20--5057,2020/06/22,2:07 PM,INNES RD @ TENTH LINE RD (0004633),4633,02 - Intersection related,03 - P.D. only,03 - Rear end,01 - Clear,01 - Daylight,01 - Dry,01 - Traffic signal,01 - Functioning,2,0,0,0,,0,,,,,383951.7668,5036159.545,45.46087974,-75.48788459,4065
20--5058,2020/06/22,2:18 PM,BARNSDALE RD @ PRINCE OF WALES DR (0001082),1082,03 - At intersection,03 - P.D. only,02 - Angle,01 - Clear,01 - Daylight,01 - Dry,02 - Stop sign,01 - Functioning,2,0,0,0,,0,,,,,366646.697,5011532.409,45.24103565,-75.71222107,4066
20--5059,2020/06/22,2:32 PM,PINECREST RD btwn HWY417 IC129 RAMP26 & GREENBANK RD (__3ZA4MX),__3ZA4MX,07 - Overpass or bridge,03 - P.D. only,03 - Rear end,01 - Clear,01 - Daylight,01 - Dry,10 - No control,,3,0,0,0,,0,,,,,360446.9124,5023528.957,45.34949878,-75.78983897,4067
20--506,2020/01/12,7:15 PM,REGIONAL ROAD 174 btwn OR174 IC101 RAMP36 & OR174 IC101 RAMP26 (__3ZA11R),__3ZA11R,01 - Non intersection,02 - Non-fatal injury,07 - SMV other,01 - Clear,07 - Dark,02 - Wet,10 - No control,,1,0,0,0,02 - Minor,1,,1,,,382502.634,5038778.011,45.48460108,-75.50599776,4068
20--5060,2020/06/22,2:45 PM,SUNSET BLVD btwn TRANQUIL GT & OLD PRESCOTT RD (__3ZA5UT),__3ZA5UT,01 - Non intersection,03 - P.D. only,07 - SMV other,01 - Clear,01 - Daylight,01 - Dry,10 - No control,,1,0,0,0,,0,,,,,376843.3398,5015227.31,45.27331149,-75.58182012,4069
20--5061,2020/06/22,2:49 PM,HIGHWAY 417 btwn HWY417 IC127 RAMP67 & HWY417 IC126 RAMP16 (__3ZA2X0),__3ZA2X0,01 - Non intersection,03 - P.D. only,03 - Rear end,01 - Clear,01 - Daylight,01 - Dry,10 - No control,,2,0,0,0,,0,,,,,362477.1169,5025128.426,45.36372665,-75.76374517,4070
20--5062,2020/06/22,3:02 PM,BURRIS LANE @ MERIVALE RD (0002014),2014,02 - Intersection related,03 - P.D. only,03 - Rear end,01 - Clear,01 - Daylight,01 - Dry,01 - Traffic signal,01 - Functioning,2,0,0,0,,0,,,,,364880.7096,5025067.529,45.36297682,-75.73307315,4071
20--5063,2020/06/22,3:30 PM,CAMPEAU DR/HWY 417 MARCH IC138R63 @ MARCH RD (0009710),9710,02 - Intersection related,03 - P.D. only,03 - Rear end,01 - Clear,01 - Daylight,01 - Dry,01 - Traffic signal,01 - Functioning,2,0,0,0,,0,,,,,352841.6219,5020476.474,45.32259421,-75.88718733,4072
20--5064,2020/06/22,3:33 PM,WALKLEY RD btwn AVONCOURT WAY & SOUTHMORE DR E (__3ZA37Z),__3ZA37Z,04 - At/near private drive,03 - P.D. only,02 - Angle,02 - Rain,01 - Daylight,02 - Wet,10 - No control,,2,0,0,0,,0,,,,,369661.3076,5025546.756,45.36686274,-75.67199235,4073
20--5065,2020/06/22,4:15 PM,HIGHWAY 417 btwn HWY417 IC126 RAMP61 & HWY417 IC124 RAMP76 (__3ZA2Y2),__3ZA2Y2,01 - Non intersection,03 - P.D. only,03 - Rear end,01 - Clear,01 - Daylight,01 - Dry,10 - No control,,2,0,0,0,,0,,,,,364015.2923,5026992.58,45.38037178,-75.7438884,4074
20--5066,2020/06/22,4:39 PM,CONROY RD @ WALKLEY RD (0002648),2648,03 - At intersection,02 - Non-fatal injury,02 - Angle,02 - Rain,01 - Daylight,02 - Wet,01 - Traffic signal,01 - Functioning,2,0,0,0,02 - Minor,1,,1,,,372903.7272,5027463.533,45.38380157,-75.63034056,4075
20--5067,2020/06/22,4:45 PM,BOYER RD @ LOIRE DR (0012531),12531,03 - At intersection,03 - P.D. only,05 - Turning movement,02 - Rain,01 - Daylight,02 - Wet,02 - Stop sign,01 - Functioning,2,0,0,0,,0,,,,,380615.7444,5036352.553,45.46298626,-75.53050634,4076
20--5068,2020/06/22,4:55 PM,CEDARVIEW RD @ FALLOWFIELD RD (0001603),1603,03 - At intersection,02 - Non-fatal injury,02 - Angle,01 - Clear,01 - Daylight,01 - Dry,01 - Traffic signal,01 - Functioning,2,0,0,0,01 - Minimal,2,2,,,,361294.6768,5015664.442,45.27866597,-75.77991751,4077
20--5069,2020/06/22,6:00 PM,ALBION RD @ CAHILL DR (0007499),7499,03 - At intersection,03 - P.D. only,02 - Angle,01 - Clear,01 - Daylight,01 - Dry,02 - Stop sign,01 - Functioning,2,0,0,0,,0,,,,,371725.7341,5024668.512,45.35876653,-75.6457601,4078
20--507,2020/01/12,7:15 PM,CHAMPLAIN BRIDGE/ISLAND PARK DR btwn BATE ISLAND & OTTAWA RIVER PKWY (__3ZA2ZEB),__3ZA2ZEB,07 - Overpass or bridge,03 - P.D. only,07 - SMV other,03 - Snow,07 - Dark,05 - Packed snow,10 - No control,,1,0,0,0,,0,,,,,363142.3237,5029585.465,45.4037754,-75.75472767,4079
20--5070,2020/06/22,6:03 PM,MOODIE DR btwn BARNSDALE RD & BROPHY DR (__3ZA4KM),__3ZA4KM,04 - At/near private drive,03 - P.D. only,07 - SMV other,01 - Clear,01 - Daylight,01 - Dry,10 - No control,,1,0,0,0,,0,,,,,362558.2374,5007328.07,45.20355177,-75.76478159,4080
20--5071,2020/06/22,6:30 AM,ALBION RD @ MITCH OWENS RD (0004212),4212,02 - Intersection related,03 - P.D. only,04 - Sideswipe,01 - Clear,01 - Daylight,01 - Dry,01 - Traffic signal,01 - Functioning,2,0,0,0,,0,,,,,375906.7528,5014804.44,45.26960198,-75.5938158,4081
20--5072,2020/06/22,6:50 PM,LOLA ST @ PRINCE ALBERT ST (0008260),8260,03 - At intersection,03 - P.D. only,02 - Angle,01 - Clear,01 - Daylight,01 - Dry,02 - Stop sign,01 - Functioning,2,0,0,0,,0,,,,,371137.7209,5031971.559,45.42453246,-75.65228283,4082
20--5073,2020/06/22,6:53 AM,REGIONAL ROAD 174 btwn OR174 IC105 RAMP16 & OR174 IC105 RAMP26 (__3ZA1PU),__3ZA1PU,01 - Non intersection,03 - P.D. only,07 - SMV other,01 - Clear,01 - Daylight,01 - Dry,10 - No control,,1,0,0,0,,0,,,,,378950.475,5036772.823,45.46694628,-75.5517346,4083
20--5074,2020/06/22,7:49 AM,SMYTH RD E/LANCASTER RD @ ST. LAURENT BLVD N/R (0002256),2256,03 - At intersection,02 - Non-fatal injury,05 - Turning movement,01 - Clear,01 - Daylight,01 - Dry,01 - Traffic signal,01 - Functioning,2,0,0,0,02 - Minor,2,,2,,,373364.7294,5029424.55,45.40140096,-75.62418192,4084
20--5075,2020/06/22,7:57 PM,MONTREAL RD @ GRANVILLE ST/LAFONTAINE AVE (0009348),9348,02 - Intersection related,02 - Non-fatal injury,03 - Rear end,01 - Clear,01 - Daylight,01 - Dry,01 - Traffic signal,01 - Functioning,2,0,0,0,01 - Minimal,1,1,,,,370826.7082,5033474.599,45.43808559,-75.65605523,4085
20--5076,2020/06/22,8:22 PM,VIEWMOUNT DR @ MERIVALE RD (0001528),1528,02 - Intersection related,03 - P.D. only,03 - Rear end,01 - Clear,01 - Daylight,01 - Dry,01 - Traffic signal,01 - Functioning,2,0,0,0,,0,,,,,365193.6914,5022948.5,45.34388322,-75.72933716,4086
20--5077,2020/06/22,8:26 AM,BLAIR RD btwn OGILVIE RD & OR174 IC112 RAMP36 (__3ZA25Q),__3ZA25Q,01 - Non intersection,03 - P.D. only,03 - Rear end,01 - Clear,01 - Daylight,01 - Dry,10 - No control,,2,0,0,0,,0,,,,,374535.9261,5033130.512,45.43462957,-75.60869885,4087
20--5078,2020/06/22,9:06 PM,WEST HUNT CLUB RD WB btwn 545 E OF ROYDON PL/SUNDERLAND ST & ANTARES D (__3ZA3JSB),__3ZA3JSB,01 - Non intersection,03 - P.D. only,07 - SMV other,01 - Clear,05 - Dusk,01 - Dry,10 - No control,,1,0,0,0,,0,,,,,366363.5728,5022414.055,45.33897267,-75.71447661,4088
20--5079,2020/06/22,9:08 AM,O'CONNOR ST @ SLATER ST (0002230),2230,03 - At intersection,02 - Non-fatal injury,07 - SMV other,01 - Clear,01 - Daylight,01 - Dry,01 - Traffic signal,01 - Functioning,1,0,0,1,02 - Minor,1,,1,,,367579.7021,5031450.579,45.42017323,-75.69781186,4089