Anom_ID,Accident_Date,Accident_Time,Location,Geo_ID,Accident_Location,Classification_of_Accident,Initial_Impact_Type,Environment_Condition,Light,Road_Surface_Condition,Traffic_Control,Traffic_Control_Condition,No__of_Vehicles,No__of_Bicycles,No__of_Motorcycles,No__of_Pedestrians,Max_Injury,No__of_Injuries,No__of_Minimal,No__of_Minor,No__of_Major,No__of_Fatal,X,Y,Latitude,Longitude,ObjectId
20--508,2020/01/12,7:21 PM,PARKDALE AVE @ RUSKIN ST (0006697),6697,03 - At intersection,02 - Non-fatal injury,07 - SMV other,03 - Snow,07 - Dark,05 - Packed snow,01 - Traffic signal,01 - Functioning,1,0,0,1,02 - Minor,2,1,1,,,365507.6975,5028451.549,45.39337155,-75.72465437,4090
20--5080,2020/06/22,9:20 PM,CARLING AVE WB btwn CARLING AVE & WYLIE AVE (__3ZA4VK),__3ZA4VK,01 - Non intersection,03 - P.D. only,07 - SMV other,01 - Clear,05 - Dusk,01 - Dry,10 - No control,,1,0,0,0,,0,,,,,359114.4806,5024060.217,45.35438352,-75.80678372,4091
20--5081,2020/06/22,9:36 AM,LIVERPOOL CRT @ NEWMARKET ST (0007617),7617,02 - Intersection related,03 - P.D. only,04 - Sideswipe,01 - Clear,01 - Daylight,01 - Dry,02 - Stop sign,01 - Functioning,2,0,0,0,,0,,,,,373498.7326,5030383.54,45.41001636,-75.6223368,4092
20--5082,2020/06/23,1:30 PM,LANTHIER DR @ VANTAGE DR (0004631),4631,03 - At intersection,03 - P.D. only,02 - Angle,01 - Clear,01 - Daylight,01 - Dry,02 - Stop sign,01 - Functioning,2,0,0,0,,0,,,,,383600.7663,5035848.558,45.45812144,-75.49242199,4093
20--5083,2020/06/23,1:50 PM,RICHMOND RD @ WOODROFFE AVE (0011466),11466,02 - Intersection related,03 - P.D. only,03 - Rear end,01 - Clear,01 - Daylight,01 - Dry,01 - Traffic signal,01 - Functioning,2,0,0,0,,0,,,,,361584.6859,5026654.519,45.37753117,-75.77496079,4094
20--5084,2020/06/23,10:01 AM,PERTH ST btwn ROCHELLE DR & FORTUNE ST (__3ZA42V),__3ZA42V,04 - At/near private drive,03 - P.D. only,05 - Turning movement,01 - Clear,01 - Daylight,01 - Dry,10 - No control,,2,0,0,0,,0,,,,,356246.3346,5005799.129,45.1902828,-75.84527952,4095
20--5085,2020/06/23,10:02 PM,BANK ST @ KILBORN AVE/BELANGER AVE (0007208),7208,02 - Intersection related,03 - P.D. only,03 - Rear end,01 - Clear,07 - Dark,01 - Dry,01 - Traffic signal,01 - Functioning,2,0,0,0,,0,,,,,369653.7304,5027427.537,45.38378612,-75.67184208,4096
20--5086,2020/06/23,10:40 AM,WESTBURY RD btwn HIGHGATE RD & RIDEOUT CRES (__3ZAA4U),__3ZAA4U,01 - Non intersection,03 - P.D. only,06 - SMV unattended vehicle,01 - Clear,01 - Daylight,01 - Dry,10 - No control,,1,0,0,0,,0,,,,,362009.8816,5023631.786,45.35029828,-75.7698822,4097
20--5087,2020/06/23,10:42 AM,RIVER RD @ SOUTH GOWER BOUNDARY RD (0012899),12899,03 - At intersection,03 - P.D. only,07 - SMV other,01 - Clear,01 - Daylight,01 - Dry,02 - Stop sign,01 - Functioning,1,0,0,0,,0,,,,,374599.5854,4996521.458,45.10522546,-75.61303103,4098
20--5088,2020/06/23,11:00 AM,WOODROFFE AVE @ GEORGINA DR/LENESTER AVE (0002351),2351,03 - At intersection,03 - P.D. only,02 - Angle,01 - Clear,01 - Daylight,01 - Dry,01 - Traffic signal,01 - Functioning,2,0,0,0,,0,,,,,361909.6921,5025370.517,45.36595142,-75.77095983,4099
20--5089,2020/06/23,11:26 AM,TRAIL RD btwn MOODIE DR & CAMBRIAN RD (__3ZAB0H),__3ZAB0H,01 - Non intersection,03 - P.D. only,06 - SMV unattended vehicle,01 - Clear,01 - Daylight,08 - Loose sand or gravel,10 - No control,,1,0,0,0,,0,,,,,361179.9146,5010794.684,45.23485655,-75.78193266,4100
20--509,2020/01/12,7:30 PM,ST. LAURENT BLVD @ QUEEN MARY ST (0008798),8798,02 - Intersection related,03 - P.D. only,04 - Sideswipe,03 - Snow,07 - Dark,03 - Loose snow,02 - Stop sign,01 - Functioning,2,0,0,0,,0,,,,,372214.7249,5032177.582,45.42628319,-75.63849336,4101
20--5090,2020/06/23,12:32 PM,FISHER AVE btwn HOLLAND AVE & CRERAR AVE (__3ZA4ND),__3ZA4ND,04 - At/near private drive,03 - P.D. only,02 - Angle,01 - Clear,01 - Daylight,01 - Dry,10 - No control,,2,0,0,0,,0,,,,,365410.9645,5027798.528,45.38750418,-75.72596992,4102
20--5091,2020/06/23,12:34 PM,CHAPEL CRES btwn CHAPEL ST & WIGGINS PRIV (__3ZA3MB),__3ZA3MB,01 - Non intersection,03 - P.D. only,07 - SMV other,01 - Clear,01 - Daylight,08 - Loose sand or gravel,10 - No control,,1,0,0,0,,0,,,,,369556.9976,5031543.999,45.42083356,-75.67253666,4103
20--5272,2020/07/02,12:52 PM,RICHMOND RD btwn FRASER AVE & BROADVIEW AVE (__3ZA303),__3ZA303,01 - Non intersection,03 - P.D. only,07 - SMV other,01 - Clear,01 - Daylight,01 - Dry,10 - No control,,1,0,0,0,,0,,,,,362505.4949,5027706.027,45.38691727,-75.76308176,4104
20--5182,2020/06/27,10:20 AM,ST. JOSEPH BLVD @ ST. PIERRE ST (0004140),4140,02 - Intersection related,03 - P.D. only,03 - Rear end,01 - Clear,01 - Daylight,01 - Dry,02 - Stop sign,01 - Functioning,2,0,0,0,,0,,,,,381375.7529,5037514.593,45.47335844,-75.5206081,4105
20--5183,2020/06/27,11:59 PM,MEADOWLANDS DR btwn CHESTERTON DR & TIVERTON DR (__3ZA4H3),__3ZA4H3,01 - Non intersection,03 - P.D. only,06 - SMV unattended vehicle,01 - Clear,07 - Dark,01 - Dry,10 - No control,,1,0,0,0,,0,,,,,365198.7151,5024324.425,45.35626316,-75.729105,4106
20--5273,2020/07/02,12:57 PM,BLAIR RD @ MEADOWBROOK RD (0004163),4163,03 - At intersection,02 - Non-fatal injury,05 - Turning movement,01 - Clear,01 - Daylight,01 - Dry,01 - Traffic signal,01 - Functioning,2,0,0,0,02 - Minor,1,,1,,,375194.7329,5032311.557,45.42719507,-75.6003967,4107
20--4642,2020/06/01,4:23 PM,MERIVALE RD @ 170 N OF HUNTCLUB RD/COSTCO/CANA (0004681),4681,03 - At intersection,02 - Non-fatal injury,02 - Angle,01 - Clear,01 - Daylight,01 - Dry,01 - Traffic signal,01 - Functioning,2,0,0,0,01 - Minimal,1,1,,,,365548.522,5022100.089,45.33621869,-75.72491387,4108
20--4822,2020/06/11,2:39 AM,DALHOUSIE ST @ YORK ST (0008500),8500,03 - At intersection,03 - P.D. only,07 - SMV other,02 - Rain,07 - Dark,02 - Wet,01 - Traffic signal,01 - Functioning,1,0,0,0,,0,,,,,368093.7023,5032419.596,45.4288458,-75.6911202,4109
20--5184,2020/06/27,12:42 PM,ST. JOSEPH BLVD/OLD MONTREAL RD @ TRIM RD (0004118),4118,03 - At intersection,03 - P.D. only,04 - Sideswipe,01 - Clear,01 - Daylight,01 - Dry,11 - Roundabout,01 - Functioning,2,0,0,0,,0,,,,,384682.7555,5039285.579,45.4889216,-75.47803063,4110
20--5274,2020/07/02,2:05 PM,MITCH OWENS RD/BRIDGE ST @ RIVER RD (0003573),3573,02 - Intersection related,03 - P.D. only,03 - Rear end,01 - Clear,01 - Daylight,01 - Dry,01 - Traffic signal,01 - Functioning,2,0,0,0,,0,,,,,369499.7158,5010770.397,45.2339227,-75.67598324,4111
20--4643,2020/06/01,6:03 AM,MONTREAL RD btwn OLMSTEAD ST & Continuation of MONTREAL RD (__3ZA3L2),__3ZA3L2,01 - Non intersection,02 - Non-fatal injury,07 - SMV other,01 - Clear,01 - Daylight,01 - Dry,10 - No control,,1,0,0,1,02 - Minor,1,,1,,,370372.8291,5033235.478,45.43597679,-75.66188788,4112
20--4552,2020/05/26,3:45 PM,HIGHWAY 417 btwn HWY417 IC121A RAMP16 & HWY417 IC121A RAMP61 (__3ZA2YY),__3ZA2YY,01 - Non intersection,03 - P.D. only,03 - Rear end,01 - Clear,01 - Daylight,01 - Dry,10 - No control,,3,0,0,0,,0,,,,,367146.8077,5029714.067,45.40458732,-75.70356243,4113
20--4823,2020/06/11,3:52 PM,INDUSTRIAL AVE @ RIVERSIDE DR (0011905),11905,02 - Intersection related,03 - P.D. only,03 - Rear end,01 - Clear,01 - Daylight,01 - Dry,01 - Traffic signal,01 - Functioning,2,0,0,0,,0,,,,,370684.7081,5030592.558,45.41216759,-75.65825556,4114
20--5275,2020/07/02,2:20 PM,BASELINE RD btwn FERGUSON ST & CORDOVA ST (__3ZA4HA),__3ZA4HA,01 - Non intersection,03 - P.D. only,04 - Sideswipe,01 - Clear,01 - Daylight,01 - Dry,10 - No control,,2,0,0,0,,0,,,,,363489.465,5024345.482,45.35659778,-75.7509165,4115
20--5185,2020/06/27,2:08 PM,PLACE D'ORLEANS DR @ OR174 IC102 RAMP51/TRANSI (0008777),8777,02 - Intersection related,03 - P.D. only,03 - Rear end,02 - Rain,01 - Daylight,02 - Wet,01 - Traffic signal,01 - Functioning,2,0,0,0,,0,,,,,381391.7361,5038030.603,45.47799931,-75.52032325,4116
20--4644,2020/06/01,6:39 PM,RICHARDSON SIDE RD btwn OAK CREEK RD & HUNTMAR DR (__3ZACYD),__3ZACYD,01 - Non intersection,02 - Non-fatal injury,07 - SMV other,01 - Clear,01 - Daylight,01 - Dry,10 - No control,,1,0,1,0,02 - Minor,1,,1,,,347578.3554,5018423.639,45.30446261,-75.95449887,4117
20--4553,2020/05/26,4:38 PM,MERIVALE RD @ 170 N OF HUNTCLUB RD/COSTCO/CANA (0004681),4681,03 - At intersection,03 - P.D. only,02 - Angle,01 - Clear,01 - Daylight,01 - Dry,01 - Traffic signal,01 - Functioning,2,0,0,0,,0,,,,,365548.538,5022100.098,45.33621877,-75.72491367,4118
20--4554,2020/05/26,5:59 PM,TERRY FOX DR @ HALKIRK AVE/WINCHESTER DR (0012574),12574,02 - Intersection related,03 - P.D. only,03 - Rear end,01 - Clear,01 - Daylight,01 - Dry,01 - Traffic signal,01 - Functioning,2,0,0,0,,0,,,,,352511.8874,5016870.012,45.29016491,-75.89174031,4119
20--4555,2020/05/26,6:23 PM,OTTAWA ROAD 29 btwn BIG HORN WAY & Continuation of OTTAWA ROAD 29 (__5SO60N),__5SO60N,01 - Non intersection,03 - P.D. only,07 - SMV other,01 - Clear,01 - Daylight,01 - Dry,10 - No control,,1,0,0,0,,0,,,,,317814.9625,5030252.565,45.41208872,-76.33372086,4120
20--4556,2020/05/26,6:55 AM,MARCHURST RD btwn JOHN ASELFORD DRWY & MURPHY SIDE RD (__3ZAC3M),__3ZAC3M,01 - Non intersection,03 - P.D. only,07 - SMV other,01 - Clear,01 - Daylight,01 - Dry,10 - No control,,1,0,0,0,,0,,,,,342815.7609,5026845.933,45.38052336,-76.01458098,4121
20--4557,2020/05/26,6:56 PM,COOPER ST @ METCALFE ST (0006940),6940,03 - At intersection,03 - P.D. only,02 - Angle,01 - Clear,01 - Daylight,01 - Dry,02 - Stop sign,01 - Functioning,2,0,0,0,,0,,,,,367962.7103,5031178.568,45.41769129,-75.69295321,4122
20--4558,2020/05/26,7:41 AM,CARP RD @ MARCH RD (0001689),1689,02 - Intersection related,03 - P.D. only,03 - Rear end,01 - Clear,01 - Daylight,01 - Dry,01 - Traffic signal,01 - Functioning,2,0,0,0,,0,,,,,342164.5521,5021732.506,45.334546,-76.02328243,4123
20--4559,2020/05/26,8:29 AM,REGIONAL ROAD 174 btwn OR174 IC105 RAMP51 & OR174 IC105 RAMP35 (__3ZA2XC),__3ZA2XC,01 - Non intersection,02 - Non-fatal injury,07 - SMV other,01 - Clear,01 - Daylight,01 - Dry,10 - No control,,1,0,0,0,02 - Minor,1,,1,,,379061.8404,5036805.272,45.4672264,-75.55030571,4124
20--456,2020/01/11,5:24 PM,LONGFIELDS DR @ VIA VERONA AVE (0015389),15389,03 - At intersection,02 - Non-fatal injury,03 - Rear end,02 - Rain,05 - Dusk,02 - Wet,02 - Stop sign,00 - Unknown,2,0,0,0,02 - Minor,1,,1,,,364068.1159,5016055.452,45.28195594,-75.74452351,4125
20--4560,2020/05/26,8:51 AM,FISHER AVE btwn BASELINE RD & MALIBU TER (__3ZA4JK),__3ZA4JK,01 - Non intersection,03 - P.D. only,05 - Turning movement,01 - Clear,01 - Daylight,01 - Dry,10 - No control,,2,0,0,0,,0,,,,,366212.5901,5025916.832,45.37050326,-75.71596779,4126
20--4561,2020/05/27,1:06 PM,MERIVALE RD @ WEST HUNT CLUB RD (0000584),584,02 - Intersection related,03 - P.D. only,99 - Other,01 - Clear,01 - Daylight,01 - Dry,01 - Traffic signal,01 - Functioning,2,0,1,0,,0,,,,,365612.6922,5021942.497,45.33479514,-75.72411457,4127
20--4562,2020/05/27,1:50 AM,HWY417 IC131 RAMP66 btwn HWY417 IC130 RAMP36 & HWY417 IC131 RAMP63 (__3ZA1SX),__3ZA1SX,01 - Non intersection,03 - P.D. only,07 - SMV other,01 - Clear,07 - Dark,01 - Dry,10 - No control,,1,0,0,0,,0,,,,,358567.8546,5022931.544,45.34426982,-75.81388252,4128
20--4563,2020/05/27,10:30 AM,HIGHWAY 417 btwn HWY417 IC155 RAMP51 & HWY417 IC155 RAMP35 (__3ZAZNR),__3ZAZNR,01 - Non intersection,03 - P.D. only,07 - SMV other,01 - Clear,01 - Daylight,01 - Dry,10 - No control,,1,0,0,0,,0,,,,,339210.0471,5019397.042,45.31368156,-76.06113877,4129
20--4564,2020/05/27,11:30 AM,PRINCE OF WALES DR btwn GREENBANK RD & BARNSDALE RD (__3ZA296),__3ZA296,01 - Non intersection,02 - Non-fatal injury,03 - Rear end,01 - Clear,01 - Daylight,01 - Dry,10 - No control,,2,0,0,0,02 - Minor,2,1,1,,,366643.2059,5011434.309,45.24015326,-75.71227773,4130
20--4565,2020/05/27,11:30 AM,ABBOTT ST @ LANCELEAF WAY/MALAHAT WAY (0018144),18144,03 - At intersection,03 - P.D. only,02 - Angle,01 - Clear,01 - Daylight,01 - Dry,02 - Stop sign,01 - Functioning,2,0,0,0,,0,,,,,352547.5061,5015909.964,45.28152372,-75.89137864,4131
20--4566,2020/05/27,11:31 PM,RIVERSIDE DR btwn 175 S OF HUNT CLUB  RD & GL/OT BOUNDARY (__7JIWK3A),__7JIWK3A,01 - Non intersection,03 - P.D. only,04 - Sideswipe,01 - Clear,07 - Dark,01 - Dry,10 - No control,,2,0,0,0,,0,,,,,368024.1806,5021746.363,45.33281723,-75.69337539,4132
20--4567,2020/05/27,11:53 AM,MONTREAL RD @ ST. LAURENT BLVD (0002604),2604,02 - Intersection related,02 - Non-fatal injury,03 - Rear end,01 - Clear,01 - Daylight,01 - Dry,01 - Traffic signal,01 - Functioning,3,0,0,0,02 - Minor,1,,1,,,371545.6995,5033817.602,45.4411035,-75.64681968,4133
20--4568,2020/05/27,12:18 AM,STRANDHERD DR @ 210 W OF WOODROFFE AVE (0010890),10890,03 - At intersection,03 - P.D. only,05 - Turning movement,01 - Clear,07 - Dark,01 - Dry,01 - Traffic signal,01 - Functioning,2,0,0,0,,0,,,,,365924.3409,5015321.485,45.27519279,-75.7209552,4134
20--4569,2020/05/27,12:30 PM,CARLING AVE @ FOX CRES (0002767),2767,02 - Intersection related,03 - P.D. only,04 - Sideswipe,01 - Clear,01 - Daylight,01 - Dry,02 - Stop sign,00 - Unknown,2,0,0,0,,0,,,,,361526.6769,5025575.538,45.36782729,-75.77582532,4135
20--457,2020/01/11,6:00 PM,INNES RD btwn ORCHARDVIEW AVE & PORTOBELLO BLVD (__3ZA1VW),__3ZA1VW,04 - At/near private drive,03 - P.D. only,02 - Angle,02 - Rain,07 - Dark,02 - Wet,10 - No control,,2,0,0,0,,0,,,,,385239.1242,5036737.852,45.46593576,-75.47133115,4136
20--4570,2020/05/27,3:10 PM,HIGHWAY 417 btwn HWY417 IC122 RAMP16 & HWY417 IC122 RAMP61 (__3ZA2RA),__3ZA2RA,01 - Non intersection,03 - P.D. only,03 - Rear end,01 - Clear,01 - Daylight,01 - Dry,10 - No control,,3,0,0,0,,0,,,,,365397.3653,5028938.947,45.3977666,-75.72600351,4137
20--4571,2020/05/27,3:15 PM,KING EDWARD AVE @ MURRAY ST (0002713),2713,02 - Intersection related,03 - P.D. only,03 - Rear end,01 - Clear,01 - Daylight,01 - Dry,01 - Traffic signal,01 - Functioning,2,0,0,0,,0,,,,,368291.6999,5032753.582,45.43183294,-75.68854703,4138
20--4572,2020/05/27,3:15 PM,SMYTH RD E/LANCASTER RD @ ST. LAURENT BLVD N/R (0002256),2256,02 - Intersection related,02 - Non-fatal injury,03 - Rear end,01 - Clear,01 - Daylight,01 - Dry,01 - Traffic signal,01 - Functioning,2,0,0,0,01 - Minimal,1,1,,,,373364.7246,5029424.554,45.40140099,-75.62418198,4139
20--4573,2020/05/27,4:07 PM,BASIL MACDONALD WAY btwn MERIVALE RD & GRANT CARMAN DR (__4BBEMB),__4BBEMB,04 - At/near private drive,03 - P.D. only,02 - Angle,01 - Clear,01 - Daylight,01 - Dry,10 - No control,,2,0,0,0,,0,,,,,365188.3118,5023226.249,45.34638283,-75.72937189,4140
20--4574,2020/05/27,4:38 PM,MICHAEL ST btwn KENASTON ST & BELFAST RD (__3ZA794),__3ZA794,05 - At railway crossing,03 - P.D. only,07 - SMV other,01 - Clear,01 - Daylight,01 - Dry,10 - No control,,1,0,0,0,,0,,,,,373065.6004,5030842.412,45.41418745,-75.6278061,4141
20--4575,2020/05/27,5:02 PM,HIGHWAY 417 btwn HWY417 IC124 RAMP65 & HWY417 IC122 RAMP51 (__3ZA2R8),__3ZA2R8,01 - Non intersection,03 - P.D. only,03 - Rear end,01 - Clear,01 - Daylight,01 - Dry,10 - No control,,3,0,0,0,,0,,,,,365127.3719,5028668.269,45.39535441,-75.72948486,4142
20--4576,2020/05/27,5:13 PM,BLACKBURN BYPASS WB btwn NAVAN RD & INNES RD E (__3ZA3J9),__3ZA3J9,01 - Non intersection,02 - Non-fatal injury,07 - SMV other,01 - Clear,01 - Daylight,01 - Dry,10 - No control,,1,0,0,0,02 - Minor,1,,1,,,379644.6596,5033309.063,45.43570791,-75.54338537,4143
20--4577,2020/05/27,5:15 PM,HIGHWAY 417 btwn HWY417 IC117 RAMP51 & HWY417 IC117 RAMP35 (__3ZA2YN),__3ZA2YN,01 - Non intersection,03 - P.D. only,04 - Sideswipe,01 - Clear,01 - Daylight,01 - Dry,10 - No control,,2,0,0,0,,0,,,,,370506.5532,5031144.925,45.41715431,-75.66045778,4144
20--4578,2020/05/27,5:20 PM,CUMMINGS AVE btwn OGILVIE RD & LABELLE ST (__3ZA7QG),__3ZA7QG,04 - At/near private drive,03 - P.D. only,02 - Angle,01 - Clear,01 - Daylight,01 - Dry,10 - No control,,2,0,0,0,,0,,,,,372766.641,5032133.382,45.42583209,-75.63144722,4145
20--4579,2020/05/27,5:30 PM,RUSSELL AVE @ TEMPLETON ST (0007310),7310,03 - At intersection,02 - Non-fatal injury,02 - Angle,01 - Clear,01 - Daylight,01 - Dry,02 - Stop sign,01 - Functioning,2,0,0,0,01 - Minimal,1,1,,,,369360.704,5031686.56,45.42213441,-75.67502595,4146
20--458,2020/01/11,6:01 PM,UPPER LORNE PL btwn SOMERSET ST W & END (__3ZA4GN),__3ZA4GN,01 - Non intersection,03 - P.D. only,06 - SMV unattended vehicle,02 - Rain,07 - Dark,02 - Wet,10 - No control,,1,0,0,0,,0,,,,,366630.7126,5030354.276,45.41039352,-75.71007426,4147
20--4580,2020/05/27,6:40 PM,BASELINE RD @ FARLANE BLVD (0002725),2725,03 - At intersection,02 - Non-fatal injury,02 - Angle,01 - Clear,01 - Daylight,01 - Dry,01 - Traffic signal,01 - Functioning,2,1,0,0,02 - Minor,1,,1,,,365356.6925,5025517.533,45.36698492,-75.72694266,4148
20--4581,2020/05/27,6:56 PM,TRIM RD @ DAIRY DR/TAYLOR CREEK DR (0012921),12921,02 - Intersection related,03 - P.D. only,07 - SMV other,01 - Clear,01 - Daylight,01 - Dry,11 - Roundabout,00 - Unknown,1,0,0,0,,0,,,,,384535.0388,5039595.39,45.49172587,-75.4798698,4149
20--4582,2020/05/27,9:10 AM,INDUSTRIAL AVE @ RIVERSIDE DR (0011905),11905,02 - Intersection related,03 - P.D. only,03 - Rear end,01 - Clear,01 - Daylight,01 - Dry,01 - Traffic signal,01 - Functioning,2,0,0,0,,0,,,,,370684.7313,5030592.56,45.4121676,-75.65825526,4150
20--4583,2020/05/27,9:20 AM,BRONSON AVE @ CARLING AVE/GLEBE AVE (0002134),2134,02 - Intersection related,03 - P.D. only,03 - Rear end,01 - Clear,01 - Daylight,01 - Dry,01 - Traffic signal,01 - Functioning,4,0,0,0,,0,,,,,367447.7,5029335.567,45.40115482,-75.6997672,4151
20--4584,2020/05/27,9:30 AM,MERIVALE RD @ WEST HUNT CLUB RD (0000584),584,02 - Intersection related,03 - P.D. only,04 - Sideswipe,01 - Clear,01 - Daylight,01 - Dry,01 - Traffic signal,01 - Functioning,2,0,0,0,,0,,,,,365612.6872,5021942.507,45.33479523,-75.72411463,4152
20--4585,2020/05/28,10:28 PM,CYRVILLE RD btwn STAR TOP RD & MEADOWBROOK RD (__3ZA3SN),__3ZA3SN,04 - At/near private drive,03 - P.D. only,02 - Angle,01 - Clear,07 - Dark,01 - Dry,10 - No control,,2,0,0,0,,0,,,,,374452.5806,5031301.748,45.41818364,-75.61002259,4153
20--4586,2020/05/28,Unknown,DONALD ST btwn EVE ST & LOLA ST (__3ZBOX2),__3ZBOX2,01 - Non intersection,03 - P.D. only,06 - SMV unattended vehicle,01 - Clear,00 - Unknown,01 - Dry,10 - No control,,1,0,0,0,,0,,,,,371036.9666,5032352.801,45.42797226,-75.65351894,4154
20--4587,2020/05/28,Unknown,BANK ST btwn SOMERSET ST W & MACLAREN ST (__3ZA3RM),__3ZA3RM,01 - Non intersection,03 - P.D. only,06 - SMV unattended vehicle,01 - Clear,00 - Unknown,01 - Dry,10 - No control,,1,0,0,0,,0,,,,,367735.3957,5030854.964,45.41480009,-75.69589871,4155
20--4588,2020/05/28,Unknown,FOXLEIGH CRES btwn BLUEGRASS DR & TROTTING WAY (__3ZBNCC),__3ZBNCC,01 - Non intersection,03 - P.D. only,06 - SMV unattended vehicle,01 - Clear,00 - Unknown,01 - Dry,10 - No control,,1,0,0,0,,0,,,,,354889.0356,5016110.735,45.28316737,-75.8615135,4156
20--4589,2020/05/28,12:45 PM,BANK ST @ BLAIS RD (0009264),9264,02 - Intersection related,03 - P.D. only,03 - Rear end,01 - Clear,01 - Daylight,01 - Dry,02 - Stop sign,01 - Functioning,2,0,0,0,,0,,,,,376154.7538,5019727.483,45.31387257,-75.58994749,4157
20--459,2020/01/11,6:10 PM,MALAHAT WAY btwn EGO TERR & OXALIS CRES (e___2HYA),e___2HYA,04 - At/near private drive,03 - P.D. only,06 - SMV unattended vehicle,02 - Rain,07 - Dark,02 - Wet,10 - No control,,1,0,0,0,,0,,,,,352427.415,5016046.306,45.28275871,-75.89289623,4158
20--4590,2020/05/28,12:46 PM,PRINCE OF WALES DR @ MERIVALE RD (0000564),564,02 - Intersection related,03 - P.D. only,01 - Approaching,01 - Clear,01 - Daylight,01 - Dry,01 - Traffic signal,01 - Functioning,2,0,0,0,,0,,,,,367449.707,5017616.453,45.29570843,-75.70122614,4159
20--4591,2020/05/28,2:02 PM,INNES RD @ STONEHENGE CRES W (0009354),9354,03 - At intersection,02 - Non-fatal injury,02 - Angle,01 - Clear,01 - Daylight,01 - Dry,01 - Traffic signal,01 - Functioning,2,1,0,0,02 - Minor,1,,1,,,375199.7392,5031216.564,45.41734242,-75.60048921,4160
20--4592,2020/05/28,3:00 PM,UPLANDS DR @ AIRPORT PKWY RAMP 36 (0008654),8654,02 - Intersection related,03 - P.D. only,02 - Angle,01 - Clear,01 - Daylight,01 - Dry,03 - Yield sign,01 - Functioning,2,0,0,0,,0,,,,,371084.7239,5021380.483,45.32924272,-75.65438164,4161
20--4593,2020/05/28,3:00 PM,HIGHWAY 417 btwn HWY417 IC124 RAMP76 & HWY417 IC124 RAMP67 (__3ZA2R7),__3ZA2R7,01 - Non intersection,03 - P.D. only,07 - SMV other,01 - Clear,01 - Daylight,01 - Dry,10 - No control,,1,0,0,0,,0,,,,,364206.2052,5027249.428,45.3826667,-75.74141997,4162
20--4594,2020/05/28,4:52 AM,HIGHWAY 416 btwn HWY416 IC75A RAMP43 & HWY416 IC72 RAMP34 (__3ZAZLD),__3ZAZLD,01 - Non intersection,02 - Non-fatal injury,07 - SMV other,01 - Clear,07 - Dark,01 - Dry,10 - No control,,1,0,1,0,03 - Major,1,,,1,,359220.0859,5020484.931,45.3222048,-75.80582919,4163
20--4595,2020/05/28,5:26 PM,GLADSTONE AVE @ LEBRETON ST (0005746),5746,03 - At intersection,03 - P.D. only,02 - Angle,01 - Clear,01 - Daylight,01 - Dry,02 - Stop sign,01 - Functioning,2,0,0,0,,0,,,,,366855.7027,5029922.579,45.40648932,-75.70725449,4164
20--4596,2020/05/28,5:35 PM,FALLOWFIELD RD @ HWY 416 FALLOWFI IC66R34 (0005504),5504,02 - Intersection related,02 - Non-fatal injury,03 - Rear end,01 - Clear,01 - Daylight,01 - Dry,01 - Traffic signal,01 - Functioning,2,0,0,0,01 - Minimal,1,1,,,,359823.4759,5014725.687,45.27033562,-75.79877208,4165
20--4597,2020/05/28,7:09 AM,BESSERER ST @ WALLER ST (0008859),8859,03 - At intersection,03 - P.D. only,04 - Sideswipe,01 - Clear,01 - Daylight,01 - Dry,01 - Traffic signal,01 - Functioning,2,0,0,0,,0,,,,,368315.9207,5032191.976,45.42677761,-75.68830994,4166
20--4598,2020/05/28,9:09 AM,MERIVALE RD @ WEST HUNT CLUB RD (0000584),584,02 - Intersection related,03 - P.D. only,03 - Rear end,01 - Clear,01 - Daylight,01 - Dry,01 - Traffic signal,01 - Functioning,2,0,0,0,,0,,,,,365612.686,5021942.498,45.33479515,-75.72411465,4167
20--4599,2020/05/29,1:13 PM,BANK ST btwn ARENA PL & WHITE ALDER AVE (__3ZA29N),__3ZA29N,04 - At/near private drive,03 - P.D. only,03 - Rear end,01 - Clear,01 - Daylight,01 - Dry,10 - No control,,2,0,0,0,,0,,,,,375576.3951,5021101.316,45.32629231,-75.59712658,4168
20--46,2020/01/02,5:30 PM,MEADOWLANDS DR btwn VIEWMOUNT DR & INDIAN RD (__3ZA4HJ),__3ZA4HJ,01 - Non intersection,03 - P.D. only,06 - SMV unattended vehicle,01 - Clear,05 - Dusk,02 - Wet,10 - No control,,1,0,0,0,,0,,,,,363935.5841,5023213.974,45.34637911,-75.74535827,4169
20--460,2020/01/11,6:19 PM,SMYTH RD @ SMYTH RD NORTH SIDE RAMP/SMYTH RD S (0006582),6582,02 - Intersection related,03 - P.D. only,03 - Rear end,02 - Rain,07 - Dark,02 - Wet,03 - Yield sign,00 - Unknown,2,0,0,0,,0,,,,,369917.193,5029121.406,45.39900254,-75.66825459,4170
20--4600,2020/05/29,1:15 PM,GREENBANK RD btwn GREENBANK SQUARE SC & GIBBARD AVE (__3ZA4YOB),__3ZA4YOB,04 - At/near private drive,03 - P.D. only,02 - Angle,01 - Clear,01 - Daylight,01 - Dry,10 - No control,,2,0,0,0,,0,,,,,361400.802,5020682.906,45.32381374,-75.777992,4171