Anom_ID,Accident_Date,Accident_Time,Location,Geo_ID,Accident_Location,Classification_of_Accident,Initial_Impact_Type,Environment_Condition,Light,Road_Surface_Condition,Traffic_Control,Traffic_Control_Condition,No__of_Vehicles,No__of_Bicycles,No__of_Motorcycles,No__of_Pedestrians,Max_Injury,No__of_Injuries,No__of_Minimal,No__of_Minor,No__of_Major,No__of_Fatal,X,Y,Latitude,Longitude,ObjectId
20--4601,2020/05/29,10:01 PM,RICHMOND RD @ WOODROFFE AVE (0011466),11466,03 - At intersection,02 - Non-fatal injury,02 - Angle,01 - Clear,07 - Dark,01 - Dry,01 - Traffic signal,01 - Functioning,2,0,0,0,01 - Minimal,1,1,,,,361584.6851,5026654.523,45.37753121,-75.7749608,4172
20--4602,2020/05/29,10:30 AM,BANK ST btwn ARENA PL & WHITE ALDER AVE (__3ZA29N),__3ZA29N,04 - At/near private drive,03 - P.D. only,02 - Angle,01 - Clear,01 - Daylight,01 - Dry,10 - No control,,2,0,0,0,,0,,,,,375492.7344,5021299.542,45.32808429,-75.59816538,4173
20--4603,2020/05/29,10:52 AM,CARP RD @ MARCH RD (0001689),1689,03 - At intersection,02 - Non-fatal injury,02 - Angle,01 - Clear,01 - Daylight,01 - Dry,01 - Traffic signal,01 - Functioning,2,0,0,0,03 - Major,1,,,1,,342164.5563,5021732.515,45.33454608,-76.02328237,4174
20--4604,2020/05/29,11:00 AM,COPPERMINE ST btwn HORSESHOE FALLS WAY & POINT PRIM CRES (e___2LJB),e___2LJB,01 - Non intersection,03 - P.D. only,06 - SMV unattended vehicle,01 - Clear,01 - Daylight,01 - Dry,10 - No control,,1,0,0,0,,0,,,,,363625.537,5013767.913,45.26140978,-75.75043547,4175
20--4605,2020/05/29,11:05 AM,SOMERSET ST    W btwn O'CONNOR ST & METCALFE ST (__3ZBOEW),__3ZBOEW,01 - Non intersection,03 - P.D. only,06 - SMV unattended vehicle,01 - Clear,01 - Daylight,01 - Dry,10 - No control,,1,0,0,0,,0,,,,,367947.4359,5031067.021,45.416689,-75.69316265,4176
20--4606,2020/05/29,11:55 AM,MERIVALE RD @ CAPILANO DR/WITHROW AVE (0009820),9820,03 - At intersection,03 - P.D. only,05 - Turning movement,01 - Clear,01 - Daylight,01 - Dry,01 - Traffic signal,01 - Functioning,2,0,0,0,,0,,,,,364642.4329,5024227.768,45.35544115,-75.73621614,4177
20--4607,2020/05/29,2:30 PM,RICHMOND RD @ WEST HUNT CLUB RD (0000598),598,03 - At intersection,03 - P.D. only,02 - Angle,01 - Clear,01 - Daylight,01 - Dry,11 - Roundabout,01 - Functioning,2,0,0,0,,0,,,,,357145.0288,5018152.11,45.3013716,-75.83254277,4178
20--4608,2020/05/29,3:01 PM,O'CONNOR ST btwn WAVERLEY ST & FRANK ST (__3ZA3Q8),__3ZA3Q8,01 - Non intersection,03 - P.D. only,06 - SMV unattended vehicle,01 - Clear,01 - Daylight,01 - Dry,10 - No control,,1,0,0,0,,0,,,,,368050.7129,5030699.141,45.41336961,-75.69189042,4179
20--4609,2020/05/29,3:10 PM,MAYVIEW AVE btwn MEDFORD ST & MERIVALE RD (__3ZA14A),__3ZA14A,01 - Non intersection,03 - P.D. only,06 - SMV unattended vehicle,01 - Clear,01 - Daylight,01 - Dry,10 - No control,,1,0,0,0,,0,,,,,364667.7174,5026280.364,45.37390794,-75.73564476,4180
20--461,2020/01/11,6:30 PM,NIXON DR btwn CABIN RD & TAYLOR WAY (__3ZA7GN),__3ZA7GN,01 - Non intersection,03 - P.D. only,07 - SMV other,02 - Rain,07 - Dark,02 - Wet,10 - No control,,1,0,0,0,,0,,,,,374045.891,5001327.835,45.14852748,-75.61940098,4181
20--4610,2020/05/29,3:49 PM,GLADSTONE AVE btwn BANK ST & O'CONNOR ST (__3ZA3QP),__3ZA3QP,01 - Non intersection,03 - P.D. only,06 - SMV unattended vehicle,01 - Clear,01 - Daylight,01 - Dry,10 - No control,,1,0,0,0,,0,,,,,368067.8446,5030654.398,45.41296548,-75.69167731,4182
20--4611,2020/05/29,4:00 PM,BASELINE RD @ CLYDE AVE (0002343),2343,02 - Intersection related,03 - P.D. only,03 - Rear end,01 - Clear,01 - Daylight,01 - Dry,01 - Traffic signal,01 - Functioning,2,0,0,0,,0,,,,,364358.6965,5024890.496,45.36142845,-75.73975736,4183
20--4612,2020/05/29,5:59 PM,HIGHWAY 417 btwn HWY417 IC122 RAMP61 & HWY417 IC121B RAMP16 (__3ZA2Y4),__3ZA2Y4,01 - Non intersection,03 - P.D. only,03 - Rear end,01 - Clear,01 - Daylight,01 - Dry,10 - No control,,3,0,0,0,,0,,,,,366059.9082,5029338.353,45.4013027,-75.71749218,4184
20--4613,2020/05/29,7:20 PM,WALKLEY RD btwn AIRPORT PKWY & TRANSIT (__3ZA1KU),__3ZA1KU,01 - Non intersection,03 - P.D. only,03 - Rear end,01 - Clear,01 - Daylight,01 - Dry,10 - No control,,2,0,0,0,,0,,,,,369923.6177,5025699.801,45.36821547,-75.66862393,4185
20--4614,2020/05/29,7:45 AM,HIGHWAY 417 btwn HWY417 IC126 RAMP61 & HWY417 IC124 RAMP76 (__3ZA2Y2),__3ZA2Y2,01 - Non intersection,03 - P.D. only,99 - Other,01 - Clear,01 - Daylight,01 - Dry,10 - No control,,2,0,0,0,,0,,,,,363314.0608,5026065.715,45.3720909,-75.75295138,4186
20--4615,2020/05/29,7:57 PM,DALY AVE @ WALLER ST (0008233),8233,03 - At intersection,02 - Non-fatal injury,07 - SMV other,01 - Clear,01 - Daylight,01 - Dry,01 - Traffic signal,01 - Functioning,1,0,0,1,02 - Minor,1,,1,,,368341.1897,5032119.485,45.42612306,-75.6879964,4187
20--4616,2020/05/29,9:20 AM,WALKLEY RD @ DON REID DR/RYDER ST (0008218),8218,02 - Intersection related,03 - P.D. only,03 - Rear end,01 - Clear,01 - Daylight,01 - Dry,01 - Traffic signal,01 - Functioning,2,0,0,0,,0,,,,,372601.7205,5027284.55,45.38222045,-75.63422122,4188
20--4617,2020/05/30,1:41 PM,KNOXDALE RD @ WEST HUNT CLUB RD (0005165),5165,03 - At intersection,03 - P.D. only,05 - Turning movement,01 - Clear,01 - Daylight,01 - Dry,01 - Traffic signal,01 - Functioning,2,0,0,0,,0,,,,,361863.6843,5020584.488,45.3228907,-75.77209923,4189
20--4618,2020/05/30,10:00 PM,FAIRLEA CRES @ GORE PRIV (0006832),6832,03 - At intersection,03 - P.D. only,02 - Angle,01 - Clear,07 - Dark,01 - Dry,02 - Stop sign,01 - Functioning,2,0,0,0,,0,,,,,372051.7096,5026554.526,45.375705,-75.64134309,4190
20--4619,2020/05/30,10:57 PM,WESLEY AVE @ KIRKWOOD AVE (0006685),6685,03 - At intersection,03 - P.D. only,02 - Angle,01 - Clear,07 - Dark,01 - Dry,02 - Stop sign,01 - Functioning,2,0,0,0,,0,,,,,363900.6924,5028349.555,45.39259129,-75.74518909,4191
20--462,2020/01/11,6:45 PM,EARL GREY DR btwn ROLAND MICHENER DR & 175 S OF KANATA AVE/WALMART SC (__3ZBPJBB),__3ZBPJBB,04 - At/near private drive,03 - P.D. only,05 - Turning movement,02 - Rain,07 - Dark,04 - Slush,10 - No control,,2,0,0,0,,0,,,,,350789.7885,5018992.187,45.30937564,-75.91349664,4192
20--4620,2020/05/30,11:43 AM,CATHERINE ST btwn HWY417 IC120B RAMP36 & KENT ST (__3ZBOE0),__3ZBOE0,04 - At/near private drive,03 - P.D. only,07 - SMV other,01 - Clear,01 - Daylight,01 - Dry,10 - No control,,1,0,0,0,,0,,,,,367824.8341,5030138.842,45.4083486,-75.69484766,4193
20--4621,2020/05/30,12:00 PM,BASELINE RD btwn CLYDE AVE & 207 E OF CLYDE AVE (__3ZA4ISA),__3ZA4ISA,04 - At/near private drive,03 - P.D. only,02 - Angle,01 - Clear,01 - Daylight,01 - Dry,10 - No control,,2,0,0,0,,0,,,,,364401.5598,5024917.89,45.36167129,-75.73920697,4194
20--4622,2020/05/30,3:05 PM,ANDERSON RD @ RIDGE RD (0003631),3631,03 - At intersection,03 - P.D. only,02 - Angle,01 - Clear,01 - Daylight,01 - Dry,02 - Stop sign,01 - Functioning,2,0,0,0,,0,,,,,379029.7589,5028508.54,45.39258154,-75.55196655,4195
20--4623,2020/05/30,5:30 PM,TWIST WAY btwn ABBOTT ST & EGO TERR (e___2HWG),e___2HWG,04 - At/near private drive,03 - P.D. only,02 - Angle,01 - Clear,01 - Daylight,01 - Dry,10 - No control,,2,0,0,0,,0,,,,,352446.884,5015909.516,45.28152652,-75.8926612,4196
20--4624,2020/05/30,5:45 PM,ROGER STEVENS DR btwn CRAIGHURST DR & PERKINS DR (__3ZA4KZ),__3ZA4KZ,01 - Non intersection,03 - P.D. only,07 - SMV other,02 - Rain,01 - Daylight,02 - Wet,10 - No control,,1,0,0,0,,0,,,,,366116.1979,4999184.766,45.12997677,-75.72049562,4197
20--4625,2020/05/30,5:46 PM,MERIVALE RD btwn KIMWAY CRES & LOBLAWS SC (__3ZA4IOB),__3ZA4IOB,01 - Non intersection,03 - P.D. only,07 - SMV other,02 - Rain,01 - Daylight,02 - Wet,10 - No control,,1,0,0,0,,0,,,,,364737.3709,5024817.204,45.3607367,-75.73493305,4198
20--4626,2020/05/30,6:11 PM,CATHERINE ST @ KENT ST (0002707),2707,03 - At intersection,03 - P.D. only,05 - Turning movement,02 - Rain,01 - Daylight,02 - Wet,01 - Traffic signal,01 - Functioning,2,0,0,0,,0,,,,,367907.7069,5030188.564,45.40878851,-75.69378269,4199
20--4627,2020/05/30,7:59 PM,MERIVALE RD @ WEST HUNT CLUB RD (0000584),584,02 - Intersection related,03 - P.D. only,03 - Rear end,01 - Clear,05 - Dusk,01 - Dry,01 - Traffic signal,00 - Unknown,2,0,0,0,,0,,,,,365612.6833,5021942.5,45.33479517,-75.72411468,4200
20--4628,2020/05/30,9:35 AM,GOLF CLUB WAY btwn DWYER HILL RD & NO NAME (__7JQ7KC),__7JQ7KC,01 - Non intersection,03 - P.D. only,07 - SMV other,01 - Clear,01 - Daylight,01 - Dry,10 - No control,,1,0,0,0,,0,,,,,341515.141,5007169.346,45.20353369,-76.03264439,4201
20--4629,2020/05/31,1:06 PM,ISLAND PARK DR btwn CLEARVIEW AVE & SUNNYMEDE AVE (__3ZA230),__3ZA230,01 - Non intersection,02 - Non-fatal injury,03 - Rear end,01 - Clear,01 - Daylight,01 - Dry,10 - No control,,3,0,1,0,02 - Minor,1,,1,,,363574.6846,5029353.874,45.40165542,-75.74923271,4202
20--463,2020/01/11,6:57 PM,EARL ARMSTRONG RD @ SPRATT RD (0013063),13063,03 - At intersection,03 - P.D. only,05 - Turning movement,04 - Freezing Rain,07 - Dark,02 - Wet,01 - Traffic signal,01 - Functioning,3,0,0,0,,0,,,,,368396.7078,5015011.424,45.27218363,-75.6894871,4203
20--4630,2020/05/31,1:30 PM,HIGHWAY 417 btwn HWY417 IC122 RAMP61 & HWY417 IC121B RAMP16 (__3ZA2Y4),__3ZA2Y4,01 - Non intersection,03 - P.D. only,03 - Rear end,01 - Clear,01 - Daylight,01 - Dry,10 - No control,,2,0,0,0,,0,,,,,365761.7429,5029179.66,45.39990085,-75.72132008,4204
20--4631,2020/05/31,1:47 AM,FAIRLOP WAY btwn TO BE DETERMINED & GOSPEL OAK DR (__4O3PFJ),__4O3PFJ,01 - Non intersection,03 - P.D. only,06 - SMV unattended vehicle,01 - Clear,07 - Dark,01 - Dry,10 - No control,,1,0,0,0,,0,,,,,364926.4371,5016127.674,45.2825329,-75.73357492,4205
20--4632,2020/05/31,3:20 PM,HIGHWAY 417 btwn HWY417 IC124 RAMP76 & HWY417 IC124 RAMP67 (__3ZA2R7),__3ZA2R7,01 - Non intersection,03 - P.D. only,03 - Rear end,01 - Clear,01 - Daylight,01 - Dry,10 - No control,,3,0,0,0,,0,,,,,364325.818,5027399.036,45.38400269,-75.73987468,4206
20--4633,2020/05/31,3:41 PM,CARP RD btwn KITTIWAKE DR & HAZELDEAN RD (__3ZA3DY),__3ZA3DY,01 - Non intersection,03 - P.D. only,04 - Sideswipe,01 - Clear,01 - Daylight,01 - Dry,10 - No control,,2,0,0,0,,0,,,,,348732.8926,5014430.677,45.26846131,-75.9401307,4207
20--4634,2020/05/31,5:00 PM,WALKLEY RD btwn BANFF AVE & AYERS AVE (__3ZA1RR),__3ZA1RR,04 - At/near private drive,03 - P.D. only,05 - Turning movement,01 - Clear,01 - Daylight,01 - Dry,10 - No control,,2,0,0,0,,0,,,,,370541.1571,5026065.736,45.37145038,-75.66069249,4208
20--4635,2020/05/31,7:00 PM,SHADOW HILL CRES btwn APPLE HILL DR & Continuation of SHADOW HILL CRES (__3ZAZGR),__3ZAZGR,04 - At/near private drive,03 - P.D. only,06 - SMV unattended vehicle,01 - Clear,01 - Daylight,01 - Dry,10 - No control,,1,0,0,0,,0,,,,,372682.9587,5024143.854,45.35395382,-75.63361552,4209
20--4636,2020/05/31,7:59 PM,DES EPINETTES AVE btwn COTTONWOOD CRES & PRESTWICK DR (__3ZA6SJ),__3ZA6SJ,01 - Non intersection,03 - P.D. only,04 - Sideswipe,01 - Clear,01 - Daylight,01 - Dry,10 - No control,,2,1,0,0,,0,,,,,383301.04,5036631.839,45.46520244,-75.49612874,4210
20--4637,2020/06/01,10:14 PM,BLAIR RD @ INNES RD (0004165),4165,02 - Intersection related,03 - P.D. only,04 - Sideswipe,01 - Clear,07 - Dark,01 - Dry,01 - Traffic signal,01 - Functioning,2,0,0,0,,0,,,,,375578.7407,5031439.561,45.41931059,-75.59561521,4211
20--4638,2020/06/01,11:30 AM,FRASER AVE btwn KEENAN AVE & DOVERCOURT AVE (__3ZA0Q6),__3ZA0Q6,01 - Non intersection,03 - P.D. only,06 - SMV unattended vehicle,02 - Rain,01 - Daylight,02 - Wet,10 - No control,,1,0,0,0,,0,,,,,362701.5415,5027168.26,45.38206234,-75.76064147,4212
20--4639,2020/06/01,12:29 PM,BANK ST btwn MACLAREN ST & GILMOUR ST (__3ZA3QF),__3ZA3QF,01 - Non intersection,03 - P.D. only,06 - SMV unattended vehicle,01 - Clear,01 - Daylight,01 - Dry,10 - No control,,1,0,0,0,,0,,,,,367768.4084,5030803.442,45.41433354,-75.69548354,4213
20--464,2020/01/11,7:10 PM,COLONEL BY DR @ HAWTHORNE AVE/PRETORIA BRIDGE (0002122),2122,02 - Intersection related,03 - P.D. only,99 - Other,02 - Rain,07 - Dark,02 - Wet,01 - Traffic signal,01 - Functioning,2,0,0,0,,0,,,,,368767.7081,5030525.562,45.41174263,-75.68275334,4214
20--4640,2020/06/01,3:08 AM,REGIONAL ROAD 174 btwn OR174 IC105 RAMP25 & OR174 IC102 RAMP51 (__3ZA27G),__3ZA27G,01 - Non intersection,03 - P.D. only,07 - SMV other,01 - Clear,07 - Dark,01 - Dry,10 - No control,,1,0,0,0,,0,,,,,380237.2818,5037470.273,45.47308359,-75.53517367,4215
20--5092,2020/06/23,12:48 PM,BANK ST @ GLADSTONE AVE (0002253),2253,02 - Intersection related,03 - P.D. only,04 - Sideswipe,01 - Clear,01 - Daylight,01 - Dry,01 - Traffic signal,01 - Functioning,2,0,0,0,,0,,,,,367916.7076,5030562.572,45.41215291,-75.69361983,4216
20--4731,2020/06/05,9:03 PM,BANTREE ST @ INNES RD (0007684),7684,02 - Intersection related,02 - Non-fatal injury,03 - Rear end,01 - Clear,05 - Dusk,01 - Dry,01 - Traffic signal,01 - Functioning,2,0,0,0,01 - Minimal,2,2,,,,373705.7165,5030406.549,45.41020303,-75.61968957,4217
20--4732,2020/06/06,1:21 PM,TERRY FOX DR btwn 329 N OF CAMPEAU DR/SIGNATURE CENTRE & CAMPEAU DR (__49GU9G),__49GU9G,04 - At/near private drive,02 - Non-fatal injury,02 - Angle,01 - Clear,01 - Daylight,01 - Dry,10 - No control,,2,0,0,0,02 - Minor,3,,3,,,350281.4315,5019037.616,45.30981753,-75.91997516,4218
20--4824,2020/06/11,4:30 PM,KENNEVALE DR @ STRANDHERD DR (0010896),10896,02 - Intersection related,03 - P.D. only,99 - Other,01 - Clear,01 - Daylight,01 - Dry,01 - Traffic signal,01 - Functioning,2,0,0,0,,0,,,,,361491.8503,5014099.539,45.26456897,-75.7775832,4219
20--5362,2020/07/06,1:50 AM,FALLOWFIELD RD btwn HOLITMAN DR & 482 E OF HOLITMAN DR/BARRHAVEN CROSS (__5UXZZVA),__5UXZZVA,01 - Non intersection,03 - P.D. only,07 - SMV other,01 - Clear,07 - Dark,01 - Dry,10 - No control,,1,0,0,0,,0,,,,,363786.4862,5017159.517,45.291914,-75.7479818,4220
20--5093,2020/06/23,2:30 PM,PELHAM CRES btwn MEYNELL RD & MEYNELL RD (e___2J75),e___2J75,04 - At/near private drive,03 - P.D. only,06 - SMV unattended vehicle,01 - Clear,01 - Daylight,01 - Dry,10 - No control,,1,0,0,0,,0,,,,,356150.435,5005304.023,45.18583466,-75.84655086,4221
20--5276,2020/07/02,3:44 PM,CYRVILLE RD @ MEADOWBROOK RD (0012477),12477,03 - At intersection,03 - P.D. only,02 - Angle,01 - Clear,01 - Daylight,01 - Dry,01 - Traffic signal,01 - Functioning,2,0,0,0,,0,,,,,374629.7445,5031242.562,45.41763346,-75.60776756,4222
20--4645,2020/06/01,6:49 PM,PRINCE OF WALES DR @ WEST HUNT CLUB RD (0000567),567,02 - Intersection related,03 - P.D. only,04 - Sideswipe,01 - Clear,01 - Daylight,01 - Dry,01 - Traffic signal,01 - Functioning,2,0,0,0,,0,,,,,367458.712,5021891.506,45.33417392,-75.70057065,4223
20--5186,2020/06/27,3:00 PM,HIGHWAY 417 btwn HIGHWAY 417 & HWY417 IC129 RAMP51 (__3ZA290),__3ZA290,01 - Non intersection,03 - P.D. only,04 - Sideswipe,01 - Clear,01 - Daylight,01 - Dry,10 - No control,,2,0,0,0,,0,,,,,359986.6018,5023196.893,45.34654724,-75.79575002,4224
20--4825,2020/06/11,4:30 PM,BORRISOKANE RD/TARTAN DR @ STRANDHERD DR (0010634),10634,02 - Intersection related,03 - P.D. only,03 - Rear end,01 - Clear,01 - Daylight,01 - Dry,01 - Traffic signal,01 - Functioning,2,0,0,0,,0,,,,,362291.2171,5013545.399,45.2595179,-75.76746193,4225
20--5094,2020/06/23,3:21 PM,IBER RD btwn HUNTMAR DR & HARRY DOUGLAS DR (__3ZA4XQ),__3ZA4XQ,04 - At/near private drive,02 - Non-fatal injury,05 - Turning movement,01 - Clear,01 - Daylight,01 - Dry,10 - No control,,2,0,0,0,01 - Minimal,1,1,,,,351460.7754,5015476.092,45.27769259,-75.90527086,4226
20--4646,2020/06/01,7:00 AM,BOUNDARY RD @ HWY 417 BOUNDARY IC96R15/51 (0004216),4216,02 - Intersection related,03 - P.D. only,03 - Rear end,01 - Clear,01 - Daylight,01 - Dry,01 - Traffic signal,01 - Functioning,2,0,0,0,,0,,,,,387508.4893,5023592.973,45.3474056,-75.44452004,4227
20--5187,2020/06/27,3:22 PM,ALTA VISTA DR btwn BANK ST & EDGE HILL PL (__3ZA0TQ),__3ZA0TQ,04 - At/near private drive,03 - P.D. only,02 - Angle,01 - Clear,01 - Daylight,01 - Dry,10 - No control,,2,0,0,0,,0,,,,,370332.9063,5026257.211,45.37319271,-75.66332551,4228
20--4826,2020/06/11,5:27 PM,PAGE RD btwn NAVAN RD & RENAUD RD (__3ZA7L1),__3ZA7L1,01 - Non intersection,02 - Non-fatal injury,03 - Rear end,01 - Clear,01 - Daylight,01 - Dry,10 - No control,,2,0,0,0,01 - Minimal,1,1,,,,381695.7507,5032688.973,45.42990628,-75.51727036,4229
20--4827,2020/06/11,6:30 PM,HIGHWAY 416 btwn HWY416 IC49 RAMP43 & HWY416 IC42 RAMP34 (__3ZAZJ7),__3ZAZJ7,01 - Non intersection,03 - P.D. only,07 - SMV other,01 - Clear,01 - Daylight,01 - Dry,10 - No control,,1,0,0,0,,0,,,,,369229.9863,5000953.799,45.14561766,-75.68068648,4230
20--4828,2020/06/11,7:45 PM,BYRON AVE @ LOCKHART AVE E (0009019),9019,03 - At intersection,03 - P.D. only,02 - Angle,01 - Clear,01 - Daylight,01 - Dry,02 - Stop sign,01 - Functioning,2,0,0,0,,0,,,,,361743.3408,5026821.285,45.37901884,-75.77291598,4231
20--4829,2020/06/11,7:45 PM,ALTA VISTA DR btwn ROLLAND AVE & INDUSTRIAL AVE (__3ZA8F8),__3ZA8F8,04 - At/near private drive,03 - P.D. only,03 - Rear end,01 - Clear,01 - Daylight,01 - Dry,10 - No control,,2,0,0,0,,0,,,,,370868.7764,5030511.321,45.41141929,-75.65591504,4232
20--483,2020/01/12,10:56 PM,RIVERSIDE DR SB btwn BILLINGS BRIDGESC RAMP NB & DATA CENTRE RD (__3ZBOFM),__3ZBOFM,01 - Non intersection,03 - P.D. only,07 - SMV other,03 - Snow,07 - Dark,03 - Loose snow,10 - No control,,1,0,0,0,,0,,,,,369009.1402,5027782.394,45.3870384,-75.68002625,4233
20--4830,2020/06/11,8:05 PM,STONEHAVEN DR btwn TAMARA WAY & BRIDGESTONE DR (__3ZBO77),__3ZBO77,01 - Non intersection,02 - Non-fatal injury,02 - Angle,01 - Clear,01 - Daylight,01 - Dry,10 - No control,,2,1,0,0,02 - Minor,1,,1,,,355034.4087,5016981.811,45.29099512,-75.85957235,4234
20--4831,2020/06/11,8:40 PM,CONN ST btwn POULIN AVE & PRISCILLA ST (__3ZABXU),__3ZABXU,04 - At/near private drive,03 - P.D. only,06 - SMV unattended vehicle,01 - Clear,05 - Dusk,01 - Dry,10 - No control,,1,0,0,0,,0,,,,,360299.6469,5025150.028,45.3640968,-75.79153621,4235
20--4832,2020/06/11,8:50 AM,AVENUE RD btwn GLENCAIRN AVE & GLENVIEW AVE (__3ZA9M8),__3ZA9M8,01 - Non intersection,03 - P.D. only,06 - SMV unattended vehicle,01 - Clear,01 - Daylight,01 - Dry,10 - No control,,1,0,0,0,,0,,,,,369361.0879,5029140.743,45.39922802,-75.67535447,4236
20--4833,2020/06/12,1:10 PM,ST. LAURENT BLVD SERVICE RD btwn RUSSELL RD & ST. LAURENT BLVD (__3ZA775),__3ZA775,01 - Non intersection,03 - P.D. only,07 - SMV other,01 - Clear,01 - Daylight,01 - Dry,10 - No control,,1,0,0,0,,0,,,,,373404.2982,5029281.971,45.40011422,-75.62369638,4237
20--4834,2020/06/12,1:17 PM,CUMBERLAND ST @ YORK ST (0008416),8416,03 - At intersection,03 - P.D. only,02 - Angle,01 - Clear,01 - Daylight,01 - Dry,01 - Traffic signal,01 - Functioning,2,0,0,0,,0,,,,,368262.6973,5032521.6,45.42974828,-75.68894755,4238
20--4835,2020/06/12,1:28 PM,MERIVALE RD @ WEST HUNT CLUB RD (0000584),584,02 - Intersection related,03 - P.D. only,03 - Rear end,01 - Clear,01 - Daylight,01 - Dry,01 - Traffic signal,01 - Functioning,2,0,0,0,,0,,,,,365612.6908,5021942.501,45.33479518,-75.72411459,4239
20--4836,2020/06/12,1:47 PM,HIGHWAY 417 btwn HWY417 IC124 RAMP76 & HWY417 IC124 RAMP67 (__3ZA2R7),__3ZA2R7,01 - Non intersection,02 - Non-fatal injury,03 - Rear end,01 - Clear,01 - Daylight,01 - Dry,10 - No control,,3,0,0,0,02 - Minor,1,,1,,,364314.0025,5027384.184,45.38387006,-75.74002734,4240
20--4837,2020/06/12,10:00 PM,BANK ST btwn HERON RD & ANOKA ST (__3ZA360),__3ZA360,04 - At/near private drive,03 - P.D. only,03 - Rear end,02 - Rain,07 - Dark,02 - Wet,10 - No control,,2,0,0,0,,0,,,,,370001.925,5026833.844,45.37841195,-75.66747465,4241
20--4838,2020/06/12,10:00 PM,HIGHWAY 417 btwn HWY417 IC180 RAMP61 & HWY417 IC169 RAMP36 (__5DVYB1),__5DVYB1,01 - Non intersection,03 - P.D. only,07 - SMV other,01 - Clear,07 - Dark,01 - Dry,10 - No control,,1,0,0,0,,0,,,,,322365.3812,5028262.402,45.39408078,-76.27565601,4242
20--4839,2020/06/12,10:21 AM,MACKENZIE AVE @ MURRAY ST (0011914),11914,02 - Intersection related,03 - P.D. only,99 - Other,01 - Clear,01 - Daylight,01 - Dry,01 - Traffic signal,01 - Functioning,2,0,0,0,,0,,,,,367639.6979,5032383.6,45.42856285,-75.6969263,4243
20--5277,2020/07/02,4:00 PM,KINBURN SIDE RD btwn WOODKILTON RD & DUNROBIN RD (__3ZA3GH),__3ZA3GH,01 - Non intersection,03 - P.D. only,07 - SMV other,01 - Clear,01 - Daylight,01 - Dry,10 - No control,,1,0,0,0,,0,,,,,337652.0793,5035602.222,45.45957642,-76.07992967,4244
20--4733,2020/06/06,1:31 PM,HIGHWAY 417 btwn HWY417 IC124 RAMP76 & HWY417 IC124 RAMP67 (__3ZA2R7),__3ZA2R7,01 - Non intersection,02 - Non-fatal injury,03 - Rear end,01 - Clear,01 - Daylight,01 - Dry,10 - No control,,2,0,0,0,02 - Minor,2,1,1,,,364216.985,5027262.894,45.38278695,-75.74128071,4245
20--5363,2020/07/06,10:09 PM,ALBION RD btwn 210 S OF HIGH RD/EARL ARMSTRONG RD/RIDEAU CARLETON RACE (__3ZA3S0B),__3ZA3S0B,01 - Non intersection,03 - P.D. only,07 - SMV other,01 - Clear,07 - Dark,01 - Dry,10 - No control,,1,0,0,0,,0,,,,,375077.0286,5016710.079,45.28683172,-75.6041187,4246
20--484,2020/01/12,11:00 AM,ARLINGTON AVE @ BRONSON AVE (0006759),6759,03 - At intersection,03 - P.D. only,05 - Turning movement,03 - Snow,01 - Daylight,04 - Slush,01 - Traffic signal,01 - Functioning,2,0,0,0,,0,,,,,367222.7012,5029867.578,45.4059618,-75.7025736,4247
20--4840,2020/06/12,10:25 PM,HWY417 IC131 RAMP55 btwn HIGHWAY 417 & HWY416 IC75B RAMP25 (__3ZAYG7),__3ZAYG7,01 - Non intersection,03 - P.D. only,07 - SMV other,01 - Clear,07 - Dark,01 - Dry,10 - No control,,1,0,0,0,,0,,,,,358432.9914,5022781.141,45.34292681,-75.81561966,4248
20--4841,2020/06/12,10:26 AM,INNES RD btwn TAUVETTE ST & GRAVELLE CRES (__3ZA3J3),__3ZA3J3,01 - Non intersection,03 - P.D. only,04 - Sideswipe,01 - Clear,01 - Daylight,01 - Dry,10 - No control,,2,0,0,0,,0,,,,,377381.0272,5032485.955,45.42854074,-75.57243507,4249
20--4842,2020/06/12,11:27 PM,JOCKVALE RD btwn CAMBRIAN RD & BLACKLEAF DR (__6ZT251),__6ZT251,01 - Non intersection,03 - P.D. only,07 - SMV other,01 - Clear,07 - Dark,01 - Dry,10 - No control,,1,0,0,0,,0,,,,,365402.2442,5013194.93,45.25610327,-75.7278683,4250
20--4843,2020/06/12,11:36 PM,REGIONAL ROAD 174 btwn QUIGLEY HILL RD & REGIONAL ROAD 174 DIVIDED (__3ZA2Y5),__3ZA2Y5,01 - Non intersection,03 - P.D. only,07 - SMV other,02 - Rain,07 - Dark,02 - Wet,10 - No control,,1,0,0,0,,0,,,,,386256.3413,5042156.668,45.51457075,-75.45742579,4251
20--4844,2020/06/12,12:14 PM,AVIATION PKWY @ MONTREAL RD (0008799),8799,03 - At intersection,02 - Non-fatal injury,05 - Turning movement,01 - Clear,01 - Daylight,01 - Dry,01 - Traffic signal,01 - Functioning,2,0,0,0,02 - Minor,1,,1,,,372146.7187,5034108.586,45.44366399,-75.63909817,4252