Anom_ID,Accident_Date,Accident_Time,Location,Geo_ID,Accident_Location,Classification_of_Accident,Initial_Impact_Type,Environment_Condition,Light,Road_Surface_Condition,Traffic_Control,Traffic_Control_Condition,No__of_Vehicles,No__of_Bicycles,No__of_Motorcycles,No__of_Pedestrians,Max_Injury,No__of_Injuries,No__of_Minimal,No__of_Minor,No__of_Major,No__of_Fatal,X,Y,Latitude,Longitude,ObjectId
20--4845,2020/06/12,12:16 PM,FRASER FIELDS WAY @ STRANDHERD DR (0013567),13567,03 - At intersection,03 - P.D. only,05 - Turning movement,01 - Clear,01 - Daylight,01 - Dry,02 - Stop sign,00 - Unknown,2,0,0,0,,0,,,,,362949.5871,5013991.964,45.26348201,-75.75902158,4253
20--4846,2020/06/12,2:02 AM,VALIN ST btwn BREEZEWOOD ST & MONDAVI ST (__4BPF61),__4BPF61,01 - Non intersection,03 - P.D. only,07 - SMV other,01 - Clear,07 - Dark,01 - Dry,10 - No control,,1,0,0,0,,0,,,,,386538.2308,5037727.67,45.47469033,-75.45455608,4254
20--4847,2020/06/12,2:15 PM,HIGHWAY 417 btwn HWY417 IC121A RAMP61 & HWY417 IC120B RAMP36 (__3ZA2YV),__3ZA2YV,01 - Non intersection,03 - P.D. only,04 - Sideswipe,01 - Clear,01 - Daylight,01 - Dry,10 - No control,,2,0,0,0,,0,,,,,367677.0399,5029958.606,45.40674018,-75.69675856,4255
20--4848,2020/06/12,2:15 PM,HIGHWAY 417 btwn HWY417 IC124 RAMP57 & HWY417 IC124 RAMP55 (__3ZA2Y1),__3ZA2Y1,01 - Non intersection,03 - P.D. only,03 - Rear end,01 - Clear,01 - Daylight,01 - Dry,10 - No control,,2,0,0,0,,0,,,,,364454.7714,5027539.285,45.38525365,-75.73821118,4256
20--4849,2020/06/12,3:15 PM,DONNELLY DR btwn BURRITTS AVE & JOE DREW LANE (__3ZA4ZT),__3ZA4ZT,01 - Non intersection,03 - P.D. only,07 - SMV other,01 - Clear,01 - Daylight,01 - Dry,10 - No control,,1,0,0,0,,0,,,,,360190.2353,4982873.294,44.98368802,-75.79762481,4257
20--485,2020/01/12,11:00 AM,FERNBANK RD btwn JINKINSON RD & BLACK'S SIDE RD (__3ZACRF),__3ZACRF,01 - Non intersection,03 - P.D. only,07 - SMV other,03 - Snow,01 - Daylight,06 - Ice,10 - No control,,1,0,0,0,,0,,,,,349433.3563,5010816.937,45.23589939,-75.93152912,4258
20--4850,2020/06/12,3:27 PM,BEECHWOOD AVE @ CHARLEVOIX ST/MACKAY ST (0002248),2248,02 - Intersection related,03 - P.D. only,04 - Sideswipe,01 - Clear,01 - Daylight,01 - Dry,01 - Traffic signal,00 - Unknown,2,0,0,0,,0,,,,,369185.8719,5033592.351,45.4392981,-75.67701058,4259
20--4851,2020/06/12,4:03 PM,HAZELDEAN RD btwn TURN LANE & SPRINGBROOK DR (__3ZBOGB),__3ZBOGB,01 - Non intersection,03 - P.D. only,07 - SMV other,01 - Clear,01 - Daylight,01 - Dry,10 - No control,,1,0,0,0,,0,,,,,349727.0809,5014986.322,45.27339839,-75.92741138,4260
20--4852,2020/06/12,4:30 PM,BRIGADE AVE @ STITTSVILLE MAIN ST (0000078),78,02 - Intersection related,03 - P.D. only,03 - Rear end,01 - Clear,01 - Daylight,01 - Dry,02 - Stop sign,01 - Functioning,2,0,0,0,,0,,,,,350950.5886,5012496.418,45.25091416,-75.91205009,4261
20--4853,2020/06/12,4:30 PM,MARIER AVE btwn LAVAL ST & GENEST ST (__3ZA8YA),__3ZA8YA,04 - At/near private drive,03 - P.D. only,02 - Angle,01 - Clear,01 - Daylight,01 - Dry,10 - No control,,2,0,0,0,,0,,,,,369725.8651,5033841.421,45.44148919,-75.67007618,4262
20--4854,2020/06/12,5:04 AM,9TH LINE RD btwn VICTORIA ST & SPRINGHILL RD (__3ZA6V9),__3ZA6V9,01 - Non intersection,03 - P.D. only,07 - SMV other,02 - Rain,03 - Dawn,02 - Wet,10 - No control,,1,0,0,0,,0,,,,,387872.8471,5010351.984,45.22823031,-75.44208817,4263
20--4855,2020/06/12,5:24 PM,ALBERT ST @ METCALFE ST (0002117),2117,03 - At intersection,02 - Non-fatal injury,02 - Angle,01 - Clear,01 - Daylight,01 - Dry,01 - Traffic signal,01 - Functioning,2,0,0,0,01 - Minimal,1,1,,,,367691.6975,5031613.583,45.42162982,-75.69636014,4264
20--4856,2020/06/12,5:26 PM,RICHMOND RD @ HOLLY ACRES RD/NANAIMO DR (0001068),1068,03 - At intersection,03 - P.D. only,04 - Sideswipe,01 - Clear,01 - Daylight,01 - Dry,01 - Traffic signal,01 - Functioning,2,0,0,0,,0,,,,,359058.6675,5022748.506,45.34258504,-75.80763992,4265
20--4857,2020/06/12,5:45 PM,HIGHWAY 417 btwn HWY417 IC127 RAMP25 & HWY417 IC126 RAMP51 (__3ZA2XA),__3ZA2XA,01 - Non intersection,03 - P.D. only,03 - Rear end,01 - Clear,01 - Daylight,01 - Dry,10 - No control,,2,0,0,0,,0,,,,,363202.6353,5025879.319,45.37042302,-75.75439586,4266
20--4858,2020/06/12,5:55 PM,JOCKVALE RD btwn WEYBRIDGE DR & TARTAN DR (__3ZAAA4),__3ZAAA4,01 - Non intersection,03 - P.D. only,03 - Rear end,01 - Clear,01 - Daylight,01 - Dry,10 - No control,,2,0,0,0,,0,,,,,362998.3261,5014936.134,45.27197366,-75.75828993,4267
20--4859,2020/06/12,6:51 PM,CAMBRIAN RD/GOLFLINKS DR W @ LONGFIELDS DR (0009702),9702,03 - At intersection,02 - Non-fatal injury,02 - Angle,01 - Clear,01 - Daylight,01 - Dry,11 - Roundabout,01 - Functioning,2,1,0,0,02 - Minor,1,,1,,,365382.684,5013223.418,45.25636129,-75.72811402,4268
20--486,2020/01/12,11:06 AM,BANK ST @ RIVERDALE AVE (0007210),7210,02 - Intersection related,03 - P.D. only,07 - SMV other,03 - Snow,01 - Daylight,03 - Loose snow,01 - Traffic signal,01 - Functioning,1,0,0,0,,0,,,,,369077.5294,5028116.974,45.39004257,-75.6791094,4269
20--4860,2020/06/12,7:46 PM,CATHERINE ST @ ELGIN ST (0002638),2638,03 - At intersection,02 - Non-fatal injury,05 - Turning movement,01 - Clear,01 - Daylight,01 - Dry,01 - Traffic signal,01 - Functioning,2,1,0,0,03 - Major,1,,,1,,368552.7017,5030577.57,45.4122302,-75.68549324,4270
20--4861,2020/06/12,8:11 AM,RUSSELL RD @ ST. LAURENT SERVICE RD (0002711),2711,02 - Intersection related,02 - Non-fatal injury,02 - Angle,01 - Clear,01 - Daylight,01 - Dry,02 - Stop sign,01 - Functioning,3,0,0,0,02 - Minor,1,,1,,,373432.7403,5029359.561,45.40080955,-75.62332232,4271
20--4862,2020/06/12,9:14 PM,CUMMINGS AVE @ DONALD ST (0009936),9936,02 - Intersection related,03 - P.D. only,04 - Sideswipe,01 - Clear,05 - Dusk,01 - Dry,01 - Traffic signal,01 - Functioning,3,0,0,0,,0,,,,,372650.724,5032411.579,45.42834643,-75.63289004,4272
20--4863,2020/06/13,1:01 AM,BOWESVILLE RD btwn HIGH RD & EARL ARMSTRONG RD (__3ZA7ZY),__3ZA7ZY,01 - Non intersection,03 - P.D. only,03 - Rear end,01 - Clear,07 - Dark,02 - Wet,10 - No control,,2,0,0,0,,0,,,,,371993.3304,5018801.433,45.30595076,-75.64314135,4273
20--4864,2020/06/13,1:06 PM,HAZELDEAN RD @ HUNTMAR DR/IBER RD (0000075),75,02 - Intersection related,03 - P.D. only,03 - Rear end,01 - Clear,01 - Daylight,01 - Dry,01 - Traffic signal,01 - Functioning,2,0,0,0,,0,,,,,350942.5937,5016079.434,45.28315584,-75.91181906,4274
20--4865,2020/06/13,11:10 AM,HIGHWAY 417 btwn HWY417 IC122 RAMP16 & HWY417 IC122 RAMP61 (__3ZA2RA),__3ZA2RA,01 - Non intersection,03 - P.D. only,03 - Rear end,01 - Clear,01 - Daylight,01 - Dry,10 - No control,,2,0,0,0,,0,,,,,365399.1924,5028940.177,45.39777751,-75.72598002,4275
20--4866,2020/06/13,Unknown,BALSAM ST btwn PRESTON ST & ROCHESTER ST (__3ZAAJN),__3ZAAJN,01 - Non intersection,03 - P.D. only,06 - SMV unattended vehicle,01 - Clear,00 - Unknown,01 - Dry,10 - No control,,1,0,0,0,,0,,,,,366564.3902,5029834.052,45.40571854,-75.71098667,4276
20--4867,2020/06/13,12:01 AM,OLD ALMONTE RD btwn BEAVERTAIL RD & SPRUCE RIDGE RD (__3ZACCM),__3ZACCM,01 - Non intersection,03 - P.D. only,07 - SMV other,01 - Clear,07 - Dark,01 - Dry,10 - No control,,1,0,0,0,,0,,,,,342172.4498,5015391.184,45.27748364,-76.02365982,4277
20--4868,2020/06/13,2:15 PM,HIGHWAY 417 btwn HWY417 IC155 RAMP61 & HWY417 IC145 RAMP56 (__3ZA2Q2),__3ZA2Q2,01 - Non intersection,03 - P.D. only,07 - SMV other,01 - Clear,01 - Daylight,01 - Dry,10 - No control,,1,0,0,0,,0,,,,,344197.6916,5015624.628,45.2794737,-75.99782902,4278
20--4869,2020/06/13,2:30 PM,HIGHWAY 417 btwn HWY417 IC122 RAMP61 & HWY417 IC121B RAMP16 (__3ZA2Y4),__3ZA2Y4,01 - Non intersection,03 - P.D. only,03 - Rear end,01 - Clear,01 - Daylight,01 - Dry,10 - No control,,2,0,0,0,,0,,,,,365701.6123,5029143.849,45.39958386,-75.72209249,4279
20--487,2020/01/12,11:30 AM,BARNSDALE RD btwn GREENBANK RD & PRINCE OF WALES DR (__3ZABML),__3ZABML,04 - At/near private drive,03 - P.D. only,02 - Angle,03 - Snow,01 - Daylight,04 - Slush,10 - No control,,2,0,0,0,,0,,,,,366644.7516,5011531.272,45.24102559,-75.71224599,4280
20--4870,2020/06/13,3:00 PM,PINECREST RD/HWY 417 PINECRE IC129R63 @ TRANSI (0008264),8264,03 - At intersection,03 - P.D. only,02 - Angle,01 - Clear,01 - Daylight,01 - Dry,01 - Traffic signal,01 - Functioning,2,0,0,0,,0,,,,,360388.0798,5023677.849,45.35084317,-75.79057299,4281
20--4871,2020/06/13,3:18 PM,CROYDON AVE @ RICHMOND RD (0002652),2652,02 - Intersection related,03 - P.D. only,03 - Rear end,01 - Clear,01 - Daylight,01 - Dry,01 - Traffic signal,01 - Functioning,2,0,0,0,,0,,,,,360545.6874,5025272.521,45.36517947,-75.78838188,4282
20--4872,2020/06/13,4:22 PM,LOGGERS WAY btwn RABBIT PATH & KINBURN SIDE RD (__3ZBN00),__3ZBN00,01 - Non intersection,02 - Non-fatal injury,07 - SMV other,01 - Clear,01 - Daylight,01 - Dry,10 - No control,,1,0,0,0,02 - Minor,1,,1,,,328409.9411,5028863.016,45.39930767,-76.19842744,4283
20--4873,2020/06/13,4:43 PM,PINECREST RD @ RICHMOND RD (0002353),2353,03 - At intersection,02 - Non-fatal injury,05 - Turning movement,01 - Clear,01 - Daylight,01 - Dry,01 - Traffic signal,01 - Functioning,2,0,0,0,02 - Minor,1,,1,,,360072.6625,5024471.515,45.3580095,-75.79450937,4284
20--4874,2020/06/13,6:20 PM,TERRY FOX DR @ PALLADIUM DR/KATIMAVIK RD (0011858),11858,02 - Intersection related,03 - P.D. only,03 - Rear end,01 - Clear,01 - Daylight,01 - Dry,01 - Traffic signal,01 - Functioning,2,0,0,0,,0,,,,,351269.7165,5018181.77,45.30205171,-75.90745247,4285
20--4875,2020/06/13,6:45 PM,PORTOBELLO BLVD @ CELESTE WAY/NESTING WAY (0009152),9152,03 - At intersection,03 - P.D. only,05 - Turning movement,01 - Clear,01 - Daylight,01 - Dry,02 - Stop sign,01 - Functioning,2,0,0,0,,0,,,,,385533.7591,5037116.569,45.46930909,-75.46750171,4286
20--4876,2020/06/13,7:08 AM,BEAUMARIS DR btwn DRAPER PL & QUALICUM ST (__3ZBOH1),__3ZBOH1,01 - Non intersection,03 - P.D. only,07 - SMV other,01 - Clear,01 - Daylight,01 - Dry,10 - No control,,1,0,0,0,,0,,,,,359876.8802,5022320.478,45.33866988,-75.79724767,4287
20--4877,2020/06/13,7:20 AM,REGIONAL ROAD 174 btwn TRANSIT & OR174 IC105 RAMP51 (__3ZA28H),__3ZA28H,01 - Non intersection,03 - P.D. only,07 - SMV other,01 - Clear,01 - Daylight,01 - Dry,10 - No control,,1,0,0,0,,0,,,,,377040.4078,5035665.615,45.45718453,-75.57632075,4288
20--4878,2020/06/13,8:10 AM,O'CONNOR ST @ SPARKS ST (0005688),5688,02 - Intersection related,02 - Non-fatal injury,03 - Rear end,01 - Clear,01 - Daylight,01 - Dry,01 - Traffic signal,01 - Functioning,2,0,0,0,01 - Minimal,1,1,,,,367456.6981,5031652.564,45.42200165,-75.69935775,4289
20--4879,2020/06/13,8:26 PM,BANK ST @ PARKWAY RD (0005709),5709,03 - At intersection,02 - Non-fatal injury,02 - Angle,01 - Clear,05 - Dusk,01 - Dry,01 - Traffic signal,01 - Functioning,2,0,0,0,02 - Minor,1,,1,,,378746.7588,5014207.441,45.26393755,-75.55771648,4290
20--488,2020/01/12,11:36 AM,FALLOWFIELD RD @ WOODROFFE AVE (0010372),10372,03 - At intersection,03 - P.D. only,05 - Turning movement,03 - Snow,01 - Daylight,04 - Slush,01 - Traffic signal,01 - Functioning,2,0,0,0,,0,,,,,365085.1471,5017903.18,45.29849524,-75.73133627,4291
20--4880,2020/06/13,9:29 PM,GLAMORGAN DR @ ROTHESAY DR (0004042),4042,02 - Intersection related,03 - P.D. only,07 - SMV other,01 - Clear,07 - Dark,01 - Dry,02 - Stop sign,00 - Unknown,1,0,0,0,,0,,,,,353679.6193,5016544.435,45.28715504,-75.87688632,4292
20--4881,2020/06/14,1:00 PM,HIGHWAY 417 btwn HWY417 IC124 RAMP76 & HWY417 IC124 RAMP67 (__3ZA2R7),__3ZA2R7,01 - Non intersection,03 - P.D. only,03 - Rear end,01 - Clear,01 - Daylight,01 - Dry,10 - No control,,2,0,0,0,,0,,,,,364119.5123,5027136.257,45.38165575,-75.74254048,4293
20--4882,2020/06/14,1:53 PM,HIGHWAY 417 btwn HWY417 IC129 RAMP25 & TRANSIT (__3ZA2SH),__3ZA2SH,01 - Non intersection,03 - P.D. only,03 - Rear end,01 - Clear,01 - Daylight,01 - Dry,10 - No control,,2,0,0,0,,0,,,,,361767.4981,5024545.692,45.35854128,-75.77286996,4294
20--4883,2020/06/14,10:39 AM,BROME CRES btwn BEAUCOURT PL & PRINCESS LOUISE DR (2) (__3ZAZ0Z),__3ZAZ0Z,04 - At/near private drive,03 - P.D. only,99 - Other,01 - Clear,01 - Daylight,01 - Dry,10 - No control,,2,0,0,0,,0,,,,,384076.2723,5038546.145,45.48233803,-75.48590775,4295
20--4884,2020/06/14,11:35 AM,ST. JOSEPH BLVD/OLD MONTREAL RD @ TRIM RD (0004118),4118,03 - At intersection,02 - Non-fatal injury,03 - Rear end,01 - Clear,01 - Daylight,01 - Dry,11 - Roundabout,01 - Functioning,2,0,0,0,02 - Minor,1,,1,,,384682.7452,5039285.58,45.48892161,-75.47803076,4296
20--4885,2020/06/14,12:20 AM,MARCH RD btwn BEARHILL RD & ROB LYTLE'S LANE (__3ZA2QA),__3ZA2QA,01 - Non intersection,03 - P.D. only,07 - SMV other,01 - Clear,07 - Dark,01 - Dry,10 - No control,,1,0,0,0,,0,,,,,338199.0263,5018012.696,45.30127335,-76.07412612,4297
20--4886,2020/06/14,2:28 PM,DESCHAMPS AVE @ VANIER PKWY (0009243),9243,03 - At intersection,02 - Non-fatal injury,07 - SMV other,01 - Clear,01 - Daylight,01 - Dry,01 - Traffic signal,01 - Functioning,1,0,0,1,01 - Minimal,1,1,,,,369851.7246,5033267.584,45.43631434,-75.66854337,4298
20--4887,2020/06/14,3:00 PM,GREY FOX DR @ MARCH RD (0010803),10803,02 - Intersection related,03 - P.D. only,03 - Rear end,01 - Clear,01 - Daylight,01 - Dry,02 - Stop sign,00 - Unknown,2,0,0,0,,0,,,,,336349.4747,5016469.492,45.28747227,-76.09780749,4299
20--4888,2020/06/14,3:32 PM,BLACKBURN BYPASS @ INNES RD W (0009340),9340,02 - Intersection related,03 - P.D. only,03 - Rear end,01 - Clear,01 - Daylight,01 - Dry,01 - Traffic signal,01 - Functioning,3,0,0,0,,0,,,,,377187.2009,5032175.69,45.42576926,-75.57495739,4300
20--4889,2020/06/14,4:15 PM,HIGHWAY 417 btwn HWY417 IC124 RAMP76 & HWY417 IC124 RAMP67 (__3ZA2R7),__3ZA2R7,01 - Non intersection,03 - P.D. only,03 - Rear end,01 - Clear,01 - Daylight,01 - Dry,10 - No control,,3,0,0,0,,0,,,,,364288.4326,5027352.228,45.38358469,-75.74035768,4301
20--489,2020/01/12,11:45 PM,GLOUCESTER ST btwn LYON ST N & KENT ST (__3ZA9NX),__3ZA9NX,01 - Non intersection,03 - P.D. only,04 - Sideswipe,03 - Snow,07 - Dark,06 - Ice,10 - No control,,2,0,0,0,,0,,,,,367228.7985,5031022.117,45.41634946,-75.7023495,4302
20--4890,2020/06/14,4:35 PM,UNION ST btwn CRICHTON ST & AVON LANE (__3ZA5BL),__3ZA5BL,04 - At/near private drive,03 - P.D. only,02 - Angle,01 - Clear,01 - Daylight,01 - Dry,10 - No control,,2,1,0,0,,0,,,,,368200.5993,5033892.116,45.44208531,-75.68956458,4303
20--4891,2020/06/14,4:44 PM,HUNT CLUB RD @ DOWNPATRICK RD/MCCARTHY RD (0006931),6931,03 - At intersection,03 - P.D. only,05 - Turning movement,01 - Clear,01 - Daylight,01 - Dry,01 - Traffic signal,01 - Functioning,2,0,0,0,,0,,,,,370507.7199,5023400.511,45.34747264,-75.66147365,4304
20--4892,2020/06/14,5:00 PM,ROWERS WAY btwn QUARTET AVE & QUARTET AVE (e___2J22),e___2J22,01 - Non intersection,03 - P.D. only,06 - SMV unattended vehicle,01 - Clear,01 - Daylight,01 - Dry,10 - No control,,1,0,0,0,,0,,,,,369334.153,5014622.013,45.26859435,-75.67759159,4305
20--4893,2020/06/14,5:49 AM,GOLF CLUB WAY btwn NO NAME & WESTLEIGH BLVD (__7JQ7KA),__7JQ7KA,01 - Non intersection,03 - P.D. only,07 - SMV other,01 - Clear,01 - Daylight,01 - Dry,10 - No control,,1,0,0,0,,0,,,,,341678.8718,5007704.957,45.20834489,-76.03052064,4306
20--4894,2020/06/14,6:15 PM,HWY417 IC134 RAMP51 btwn HIGHWAY 417 & HWY417 IC134 RAMP53 (__3ZAYBU),__3ZAYBU,01 - Non intersection,03 - P.D. only,07 - SMV other,01 - Clear,01 - Daylight,01 - Dry,10 - No control,,1,0,0,0,,0,,,,,356350.4984,5022027.515,45.33630174,-75.8422699,4307
20--4895,2020/06/14,9:02 AM,DONALD ST @ ST. LAURENT BLVD (0008630),8630,03 - At intersection,02 - Non-fatal injury,07 - SMV other,01 - Clear,01 - Daylight,01 - Dry,01 - Traffic signal,01 - Functioning,1,0,0,0,02 - Minor,1,,1,,,372093.7191,5032472.586,45.42894915,-75.63999923,4308
20--4896,2020/06/15,1:05 PM,INNES RD @ ORLEANS BLVD (0003611),3611,02 - Intersection related,03 - P.D. only,03 - Rear end,01 - Clear,01 - Daylight,01 - Dry,01 - Traffic signal,01 - Functioning,2,0,0,0,,0,,,,,380460.7952,5034296.398,45.44450338,-75.53280378,4309
20--4897,2020/06/15,1:39 PM,HIGHWAY 417 btwn HWY417 IC127 RAMP35 & HWY417 IC127 RAMP25 (__3ZA2RE),__3ZA2RE,01 - Non intersection,03 - P.D. only,99 - Other,01 - Clear,01 - Daylight,01 - Dry,10 - No control,,2,0,0,0,,0,,,,,362084.3306,5024792.698,45.360738,-75.76879763,4310
20--4898,2020/06/15,10:15 AM,BASELINE RD @ WOODROFFE AVE (0002225),2225,02 - Intersection related,03 - P.D. only,03 - Rear end,01 - Clear,01 - Daylight,01 - Dry,01 - Traffic signal,01 - Functioning,2,0,0,0,,0,,,,,362549.6909,5023770.497,45.35150214,-75.76297747,4311
20--4899,2020/06/15,10:36 AM,MERIVALE RD @ WEST HUNT CLUB RD (0000584),584,02 - Intersection related,03 - P.D. only,04 - Sideswipe,01 - Clear,01 - Daylight,01 - Dry,01 - Traffic signal,01 - Functioning,2,0,0,0,,0,,,,,365612.6834,5021942.486,45.33479504,-75.72411468,4312
20--49,2020/01/02,6:26 PM,EAGLESON RD btwn FAULKNER TR & FALLOWFIELD RD (__3ZA410),__3ZA410,01 - Non intersection,03 - P.D. only,99 - Other,01 - Clear,07 - Dark,01 - Dry,10 - No control,,2,0,0,0,,0,,,,,355767.4737,5013088.922,45.25591328,-75.85062688,4313
20--490,2020/01/12,Unknown,DRUMMOND ST btwn HAZEL ST & END (__3ZA966),__3ZA966,01 - Non intersection,03 - P.D. only,06 - SMV unattended vehicle,03 - Snow,00 - Unknown,05 - Packed snow,10 - No control,,1,0,0,0,,0,,,,,368985.1754,5030199.327,45.40878737,-75.68001776,4314
20--4900,2020/06/15,11:00 AM,AIRPORT PKWY @ HUNT CLUB RD (0010856),10856,02 - Intersection related,03 - P.D. only,03 - Rear end,01 - Clear,01 - Daylight,01 - Dry,01 - Traffic signal,01 - Functioning,2,0,0,0,,0,,,,,371018.5312,5023702.998,45.35014629,-75.65491516,4315
20--4901,2020/06/15,11:30 AM,ST. LAURENT BLVD btwn COVENTRY RD & LEMIEUX ST (__3ZA2C9),__3ZA2C9,04 - At/near private drive,03 - P.D. only,03 - Rear end,01 - Clear,01 - Daylight,01 - Dry,10 - No control,,2,0,0,0,,0,,,,,372376.6242,5031779.467,45.42268552,-75.63647927,4316
20--4902,2020/06/15,11:47 AM,CUMBERLAND ST @ RIDEAU ST (0007759),7759,02 - Intersection related,03 - P.D. only,03 - Rear end,01 - Clear,01 - Daylight,01 - Dry,01 - Traffic signal,01 - Functioning,2,0,0,0,,0,,,,,368374.5174,5032329.985,45.42801404,-75.68754338,4317
20--4903,2020/06/15,12:02 PM,BASELINE RD @ FISHER AVE (0002346),2346,02 - Intersection related,03 - P.D. only,04 - Sideswipe,01 - Clear,01 - Daylight,01 - Dry,01 - Traffic signal,01 - Functioning,2,0,0,0,,0,,,,,366166.6892,5026028.534,45.37151235,-75.71653985,4318
20--4904,2020/06/15,12:37 PM,BANK ST btwn BANK ST EXTENSION NB & JOHNSTON RD (__3ZA37U),__3ZA37U,01 - Non intersection,03 - P.D. only,03 - Rear end,01 - Clear,01 - Daylight,01 - Dry,10 - No control,,2,0,0,0,,0,,,,,370755.0575,5025038.865,45.36219083,-75.65809903,4319
20--4905,2020/06/15,12:37 PM,ST. LAURENT BLVD @ WALKLEY RD (0007653),7653,03 - At intersection,02 - Non-fatal injury,05 - Turning movement,01 - Clear,01 - Daylight,01 - Dry,01 - Traffic signal,01 - Functioning,2,0,0,0,02 - Minor,1,,1,,,373902.7546,5028046.869,45.38895233,-75.61750319,4320
20--4906,2020/06/15,2:00 PM,MEADOWLANDS DR @ MERIVALE RD (0000625),625,02 - Intersection related,03 - P.D. only,03 - Rear end,01 - Clear,01 - Daylight,01 - Dry,01 - Traffic signal,01 - Functioning,2,0,0,0,,0,,,,,364858.6884,5023725.518,45.35090348,-75.73351727,4321
20--4907,2020/06/15,2:38 PM,OTTAWA RIVER PKWY btwn TRANSITWAY - TIME POINT & VIMY PLACE PRIV (__5VHJ2QA),__5VHJ2QA,01 - Non intersection,03 - P.D. only,04 - Sideswipe,01 - Clear,01 - Daylight,01 - Dry,10 - No control,,2,0,0,0,,0,,,,,365601.4485,5030446.95,45.41131755,-75.7232111,4322
20--4908,2020/06/15,3:00 AM,HIGHWAY 417 btwn HWY417 IC144 RAMP35 & HWY417 IC144 RAMP25 (__3ZA2QT),__3ZA2QT,01 - Non intersection,03 - P.D. only,07 - SMV other,01 - Clear,07 - Dark,01 - Dry,10 - No control,,1,0,0,0,,0,,,,,347843.869,5016213.861,45.28456205,-75.95130504,4323
20--4909,2020/06/15,3:00 PM,ISLAND VIEW DR btwn MANOTICK MAIN ST & MANOTICK MAIN ST (__3ZA984),__3ZA984,01 - Non intersection,03 - P.D. only,07 - SMV other,01 - Clear,01 - Daylight,01 - Dry,10 - No control,,1,0,0,0,,0,,,,,369855.4867,5009060.336,45.21850292,-75.67167612,4324
20--491,2020/01/12,Unknown,UPWOOD ST btwn ALLANFORD AVE & ALLANFORD AVE (__3ZAZUX),__3ZAZUX,01 - Non intersection,03 - P.D. only,06 - SMV unattended vehicle,01 - Clear,00 - Unknown,03 - Loose snow,10 - No control,,1,0,0,0,,0,,,,,373431.2244,5025951.515,45.37014559,-75.62381555,4325
20--4910,2020/06/15,3:06 PM,WOODROFFE AVE @ CLARIDGE DR/STONEWAY DR N (0009791),9791,02 - Intersection related,02 - Non-fatal injury,07 - SMV other,01 - Clear,01 - Daylight,01 - Dry,01 - Traffic signal,01 - Functioning,1,0,1,0,01 - Minimal,1,1,,,,365576.7032,5016707.434,45.28769364,-75.72521579,4326
20--4647,2020/06/01,7:51 PM,MAITLAND AVE/GLENMOUNT AVE @ ERINDALE DR (0002724),2724,03 - At intersection,03 - P.D. only,05 - Turning movement,01 - Clear,01 - Daylight,01 - Dry,01 - Traffic signal,01 - Functioning,2,0,0,0,,0,,,,,363697.6939,5025211.5,45.36437265,-75.7481558,4327
20--5278,2020/07/02,4:02 PM,HUNT CLUB RD @ RIVERSIDE DR (0002237),2237,02 - Intersection related,03 - P.D. only,03 - Rear end,01 - Clear,01 - Daylight,01 - Dry,01 - Traffic signal,01 - Functioning,2,0,0,0,,0,,,,,368036.7021,5021945.495,45.33460785,-75.69319021,4328
20--5188,2020/06/27,3:30 PM,MER BLEUE RD @ 210 S OF INNES RD (0012453),12453,03 - At intersection,03 - P.D. only,02 - Angle,01 - Clear,01 - Daylight,01 - Dry,01 - Traffic signal,01 - Functioning,2,0,0,0,,0,,,,,382729.7135,5035375.8,45.45396566,-75.50363283,4329
20--4648,2020/06/01,9:10 PM,SNAKE ISLAND RD btwn KEARNS WAY & 5TH LINE RD (__3ZA2CU),__3ZA2CU,01 - Non intersection,03 - P.D. only,07 - SMV other,01 - Clear,05 - Dusk,01 - Dry,10 - No control,,1,0,0,0,,0,,,,,378328.2913,5006740.134,45.19679315,-75.56415153,4330
20--5189,2020/06/27,4:45 PM,PRINCE OF WALES DR @ STRANDHERD DR (0013339),13339,02 - Intersection related,03 - P.D. only,03 - Rear end,02 - Rain,01 - Daylight,02 - Wet,01 - Traffic signal,01 - Functioning,2,0,0,0,,0,,,,,367175.2879,5014824.194,45.27060835,-75.70507557,4331
20--5279,2020/07/02,4:28 PM,ALBION RD btwn LEITRIM RD & QUINN RD (__3ZA3SC),__3ZA3SC,01 - Non intersection,03 - P.D. only,02 - Angle,01 - Clear,01 - Daylight,01 - Dry,10 - No control,,2,0,0,0,,0,,,,,373512.5267,5020385.869,45.32006003,-75.62355087,4332
20--519,2020/01/13,10:30 PM,DUNROBIN RD btwn HARWOOD LANE & KERWIN RD (__3ZA3FH),__3ZA3FH,01 - Non intersection,03 - P.D. only,07 - SMV other,03 - Snow,07 - Dark,04 - Slush,10 - No control,,1,0,0,0,,0,,,,,346095.4585,5027365.285,45.38501097,-75.97266116,4333
20--4649,2020/06/01,9:30 PM,GALETTA SIDE RD btwn HOMESTEADERS RD & CARP RD (__3ZA4RU),__3ZA4RU,01 - Non intersection,03 - P.D. only,07 - SMV other,01 - Clear,07 - Dark,01 - Dry,10 - No control,,1,0,0,0,,0,,,,,327245.5254,5034545.598,45.45048035,-76.21304152,4334