Anom_ID,Accident_Date,Accident_Time,Location,Geo_ID,Accident_Location,Classification_of_Accident,Initial_Impact_Type,Environment_Condition,Light,Road_Surface_Condition,Traffic_Control,Traffic_Control_Condition,No__of_Vehicles,No__of_Bicycles,No__of_Motorcycles,No__of_Pedestrians,Max_Injury,No__of_Injuries,No__of_Minimal,No__of_Minor,No__of_Major,No__of_Fatal,X,Y,Latitude,Longitude,ObjectId
20--528,2020/01/13,4:15 PM,HIGHWAY 417 btwn REGIONAL ROAD 174 & HWY417 IC113 RAMP85 (__3ZA289),__3ZA289,01 - Non intersection,02 - Non-fatal injury,03 - Rear end,04 - Freezing Rain,05 - Dusk,02 - Wet,10 - No control,,2,0,0,0,01 - Minimal,1,1,,,,373456.1088,5031771.709,45.42251061,-75.62268788,4335
20--5190,2020/06/27,7:05 PM,GOLDEN AVE @ RICHMOND RD (0006932),6932,02 - Intersection related,02 - Non-fatal injury,05 - Turning movement,01 - Clear,01 - Daylight,01 - Dry,01 - Traffic signal,01 - Functioning,2,1,0,0,02 - Minor,1,,1,,,362862.6837,5028026.548,45.38977176,-75.75848301,4336
20--465,2020/01/11,7:14 PM,AIRPORT PKWY/WALKLEY RD NB OFF RAMP @ WALKLEY RD (0011348),11348,02 - Intersection related,03 - P.D. only,04 - Sideswipe,02 - Rain,07 - Dark,02 - Wet,01 - Traffic signal,01 - Functioning,2,0,0,0,,0,,,,,370077.7093,5025791.531,45.36902649,-75.66664486,4337
20--5280,2020/07/02,4:40 PM,FORTUNE DR @ ST. JOVITE RDG N (0004379),4379,03 - At intersection,02 - Non-fatal injury,02 - Angle,01 - Clear,01 - Daylight,01 - Dry,02 - Stop sign,01 - Functioning,2,0,0,0,02 - Minor,1,,1,,,380076.746,5037696.6,45.47513723,-75.53719192,4338
20--5191,2020/06/27,8:00 PM,HAWTHORNE RD @ HUNT CLUB RD (0007651),7651,02 - Intersection related,03 - P.D. only,03 - Rear end,01 - Clear,01 - Daylight,01 - Dry,01 - Traffic signal,00 - Unknown,2,0,0,0,,0,,,,,375507.7584,5026406.533,45.3740332,-75.59724348,4339
20--5192,2020/06/27,9:17 PM,SONNET CRES btwn SEYTON DR & SEYTON DR (__3ZABEZ),__3ZABEZ,01 - Non intersection,03 - P.D. only,07 - SMV other,01 - Clear,07 - Dark,01 - Dry,10 - No control,,1,0,0,0,,0,,,,,357329.9225,5019413.01,45.31270353,-75.83005169,4340
20--5193,2020/06/28,Unknown,SUMMERVILLE AVE btwn HOLLINGTON ST & CHEVRIER ST (__3ZA0NT),__3ZA0NT,01 - Non intersection,03 - P.D. only,06 - SMV unattended vehicle,01 - Clear,00 - Unknown,01 - Dry,10 - No control,,1,0,0,0,,0,,,,,365536.034,5026858.423,45.37903448,-75.72448853,4341
20--5364,2020/07/06,10:15 AM,ORCHARD AVE @ COURTICE AVE (0008093),8093,03 - At intersection,03 - P.D. only,02 - Angle,01 - Clear,01 - Daylight,01 - Dry,02 - Stop sign,01 - Functioning,2,0,0,0,,0,,,,,370943.7159,5027566.524,45.38491606,-75.65535261,4342
20--5194,2020/06/28,12:31 PM,INNES RD @ BEARBROOK RD/GLEN PARK DR E (0003630),3630,03 - At intersection,03 - P.D. only,02 - Angle,02 - Rain,01 - Daylight,02 - Wet,01 - Traffic signal,01 - Functioning,2,0,0,0,,0,,,,,377994.7275,5032842.573,45.4316854,-75.56454019,4343
20--5195,2020/06/28,12:45 PM,HIGHWAY 417 btwn HWY417 IC127 RAMP16 & HWY417 IC127 RAMP63 (__3ZA2UP),__3ZA2UP,01 - Non intersection,03 - P.D. only,03 - Rear end,01 - Clear,01 - Daylight,01 - Dry,10 - No control,,2,0,0,0,,0,,,,,361989.4781,5024750.976,45.36037034,-75.7700131,4344
20--4734,2020/06/06,11:07 AM,BEAVERBROOK RD btwn BEAVERBROOK LANE & LEACOCK DR E (__3ZABAD),__3ZABAD,01 - Non intersection,03 - P.D. only,99 - Other,01 - Clear,01 - Daylight,01 - Dry,10 - No control,,2,0,0,0,,0,,,,,351755.1647,5021105.785,45.3283304,-75.90098559,4345
20--5196,2020/06/28,3:21 PM,AIRPORT PKWY btwn AIRPORT PARKWAY PRIV & RAMP (__3ZA23H),__3ZA23H,01 - Non intersection,02 - Non-fatal injury,07 - SMV other,02 - Rain,01 - Daylight,02 - Wet,10 - No control,,1,1,0,0,02 - Minor,1,,1,,,370974.248,5021192.123,45.32755834,-75.65581604,4346
20--5197,2020/06/28,3:23 PM,CARLING AVE @ IROQUOIS RD (0003145),3145,03 - At intersection,02 - Non-fatal injury,02 - Angle,01 - Clear,01 - Daylight,01 - Dry,01 - Traffic signal,01 - Functioning,2,1,0,0,02 - Minor,1,,1,,,362213.692,5026025.531,45.37182034,-75.76700328,4347
20--5198,2020/06/28,3:42 PM,CLOVER ST @ HERON RD (0006837),6837,02 - Intersection related,02 - Non-fatal injury,03 - Rear end,02 - Rain,01 - Daylight,02 - Wet,01 - Traffic signal,01 - Functioning,2,0,0,0,02 - Minor,1,,1,,,369292.7029,5026764.545,45.37785406,-75.67653839,4348
20--5199,2020/06/28,6:33 PM,HIGHWAY 417 btwn HWY417 IC124 RAMP55 & HWY417 IC124 RAMP65 (__3ZAZPV),__3ZAZPV,01 - Non intersection,03 - P.D. only,04 - Sideswipe,01 - Clear,01 - Daylight,01 - Dry,10 - No control,,2,0,0,0,,0,,,,,364602.863,5027738.867,45.38703683,-75.73629605,4349
20--52,2020/01/02,7:20 AM,CENTERRA CRT btwn END & KILBIRNIE DR (__77AX1B),__77AX1B,04 - At/near private drive,03 - P.D. only,06 - SMV unattended vehicle,01 - Clear,03 - Dawn,05 - Packed snow,10 - No control,,1,0,0,0,,0,,,,,365289.891,5011825.474,45.24379055,-75.7294663,4350
20--520,2020/01/13,10:45 AM,ISLAND PARK DR btwn SCOTT ST & MAILES AVE (__3ZA237),__3ZA237,01 - Non intersection,03 - P.D. only,99 - Other,03 - Snow,01 - Daylight,04 - Slush,10 - No control,,2,0,0,0,,0,,,,,363867.2765,5029012.145,45.39855598,-75.7455365,4351
20--5200,2020/06/28,8:54 PM,RIVERGATE WAY @ RIVERSIDE DR (0007177),7177,03 - At intersection,03 - P.D. only,05 - Turning movement,01 - Clear,05 - Dusk,08 - Loose sand or gravel,01 - Traffic signal,01 - Functioning,2,0,0,0,,0,,,,,368116.7091,5023242.52,45.34627099,-75.69200355,4352
20--5201,2020/06/28,8:57 AM,HIGHWAY 417 btwn HWY417 IC134 RAMP25 & HWY417 IC131 RAMP53 (__3ZA2LE),__3ZA2LE,01 - Non intersection,02 - Non-fatal injury,07 - SMV other,01 - Clear,01 - Daylight,01 - Dry,10 - No control,,1,0,0,0,01 - Minimal,1,1,,,,357445.0173,5022639.931,45.34173103,-75.82824079,4353
20--5202,2020/06/29,1:16 PM,RIVERSIDE DR RAMP 42A @ RIVERSIDE DR RAMP 42B (0002522),2522,02 - Intersection related,03 - P.D. only,03 - Rear end,01 - Clear,01 - Daylight,01 - Dry,03 - Yield sign,01 - Functioning,2,0,0,0,,0,,,,,368480.7125,5027090.544,45.38086158,-75.68686302,4354
20--5203,2020/06/29,10:30 AM,EAGLESON RD @ HWY 417 EAGLESO IC138R51/PARK AN (0009698),9698,02 - Intersection related,03 - P.D. only,02 - Angle,01 - Clear,01 - Daylight,01 - Dry,01 - Traffic signal,01 - Functioning,2,0,0,0,,0,,,,,353037.1854,5020013.788,45.31841746,-75.88473796,4355
20--5204,2020/06/29,11:25 AM,BRIDGE ST @ WEST RIVER DR/ARTHUR CRES S (0008226),8226,02 - Intersection related,03 - P.D. only,03 - Rear end,01 - Clear,01 - Daylight,01 - Dry,02 - Stop sign,01 - Functioning,2,0,0,0,,0,,,,,368974.7095,5010210.387,45.22893181,-75.68274127,4356
20--5205,2020/06/29,12:05 PM,MORRISON DR btwn DRAPER AVE & GREENBANK RD (__3ZABJH),__3ZABJH,04 - At/near private drive,03 - P.D. only,02 - Angle,01 - Clear,01 - Daylight,01 - Dry,10 - No control,,2,0,0,0,,0,,,,,360475.2192,5023129.847,45.34590535,-75.78952267,4357
20--5206,2020/06/29,12:07 PM,CAMPEAU DR/HWY 417 MARCH IC138R63 @ MARCH RD (0009710),9710,02 - Intersection related,03 - P.D. only,03 - Rear end,01 - Clear,01 - Daylight,01 - Dry,01 - Traffic signal,01 - Functioning,3,0,0,0,,0,,,,,352841.609,5020476.477,45.32259424,-75.88718749,4358
20--5207,2020/06/29,12:33 PM,HALIFAX DR @ WALKLEY RD (0008803),8803,02 - Intersection related,03 - P.D. only,03 - Rear end,01 - Clear,01 - Daylight,01 - Dry,01 - Traffic signal,01 - Functioning,2,0,0,0,,0,,,,,373643.7436,5027899.527,45.38765212,-75.62083113,4359
20--5208,2020/06/29,12:37 AM,BARNSDALE RD S @ MOODIE DR (0010279),10279,02 - Intersection related,03 - P.D. only,07 - SMV other,"07 - Fog, mist, smoke, dust",07 - Dark,01 - Dry,02 - Stop sign,01 - Functioning,1,0,0,0,,0,,,,,361949.6519,5008824.378,45.21706541,-75.77235613,4360
20--5209,2020/06/29,2:15 PM,CRICHTON ST btwn QUEEN VICTORIA ST & KEEFER ST (__3ZA8YN),__3ZA8YN,01 - Non intersection,03 - P.D. only,01 - Approaching,01 - Clear,01 - Daylight,01 - Dry,10 - No control,,2,0,0,0,,0,,,,,368433.5785,5033741.969,45.44071318,-75.68660617,4361
20--521,2020/01/13,11:49 AM,BIRCHFIELD AVE btwn Continuation of BIRCHFIELD AVE & Continuation of B (__3ZA54G),__3ZA54G,01 - Non intersection,03 - P.D. only,06 - SMV unattended vehicle,01 - Clear,01 - Daylight,05 - Packed snow,10 - No control,,1,0,0,0,,0,,,,,355770.2664,5015708.416,45.27948387,-75.85032247,4362
20--5210,2020/06/29,2:18 PM,CAMBRIAN RD/GOLFLINKS DR W @ LONGFIELDS DR (0009702),9702,02 - Intersection related,03 - P.D. only,03 - Rear end,01 - Clear,01 - Daylight,01 - Dry,11 - Roundabout,01 - Functioning,2,0,0,0,,0,,,,,365382.6909,5013223.422,45.25636133,-75.72811393,4363
20--5211,2020/06/29,2:22 PM,GLADSTONE AVE @ METCALFE ST (0002709),2709,02 - Intersection related,03 - P.D. only,04 - Sideswipe,01 - Clear,01 - Daylight,01 - Dry,01 - Traffic signal,01 - Functioning,2,0,0,0,,0,,,,,368230.711,5030750.572,45.41381608,-75.68958432,4364
20--5212,2020/06/29,3:18 PM,DUFORD ST btwn BOUDREAU ST & LAVERGNE ST (__308WNI),__308WNI,01 - Non intersection,03 - P.D. only,01 - Approaching,01 - Clear,01 - Daylight,01 - Dry,10 - No control,,2,0,0,0,,0,,,,,370680.6891,5033911.237,45.44202804,-75.65786298,4365
20--5213,2020/06/29,3:56 PM,BANK ST @ RIDEAU RD (0009263),9263,02 - Intersection related,03 - P.D. only,03 - Rear end,02 - Rain,01 - Daylight,02 - Wet,01 - Traffic signal,01 - Functioning,2,0,0,0,,0,,,,,376954.7526,5017844.476,45.29684832,-75.58001979,4366
20--5214,2020/06/29,4:30 PM,FALLOWFIELD RD @ GREENBANK RD (0000549),549,02 - Intersection related,03 - P.D. only,03 - Rear end,01 - Clear,01 - Daylight,02 - Wet,01 - Traffic signal,01 - Functioning,2,0,0,0,,0,,,,,363080.6761,5016732.461,45.28813024,-75.75702958,4367
20--5215,2020/06/29,5:12 PM,ST. JOSEPH BLVD @ FOREST VALLEY DR/YOUVILLE DR (0004440),4440,02 - Intersection related,03 - P.D. only,03 - Rear end,01 - Clear,01 - Daylight,01 - Dry,01 - Traffic signal,01 - Functioning,2,0,0,0,,0,,,,,379164.7376,5036156.581,45.46137902,-75.54908813,4368
20--5216,2020/06/29,5:54 PM,MERIVALE RD @ THAMES ST (0006168),6168,02 - Intersection related,03 - P.D. only,03 - Rear end,01 - Clear,01 - Daylight,01 - Dry,02 - Stop sign,01 - Functioning,3,0,0,0,,0,,,,,364913.9616,5027526.47,45.38509909,-75.73234943,4369
20--5217,2020/06/29,6:28 PM,CARLING AVE @ SCRIVENS ST (0002720),2720,02 - Intersection related,03 - P.D. only,03 - Rear end,02 - Rain,01 - Daylight,02 - Wet,01 - Traffic signal,01 - Functioning,2,0,0,0,,0,,,,,359423.6753,5024258.511,45.35614375,-75.80281585,4370
20--5218,2020/06/29,6:30 PM,"OLD MONTREAL RD btwn Continuation of OLD MONTREAL RD & GRAND-CH-NE, CO (__3ZA2L8)",__3ZA2L8,01 - Non intersection,03 - P.D. only,07 - SMV other,01 - Clear,01 - Daylight,01 - Dry,10 - No control,,1,0,0,0,,0,,,,,385219.106,5039708.169,45.49266205,-75.47110078,4371
20--5219,2020/06/29,6:49 AM,CARLING AVE @ MELROSE AVE (0006992),6992,02 - Intersection related,03 - P.D. only,03 - Rear end,01 - Clear,01 - Daylight,01 - Dry,02 - Stop sign,01 - Functioning,4,0,0,0,,0,,,,,365970.7124,5028391.544,45.39279134,-75.71874883,4372
20--522,2020/01/13,Unknown,IRENE CRES btwn CHURCHILL AVE N & TO BE DETERMINED (__3ZA06P),__3ZA06P,01 - Non intersection,03 - P.D. only,06 - SMV unattended vehicle,03 - Snow,00 - Unknown,05 - Packed snow,10 - No control,,1,0,0,0,,0,,,,,363737.923,5027314.457,45.38329137,-75.74739135,4373
20--5220,2020/06/29,8:31 AM,WOODKILTON RD btwn KILMAURS SIDE RD & KINBURN SIDE RD (__3ZACCE),__3ZACCE,04 - At/near private drive,03 - P.D. only,05 - Turning movement,01 - Clear,01 - Daylight,01 - Dry,10 - No control,,2,0,0,0,,0,,,,,336101.4943,5035920.391,45.46251059,-76.09973581,4374
20--5221,2020/06/29,8:33 AM,BLOHM DR @ HUNT CLUB RD (0011392),11392,02 - Intersection related,03 - P.D. only,03 - Rear end,01 - Clear,01 - Daylight,01 - Dry,01 - Traffic signal,01 - Functioning,2,0,0,0,,0,,,,,375129.7577,5026189.527,45.37211872,-75.60209989,4375
20--5222,2020/06/29,8:53 AM,BEECHWOOD AVE @ CHARLEVOIX ST/MACKAY ST (0002248),2248,03 - At intersection,03 - P.D. only,04 - Sideswipe,01 - Clear,01 - Daylight,01 - Dry,01 - Traffic signal,01 - Functioning,2,0,0,0,,0,,,,,369185.8716,5033592.347,45.43929806,-75.67701058,4376
20--5223,2020/06/29,9:27 AM,CAMBRIAN RD/GOLFLINKS DR W @ LONGFIELDS DR (0009702),9702,03 - At intersection,03 - P.D. only,04 - Sideswipe,01 - Clear,01 - Daylight,01 - Dry,11 - Roundabout,01 - Functioning,3,0,0,0,,0,,,,,365382.6799,5013223.417,45.25636128,-75.72811407,4377
20--5224,2020/06/30,1:00 PM,INNES RD @ 260 E OF BELCOURT BLVD/WALMART SC (0012533),12533,02 - Intersection related,03 - P.D. only,03 - Rear end,01 - Clear,01 - Daylight,01 - Dry,01 - Traffic signal,01 - Functioning,2,0,0,0,,0,,,,,382347.1976,5035398.968,45.45421666,-75.50851908,4378
20--5225,2020/06/30,1:19 PM,RIVERSIDE DR @ TREMBLAY RD/HWY417 IC117 RAMP52 (0010790),10790,02 - Intersection related,03 - P.D. only,03 - Rear end,01 - Clear,01 - Daylight,01 - Dry,01 - Traffic signal,01 - Functioning,2,0,0,0,,0,,,,,370802.0771,5031015.908,45.41596566,-75.65669952,4379
20--5226,2020/06/30,1:43 PM,MONTREAL RD btwn GATESTONE PRIV & SINCLAIR ST (__3ZA2D9),__3ZA2D9,04 - At/near private drive,02 - Non-fatal injury,02 - Angle,01 - Clear,01 - Daylight,01 - Dry,10 - No control,,2,0,0,0,02 - Minor,1,,1,,,375939.5001,5034738.352,45.44895456,-75.59052948,4380
20--5227,2020/06/30,11:00 AM,CAMPEAU DR @ HAWKSTONE GT (0008754),8754,03 - At intersection,02 - Non-fatal injury,07 - SMV other,01 - Clear,01 - Daylight,01 - Dry,01 - Traffic signal,01 - Functioning,1,0,0,1,01 - Minimal,1,1,,,,352308.9079,5020329.159,45.32130489,-75.89399631,4381
20--5228,2020/06/30,11:00 PM,HIGHWAY 416 btwn HWY416 IC42 RAMP43 & END (__3ZAZJE),__3ZAZJE,01 - Non intersection,03 - P.D. only,07 - SMV other,01 - Clear,07 - Dark,01 - Dry,10 - No control,,1,0,0,0,,0,,,,,372453.1945,4994062.658,45.08330959,-75.64063479,4382
20--5229,2020/06/30,11:20 PM,HIGHWAY 416 btwn HWY416 IC75A RAMP26 & HWY416 IC72 RAMP62 (__3ZAZLF),__3ZAZLF,01 - Non intersection,03 - P.D. only,07 - SMV other,01 - Clear,07 - Dark,01 - Dry,10 - No control,,1,0,0,0,,0,,,,,359243.9922,5020205.485,45.31968848,-75.80555499,4383
20--523,2020/01/13,12:30 PM,DONALD ST @ QUILL ST (0007960),7960,02 - Intersection related,03 - P.D. only,03 - Rear end,03 - Snow,01 - Daylight,03 - Loose snow,01 - Traffic signal,00 - Unknown,2,0,0,0,,0,,,,,370699.7185,5032313.588,45.42765129,-75.65783361,4384
20--5230,2020/06/30,11:47 AM,MONTREAL RD @ VANIER PKWY (0004630),4630,03 - At intersection,02 - Non-fatal injury,05 - Turning movement,01 - Clear,01 - Daylight,01 - Dry,01 - Traffic signal,01 - Functioning,2,0,0,0,02 - Minor,1,,1,,,370072.7192,5033065.591,45.4344763,-75.66574582,4385
20--5231,2020/06/30,11:51 AM,MONTREAL RD @ OLMSTEAD ST (0009345),9345,02 - Intersection related,03 - P.D. only,05 - Turning movement,01 - Clear,01 - Daylight,01 - Dry,01 - Traffic signal,01 - Functioning,2,0,0,0,,0,,,,,370332.7152,5033213.588,45.4357836,-75.66240345,4386
20--5232,2020/06/30,11:56 PM,SHAWINIGAN ST @ WATTERS RD (0004820),4820,03 - At intersection,03 - P.D. only,07 - SMV other,01 - Clear,07 - Dark,01 - Dry,02 - Stop sign,01 - Functioning,1,0,0,1,,0,,,,,384814.7653,5038355.576,45.48053923,-75.47649359,4387
20--5233,2020/06/30,Unknown,BRADFORD ST btwn ROWATT ST & JAMIESON ST (__3ZAAER),__3ZAAER,01 - Non intersection,03 - P.D. only,06 - SMV unattended vehicle,01 - Clear,00 - Unknown,01 - Dry,10 - No control,,1,0,0,0,,0,,,,,359597.4077,5025788.116,45.36989355,-75.80042898,4388
20--5234,2020/06/30,12:40 PM,STRANDHERD DR btwn CRESTHAVEN DR & CRESTWAY DR (__44ZGJV),__44ZGJV,01 - Non intersection,03 - P.D. only,07 - SMV other,01 - Clear,01 - Daylight,01 - Dry,10 - No control,,1,0,1,0,,0,,,,,366693.504,5015247.717,45.27446175,-75.71116215,4389
20--5235,2020/06/30,12:45 PM,CYRVILLE RD btwn STAR TOP RD & MEADOWBROOK RD (__3ZA3SN),__3ZA3SN,04 - At/near private drive,03 - P.D. only,02 - Angle,01 - Clear,01 - Daylight,01 - Dry,10 - No control,,2,0,0,0,,0,,,,,373875.2796,5031503.384,45.42005509,-75.61736983,4390
20--5236,2020/06/30,2:56 PM,WEST HUNT CLUB RD @ ROYDON PL/SUNDERLAND ST (0009775),9775,02 - Intersection related,03 - P.D. only,04 - Sideswipe,01 - Clear,01 - Daylight,01 - Dry,01 - Traffic signal,01 - Functioning,2,0,0,0,,0,,,,,365973.7028,5022169.475,45.33680607,-75.71948095,4391
20--5237,2020/06/30,3:50 PM,RIVERSIDE DR @ HERON RD (0002236),2236,02 - Intersection related,03 - P.D. only,03 - Rear end,01 - Clear,01 - Daylight,01 - Dry,01 - Traffic signal,01 - Functioning,2,0,0,0,,0,,,,,368121.1,5026647.232,45.37690537,-75.69151129,4392
20--5238,2020/06/30,3:55 PM,HUNT CLUB RD btwn LINDBERGH PRIV & NORTH BOWESVILLE RD (__3ZA35F),__3ZA35F,01 - Non intersection,03 - P.D. only,03 - Rear end,01 - Clear,01 - Daylight,01 - Dry,10 - No control,,4,0,0,0,,0,,,,,368654.5224,5022306.61,45.33780113,-75.68526191,4393
20--5239,2020/06/30,4:00 PM,CARLING AVE @ FAIRLAWN AVE/WOODROFFE AVE E (0002393),2393,02 - Intersection related,03 - P.D. only,03 - Rear end,01 - Clear,01 - Daylight,01 - Dry,01 - Traffic signal,01 - Functioning,3,0,0,0,,0,,,,,361934.6841,5025830.528,45.37008852,-75.77058762,4394
20--524,2020/01/13,2:00 PM,RIVERSIDE DR SB btwn BANK ST & BILLINGS BRIDGE NB RAMP (__3ZA1VA),__3ZA1VA,01 - Non intersection,03 - P.D. only,03 - Rear end,01 - Clear,01 - Daylight,01 - Dry,10 - No control,,2,0,0,0,,0,,,,,369247.1648,5028011.521,45.38907815,-75.67695698,4395
20--5240,2020/06/30,5:14 PM,HAWTHORNE RD @ HUNT CLUB RD (0007651),7651,02 - Intersection related,03 - P.D. only,02 - Angle,01 - Clear,01 - Daylight,01 - Dry,01 - Traffic signal,01 - Functioning,2,0,0,0,,0,,,,,375507.7464,5026406.525,45.37403313,-75.59724364,4396
20--5241,2020/06/30,5:42 PM,MERIVALE RD @ WOODFIELD DR/ROYDON PL (0009776),9776,02 - Intersection related,02 - Non-fatal injury,03 - Rear end,01 - Clear,01 - Daylight,01 - Dry,01 - Traffic signal,01 - Functioning,2,0,0,0,01 - Minimal,1,1,,,,365462.7142,5022298.503,45.33801142,-75.72598426,4397
20--5242,2020/06/30,6:00 PM,CEDARVIEW RD @ KENNEVALE DR (0010465),10465,03 - At intersection,03 - P.D. only,02 - Angle,01 - Clear,01 - Daylight,01 - Dry,02 - Stop sign,01 - Functioning,2,0,0,0,,0,,,,,361873.6765,5014315.411,45.26648053,-75.77269323,4398
20--5243,2020/06/30,7:27 PM,BANK ST @ FINDLAY CREEK SC/310 S OF FINDLAY CREEK DR (0013532),13532,02 - Intersection related,03 - P.D. only,07 - SMV other,01 - Clear,01 - Daylight,01 - Dry,01 - Traffic signal,01 - Functioning,1,0,0,0,,0,,,,,375967.5345,5020175.263,45.31792052,-75.59227064,4399
20--5244,2020/06/30,7:50 AM,LEES AVE / GRAHAM AVE @ MAIN ST (0002252),2252,03 - At intersection,03 - P.D. only,03 - Rear end,01 - Clear,01 - Daylight,01 - Dry,01 - Traffic signal,01 - Functioning,2,0,0,0,,0,,,,,369001.7003,5030560.564,45.41203614,-75.67975962,4400
20--5245,2020/06/30,8:30 PM,FRANKTOWN RD @ MUNSTER RD (0005278),5278,03 - At intersection,02 - Non-fatal injury,07 - SMV other,01 - Clear,05 - Dusk,01 - Dry,02 - Stop sign,01 - Functioning,1,0,0,0,03 - Major,3,,2,1,,350728.5436,5000781.327,45.14551111,-75.91595821,4401
20--5246,2020/06/30,9:40 AM,STRANDHERD DR @ 215 W OF GREENBANK RD/BARRHAVE (0005413),5413,03 - At intersection,03 - P.D. only,02 - Angle,01 - Clear,01 - Daylight,01 - Dry,01 - Traffic signal,01 - Functioning,2,0,0,0,,0,,,,,363743.8582,5014679.356,45.26960107,-75.74881978,4402
20--5247,2020/06/30,9:59 PM,FRANK ST btwn MACDONALD ST & ROBERT ST (__3ZA9N2),__3ZA9N2,01 - Non intersection,03 - P.D. only,06 - SMV unattended vehicle,01 - Clear,07 - Dark,01 - Dry,10 - No control,,1,0,0,0,,0,,,,,368699.4976,5031094.723,45.41686998,-75.68355091,4403
20--5248,2020/07/01,1:08 PM,DUMAURIER AVE @ RAMSEY CRES N (0003317),3317,03 - At intersection,03 - P.D. only,04 - Sideswipe,01 - Clear,01 - Daylight,01 - Dry,02 - Stop sign,01 - Functioning,2,0,0,0,,0,,,,,360219.7806,5023566.518,45.34985474,-75.79273317,4404
20--5249,2020/07/01,10:00 PM,BERRIGAN DR @ COLINDALE AVE/OAKWELL DR (0004564),4564,02 - Intersection related,03 - P.D. only,02 - Angle,01 - Clear,07 - Dark,01 - Dry,02 - Stop sign,01 - Functioning,2,0,0,0,,0,,,,,364155.1054,5015568.786,45.27756958,-75.74347297,4405
20--525,2020/01/13,3:08 PM,CYRVILLE RD btwn STAR TOP RD & MEADOWBROOK RD (__3ZA3SN),__3ZA3SN,01 - Non intersection,03 - P.D. only,07 - SMV other,04 - Freezing Rain,01 - Daylight,03 - Loose snow,10 - No control,,1,0,0,0,,0,,,,,373872.0871,5031504.452,45.42006502,-75.61741047,4406
20--5250,2020/07/01,10:20 PM,HIGHWAY 417 btwn HWY417 IC122 RAMP15 & HWY417 IC121B RAMP51 (__3ZA2RB),__3ZA2RB,01 - Non intersection,03 - P.D. only,04 - Sideswipe,01 - Clear,07 - Dark,01 - Dry,10 - No control,,2,0,0,0,,0,,,,,365665.6242,5029096.184,45.39915811,-75.72255801,4407
20--5251,2020/07/01,10:28 AM,REGIONAL ROAD 174 btwn OR174 IC112 RAMP36 & OR174 IC112 RAMP26 (__3ZAZFK),__3ZAZFK,01 - Non intersection,03 - P.D. only,99 - Other,01 - Clear,01 - Daylight,01 - Dry,10 - No control,,2,0,0,0,,0,,,,,374753.3098,5032810.619,45.43172964,-75.60596624,4408
20--5252,2020/07/01,11:00 PM,GERANIUM WALK btwn BANDELIER WAY & BANDELIER WAY (e___2JK3),e___2JK3,01 - Non intersection,03 - P.D. only,06 - SMV unattended vehicle,01 - Clear,07 - Dark,01 - Dry,10 - No control,,1,0,0,0,,0,,,,,349137.953,5014901.168,45.27266954,-75.93492696,4409
20--5253,2020/07/01,11:00 PM,CONSTANCE BAY RD btwn TO BE DETERMINED & WILLAND LANE (__3ZA4GW),__3ZA4GW,01 - Non intersection,03 - P.D. only,07 - SMV other,01 - Clear,07 - Dark,01 - Dry,10 - No control,,1,0,0,0,,0,,,,,336935.3912,5037438.081,45.47612928,-76.08897348,4410
20--5254,2020/07/01,11:20 PM,HIGHWAY 416 btwn HWY416 IC57 RAMP24 & HWY416 IC49 RAMP42 (__3ZAZGI),__3ZAZGI,01 - Non intersection,03 - P.D. only,07 - SMV other,01 - Clear,07 - Dark,01 - Dry,10 - No control,,1,0,0,0,,0,,,,,365485.2822,5006804.302,45.19859295,-75.72758963,4411
20--5255,2020/07/01,Unknown,CLAYMOR AVE btwn GREENBRIAR AVE & NORMANDY CRES (__3ZAAOI),__3ZAAOI,01 - Non intersection,03 - P.D. only,06 - SMV unattended vehicle,01 - Clear,00 - Unknown,01 - Dry,10 - No control,,1,0,0,0,,0,,,,,367066.1001,5025147.244,45.36350337,-75.70516937,4412
20--5256,2020/07/01,Unknown,EQUESTRIAN DR btwn SPUR AVE & SILVER HORSE CRES (__3ZA17M),__3ZA17M,01 - Non intersection,03 - P.D. only,06 - SMV unattended vehicle,01 - Clear,00 - Unknown,01 - Dry,10 - No control,,1,0,0,0,,0,,,,,355168.5197,5016019.665,45.28232793,-75.85796038,4413
20--5257,2020/07/01,3:15 PM,CLARENCE ST @ SUSSEX DR (0011909),11909,03 - At intersection,02 - Non-fatal injury,02 - Angle,01 - Clear,01 - Daylight,01 - Dry,02 - Stop sign,01 - Functioning,2,1,0,0,01 - Minimal,1,1,,,,367751.5539,5032322.012,45.42799865,-75.69550482,4414
20--5258,2020/07/01,5:08 PM,BATHGATE DR btwn LAFAYETTE PRIV & QUIGG PRIV (__3ZA7XO),__3ZA7XO,01 - Non intersection,03 - P.D. only,99 - Other,01 - Clear,01 - Daylight,01 - Dry,10 - No control,,2,0,0,0,,0,,,,,373331.997,5034106.812,45.44353284,-75.62394862,4415