Anom_ID,Accident_Date,Accident_Time,Location,Geo_ID,Accident_Location,Classification_of_Accident,Initial_Impact_Type,Environment_Condition,Light,Road_Surface_Condition,Traffic_Control,Traffic_Control_Condition,No__of_Vehicles,No__of_Bicycles,No__of_Motorcycles,No__of_Pedestrians,Max_Injury,No__of_Injuries,No__of_Minimal,No__of_Minor,No__of_Major,No__of_Fatal,X,Y,Latitude,Longitude,ObjectId
20--5259,2020/07/01,5:19 PM,CAMBRIAN RD/GOLFLINKS DR W @ LONGFIELDS DR (0009702),9702,03 - At intersection,02 - Non-fatal injury,02 - Angle,01 - Clear,01 - Daylight,01 - Dry,11 - Roundabout,01 - Functioning,2,1,0,0,01 - Minimal,1,1,,,,365382.6851,5013223.408,45.2563612,-75.72811401,4416
20--526,2020/01/13,3:58 PM,RICHMOND RD @ WOODROFFE AVE (0011466),11466,02 - Intersection related,03 - P.D. only,03 - Rear end,01 - Clear,01 - Daylight,04 - Slush,01 - Traffic signal,01 - Functioning,4,0,0,0,,0,,,,,361584.6832,5026654.52,45.37753118,-75.77496083,4417
20--5260,2020/07/01,8:25 PM,BASELINE RD @ WOODROFFE AVE (0002225),2225,02 - Intersection related,03 - P.D. only,03 - Rear end,01 - Clear,05 - Dusk,01 - Dry,01 - Traffic signal,01 - Functioning,2,0,0,0,,0,,,,,362549.6878,5023770.508,45.35150224,-75.76297751,4418
20--5261,2020/07/01,8:30 AM,OTTAWA ROAD 29 btwn BIG HORN WAY & UPPER DWYER HILL RD (__5SO6A3),__5SO6A3,01 - Non intersection,03 - P.D. only,07 - SMV other,01 - Clear,01 - Daylight,01 - Dry,10 - No control,,1,0,0,0,,0,,,,,317860.4381,5030500.049,45.41431487,-76.33313331,4419
20--5262,2020/07/01,8:40 AM,MAITLAND AVE @ WOODWARD DR (0003185),3185,02 - Intersection related,03 - P.D. only,03 - Rear end,01 - Clear,01 - Daylight,01 - Dry,01 - Traffic signal,01 - Functioning,2,0,0,0,,0,,,,,363273.6961,5025662.533,45.36846648,-75.7535144,4420
20--5263,2020/07/01,9:20 AM,MERIVALE RD/LOTTA AVE @ CLYDE AVE (0001112),1112,03 - At intersection,03 - P.D. only,02 - Angle,01 - Clear,01 - Daylight,01 - Dry,01 - Traffic signal,01 - Functioning,2,0,0,0,,0,,,,,364521.689,5024507.522,45.35796863,-75.73772329,4421
20--5264,2020/07/02,1:15 PM,ST. JOSEPH BLVD btwn PRESTONE DR & TENTH LINE RD (__3ZA11U),__3ZA11U,01 - Non intersection,03 - P.D. only,04 - Sideswipe,01 - Clear,01 - Daylight,01 - Dry,10 - No control,,2,0,0,0,,0,,,,,382813.8208,5038641.131,45.48333485,-75.50203929,4422
20--5265,2020/07/02,1:40 PM,JOCKVALE RD btwn BREN-MAUR RD & RIVERSTONE DR (__33D305),__33D305,01 - Non intersection,03 - P.D. only,03 - Rear end,01 - Clear,01 - Daylight,01 - Dry,10 - No control,,2,0,0,0,,0,,,,,365145.3602,5013573.744,45.25953392,-75.73109495,4423
20--5266,2020/07/02,1:54 PM,LYON ST @ WELLINGTON ST (0002388),2388,02 - Intersection related,02 - Non-fatal injury,05 - Turning movement,01 - Clear,01 - Daylight,01 - Dry,01 - Traffic signal,01 - Functioning,2,1,0,0,03 - Major,1,,,1,,366935.2559,5031426.163,45.42001107,-75.70604877,4424
20--5267,2020/07/02,10:02 PM,PRESTON ST @ SOMERSET ST (0002215),2215,03 - At intersection,03 - P.D. only,05 - Turning movement,01 - Clear,07 - Dark,01 - Dry,01 - Traffic signal,01 - Functioning,2,0,0,0,,0,,,,,366307.7003,5030127.576,45.4083822,-75.71422884,4425
20--5268,2020/07/02,10:48 PM,HWY 416 WESTHUNT IC72R34 @ WEST HUNT CLUB RD (0005218),5218,02 - Intersection related,03 - P.D. only,03 - Rear end,01 - Clear,07 - Dark,01 - Dry,01 - Traffic signal,01 - Functioning,2,0,0,0,,0,,,,,359370.9122,5019361.436,45.31208382,-75.8040292,4426
20--5269,2020/07/02,10:50 PM,HIGHWAY 7 btwn ASHTON STATION RD & OVERPASS RD (__3ZA2QE),__3ZA2QE,01 - Non intersection,03 - P.D. only,07 - SMV other,01 - Clear,07 - Dark,01 - Dry,10 - No control,,1,0,0,0,,0,,,,,340331.0341,5004066.692,45.17567469,-76.04793775,4427
20--527,2020/01/13,4:15 PM,FERNBANK RD @ STITTSVILLE MAIN ST (0000084),84,02 - Intersection related,03 - P.D. only,03 - Rear end,01 - Clear,05 - Dusk,02 - Wet,01 - Traffic signal,01 - Functioning,2,0,0,0,,0,,,,,350934.5928,5012161.411,45.2479007,-75.91228495,4428
20--5270,2020/07/02,11:00 PM,THOMAS A. DOLAN PKWY btwn CARP RD & STONECREST RD (__3ZA1XZ),__3ZA1XZ,01 - Non intersection,03 - P.D. only,07 - SMV other,01 - Clear,07 - Dark,01 - Dry,10 - No control,,1,0,0,0,,0,,,,,338317.4687,5027657.887,45.38805928,-76.07196232,4429
20--5271,2020/07/02,11:30 PM,CARLING AVE @ MOODIE DR/JAMES CUMMINGS AVE W (0000158),158,02 - Intersection related,03 - P.D. only,03 - Rear end,01 - Clear,07 - Dark,02 - Wet,01 - Traffic signal,01 - Functioning,2,0,0,0,,0,,,,,356001.6573,5023937.526,45.35351374,-75.84652275,4430
20--5095,2020/06/23,3:49 PM,POULIN AVE @ RICHMOND RD (0002748),2748,03 - At intersection,02 - Non-fatal injury,07 - SMV other,01 - Clear,01 - Daylight,01 - Dry,01 - Traffic signal,01 - Functioning,1,0,0,1,02 - Minor,1,,1,,,360325.6879,5024900.508,45.36184957,-75.79123185,4431
20--4650,2020/06/01,9:40 AM,HIGHWAY 417 btwn HWY417 IC122 RAMP15 & HWY417 IC121B RAMP51 (__3ZA2RB),__3ZA2RB,01 - Non intersection,03 - P.D. only,04 - Sideswipe,01 - Clear,01 - Daylight,01 - Dry,10 - No control,,2,0,0,0,,0,,,,,366359.364,5029443.784,45.40222508,-75.71365426,4432
20--4651,2020/06/02,1:41 PM,LEIKIN DR btwn BECKSTEAD RD & BILL LEATHEM DR (__3ZA105),__3ZA105,01 - Non intersection,03 - P.D. only,99 - Other,02 - Rain,01 - Daylight,02 - Wet,10 - No control,,2,0,0,0,,0,,,,,366954.8091,5017456.717,45.29431509,-75.70755542,4433
20--4652,2020/06/02,10:26 PM,ANDERSON RD btwn LEITRIM RD & EIGHTH LINE RD (__3ZA2B8),__3ZA2B8,01 - Non intersection,02 - Non-fatal injury,03 - Rear end,01 - Clear,07 - Dark,01 - Dry,10 - No control,,2,0,0,0,02 - Minor,2,,2,,,380943.1072,5023722.569,45.3493151,-75.52827123,4434
20--4653,2020/06/02,10:30 AM,BANK ST @ HUNT CLUB RD (0002119),2119,02 - Intersection related,03 - P.D. only,04 - Sideswipe,01 - Clear,01 - Daylight,01 - Dry,01 - Traffic signal,01 - Functioning,2,0,0,0,,0,,,,,371608.7302,5024096.494,45.35363086,-75.64733067,4435
20--4654,2020/06/02,2:30 PM,SALAMANDER WAY btwn CEDAR CREEK DR & KELLY FARM DR (e___2J69),e___2J69,01 - Non intersection,03 - P.D. only,06 - SMV unattended vehicle,01 - Clear,01 - Daylight,01 - Dry,10 - No control,,1,0,0,0,,0,,,,,376012.465,5019493.427,45.31178108,-75.59179564,4436
20--4655,2020/06/02,4:00 PM,BESSERER ST btwn CUMBERLAND ST & KING EDWARD AVE (__3ZA8Z6),__3ZA8Z6,01 - Non intersection,03 - P.D. only,06 - SMV unattended vehicle,01 - Clear,01 - Daylight,01 - Dry,10 - No control,,1,0,0,0,,0,,,,,368514.8263,5032318.864,45.42790121,-75.68575191,4437
20--4656,2020/06/02,4:01 PM,HAZELDEAN RD @ SPRINGBROOK DR (0005279),5279,02 - Intersection related,03 - P.D. only,03 - Rear end,01 - Clear,01 - Daylight,01 - Dry,01 - Traffic signal,01 - Functioning,2,0,0,0,,0,,,,,349870.5819,5015110.441,45.27450608,-75.92557131,4438
20--4657,2020/06/02,6:15 AM,BOOTH ST @ 148 N OF MIDDLE ST/E.B.EDDY S (0012189),12189,02 - Intersection related,03 - P.D. only,03 - Rear end,01 - Clear,01 - Daylight,01 - Dry,01 - Traffic signal,01 - Functioning,2,0,0,0,,0,,,,,366035.5372,5031416.427,45.4200028,-75.71754531,4439
20--4658,2020/06/02,7:20 PM,HIGHWAY 417 btwn HWY417 IC118 RAMP57 & HWY417 IC118 RAMP35 (__3ZA2YQ),__3ZA2YQ,01 - Non intersection,03 - P.D. only,07 - SMV other,01 - Clear,01 - Daylight,01 - Dry,10 - No control,,1,0,0,0,,0,,,,,369432.2766,5031021.682,45.41614548,-75.67419868,4440
20--4659,2020/06/02,7:22 AM,GREENBANK RD @ IRIS ST/HWY 417 IC129 RAMP51 (0009073),9073,02 - Intersection related,03 - P.D. only,03 - Rear end,02 - Rain,01 - Daylight,02 - Wet,01 - Traffic signal,01 - Functioning,3,0,0,0,,0,,,,,360531.3022,5023312.498,45.34754439,-75.78878647,4441
20--5281,2020/07/02,4:40 PM,EAGLESON RD btwn MICHAEL COWPLAND DR/STONEHAVEN DR & 240 N OF CADENCE  (__3ZA41IA),__3ZA41IA,01 - Non intersection,03 - P.D. only,04 - Sideswipe,01 - Clear,01 - Daylight,01 - Dry,10 - No control,,2,0,0,0,,0,,,,,354436.8453,5016488.839,45.28660171,-75.86723941,4442
20--466,2020/01/11,7:25 PM,MAPLE GROVE RD @ TERRY FOX DR (0003177),3177,02 - Intersection related,03 - P.D. only,03 - Rear end,02 - Rain,07 - Dark,02 - Wet,01 - Traffic signal,01 - Functioning,2,0,0,0,,0,,,,,351553.6061,5017864.473,45.29917775,-75.90386264,4443
20--5282,2020/07/02,4:43 PM,DONALD ST @ FRANCES ST (0011534),11534,02 - Intersection related,02 - Non-fatal injury,07 - SMV other,01 - Clear,01 - Daylight,02 - Wet,02 - Stop sign,01 - Functioning,1,0,0,1,01 - Minimal,1,1,,,,371488.7191,5032403.57,45.42838613,-75.6477395,4444
20--4660,2020/06/03,1:52 PM,CARLING AVE EB btwn SAIGON CRT & HWY417 IC124 RAMP57 (__3ZA3AN),__3ZA3AN,01 - Non intersection,03 - P.D. only,04 - Sideswipe,01 - Clear,01 - Daylight,01 - Dry,10 - No control,,2,0,0,0,,0,,,,,364179.3245,5027119.781,45.38150243,-75.74177878,4445
20--5283,2020/07/02,5:03 PM,BANK ST @ WALKLEY RD (0011423),11423,02 - Intersection related,03 - P.D. only,04 - Sideswipe,02 - Rain,01 - Daylight,02 - Wet,01 - Traffic signal,01 - Functioning,2,0,0,0,,0,,,,,370337.8538,5025947.733,45.37040767,-75.66330341,4446
20--4661,2020/06/03,11:36 PM,VESTA ST btwn TIBER GT & HENNEPIN ST (__3ZA1Y8),__3ZA1Y8,01 - Non intersection,03 - P.D. only,06 - SMV unattended vehicle,01 - Clear,07 - Dark,01 - Dry,10 - No control,,1,0,0,0,,0,,,,,362223.5478,5014108.968,45.26459446,-75.76825894,4447
20--5284,2020/07/02,5:17 PM,SNAKE ISLAND RD @ STAGECOACH RD (0001642),1642,03 - At intersection,03 - P.D. only,02 - Angle,01 - Clear,01 - Daylight,02 - Wet,02 - Stop sign,01 - Functioning,2,0,0,0,,0,,,,,378062.7597,5006581.386,45.19539242,-75.56755403,4448
20--5285,2020/07/02,5:40 PM,HWY417 IC118 RAMP76 btwn HIGHWAY 417 & HWY417 IC118 RAMP43 (__3ZAY9N),__3ZAY9N,01 - Non intersection,03 - P.D. only,07 - SMV other,02 - Rain,01 - Daylight,02 - Wet,10 - No control,,1,0,0,0,,0,,,,,369374.5539,5031031.64,45.41624041,-75.67493482,4449
20--5286,2020/07/02,7:25 PM,AGINCOURT RD @ MAITLAND AVE (0003375),3375,03 - At intersection,02 - Non-fatal injury,07 - SMV other,01 - Clear,01 - Daylight,01 - Dry,02 - Stop sign,00 - Unknown,1,0,1,0,02 - Minor,1,,1,,,363446.6858,5025450.528,45.36654444,-75.75133133,4450
20--5287,2020/07/02,8:03 AM,BESSERER ST @ DALHOUSIE ST (0011452),11452,02 - Intersection related,03 - P.D. only,03 - Rear end,01 - Clear,01 - Daylight,01 - Dry,01 - Traffic signal,01 - Functioning,2,0,0,0,,0,,,,,368252.6984,5032157.573,45.4264738,-75.68912223,4451
20--5288,2020/07/02,9:15 AM,DRESDEN CRES btwn PARKHAVEN AVE & SADLER CRES (2) (__3ZABXH),__3ZABXH,04 - At/near private drive,03 - P.D. only,06 - SMV unattended vehicle,01 - Clear,01 - Daylight,01 - Dry,10 - No control,,1,0,0,0,,0,,,,,361621.0925,5024992.926,45.36257734,-75.77468711,4452
20--5289,2020/07/02,9:15 PM,HUNT CLUB RD @ BRIDLE PATH DR/DAZE ST (0008214),8214,02 - Intersection related,03 - P.D. only,03 - Rear end,01 - Clear,05 - Dusk,01 - Dry,01 - Traffic signal,01 - Functioning,2,0,0,0,,0,,,,,371291.7356,5023864.493,45.35157352,-75.65140718,4453
20--529,2020/01/13,4:45 AM,LEITRIM RD btwn 810 W OF HAWTHORNE & BANK ST (__3ZA3SPA),__3ZA3SPA,01 - Non intersection,03 - P.D. only,07 - SMV other,03 - Snow,07 - Dark,04 - Slush,10 - No control,,1,0,0,0,,0,,,,,376274.8572,5022135.294,45.33552481,-75.58806834,4454
20--5290,2020/07/02,9:45 PM,CEDARWOOD DR @ WALKLEY RD (0002235),2235,02 - Intersection related,02 - Non-fatal injury,03 - Rear end,01 - Clear,07 - Dark,01 - Dry,01 - Traffic signal,01 - Functioning,2,0,0,0,01 - Minimal,1,1,,,,371194.731,5026455.522,45.37489592,-75.65229693,4455
20--5291,2020/07/03,1:00 PM,MOODIE DR @ HWY 417 MOODIE IC134R63 (0000649),649,02 - Intersection related,03 - P.D. only,05 - Turning movement,01 - Clear,01 - Daylight,01 - Dry,01 - Traffic signal,01 - Functioning,2,0,0,0,,0,,,,,356389.6462,5022479.5,45.34036587,-75.84172333,4456
20--5292,2020/07/03,1:25 PM,RIVERSIDE DR @ HERON RD (0002236),2236,02 - Intersection related,03 - P.D. only,03 - Rear end,01 - Clear,01 - Daylight,01 - Dry,01 - Traffic signal,01 - Functioning,2,0,0,0,,0,,,,,368121.1018,5026647.229,45.37690534,-75.69151127,4457
20--5293,2020/07/03,1:30 PM,CARLING AVE @ IRVING PL/MAPLE DR (0006872),6872,03 - At intersection,03 - P.D. only,05 - Turning movement,01 - Clear,01 - Daylight,01 - Dry,01 - Traffic signal,01 - Functioning,2,0,0,0,,0,,,,,366186.7032,5028527.559,45.39399627,-75.71597361,4458
20--5294,2020/07/03,1:31 PM,GLADSTONE AVE @ ROCHESTER ST (0006496),6496,02 - Intersection related,02 - Non-fatal injury,03 - Rear end,01 - Clear,01 - Daylight,01 - Dry,01 - Traffic signal,01 - Functioning,3,0,0,0,02 - Minor,2,1,1,,,366662.7014,5029787.56,45.40529154,-75.70973674,4459
20--5295,2020/07/03,1:39 PM,RIVERSIDE DR @ HERON RD (0002236),2236,03 - At intersection,03 - P.D. only,02 - Angle,01 - Clear,01 - Daylight,01 - Dry,01 - Traffic signal,01 - Functioning,2,0,0,0,,0,,,,,368121.1165,5026647.215,45.37690522,-75.69151108,4460
20--5296,2020/07/03,10:18 AM,CAMPEAU DR @ CONACHER GT (0011761),11761,03 - At intersection,02 - Non-fatal injury,05 - Turning movement,01 - Clear,01 - Daylight,01 - Dry,02 - Stop sign,01 - Functioning,3,0,0,0,02 - Minor,1,,1,,,351581.2554,5019753.183,45.31617099,-75.90333183,4461
20--5297,2020/07/03,11:07 AM,PLEASANT PARK RD btwn RODNEY CRES & NO NAME (__5DB6SQ),__5DB6SQ,01 - Non intersection,03 - P.D. only,06 - SMV unattended vehicle,01 - Clear,01 - Daylight,01 - Dry,10 - No control,,1,0,0,0,,0,,,,,370083.2534,5028435.554,45.39281602,-75.66622447,4462
20--5298,2020/07/03,11:31 AM,LONGFIELDS DR @ WOODROFFE AVE (0000096),96,02 - Intersection related,02 - Non-fatal injury,03 - Rear end,01 - Clear,01 - Daylight,01 - Dry,01 - Traffic signal,01 - Functioning,2,0,0,0,02 - Minor,1,,1,,,365421.1651,5017106.947,45.29130187,-75.7271496,4463
20--5299,2020/07/03,11:45 AM,RIVERSIDE DR RAMP 34 @ RIVERSIDE DR (0010857),10857,02 - Intersection related,02 - Non-fatal injury,03 - Rear end,01 - Clear,01 - Daylight,01 - Dry,03 - Yield sign,01 - Functioning,2,0,0,0,02 - Minor,1,,1,,,368340.095,5027182.883,45.38170518,-75.6886465,4464
20--53,2020/01/02,7:52 AM,KINGSTON AVE btwn MERIVALE RD & PRINCE ST (__3ZA0D1),__3ZA0D1,04 - At/near private drive,03 - P.D. only,06 - SMV unattended vehicle,03 - Snow,03 - Dawn,05 - Packed snow,10 - No control,,1,0,0,0,,0,,,,,364944.7719,5026295.9,45.374024,-75.73210592,4465
20--530,2020/01/13,4:50 AM,HIGHWAY 417 btwn Continuation of HIGHWAY 417 & HWY417 IC134 RAMP51 (__3ZA29B),__3ZA29B,01 - Non intersection,03 - P.D. only,07 - SMV other,01 - Clear,07 - Dark,01 - Dry,10 - No control,,1,0,0,0,,0,,,,,355629.0434,5021778.746,45.33411592,-75.85149986,4466
20--5300,2020/07/03,12:03 PM,NAVAN RD @ TENTH LINE RD (0004718),4718,03 - At intersection,02 - Non-fatal injury,02 - Angle,01 - Clear,01 - Daylight,01 - Dry,01 - Traffic signal,02 - Not functioning,2,0,0,0,01 - Minimal,1,1,,,,385757.7718,5031832.527,45.42174237,-75.46550669,4467
20--5301,2020/07/03,12:12 PM,HUNTMAR DR btwn OLD CARP RD & BRADLEY SIDE RD (__3ZACWD),__3ZACWD,01 - Non intersection,02 - Non-fatal injury,03 - Rear end,01 - Clear,01 - Daylight,01 - Dry,10 - No control,,2,0,0,0,02 - Minor,2,1,1,,,346600.9607,5020820.309,45.3260875,-75.96675964,4468
20--5302,2020/07/03,12:28 PM,CARLING AVE @ FAIRMONT AVE (0006303),6303,03 - At intersection,03 - P.D. only,03 - Rear end,01 - Clear,01 - Daylight,01 - Dry,02 - Stop sign,00 - Unknown,3,0,0,0,,0,,,,,366115.6934,5028486.562,45.39363361,-75.71688555,4469
20--5303,2020/07/03,2:18 PM,CARLING AVE @ SHERWOOD DR (0006380),6380,02 - Intersection related,03 - P.D. only,99 - Other,01 - Clear,01 - Daylight,01 - Dry,01 - Traffic signal,01 - Functioning,2,0,0,0,,0,,,,,366485.6998,5028717.558,45.39567956,-75.71213145,4470
20--5304,2020/07/03,2:52 PM,ALBERT ST @ PRESTON ST (0002217),2217,03 - At intersection,02 - Non-fatal injury,05 - Turning movement,01 - Clear,01 - Daylight,01 - Dry,01 - Traffic signal,01 - Functioning,2,0,0,0,02 - Minor,3,,3,,,366160.6997,5030464.569,45.41142727,-75.71606467,4471
20--5305,2020/07/03,2:53 PM,BEARBROOK RD/ROCKCLIFFE PKWY @ ST. JOSEPH BLVD (0012382),12382,03 - At intersection,02 - Non-fatal injury,05 - Turning movement,01 - Clear,01 - Daylight,01 - Dry,01 - Traffic signal,01 - Functioning,2,0,0,0,02 - Minor,3,,3,,,377128.7233,5035239.59,45.45334231,-75.57525434,4472
20--5306,2020/07/03,3:00 PM,MONTREAL RD @ VANIER PKWY (0004630),4630,03 - At intersection,03 - P.D. only,05 - Turning movement,01 - Clear,01 - Daylight,01 - Dry,01 - Traffic signal,01 - Functioning,2,0,0,0,,0,,,,,370072.714,5033065.59,45.43447629,-75.66574588,4473
20--5307,2020/07/03,3:35 PM,GLADSTONE AVE btwn BAYSWATER AVE & BREEZEHILL AVE N (__3ZA3Z9),__3ZA3Z9,01 - Non intersection,03 - P.D. only,03 - Rear end,01 - Clear,01 - Daylight,01 - Dry,10 - No control,,2,0,0,0,,0,,,,,366074.0489,5029512.551,45.40286886,-75.71728993,4474
20--5308,2020/07/03,5:08 PM,FALLOWFIELD RD btwn CEDARVIEW RD & LARKIN DR (__3ZA1XU),__3ZA1XU,01 - Non intersection,03 - P.D. only,03 - Rear end,01 - Clear,01 - Daylight,01 - Dry,10 - No control,,3,0,0,0,,0,,,,,361656.7987,5015877.696,45.28055565,-75.77527783,4475
20--5309,2020/07/03,5:11 PM,CARSONBY RD    W btwn THIRD LINE RD N & PRINCE OF WALES DR (__3ZABMW),__3ZABMW,01 - Non intersection,02 - Non-fatal injury,07 - SMV other,01 - Clear,01 - Daylight,01 - Dry,10 - No control,,1,0,0,0,02 - Minor,2,,2,,,365425.3192,5003562.918,45.16943175,-75.72874672,4476
20--531,2020/01/13,5:08 PM,BOOTH ST @ RAYMOND ST (0006498),6498,03 - At intersection,03 - P.D. only,04 - Sideswipe,01 - Clear,05 - Dusk,02 - Wet,01 - Traffic signal,01 - Functioning,2,0,0,0,,0,,,,,366860.6988,5029641.554,45.40396029,-75.70722605,4477
20--5310,2020/07/03,6:03 AM,MERIVALE RD btwn PINEGLEN CRES & GERVIN ST (__3ZA3IE),__3ZA3IE,01 - Non intersection,02 - Non-fatal injury,07 - SMV other,01 - Clear,01 - Daylight,01 - Dry,10 - No control,,1,0,0,0,02 - Minor,1,,1,,,366288.6889,5020302.113,45.31997628,-75.71569433,4478
20--5311,2020/07/03,6:07 PM,MARCH RD btwn CARLING AVE/STATION RD & 280 S OF CARLING AVE/STATION RD (__3ZA42DA),__3ZA42DA,01 - Non intersection,03 - P.D. only,04 - Sideswipe,01 - Clear,01 - Daylight,01 - Dry,10 - No control,,2,0,0,0,,0,,,,,350988.6111,5022156.897,45.33783941,-75.91066602,4479
20--5312,2020/07/03,6:36 PM,FRANKTOWN RD btwn CONLEY RD & JOY'S RD (__3ZA42P),__3ZA42P,01 - Non intersection,03 - P.D. only,07 - SMV other,01 - Clear,01 - Daylight,01 - Dry,10 - No control,,1,0,0,0,,0,,,,,353921.5618,5003631.987,45.17094775,-75.87507679,4480
20--5313,2020/07/03,6:56 PM,PAUL ANKA DR @ UPLANDS DR (0007476),7476,03 - At intersection,03 - P.D. only,02 - Angle,01 - Clear,01 - Daylight,01 - Dry,02 - Stop sign,01 - Functioning,2,0,0,0,,0,,,,,369456.7894,5023575.779,45.34914732,-75.67486073,4481
20--5314,2020/07/03,7:06 PM,STANLEY AVE @ UNION ST (0008269),8269,03 - At intersection,02 - Non-fatal injury,02 - Angle,01 - Clear,01 - Daylight,01 - Dry,02 - Stop sign,01 - Functioning,2,1,0,0,01 - Minimal,1,1,,,,368132.7106,5033743.616,45.44075532,-75.69045141,4482
20--5315,2020/07/03,7:30 AM,BOOTH ST @ RAYMOND ST (0006498),6498,03 - At intersection,03 - P.D. only,07 - SMV other,01 - Clear,01 - Daylight,01 - Dry,01 - Traffic signal,01 - Functioning,1,0,0,0,,0,,,,,366860.7115,5029641.56,45.40396034,-75.70722588,4483
20--5316,2020/07/03,7:38 AM,CATHERINE ST @ METCALFE ST (0011239),11239,03 - At intersection,03 - P.D. only,02 - Angle,01 - Clear,01 - Daylight,01 - Dry,01 - Traffic signal,01 - Functioning,2,0,0,0,,0,,,,,368393.697,5030486.559,45.41142578,-75.68753622,4484
20--5317,2020/07/03,7:47 PM,CARLING AVE @ CROYDON AVE (0002642),2642,02 - Intersection related,03 - P.D. only,05 - Turning movement,01 - Clear,01 - Daylight,01 - Dry,01 - Traffic signal,01 - Functioning,2,0,0,0,,0,,,,,360658.6773,5025042.514,45.36310088,-75.78696562,4485
20--5318,2020/07/03,7:49 PM,KENT ST btwn QUEEN ST & ALBERT ST (__3ZA1XM),__3ZA1XM,01 - Non intersection,03 - P.D. only,04 - Sideswipe,01 - Clear,01 - Daylight,01 - Dry,10 - No control,,2,0,0,0,,0,,,,,367203.0397,5031349.411,45.41929665,-75.70263713,4486
20--5319,2020/07/03,7:50 PM,CONROY RD @ HUNT CLUB RD (0002257),2257,02 - Intersection related,03 - P.D. only,03 - Rear end,01 - Clear,01 - Daylight,01 - Dry,01 - Traffic signal,01 - Functioning,2,0,0,0,,0,,,,,373763.7346,5025404.518,45.3651913,-75.6196474,4487
20--532,2020/01/13,5:45 PM,HIGHWAY 416 btwn HWY416 IC66 RAMP34 & HWY416 IC72 RAMP53 (__3ZAZM6),__3ZAZM6,01 - Non intersection,03 - P.D. only,07 - SMV other,01 - Clear,07 - Dark,02 - Wet,10 - No control,,1,0,0,0,,0,,,,,359282.885,5016092.501,45.28267647,-75.80551094,4488
20--5320,2020/07/03,8:35 PM,HIGHWAY 417 btwn HWY417 IC163 RAMP61 & HWY417 IC155 RAMP36 (__3ZA2QB),__3ZA2QB,01 - Non intersection,03 - P.D. only,07 - SMV other,01 - Clear,05 - Dusk,01 - Dry,10 - No control,,1,0,0,0,,0,,,,,332317.7704,5021234.237,45.33051757,-76.14893801,4489
20--5321,2020/07/03,9:03 AM,METCALFE ST @ LAURIER AVE (0002231),2231,02 - Intersection related,03 - P.D. only,03 - Rear end,01 - Clear,01 - Daylight,01 - Dry,01 - Traffic signal,01 - Functioning,2,0,0,0,,0,,,,,367792.7064,5031451.57,45.420163,-75.69509027,4490
20--5322,2020/07/04,1:21 PM,COVENTRY RD @ VANIER PKWY (0002139),2139,02 - Intersection related,03 - P.D. only,03 - Rear end,01 - Clear,01 - Daylight,01 - Dry,01 - Traffic signal,01 - Functioning,2,0,0,0,,0,,,,,370676.3733,5031611.701,45.42133821,-75.65822579,4491
20--5323,2020/07/04,10:05 AM,AMBLESIDE DR @ NEW ORCHARD AVE (0009120),9120,03 - At intersection,03 - P.D. only,02 - Angle,01 - Clear,01 - Daylight,01 - Dry,03 - Yield sign,01 - Functioning,2,0,0,0,,0,,,,,361268.1329,5026281.69,45.37420207,-75.77904492,4492
20--5324,2020/07/04,10:20 AM,HERON RD EB btwn RIVERSIDE DR & BRONSON AVE RAMP 35 (__5FD4WD),__5FD4WD,01 - Non intersection,02 - Non-fatal injury,03 - Rear end,01 - Clear,01 - Daylight,01 - Dry,10 - No control,,2,0,0,0,01 - Minimal,1,1,,,,368392.0325,5026663.264,45.37702508,-75.68805029,4493
20--5325,2020/07/04,11:27 AM,MARCH RD btwn JACOB'S GT & BEARHILL RD (__3ZA2Q0),__3ZA2Q0,01 - Non intersection,03 - P.D. only,07 - SMV other,01 - Clear,01 - Daylight,01 - Dry,10 - No control,,1,0,0,0,,0,,,,,338152.2479,5017970.853,45.30089905,-76.0747254,4494
20--5326,2020/07/04,11:44 AM,ST. JOSEPH BLVD btwn HART RD & R.C.M.P. COMPLEX (__3ZA2BHA),__3ZA2BHA,04 - At/near private drive,03 - P.D. only,02 - Angle,01 - Clear,01 - Daylight,01 - Dry,10 - No control,,2,0,0,0,,0,,,,,377743.2487,5035700.381,45.45742431,-75.56733013,4495
20--5327,2020/07/04,12:45 PM,CHAMBERLAIN AVE @ KENT ST (0002131),2131,02 - Intersection related,03 - P.D. only,03 - Rear end,01 - Clear,01 - Daylight,01 - Dry,12 - IPS,01 - Functioning,2,0,0,0,,0,,,,,367933.7048,5030047.552,45.40751738,-75.69346865,4496
20--5328,2020/07/04,3:56 PM,WOODROFFE AVE @ SPORTSPLEX S (0010592),10592,03 - At intersection,02 - Non-fatal injury,05 - Turning movement,01 - Clear,01 - Daylight,01 - Dry,01 - Traffic signal,01 - Functioning,2,1,0,0,03 - Major,2,1,,1,,363832.1348,5020899.446,45.3255619,-75.74695439,4497