Anom_ID,Accident_Date,Accident_Time,Location,Geo_ID,Accident_Location,Classification_of_Accident,Initial_Impact_Type,Environment_Condition,Light,Road_Surface_Condition,Traffic_Control,Traffic_Control_Condition,No__of_Vehicles,No__of_Bicycles,No__of_Motorcycles,No__of_Pedestrians,Max_Injury,No__of_Injuries,No__of_Minimal,No__of_Minor,No__of_Major,No__of_Fatal,X,Y,Latitude,Longitude,ObjectId
20--5329,2020/07/04,4:14 PM,CARLING AVE @ MELROSE AVE (0006992),6992,03 - At intersection,02 - Non-fatal injury,05 - Turning movement,01 - Clear,01 - Daylight,01 - Dry,02 - Stop sign,00 - Unknown,2,0,0,0,02 - Minor,1,,1,,,365970.6997,5028391.554,45.39279143,-75.71874899,4498
20--533,2020/01/13,5:48 PM,HAZELDEAN RD btwn YOUNG RD & CASTLEFRANK RD (__3ZA41L),__3ZA41L,01 - Non intersection,03 - P.D. only,04 - Sideswipe,01 - Clear,07 - Dark,04 - Slush,10 - No control,,2,0,0,0,,0,,,,,352672.7059,5017672.011,45.29737056,-75.88961281,4499
20--5330,2020/07/04,4:18 PM,CARLING AVE @ CIVIC HOSPITAL (0008793),8793,03 - At intersection,03 - P.D. only,05 - Turning movement,01 - Clear,01 - Daylight,01 - Dry,01 - Traffic signal,01 - Functioning,2,0,0,0,,0,,,,,365791.6129,5028278.06,45.39178586,-75.72105004,4500
20--5331,2020/07/04,4:44 PM,FAIRLAKES WAY btwn BEVINGTON WALK & STONEHAM PLACE (2) (__6ZT42Y),__6ZT42Y,01 - Non intersection,03 - P.D. only,06 - SMV unattended vehicle,01 - Clear,01 - Daylight,01 - Dry,10 - No control,,1,0,0,0,,0,,,,,384821.0773,5034211.374,45.44325288,-75.47708741,4501
20--5332,2020/07/04,5:30 PM,RUSSELL RD btwn RAMSAYVILLE RD & TREADWELL RD (__3ZA2CN),__3ZA2CN,01 - Non intersection,02 - Non-fatal injury,07 - SMV other,01 - Clear,01 - Daylight,01 - Dry,10 - No control,,1,0,0,0,02 - Minor,1,,1,,,377834.6473,5026813.971,45.37746045,-75.56747873,4502
20--5333,2020/07/04,6:10 PM,BANKFIELD RD btwn PRINCE OF WALES DR & FIRST LINE RD (__3ZA2XY),__3ZA2XY,01 - Non intersection,03 - P.D. only,07 - SMV other,01 - Clear,01 - Daylight,01 - Dry,10 - No control,,1,0,0,0,,0,,,,,366462.7886,5009031.288,45.21854666,-75.71487332,4503
20--5334,2020/07/04,6:30 PM,QUEEN MARY ST btwn NAUGHTON ST & FRANCES ST (__3ZA8KM),__3ZA8KM,04 - At/near private drive,03 - P.D. only,05 - Turning movement,01 - Clear,01 - Daylight,01 - Dry,10 - No control,,2,0,0,0,,0,,,,,371349.3828,5032069.279,45.4253916,-75.64956514,4504
20--5335,2020/07/04,7:24 PM,RICHMOND RD @ WEST HUNT CLUB RD (0000598),598,03 - At intersection,03 - P.D. only,02 - Angle,01 - Clear,01 - Daylight,01 - Dry,11 - Roundabout,01 - Functioning,2,0,0,0,,0,,,,,357146.2664,5018152.74,45.30137717,-75.83252693,4505
20--5336,2020/07/04,8:00 AM,BRONSON AVE @ CARLING AVE/GLEBE AVE (0002134),2134,02 - Intersection related,03 - P.D. only,04 - Sideswipe,01 - Clear,01 - Daylight,01 - Dry,01 - Traffic signal,01 - Functioning,2,0,0,0,,0,,,,,367447.6991,5029335.559,45.40115475,-75.69976721,4506
20--5337,2020/07/05,1:30 PM,KING EDWARD AVE @ SUSSEX DR (0002653),2653,03 - At intersection,03 - P.D. only,05 - Turning movement,01 - Clear,01 - Daylight,01 - Dry,01 - Traffic signal,01 - Functioning,2,0,0,0,,0,,,,,367663.6928,5033503.597,45.43863804,-75.69647668,4507
20--5338,2020/07/05,11:40 PM,LIMEBANK RD @ RIDEAU RD (0004455),4455,02 - Intersection related,03 - P.D. only,03 - Rear end,01 - Clear,07 - Dark,01 - Dry,02 - Stop sign,01 - Functioning,2,0,0,0,,0,,,,,370882.7279,5014019.437,45.26302868,-75.65793919,4508
20--5339,2020/07/05,Unknown,"AUBEPINES, PROMENADE DES btwn BRIAN COBURN BLVD & HYSSOP ST/YELLOWCRESS WAY (e___2ICB)",e___2ICB,01 - Non intersection,03 - P.D. only,06 - SMV unattended vehicle,01 - Clear,00 - Unknown,01 - Dry,10 - No control,,1,0,0,0,,0,,,,,384065.362,5034806.322,45.44869179,-75.48665038,4509
20--534,2020/01/13,5:55 PM,HIGHWAY 417 btwn HWY417 IC121A RAMP51 & HWY417 IC120A RAMP52 (__3ZA2R6),__3ZA2R6,01 - Non intersection,03 - P.D. only,03 - Rear end,01 - Clear,07 - Dark,02 - Wet,10 - No control,,2,0,0,0,,0,,,,,367359.6907,5029772.828,45.40509704,-75.7008358,4510
20--5340,2020/07/05,Unknown,BOYER RD btwn NOTRE DAME ST & LOIRE DR (__3ZA6EP),__3ZA6EP,01 - Non intersection,03 - P.D. only,06 - SMV unattended vehicle,01 - Clear,00 - Unknown,01 - Dry,10 - No control,,1,0,0,0,,0,,,,,380585.7343,5036420.865,45.46360414,-75.53087951,4511
20--5341,2020/07/05,Unknown,WHERNSIDE TER btwn ROY ERRINGTON WAY & SCAMPTON DR (__4BZ0W8),__4BZ0W8,01 - Non intersection,03 - P.D. only,06 - SMV unattended vehicle,01 - Clear,00 - Unknown,01 - Dry,10 - No control,,1,0,0,0,,0,,,,,348043.4297,5023311.16,45.34841348,-75.94814173,4512
20--5342,2020/07/05,12:00 PM,BRONSON AVE/BRONSON/HERON RAMP 35 @ HERON RD (0002386),2386,02 - Intersection related,03 - P.D. only,03 - Rear end,01 - Clear,01 - Daylight,01 - Dry,01 - Traffic signal,01 - Functioning,2,0,0,0,,0,,,,,368641.5909,5026697.638,45.37731168,-75.68485978,4513
20--5343,2020/07/05,12:12 AM,CARLING AVE @ KIRKWOOD AVE S (0002209),2209,02 - Intersection related,03 - P.D. only,03 - Rear end,01 - Clear,07 - Dark,01 - Dry,01 - Traffic signal,01 - Functioning,2,0,0,0,,0,,,,,364351.6993,5027337.546,45.38344721,-75.73955163,4514
20--5344,2020/07/05,12:40 PM,RIVERSIDE DR @ HERON RD (0002236),2236,02 - Intersection related,03 - P.D. only,03 - Rear end,01 - Clear,01 - Daylight,01 - Dry,01 - Traffic signal,01 - Functioning,2,0,0,0,,0,,,,,368121.1051,5026647.217,45.37690523,-75.69151123,4515
20--5345,2020/07/05,2:00 PM,CLEMOW AVE @ BRONSON AVE (0007248),7248,03 - At intersection,03 - P.D. only,02 - Angle,01 - Clear,01 - Daylight,01 - Dry,02 - Stop sign,01 - Functioning,2,0,0,0,,0,,,,,367420.7068,5029397.548,45.40171492,-75.70010409,4516
20--5346,2020/07/05,2:00 PM,HWY416 IC66 RAMP62 btwn HIGHWAY 416 & FALLOWFIELD RD (__3ZAY49),__3ZAY49,01 - Non intersection,03 - P.D. only,07 - SMV other,01 - Clear,01 - Daylight,01 - Dry,10 - No control,,1,0,0,0,,0,,,,,360057.5389,5014911.897,45.27199281,-75.79576865,4517
20--5347,2020/07/05,2:51 PM,FALLOWFIELD RD @ KOLO DR (0000094),94,03 - At intersection,01 - Fatal injury,05 - Turning movement,01 - Clear,01 - Daylight,01 - Dry,02 - Stop sign,00 - Unknown,2,0,1,0,04 - Fatal,2,,1,,1,345412.5369,5003497.376,45.17027745,-75.98333446,4518
20--5348,2020/07/05,2:58 PM,SWEETNAM DR btwn ORCHARD DR & HARRY DOUGLAS DR (__3ZA2HY),__3ZA2HY,01 - Non intersection,03 - P.D. only,07 - SMV other,01 - Clear,01 - Daylight,01 - Dry,10 - No control,,1,0,0,0,,0,,,,,350785.6056,5015099.014,45.274344,-75.91391092,4519
20--5349,2020/07/05,3:02 PM,METCALFE ST @ WELLINGTON ST (0002227),2227,02 - Intersection related,03 - P.D. only,04 - Sideswipe,01 - Clear,01 - Daylight,01 - Dry,01 - Traffic signal,00 - Unknown,2,0,1,0,,0,,,,,367565.7022,5031817.592,45.42347675,-75.69794398,4520
20--535,2020/01/13,5:56 PM,HIGHWAY 7 btwn HAZELDEAN IC RAMP 53 & HIGHWAY 7 (__7JQ7LK),__7JQ7LK,01 - Non intersection,03 - P.D. only,07 - SMV other,01 - Clear,07 - Dark,02 - Wet,10 - No control,,1,0,0,0,,0,,,,,341745.204,5007878.898,45.20990664,-76.02966334,4521
20--5350,2020/07/05,3:30 PM,SECOND LINE RD btwn THOMAS A. DOLAN PKWY & MURPHY SIDE RD (__3ZBNBL),__3ZBNBL,01 - Non intersection,03 - P.D. only,01 - Approaching,01 - Clear,01 - Daylight,01 - Dry,10 - No control,,2,0,0,0,,0,,,,,341153.7826,5030429.059,45.41285363,-76.03553782,4522
20--5351,2020/07/05,3:30 PM,CARLING AVE EB btwn WOODROFFE AVE & WOODROFFE AVE (__3ZA4VF),__3ZA4VF,01 - Non intersection,03 - P.D. only,04 - Sideswipe,01 - Clear,01 - Daylight,01 - Dry,10 - No control,,2,0,0,0,,0,,,,,361846.0693,5025775.799,45.3696033,-75.77172516,4523
20--5352,2020/07/05,3:33 AM,HIGHWAY 416 btwn HWY416 IC72 RAMP34 & HWY416 IC72 RAMP63 (__3ZAZER),__3ZAZER,01 - Non intersection,02 - Non-fatal injury,07 - SMV other,01 - Clear,07 - Dark,01 - Dry,10 - No control,,1,0,0,0,02 - Minor,1,,1,,,359464.6288,5019590.45,45.31413722,-75.8028088,4524
20--5353,2020/07/05,4:14 PM,BOUNDARY RD @ MITCH OWENS RD (0001708),1708,03 - At intersection,02 - Non-fatal injury,02 - Angle,01 - Clear,01 - Daylight,01 - Dry,02 - Stop sign,01 - Functioning,2,0,0,0,02 - Minor,2,,2,,,388065.8317,5022162.479,45.33446931,-75.43764952,4525
20--5354,2020/07/05,4:20 PM,OTTAWA RIVER PKWY @ ISLAND PARK DR (0002127),2127,02 - Intersection related,03 - P.D. only,03 - Rear end,01 - Clear,01 - Daylight,01 - Dry,01 - Traffic signal,01 - Functioning,4,0,0,0,,0,,,,,363298.6939,5029453.561,45.4025755,-75.75274599,4526
20--5355,2020/07/05,5:18 PM,MEADOWLANDS DR @ MERIVALE RD (0000625),625,03 - At intersection,03 - P.D. only,05 - Turning movement,01 - Clear,01 - Daylight,01 - Dry,01 - Traffic signal,01 - Functioning,2,0,0,0,,0,,,,,364858.7117,5023725.515,45.35090346,-75.73351697,4527
20--5356,2020/07/05,6:10 PM,PERTH ST btwn NIXONFARM DR & LENNOX ST (__3ZA42Z),__3ZA42Z,01 - Non intersection,03 - P.D. only,03 - Rear end,01 - Clear,01 - Daylight,01 - Dry,10 - No control,,2,0,0,0,,0,,,,,356551.8813,5006079.064,45.1927794,-75.84136225,4528
20--5357,2020/07/05,7:27 AM,NIXON DR btwn DALMENY RD & GABERT RD (__3ZA724),__3ZA724,01 - Non intersection,01 - Fatal injury,07 - SMV other,01 - Clear,01 - Daylight,01 - Dry,10 - No control,,1,0,0,0,04 - Fatal,3,,2,,1,375655.4428,4997566.043,45.11451959,-75.59946771,4529
20--5358,2020/07/05,8:48 PM,BEECHWOOD AVE @ MARQUETTE AVE (0005737),5737,03 - At intersection,02 - Non-fatal injury,07 - SMV other,01 - Clear,05 - Dusk,01 - Dry,02 - Stop sign,01 - Functioning,1,0,1,0,02 - Minor,1,,1,,,369680.7075,5034039.602,45.44327653,-75.67062722,4530
20--5359,2020/07/05,9:50 PM,HIGHWAY 417 btwn HWY417 IC142 RAMP25 & HIGHWAY 417 (__3ZA1ZP),__3ZA1ZP,01 - Non intersection,03 - P.D. only,07 - SMV other,01 - Clear,07 - Dark,01 - Dry,10 - No control,,1,0,0,0,,0,,,,,349408.1219,5017635.87,45.29726021,-75.93123806,4531
20--536,2020/01/13,5:57 PM,TERRY FOX DR btwn HWY417 IC140 RAMP35 & HWY417 IC140 RAMP52 (__3ZAZEZ),__3ZAZEZ,01 - Non intersection,03 - P.D. only,04 - Sideswipe,01 - Clear,07 - Dark,02 - Wet,10 - No control,,2,0,0,0,,0,,,,,351031.957,5018456.619,45.30454056,-75.91045841,4532
20--5360,2020/07/05,9:54 PM,HIGHWAY 417 btwn HWY417 IC163 RAMP16 & HWY417 IC169 RAMP61 (__5SPO79),__5SPO79,01 - Non intersection,03 - P.D. only,07 - SMV other,01 - Clear,07 - Dark,01 - Dry,10 - No control,,1,0,0,0,,0,,,,,327980.7023,5023209.446,45.34844828,-76.20417544,4533
20--5361,2020/07/06,1:40 PM,CARLING AVE @ CHURCHILL AVE (0002149),2149,02 - Intersection related,02 - Non-fatal injury,03 - Rear end,01 - Clear,01 - Daylight,01 - Dry,01 - Traffic signal,01 - Functioning,2,0,0,0,02 - Minor,1,,1,,,363775.6999,5027013.537,45.38058056,-75.74694495,4534
20--4911,2020/06/15,3:30 PM,RIVERSIDE DR @ WALKLEY RD (0002158),2158,03 - At intersection,03 - P.D. only,05 - Turning movement,01 - Clear,01 - Daylight,01 - Dry,01 - Traffic signal,01 - Functioning,2,0,0,0,,0,,,,,368418.7302,5024853.525,45.36073911,-75.6879425,4535
20--5365,2020/07/06,10:23 PM,STANLEY AVE @ SUSSEX DR (0007143),7143,02 - Intersection related,02 - Non-fatal injury,03 - Rear end,01 - Clear,07 - Dark,01 - Dry,12 - IPS,01 - Functioning,2,0,1,0,02 - Minor,1,,1,,,367832.0908,5033871.923,45.44193695,-75.69427726,4536
20--4735,2020/06/06,Unknown,RAVENHILL AVE btwn ROOSEVELT AVE & END (__3ZA5W5),__3ZA5W5,01 - Non intersection,03 - P.D. only,06 - SMV unattended vehicle,01 - Clear,00 - Unknown,01 - Dry,10 - No control,,1,0,0,0,,0,,,,,363109.768,5028004.22,45.38955033,-75.75533041,4537
20--5096,2020/06/23,4:00 PM,CUMMINGS AVE @ MONTREAL RD (0007748),7748,02 - Intersection related,03 - P.D. only,03 - Rear end,01 - Clear,01 - Daylight,01 - Dry,01 - Traffic signal,01 - Functioning,2,0,0,0,,0,,,,,372007.7157,5034040.578,45.44306547,-75.64088415,4538
20--4662,2020/06/03,11:50 AM,CYRVILLE RD @ INNES RD (0009352),9352,02 - Intersection related,03 - P.D. only,03 - Rear end,01 - Clear,01 - Daylight,01 - Dry,01 - Traffic signal,01 - Functioning,2,0,0,0,,0,,,,,375047.7196,5031119.561,45.41648492,-75.60244518,4539
20--4912,2020/06/15,3:42 PM,VISCOUNT AVE btwn VETERAN AVE & CARLING AVE (__3ZA08C),__3ZA08C,01 - Non intersection,03 - P.D. only,04 - Sideswipe,01 - Clear,01 - Daylight,01 - Dry,10 - No control,,2,0,0,0,,0,,,,,365144.8972,5027775.201,45.38731726,-75.72937026,4540
20--4663,2020/06/03,Unknown,FORESTBROOK ST btwn ABBEYDALE CIRC & HUNTERBROOK ST N (__5GNZGP),__5GNZGP,01 - Non intersection,03 - P.D. only,06 - SMV unattended vehicle,01 - Clear,00 - Unknown,01 - Dry,10 - No control,,1,0,0,0,,0,,,,,348418.8736,5022949.745,45.34513813,-75.94338254,4541
20--4664,2020/06/03,12:00 PM,GRANITE CRT btwn Continuation of GRANITE CRT & Continuation of GRANITE (__51NRLT),__51NRLT,04 - At/near private drive,03 - P.D. only,06 - SMV unattended vehicle,01 - Clear,01 - Daylight,01 - Dry,10 - No control,,1,0,0,0,,0,,,,,355314.35,5015800.195,45.28034263,-75.85612396,4542
20--4665,2020/06/03,12:05 AM,HIGHWAY 417 btwn HWY417 IC104 RAMP15 & HWY417 IC96 RAMP51 (__3ZA2W4),__3ZA2W4,01 - Non intersection,03 - P.D. only,07 - SMV other,01 - Clear,07 - Dark,01 - Dry,10 - No control,,1,0,0,0,,0,,,,,386465.8888,5023980.394,45.35101347,-75.45775893,4543
20--4666,2020/06/03,12:38 AM,LIMEBANK RD/RIVERSIDE DR @ RIVER RD (0013336),13336,02 - Intersection related,02 - Non-fatal injury,07 - SMV other,01 - Clear,07 - Dark,01 - Dry,01 - Traffic signal,01 - Functioning,1,0,0,0,02 - Minor,1,,1,,,368404.0022,5020477.307,45.32136418,-75.68869308,4544
20--4667,2020/06/03,2:07 PM,ALERT RD/AIRPORT PKWY/UPLANDS DR RAMP 62 @ LES (0003652),3652,03 - At intersection,03 - P.D. only,02 - Angle,01 - Clear,01 - Daylight,01 - Dry,01 - Traffic signal,01 - Functioning,2,0,0,0,,0,,,,,371306.7071,5021353.784,45.32898149,-75.65155362,4545
20--4668,2020/06/03,2:27 PM,GLEBE AVE btwn PERCY ST & LYON ST S (__3ZA920),__3ZA920,01 - Non intersection,03 - P.D. only,04 - Sideswipe,01 - Clear,01 - Daylight,01 - Dry,10 - No control,,2,0,0,0,,0,,,,,368005.4451,5029646.37,45.4039012,-75.69260369,4546
20--4669,2020/06/03,3:00 PM,CYRVILLE RD @ ST. LAURENT BLVD (0002647),2647,02 - Intersection related,03 - P.D. only,03 - Rear end,01 - Clear,01 - Daylight,01 - Dry,01 - Traffic signal,01 - Functioning,2,0,0,0,,0,,,,,372241.7312,5032111.588,45.42568681,-75.63815732,4547
20--467,2020/01/11,7:52 PM,WILLOWMERE WAY btwn CREEKVIEW WAY/MANORWOOD CRES & HAZELNUT CRES (__727TFH),__727TFH,01 - Non intersection,03 - P.D. only,06 - SMV unattended vehicle,04 - Freezing Rain,07 - Dark,04 - Slush,10 - No control,,1,0,0,0,,0,,,,,374095.32,5019510.82,45.31212936,-75.61624045,4548
20--4670,2020/06/03,3:10 PM,CARTWRIGHT RD @ VICTORIA ST (0001709),1709,03 - At intersection,01 - Fatal injury,01 - Approaching,01 - Clear,01 - Daylight,01 - Dry,02 - Stop sign,00 - Unknown,2,0,0,0,04 - Fatal,3,1,1,,1,390242.9479,5014192.196,45.26249797,-75.41125105,4549
20--4671,2020/06/03,4:00 PM,HIGHWAY 417 btwn HIGHWAY 417 & Continuation of HIGHWAY 417 (__3ZAZOB),__3ZAZOB,01 - Non intersection,03 - P.D. only,07 - SMV other,01 - Clear,01 - Daylight,01 - Dry,10 - No control,,1,0,0,0,,0,,,,,353296.1462,5020412.955,45.3219914,-75.88139604,4550
20--4672,2020/06/03,4:10 PM,FRANKTOWN RD btwn CONLEY RD & JOY'S RD (__3ZA42P),__3ZA42P,01 - Non intersection,03 - P.D. only,04 - Sideswipe,01 - Clear,01 - Daylight,01 - Dry,10 - No control,,2,0,0,0,,0,,,,,353174.9173,5002935.459,45.16473166,-75.88464252,4551
20--4673,2020/06/03,5:00 PM,HAZELDEAN RD btwn KINCARDINE DR & TERRY FOX DR (__3ZAZ88),__3ZAZ88,01 - Non intersection,03 - P.D. only,03 - Rear end,02 - Rain,01 - Daylight,02 - Wet,10 - No control,,2,0,0,0,,0,,,,,352137.5198,5017177.519,45.29295726,-75.89648336,4552
20--4674,2020/06/03,5:30 AM,HIGHWAY 417 btwn HIGHWAY 417 & Continuation of HIGHWAY 417 (__3ZAZOB),__3ZAZOB,01 - Non intersection,03 - P.D. only,07 - SMV other,01 - Clear,03 - Dawn,01 - Dry,10 - No control,,1,0,0,0,,0,,,,,353296.3782,5020413.086,45.32199256,-75.88139306,4553
20--4675,2020/06/03,7:03 AM,JEANNE D'ARC BLVD @ BORLAND DR/VINETTE CRES (0004527),4527,03 - At intersection,02 - Non-fatal injury,07 - SMV other,01 - Clear,01 - Daylight,01 - Dry,02 - Stop sign,01 - Functioning,1,0,0,1,02 - Minor,1,,1,,,381727.7315,5038909.606,45.48587088,-75.51588852,4554
20--4676,2020/06/03,7:14 PM,ROBERTSON RD @ VANIER RD (0000640),640,03 - At intersection,02 - Non-fatal injury,03 - Rear end,01 - Clear,01 - Daylight,01 - Dry,01 - Traffic signal,01 - Functioning,2,0,0,0,01 - Minimal,1,1,,,,357395.6438,5020645.476,45.32378847,-75.8290827,4555
20--4677,2020/06/03,7:15 PM,DATA CENTRE RD @ RIVERSIDE DR (0010863),10863,02 - Intersection related,03 - P.D. only,03 - Rear end,01 - Clear,01 - Daylight,01 - Dry,01 - Traffic signal,01 - Functioning,2,0,0,0,,0,,,,,368897.4447,5027671.901,45.38605445,-75.68146684,4556
20--4678,2020/06/03,7:48 PM,CARLING AVE @ GRENON AVE (0002645),2645,03 - At intersection,02 - Non-fatal injury,02 - Angle,01 - Clear,01 - Daylight,01 - Dry,01 - Traffic signal,01 - Functioning,2,1,0,0,02 - Minor,1,,1,,,359593.6717,5024350.508,45.35695828,-75.80063608,4557
20--4736,2020/06/06,Unknown,LOYER ST btwn GENEST ST & LANDRY ST (__3ZA8VY),__3ZA8VY,01 - Non intersection,03 - P.D. only,06 - SMV unattended vehicle,01 - Clear,00 - Unknown,01 - Dry,10 - No control,,1,0,0,0,,0,,,,,369476.786,5033498.042,45.43842269,-75.67330485,4558
20--4679,2020/06/03,8:31 PM,EAGLESON RD btwn COPE DR & Continuation of EAGLESON RD (__5VUCMW),__5VUCMW,01 - Non intersection,03 - P.D. only,03 - Rear end,01 - Clear,05 - Dusk,01 - Dry,10 - No control,,2,0,0,0,,0,,,,,354627.9461,5016009.368,45.2822738,-75.86485159,4559
20--468,2020/01/11,8:12 AM,OLD CARP RD btwn HUNTMAR DR & SECOND LINE RD (__3ZACVV),__3ZACVV,01 - Non intersection,03 - P.D. only,07 - SMV other,02 - Rain,01 - Daylight,06 - Ice,10 - No control,,1,0,0,0,,0,,,,,347649.1336,5023436.542,45.3495659,-75.95316251,4560
20--4680,2020/06/04,1:11 PM,PRINCE OF WALES DR btwn MAPLEHILL WAY & LODGE RD (__3ZA29Y),__3ZA29Y,01 - Non intersection,03 - P.D. only,99 - Other,01 - Clear,01 - Daylight,01 - Dry,10 - No control,,2,0,0,0,,0,,,,,366763.9961,5012620.866,45.25081925,-75.71059146,4561
20--4681,2020/06/04,10:18 AM,ST. PATRICK ST btwn SUSSEX DR & SUSSEX DR (__3ZA3U3),__3ZA3U3,01 - Non intersection,02 - Non-fatal injury,04 - Sideswipe,01 - Clear,01 - Daylight,01 - Dry,10 - No control,,2,1,0,0,02 - Minor,1,,1,,,367636.9382,5032439.07,45.4290622,-75.69695448,4562
20--5366,2020/07/06,10:35 AM,HIGHWAY 417 btwn HWY417 IC126 RAMP25 & HWY417 IC124 RAMP57 (__3ZA2R5),__3ZA2R5,01 - Non intersection,03 - P.D. only,04 - Sideswipe,01 - Clear,01 - Daylight,01 - Dry,10 - No control,,2,0,0,0,,0,,,,,363921.6335,5026838.022,45.378989,-75.74510272,4563
20--4682,2020/06/04,10:30 AM,JOSEPH DROUIN AVE btwn PARC DU VILLAGE ST & END (__3ZA48J),__3ZA48J,01 - Non intersection,03 - P.D. only,06 - SMV unattended vehicle,01 - Clear,01 - Daylight,01 - Dry,10 - No control,,1,0,0,0,,0,,,,,380909.9665,5037572.719,45.47393233,-75.52655556,4564
20--4683,2020/06/04,11:00 AM,CARLSEN AVE btwn HERON RD & GREGG ST (__3ZA0TE),__3ZA0TE,04 - At/near private drive,03 - P.D. only,06 - SMV unattended vehicle,01 - Clear,01 - Daylight,01 - Dry,10 - No control,,1,0,0,0,,0,,,,,369378.2314,5026674.475,45.37703576,-75.67545823,4565
20--4684,2020/06/04,11:17 AM,HAWTHORNE RD @ HUNT CLUB RD (0007651),7651,02 - Intersection related,03 - P.D. only,03 - Rear end,01 - Clear,01 - Daylight,01 - Dry,01 - Traffic signal,02 - Not functioning,2,0,0,0,,0,,,,,375507.74,5026406.534,45.37403321,-75.59724372,4566
20--4685,2020/06/04,11:45 AM,KIMMINS CRT @ WALDEN DR (0011874),11874,03 - At intersection,03 - P.D. only,02 - Angle,01 - Clear,01 - Daylight,01 - Dry,02 - Stop sign,01 - Functioning,2,0,0,0,,0,,,,,350494.596,5021551.479,45.33242406,-75.91702487,4567
20--4686,2020/06/04,Unknown,OGILVIE RD btwn JASMINE CRES & ELMRIDGE DR (__3ZA2DT),__3ZA2DT,01 - Non intersection,03 - P.D. only,06 - SMV unattended vehicle,01 - Clear,00 - Unknown,01 - Dry,10 - No control,,1,0,0,0,,0,,,,,375412.147,5034007.783,45.44243481,-75.59737533,4568
20--4687,2020/06/04,12:11 AM,BRIDGESTONE DR btwn WAYMARK CRES & CEDAR VALLEY DR (__5RG4EW),__5RG4EW,01 - Non intersection,03 - P.D. only,07 - SMV other,01 - Clear,07 - Dark,01 - Dry,10 - No control,,1,0,0,0,,0,,,,,355353.8671,5016194.14,45.28388459,-75.85558016,4569
20--4688,2020/06/04,12:23 PM,RICHMOND RD btwn WEST HUNT CLUB RD & STONEHAVEN DR (__3ZA41H),__3ZA41H,01 - Non intersection,03 - P.D. only,03 - Rear end,01 - Clear,01 - Daylight,01 - Dry,10 - No control,,2,0,0,0,,0,,,,,357077.6696,5017840.521,45.29857289,-75.83343447,4570
20--4689,2020/06/04,12:30 PM,HWY417 IC138 RAMP61 btwn HWY417 IC138 RAMP62 & HIGHWAY 417 (__3ZAYB2),__3ZAYB2,01 - Non intersection,03 - P.D. only,04 - Sideswipe,01 - Clear,01 - Daylight,01 - Dry,10 - No control,,2,0,0,0,,0,,,,,353329.2162,5020514.616,45.32290388,-75.88096427,4571
20--469,2020/01/11,8:33 PM,CYCLONE TAYLOR BLVD btwn AUTOPARK PRIV & FRANK FINNIGAN WAY (__3ZA56W),__3ZA56W,01 - Non intersection,02 - Non-fatal injury,07 - SMV other,02 - Rain,07 - Dark,02 - Wet,10 - No control,,1,0,0,2,03 - Major,2,,1,1,,349552.9962,5017583.095,45.29677611,-75.92939574,4572
20--4690,2020/06/04,12:50 PM,O'CONNOR ST @ WELLINGTON ST (0002234),2234,02 - Intersection related,02 - Non-fatal injury,03 - Rear end,01 - Clear,01 - Daylight,01 - Dry,01 - Traffic signal,01 - Functioning,2,0,0,0,01 - Minimal,1,1,,,,367413.6986,5031722.587,45.42263554,-75.69989825,4573
20--4691,2020/06/04,2:23 PM,CHAPMAN MILLS DR btwn CLEARBROOK DR & SUMMERLINE GT (__4FP8A3),__4FP8A3,01 - Non intersection,03 - P.D. only,06 - SMV unattended vehicle,01 - Clear,01 - Daylight,01 - Dry,10 - No control,,1,0,0,0,,0,,,,,366010.3047,5015130.741,45.27346901,-75.71988319,4574
20--4692,2020/06/04,2:30 PM,BRONSON AVE @ COMMISSIONER ST/SLATER ST (0001679),1679,03 - At intersection,03 - P.D. only,02 - Angle,01 - Clear,01 - Daylight,01 - Dry,01 - Traffic signal,01 - Functioning,2,0,0,0,,0,,,,,366768.7162,5030948.575,45.41572865,-75.70823663,4575
20--4693,2020/06/04,2:32 PM,REVELSTOKE DR @ RIVERSIDE DR (0006918),6918,02 - Intersection related,03 - P.D. only,03 - Rear end,01 - Clear,01 - Daylight,01 - Dry,01 - Traffic signal,01 - Functioning,2,0,0,0,,0,,,,,368217.7101,5024423.515,45.35688819,-75.69056332,4576
20--4694,2020/06/04,3:14 PM,BRONSON AVE @ COMMISSIONER ST/SLATER ST (0001679),1679,03 - At intersection,03 - P.D. only,02 - Angle,01 - Clear,01 - Daylight,01 - Dry,01 - Traffic signal,01 - Functioning,2,0,0,0,,0,,,,,366768.7048,5030948.569,45.41572859,-75.70823678,4577
20--4695,2020/06/04,3:20 PM,BANK ST @ DUN SKIPPER DR (0014771),14771,02 - Intersection related,03 - P.D. only,05 - Turning movement,01 - Clear,01 - Daylight,01 - Dry,01 - Traffic signal,01 - Functioning,2,0,0,0,,0,,,,,376333.15,5019313.32,45.31012795,-75.58773232,4578
20--4696,2020/06/04,3:32 PM,HIGHWAY 416 btwn HWY416 IC66 RAMP34 & HWY416 IC72 RAMP53 (__3ZAZM6),__3ZAZM6,01 - Non intersection,02 - Non-fatal injury,07 - SMV other,01 - Clear,01 - Daylight,01 - Dry,10 - No control,,1,0,0,0,02 - Minor,1,,1,,,360077.0153,5018549.708,45.30472462,-75.79511512,4579