Anom_ID,Accident_Date,Accident_Time,Location,Geo_ID,Accident_Location,Classification_of_Accident,Initial_Impact_Type,Environment_Condition,Light,Road_Surface_Condition,Traffic_Control,Traffic_Control_Condition,No__of_Vehicles,No__of_Bicycles,No__of_Motorcycles,No__of_Pedestrians,Max_Injury,No__of_Injuries,No__of_Minimal,No__of_Minor,No__of_Major,No__of_Fatal,X,Y,Latitude,Longitude,ObjectId
20--4697,2020/06/04,4:00 PM,STRANDHERD DR @ WOODROFFE AVE (0009688),9688,02 - Intersection related,03 - P.D. only,03 - Rear end,01 - Clear,01 - Daylight,01 - Dry,01 - Traffic signal,01 - Functioning,2,0,0,0,,0,,,,,366106.1555,5015395.146,45.27583976,-75.71862905,4580
20--4698,2020/06/04,4:21 PM,HOLLY ACRES RD @ TRANSITWAY - BAYSHORE/278 N O (0009787),9787,03 - At intersection,02 - Non-fatal injury,02 - Angle,01 - Clear,01 - Daylight,01 - Dry,01 - Traffic signal,01 - Functioning,2,1,0,0,02 - Minor,1,,1,,,358496.6737,5022986.459,45.3447694,-75.81478482,4581
20--4699,2020/06/04,6:00 PM,MONTREAL RD @ SHEFFORD RD (0012423),12423,02 - Intersection related,03 - P.D. only,04 - Sideswipe,01 - Clear,01 - Daylight,01 - Dry,01 - Traffic signal,01 - Functioning,2,0,0,0,,0,,,,,376125.7225,5034853.58,45.44997233,-75.58813235,4582
20--47,2020/01/02,5:43 PM,KENNEVALE DR @ STRANDHERD DR (0010896),10896,03 - At intersection,03 - P.D. only,05 - Turning movement,01 - Clear,07 - Dark,02 - Wet,01 - Traffic signal,01 - Functioning,3,0,0,0,,0,,,,,361491.8529,5014099.545,45.26456903,-75.77758317,4583
20--470,2020/01/11,9:20 PM,OGILVIE RD btwn MATHESON RD & CADBORO RD (__3ZA2DM),__3ZA2DM,01 - Non intersection,03 - P.D. only,03 - Rear end,01 - Clear,07 - Dark,02 - Wet,10 - No control,,2,0,0,0,,0,,,,,373394.3684,5032544.509,45.42946993,-75.62336911,4584
20--4700,2020/06/05,1:15 PM,LOLA ST @ DONALD ST (0008513),8513,02 - Intersection related,02 - Non-fatal injury,03 - Rear end,01 - Clear,01 - Daylight,01 - Dry,01 - Traffic signal,01 - Functioning,2,0,0,0,02 - Minor,2,1,1,,,371094.7216,5032359.589,45.42802786,-75.65278003,4585
20--4701,2020/06/05,10:10 AM,WEST HUNT CLUB RD @ ANTARES DR/LASER ST (0000116),116,02 - Intersection related,03 - P.D. only,03 - Rear end,01 - Clear,01 - Daylight,01 - Dry,01 - Traffic signal,01 - Functioning,3,0,0,0,,0,,,,,367107.7151,5022081.495,45.33591466,-75.70502448,4586
20--4702,2020/06/05,10:32 AM,EAGLESON RD @ HAZELDEAN RD/ROBERTSON RD (0002715),2715,02 - Intersection related,03 - P.D. only,03 - Rear end,01 - Clear,01 - Daylight,01 - Dry,01 - Traffic signal,01 - Functioning,2,0,0,0,,0,,,,,353673.6178,5018424.456,45.30407231,-75.87677754,4587
20--4703,2020/06/05,Unknown,REMNOR AVE btwn KEYROCK DR & BADGELEY AVE (__54M2QD),__54M2QD,01 - Non intersection,03 - P.D. only,06 - SMV unattended vehicle,01 - Clear,00 - Unknown,01 - Dry,10 - No control,,1,0,0,0,,0,,,,,349648.1008,5020247.5,45.32074513,-75.92794209,4588
20--4704,2020/06/05,Unknown,PUTMAN AVE btwn CHAPLEAU AVE & BEECHWOOD AVE (__3ZA8A0),__3ZA8A0,01 - Non intersection,03 - P.D. only,06 - SMV unattended vehicle,01 - Clear,00 - Unknown,01 - Dry,10 - No control,,1,0,0,0,,0,,,,,369535.7022,5033941.492,45.44240722,-75.67249354,4589
20--4705,2020/06/05,12:22 AM,REGIONAL ROAD 174 btwn TRANSIT & OR174 IC105 RAMP51 (__3ZA28H),__3ZA28H,01 - Non intersection,02 - Non-fatal injury,07 - SMV other,01 - Clear,07 - Dark,01 - Dry,10 - No control,,1,0,0,0,01 - Minimal,1,1,,,,378971.1074,5036751.235,45.46674986,-75.55147404,4590
20--4706,2020/06/05,12:39 PM,MERIVALE RD btwn EMERALD PLAZA SC & MEADOWLANDS DR (__3ZA4HZB),__3ZA4HZB,04 - At/near private drive,03 - P.D. only,02 - Angle,01 - Clear,01 - Daylight,01 - Dry,10 - No control,,2,0,0,0,,0,,,,,364803.1957,5023853.316,45.35205814,-75.73420991,4591
20--4707,2020/06/05,2:44 PM,GRASSY PLAINS DR btwn SUNNYBROOKE DR & EMERALD MEADOWS DR (__3ZA1CK),__3ZA1CK,04 - At/near private drive,03 - P.D. only,99 - Other,01 - Clear,01 - Daylight,01 - Dry,10 - No control,,2,0,0,0,,0,,,,,355419.0967,5015550.609,45.27808926,-75.85481435,4592
20--4708,2020/06/05,2:47 PM,HIGHWAY 417 btwn HWY417 IC124 RAMP57 & HWY417 IC124 RAMP55 (__3ZA2Y1),__3ZA2Y1,01 - Non intersection,03 - P.D. only,03 - Rear end,01 - Clear,01 - Daylight,01 - Dry,10 - No control,,2,0,0,0,,0,,,,,364402.8619,5027472.071,45.38465329,-75.73888212,4593
20--4709,2020/06/05,2:50 PM,LAJOIE ST @ MONTREAL RD (0009795),9795,02 - Intersection related,03 - P.D. only,03 - Rear end,01 - Clear,01 - Daylight,01 - Dry,01 - Traffic signal,01 - Functioning,2,0,0,0,,0,,,,,370534.6998,5033326.589,45.43678137,-75.659807,4594
20--471,2020/01/11,9:30 PM,HUNT CLUB RD @ DOWNPATRICK RD/MCCARTHY RD (0006931),6931,02 - Intersection related,03 - P.D. only,03 - Rear end,03 - Snow,07 - Dark,04 - Slush,01 - Traffic signal,01 - Functioning,2,0,0,0,,0,,,,,370507.7217,5023400.493,45.34747248,-75.66147363,4595
20--4710,2020/06/05,3:00 PM,QUEEN ST btwn BANK ST & O'CONNOR ST (__3ZA2FQ),__3ZA2FQ,01 - Non intersection,03 - P.D. only,05 - Turning movement,01 - Clear,01 - Daylight,01 - Dry,10 - No control,,2,0,0,0,,0,,,,,367452.8606,5031557.636,45.42114786,-75.69941885,4596
20--4711,2020/06/05,3:10 PM,FALLOWFIELD RD @ STRANDHERD DR (0005238),5238,02 - Intersection related,03 - P.D. only,03 - Rear end,01 - Clear,01 - Daylight,01 - Dry,01 - Traffic signal,01 - Functioning,2,0,0,0,,0,,,,,360752.2152,5014962.15,45.27239006,-75.78691035,4597
20--4712,2020/06/05,3:16 PM,KITCHENER AVE @ BANK ST (0011963),11963,03 - At intersection,03 - P.D. only,05 - Turning movement,01 - Clear,01 - Daylight,01 - Dry,01 - Traffic signal,01 - Functioning,2,0,0,0,,0,,,,,370540.8788,5025499.971,45.36635983,-75.66077133,4598
20--4713,2020/06/05,3:19 PM,HIGHWAY 417 btwn HWY417 IC126 RAMP25 & HWY417 IC124 RAMP57 (__3ZA2R5),__3ZA2R5,01 - Non intersection,03 - P.D. only,04 - Sideswipe,01 - Clear,01 - Daylight,01 - Dry,10 - No control,,2,0,0,0,,0,,,,,363938.0043,5026860.059,45.37918591,-75.74489106,4599
20--4714,2020/06/05,3:45 PM,HIGHWAY 417 btwn HWY417 IC129 RAMP25 & HWY417 IC129 RAMP35 (__3ZAYFR),__3ZAYFR,01 - Non intersection,03 - P.D. only,03 - Rear end,01 - Clear,01 - Daylight,01 - Dry,10 - No control,,2,0,0,0,,0,,,,,360859.1799,5023840.564,45.35226978,-75.78454273,4600
20--4715,2020/06/05,3:55 PM,CRESTWAY DR @ PRINCE OF WALES DR (0010323),10323,02 - Intersection related,03 - P.D. only,03 - Rear end,02 - Rain,01 - Daylight,02 - Wet,01 - Traffic signal,01 - Functioning,2,0,0,0,,0,,,,,367370.5316,5016576.908,45.28636177,-75.70236664,4601
20--4716,2020/06/05,4:17 PM,ANTOCHI LANE @ MANOTICK MAIN ST (0009650),9650,03 - At intersection,02 - Non-fatal injury,02 - Angle,01 - Clear,01 - Daylight,01 - Dry,02 - Stop sign,01 - Functioning,2,0,1,0,01 - Minimal,1,1,,,,369646.3455,5009135.402,45.21919764,-75.67432897,4602
20--4717,2020/06/05,5:16 PM,HAZELDEAN RD/HAZELDEAN RD IC RAMP 62 @ HAZELDE (0005570),5570,02 - Intersection related,03 - P.D. only,03 - Rear end,01 - Clear,01 - Daylight,01 - Dry,02 - Stop sign,00 - Unknown,2,0,0,0,,0,,,,,346897.0802,5012420.706,45.25048703,-75.96369507,4603
20--4718,2020/06/05,5:18 PM,CARLING AVE @ CROYDON AVE (0002642),2642,02 - Intersection related,03 - P.D. only,03 - Rear end,01 - Clear,01 - Daylight,01 - Dry,01 - Traffic signal,01 - Functioning,2,0,0,0,,0,,,,,360658.6815,5025042.52,45.36310093,-75.78696557,4604
20--4719,2020/06/05,5:22 AM,BANK ST btwn SPRINGHILL RD & DALMENY RD (__3ZA27C),__3ZA27C,01 - Non intersection,03 - P.D. only,07 - SMV other,01 - Clear,03 - Dawn,01 - Dry,10 - No control,,1,0,0,0,,0,,,,,385450.569,5005418.186,45.18412024,-75.47372883,4605
20--472,2020/01/11,9:35 PM,HIGHWAY 417 btwn HWY417 IC138 RAMP26 & HWY417 IC138 RAMP61 (__3ZA20H),__3ZA20H,01 - Non intersection,03 - P.D. only,07 - SMV other,04 - Freezing Rain,07 - Dark,04 - Slush,10 - No control,,1,0,0,0,,0,,,,,353004.9912,5020291.31,45.32091687,-75.88512156,4606
20--4720,2020/06/05,5:49 PM,PERTH ST btwn NIXONFARM DR & LENNOX ST (__3ZA42Z),__3ZA42Z,01 - Non intersection,03 - P.D. only,03 - Rear end,01 - Clear,01 - Daylight,01 - Dry,10 - No control,,2,0,0,0,,0,,,,,356528.6419,5006057.783,45.19258961,-75.8416602,4607
20--4721,2020/06/05,6:08 PM,RIOCAN AVE btwn MARKETPLACE AVE & END (__4LZBNN),__4LZBNN,04 - At/near private drive,03 - P.D. only,02 - Angle,01 - Clear,01 - Daylight,01 - Dry,10 - No control,,2,0,0,0,,0,,,,,364339.7172,5014669.601,45.2694631,-75.74122799,4608
20--4722,2020/06/05,6:08 PM,HIGHWAY 417 btwn HWY417 IC121B RAMP16 & HWY417 IC121A RAMP16 (__3ZA2YX),__3ZA2YX,01 - Non intersection,03 - P.D. only,03 - Rear end,01 - Clear,01 - Daylight,01 - Dry,10 - No control,,3,0,0,0,,0,,,,,366928.3903,5029637.81,45.4039206,-75.7063619,4609
20--4723,2020/06/05,6:15 PM,BANK ST btwn ALTA VISTA DR & WALKLEY RD (__3ZA4TX),__3ZA4TX,04 - At/near private drive,03 - P.D. only,03 - Rear end,01 - Clear,01 - Daylight,01 - Dry,10 - No control,,2,0,0,0,,0,,,,,370284.0836,5026108.621,45.37186031,-75.66396847,4610
20--4724,2020/06/05,6:30 PM,CAMBRIAN RD @ GREENBANK RD (0001095),1095,02 - Intersection related,03 - P.D. only,03 - Rear end,01 - Clear,01 - Daylight,01 - Dry,11 - Roundabout,01 - Functioning,2,0,0,0,,0,,,,,364764.6666,5012872.42,45.25325595,-75.73602985,4611
20--4725,2020/06/05,6:40 PM,TERRY FOX DR @ PALLADIUM DR/KATIMAVIK RD (0011858),11858,02 - Intersection related,03 - P.D. only,03 - Rear end,02 - Rain,01 - Daylight,02 - Wet,01 - Traffic signal,01 - Functioning,2,0,0,0,,0,,,,,351269.715,5018181.775,45.30205175,-75.90745249,4612
20--4726,2020/06/05,7:04 AM,MCKEOWN DR @ OLD PRESCOTT RD (0005863),5863,02 - Intersection related,03 - P.D. only,07 - SMV other,01 - Clear,01 - Daylight,01 - Dry,02 - Stop sign,01 - Functioning,1,0,0,0,,0,,,,,377768.7437,5013960.444,45.2618173,-75.57021368,4613
20--4727,2020/06/05,7:30 PM,AVIATION PKWY @ OGILVIE RD (0004114),4114,02 - Intersection related,03 - P.D. only,03 - Rear end,01 - Clear,01 - Daylight,01 - Dry,01 - Traffic signal,01 - Functioning,2,0,0,0,,0,,,,,373110.7174,5032376.586,45.4279868,-75.62701701,4614
20--4728,2020/06/05,7:40 AM,SHEFFIELD RD @ WALKLEY RD (0005156),5156,03 - At intersection,02 - Non-fatal injury,05 - Turning movement,01 - Clear,01 - Daylight,01 - Dry,01 - Traffic signal,01 - Functioning,2,0,0,0,01 - Minimal,2,2,,,,375257.7221,5028784.546,45.39545457,-75.60009598,4615
20--4729,2020/06/05,8:30 AM,CARLING AVE @ FAIRLAWN AVE/WOODROFFE AVE E (0002393),2393,03 - At intersection,03 - P.D. only,02 - Angle,01 - Clear,01 - Daylight,01 - Dry,01 - Traffic signal,01 - Functioning,2,0,0,0,,0,,,,,361934.6841,5025830.528,45.37008852,-75.77058762,4616
20--473,2020/01/11,9:39 PM,HIGHWAY 417 btwn HWY417 IC121B RAMP51 & HWY417 IC121A RAMP51 (__3ZA2YW),__3ZA2YW,01 - Non intersection,03 - P.D. only,07 - SMV other,03 - Snow,07 - Dark,05 - Packed snow,10 - No control,,1,0,0,0,,0,,,,,366985.9532,5029636.84,45.40390676,-75.70562677,4617
20--4730,2020/06/05,8:48 PM,HIGHWAY 417 btwn HWY417 IC96 RAMP61 & HWY417 IC88 RAMP16 (__3ZA27Z),__3ZA27Z,01 - Non intersection,03 - P.D. only,07 - SMV other,02 - Rain,05 - Dusk,02 - Wet,10 - No control,,1,0,0,0,,0,,,,,393886.7865,5022526.522,45.33702973,-75.36333131,4618
20--5097,2020/06/23,5:29 PM,LAURIER AVE @ NICHOLAS ST (0010711),10711,02 - Intersection related,03 - P.D. only,03 - Rear end,01 - Clear,01 - Daylight,01 - Dry,01 - Traffic signal,01 - Functioning,2,0,0,0,,0,,,,,368373.6278,5031798.274,45.42322997,-75.68762337,4619
20--4913,2020/06/15,3:55 PM,KILBORN AVE @ FEATHERSTON DR/ROSEGLEN PRIV (0008972),8972,02 - Intersection related,03 - P.D. only,03 - Rear end,01 - Clear,01 - Daylight,01 - Dry,02 - Stop sign,01 - Functioning,2,0,0,0,,0,,,,,371263.729,5027849.528,45.38743214,-75.65122842,4620
20--4914,2020/06/15,4:21 PM,PLACE D'ORLEANS DR @ OR174 IC102 RAMP51/TRANSI (0008777),8777,02 - Intersection related,03 - P.D. only,03 - Rear end,01 - Clear,01 - Daylight,01 - Dry,01 - Traffic signal,01 - Functioning,2,0,0,0,,0,,,,,381391.7334,5038030.589,45.47799918,-75.52032329,4621
20--4915,2020/06/15,4:50 PM,BASELINE RD @ CENTREPOINTE DR W/COBDEN RD (0002108),2108,03 - At intersection,03 - P.D. only,05 - Turning movement,01 - Clear,01 - Daylight,01 - Dry,01 - Traffic signal,01 - Functioning,2,0,0,0,,0,,,,,361633.677,5023207.52,45.34651134,-75.77473172,4622
20--4916,2020/06/15,5:13 PM,BAYSWATER AVE @ SOMERSET ST (0006486),6486,02 - Intersection related,03 - P.D. only,02 - Angle,01 - Clear,01 - Daylight,01 - Dry,01 - Traffic signal,01 - Functioning,2,0,0,0,,0,,,,,365812.6959,5029911.561,45.40648188,-75.72057875,4623
20--4917,2020/06/15,5:27 AM,DUNROBIN RD btwn DUNROBIN RD & MURPHY SIDE RD (__3ZA3EB),__3ZA3EB,01 - Non intersection,03 - P.D. only,07 - SMV other,01 - Clear,03 - Dawn,02 - Wet,10 - No control,,1,0,0,0,,0,,,,,344769.5964,5028684.72,45.39696049,-75.98948472,4624
20--4918,2020/06/15,5:40 PM,HAWTHORNE RD @ HUNT CLUB RD (0007651),7651,02 - Intersection related,03 - P.D. only,03 - Rear end,01 - Clear,01 - Daylight,01 - Dry,01 - Traffic signal,01 - Functioning,2,0,0,0,,0,,,,,375507.7532,5026406.538,45.37403325,-75.59724355,4625
20--4919,2020/06/15,8:30 AM,EARL ARMSTRONG RD @ RIVER RD (0012470),12470,02 - Intersection related,03 - P.D. only,03 - Rear end,01 - Clear,01 - Daylight,01 - Dry,01 - Traffic signal,01 - Functioning,3,0,0,0,,0,,,,,367572.7184,5014684.391,45.26931505,-75.7000288,4626
20--492,2020/01/12,12:01 AM,VANIER PKWY SB btwn COVENTRY RD & HWY417 IC117 RAMP36 (__3ZA4S4),__3ZA4S4,01 - Non intersection,03 - P.D. only,06 - SMV unattended vehicle,04 - Freezing Rain,07 - Dark,06 - Ice,10 - No control,,1,0,0,0,,0,,,,,370730.0434,5031527.791,45.42057816,-75.65755129,4627
20--4920,2020/06/15,8:37 AM,TRIM RD @ WALL RD (0005000),5000,03 - At intersection,01 - Fatal injury,05 - Turning movement,01 - Clear,01 - Daylight,01 - Dry,02 - Stop sign,00 - Unknown,2,0,1,0,04 - Fatal,2,,1,,1,387628.7829,5034669.531,45.44704788,-75.44112534,4628
20--4921,2020/06/15,8:41 AM,CAMPEAU DR/HWY 417 MARCH IC138R63 @ MARCH RD (0009710),9710,02 - Intersection related,03 - P.D. only,03 - Rear end,01 - Clear,01 - Daylight,01 - Dry,01 - Traffic signal,01 - Functioning,2,0,0,0,,0,,,,,352841.6217,5020476.467,45.32259414,-75.88718733,4629
20--4922,2020/06/15,9:25 AM,ST. JOSEPH BLVD btwn OR174 IC109 RAMP54 & ROCKCLIFFE PKWY (__3ZA2DI),__3ZA2DI,01 - Non intersection,03 - P.D. only,03 - Rear end,01 - Clear,01 - Daylight,01 - Dry,10 - No control,,2,0,0,0,,0,,,,,377021.2373,5035187.069,45.45288088,-75.57663611,4630
20--4923,2020/06/16,1:35 AM,HIGHWAY 417 btwn HWY417 IC124 RAMP67 & HWY417 IC123 RAMP62 (__3ZA2YZ),__3ZA2YZ,01 - Non intersection,03 - P.D. only,07 - SMV other,01 - Clear,07 - Dark,01 - Dry,10 - No control,,1,0,0,0,,0,,,,,364646.6757,5027841.008,45.38795213,-75.73572421,4631
20--4924,2020/06/16,11:24 PM,LAUREL ST btwn IRVING AVE & SPADINA AVE (__3ZAAH9),__3ZAAH9,01 - Non intersection,03 - P.D. only,06 - SMV unattended vehicle,01 - Clear,07 - Dark,01 - Dry,10 - No control,,1,0,0,0,,0,,,,,365799.1328,5029643.586,45.40407189,-75.72078515,4632
20--4925,2020/06/16,11:45 PM,HIGHWAY 417 btwn HWY417 IC180 RAMP61 & HWY417 IC169 RAMP36 (__5DVYB1),__5DVYB1,01 - Non intersection,03 - P.D. only,07 - SMV other,01 - Clear,07 - Dark,01 - Dry,10 - No control,,1,0,0,0,,0,,,,,324542.4962,5025937.824,45.37310499,-76.24794325,4633
20--4926,2020/06/16,11:55 AM,DATA CENTRE RD @ RIVERSIDE DR (0010863),10863,02 - Intersection related,03 - P.D. only,02 - Angle,01 - Clear,01 - Daylight,01 - Dry,01 - Traffic signal,01 - Functioning,2,0,0,0,,0,,,,,368897.9495,5027671.752,45.38605306,-75.68146041,4634
20--4927,2020/06/16,Unknown,ROSEMOUNT AVE btwn WELLINGTON ST W & GLADSTONE AVE (__3ZA05K),__3ZA05K,01 - Non intersection,03 - P.D. only,06 - SMV unattended vehicle,01 - Clear,00 - Unknown,01 - Dry,10 - No control,,1,0,0,0,,0,,,,,365432.5908,5029272.062,45.40076084,-75.72551267,4635
20--4928,2020/06/16,12:15 PM,HAZELDEAN RD @ TERRY FOX DR (0003682),3682,02 - Intersection related,03 - P.D. only,05 - Turning movement,01 - Clear,01 - Daylight,01 - Dry,01 - Traffic signal,01 - Functioning,2,0,0,0,,0,,,,,352207.6165,5017242.454,45.29353683,-75.89558353,4636
20--4929,2020/06/16,12:15 PM,PEMBERTON CRES btwn BATEMAN DR & BATEMAN DR (__3ZABQB),__3ZABQB,01 - Non intersection,03 - P.D. only,06 - SMV unattended vehicle,01 - Clear,01 - Daylight,01 - Dry,10 - No control,,1,0,0,0,,0,,,,,361870.8023,5021010.897,45.32672695,-75.77195929,4637
20--493,2020/01/12,12:10 PM,BASELINE RD btwn NAVAHO DR & COLLEGE SQUARE SC (__3ZAZDQB),__3ZAZDQB,04 - At/near private drive,03 - P.D. only,02 - Angle,03 - Snow,01 - Daylight,03 - Loose snow,10 - No control,,2,0,0,0,,0,,,,,363015.8354,5024054.292,45.35401716,-75.75699545,4638
20--4930,2020/06/16,12:25 PM,WEST HUNT CLUB RD @ ROYDON PL/SUNDERLAND ST (0009775),9775,02 - Intersection related,03 - P.D. only,03 - Rear end,01 - Clear,01 - Daylight,01 - Dry,01 - Traffic signal,01 - Functioning,2,0,0,0,,0,,,,,365973.7042,5022169.497,45.33680627,-75.71948093,4639
20--4931,2020/06/16,12:45 PM,BELVAL CRES btwn BELCOURT BLVD & BELCOURT BLVD (__3ZA6DY),__3ZA6DY,01 - Non intersection,03 - P.D. only,06 - SMV unattended vehicle,01 - Clear,01 - Daylight,01 - Dry,10 - No control,,1,0,0,0,,0,,,,,381731.1556,5036344.217,45.46278932,-75.51624643,4640
20--4932,2020/06/16,12:46 PM,STITTSVILLE MAIN ST/HUNTLEY RD @ FLEWELLYN RD (0004602),4602,03 - At intersection,02 - Non-fatal injury,03 - Rear end,01 - Clear,01 - Daylight,01 - Dry,02 - Stop sign,01 - Functioning,2,0,0,0,01 - Minimal,3,3,,,,351416.5967,5010740.402,45.23508219,-75.90627817,4641
20--4933,2020/06/16,3:28 PM,ALPINE AVE @ CARLING AVE (0011382),11382,03 - At intersection,03 - P.D. only,02 - Angle,01 - Clear,01 - Daylight,01 - Dry,01 - Traffic signal,01 - Functioning,2,0,0,0,,0,,,,,360496.6738,5024942.517,45.362214,-75.7890447,4642
20--4934,2020/06/16,4:25 PM,DATA CENTRE RD btwn HERON RD & RIVERSIDE DR (__5FDU4W),__5FDU4W,01 - Non intersection,03 - P.D. only,03 - Rear end,01 - Clear,01 - Daylight,01 - Dry,10 - No control,,2,0,0,0,,0,,,,,368989.2686,5026923.922,45.37931595,-75.68039161,4643
20--4935,2020/06/16,4:27 PM,MITCH OWENS RD/BRIDGE ST @ RIVER RD (0003573),3573,03 - At intersection,02 - Non-fatal injury,05 - Turning movement,01 - Clear,01 - Daylight,01 - Dry,01 - Traffic signal,01 - Functioning,2,0,0,0,02 - Minor,1,,1,,,369499.7133,5010770.389,45.23392263,-75.67598327,4644
20--4936,2020/06/16,5:41 PM,HIGHWAY 417 btwn HWY417 IC117 RAMP25 & HWY417 IC115 RAMP51 (__3ZA2R3),__3ZA2R3,01 - Non intersection,03 - P.D. only,04 - Sideswipe,01 - Clear,01 - Daylight,01 - Dry,10 - No control,,2,0,0,0,,0,,,,,371913.7016,5031440.753,45.41968249,-75.64244015,4645
20--4937,2020/06/16,6:33 PM,ABBOTT ST @ CRANESBILL RD/ROUNCEY RD (0018110),18110,03 - At intersection,02 - Non-fatal injury,07 - SMV other,01 - Clear,01 - Daylight,01 - Dry,11 - Roundabout,01 - Functioning,1,0,0,0,02 - Minor,2,1,1,,,352720.6724,5016063.277,45.28289149,-75.88915667,4646
20--4938,2020/06/16,6:47 AM,PRINCE OF WALES DR @ STRANDHERD DR (0013339),13339,02 - Intersection related,03 - P.D. only,04 - Sideswipe,01 - Clear,01 - Daylight,01 - Dry,01 - Traffic signal,01 - Functioning,3,0,0,0,,0,,,,,367175.2815,5014824.197,45.27060837,-75.70507565,4647
20--4939,2020/06/16,6:55 PM,MOJAVE CRES btwn HORSESHOE CRES & CHEROKEE WAY (2) (__6NGPAH),__6NGPAH,04 - At/near private drive,03 - P.D. only,02 - Angle,01 - Clear,01 - Daylight,01 - Dry,10 - No control,,2,0,0,0,,0,,,,,349476.9324,5015422.257,45.27733703,-75.9305601,4648
20--494,2020/01/12,12:30 PM,CYRVILLE RD @ OGILVIE RD (0003554),3554,03 - At intersection,03 - P.D. only,05 - Turning movement,04 - Freezing Rain,01 - Daylight,06 - Ice,01 - Traffic signal,01 - Functioning,2,0,0,0,,0,,,,,372453.7209,5032005.567,45.42471241,-75.63546316,4649
20--4940,2020/06/16,7:36 PM,SLACK RD @ WOODROFFE AVE (0000102),102,03 - At intersection,02 - Non-fatal injury,05 - Turning movement,01 - Clear,01 - Daylight,01 - Dry,01 - Traffic signal,01 - Functioning,2,0,0,0,02 - Minor,2,,2,,,364233.6948,5019974.471,45.31720515,-75.74194333,4650
20--4941,2020/06/16,7:45 PM,OTTAWA RIVER PKWY WB btwn TUNNEY'S PASTURE/REMIC RAPIDS ENT & PARKDALE (__3ZA24KB),__3ZA24KB,01 - Non intersection,02 - Non-fatal injury,04 - Sideswipe,01 - Clear,01 - Daylight,01 - Dry,10 - No control,,2,0,0,0,01 - Minimal,1,1,,,,364532.9239,5030458.066,45.41150959,-75.73685981,4651
20--4942,2020/06/16,8:20 PM,GEORGE ST @ DALHOUSIE ST (0008516),8516,02 - Intersection related,03 - P.D. only,05 - Turning movement,01 - Clear,01 - Daylight,01 - Dry,01 - Traffic signal,01 - Functioning,2,0,0,0,,0,,,,,368157.6917,5032315.597,45.42790426,-75.69031589,4652
20--4943,2020/06/16,9:55 PM,ALBION RD @ LESTER RD (0004175),4175,02 - Intersection related,03 - P.D. only,03 - Rear end,01 - Clear,07 - Dark,01 - Dry,01 - Traffic signal,01 - Functioning,2,0,0,0,,0,,,,,372694.7335,5022332.506,45.33765481,-75.63371389,4653
20--4944,2020/06/17,1:05 PM,RIVERSIDE DR @ UPLANDS DR/KIMBERWICK CRES N (0006890),6890,02 - Intersection related,02 - Non-fatal injury,03 - Rear end,01 - Clear,01 - Daylight,01 - Dry,01 - Traffic signal,01 - Functioning,2,0,0,0,01 - Minimal,1,1,,,,368194.7196,5022793.49,45.34222367,-75.69106569,4654
20--4945,2020/06/17,1:45 PM,HIGHWAY 417 btwn HWY417 IC122 RAMP61 & HWY417 IC121B RAMP16 (__3ZA2Y4),__3ZA2Y4,01 - Non intersection,03 - P.D. only,03 - Rear end,01 - Clear,01 - Daylight,01 - Dry,10 - No control,,3,0,0,0,,0,,,,,366018.3232,5029320.274,45.40114367,-75.71802556,4655
20--4946,2020/06/17,1:59 PM,HIGHWAY 417 btwn HWY417 IC122 RAMP61 & HWY417 IC121B RAMP16 (__3ZA2Y4),__3ZA2Y4,01 - Non intersection,03 - P.D. only,04 - Sideswipe,01 - Clear,01 - Daylight,01 - Dry,10 - No control,,2,0,0,0,,0,,,,,365727.9445,5029160.277,45.39972939,-75.72175415,4656
20--4947,2020/06/17,11:30 AM,ABERDEEN ST btwn PRESTON ST & ROCHESTER ST (__3ZA4AN),__3ZA4AN,01 - Non intersection,03 - P.D. only,03 - Rear end,01 - Clear,01 - Daylight,01 - Dry,10 - No control,,2,0,0,0,,0,,,,,366760.1832,5029386.302,45.40167251,-75.708542,4657
20--4948,2020/06/17,11:30 PM,REGIONAL RD 174 WB btwn REGIONAL RD 174 & TRIM RD (__3ZA11L),__3ZA11L,01 - Non intersection,03 - P.D. only,07 - SMV other,"07 - Fog, mist, smoke, dust",07 - Dark,01 - Dry,10 - No control,,1,0,0,0,,0,,,,,384562.1963,5040155.136,45.49675881,-75.47943143,4658
20--4949,2020/06/17,11:36 PM,ELGIN ST @ LAURIER AVE (0002232),2232,02 - Intersection related,03 - P.D. only,99 - Other,01 - Clear,07 - Dark,01 - Dry,01 - Traffic signal,01 - Functioning,2,0,0,0,,0,,,,,367948.7117,5031549.573,45.42103073,-75.6930845,4659
20--495,2020/01/12,12:37 PM,TIMM DR btwn HAANEL DR & MOODIE DR (__3ZABFM),__3ZABFM,01 - Non intersection,03 - P.D. only,07 - SMV other,03 - Snow,01 - Daylight,04 - Slush,10 - No control,,1,0,0,0,,0,,,,,356359.0635,5020866.275,45.32585215,-75.84228159,4660