Anom_ID,Accident_Date,Accident_Time,Location,Geo_ID,Accident_Location,Classification_of_Accident,Initial_Impact_Type,Environment_Condition,Light,Road_Surface_Condition,Traffic_Control,Traffic_Control_Condition,No__of_Vehicles,No__of_Bicycles,No__of_Motorcycles,No__of_Pedestrians,Max_Injury,No__of_Injuries,No__of_Minimal,No__of_Minor,No__of_Major,No__of_Fatal,X,Y,Latitude,Longitude,ObjectId
20--4950,2020/06/17,11:50 AM,BRONSON AVE @ SOMERSET ST (0002218),2218,02 - Intersection related,02 - Non-fatal injury,03 - Rear end,01 - Clear,01 - Daylight,01 - Dry,01 - Traffic signal,01 - Functioning,2,0,0,0,02 - Minor,1,,1,,,366967.695,5030476.574,45.41146407,-75.7057541,4661
20--4951,2020/06/17,12:26 PM,ALTA VISTA DR @ SMYTH RD (0011353),11353,02 - Intersection related,03 - P.D. only,02 - Angle,01 - Clear,01 - Daylight,01 - Dry,01 - Traffic signal,01 - Functioning,2,0,0,0,,0,,,,,370432.7089,5029081.567,45.39859594,-75.66167588,4662
20--4952,2020/06/17,12:35 PM,REGIONAL ROAD 174 EB btwn HWY417 IC113 RAMP65 & OR174 BLAIR IC112 RAMP51 (__3ZAZFJ),__3ZAZFJ,01 - Non intersection,02 - Non-fatal injury,07 - SMV other,01 - Clear,01 - Daylight,01 - Dry,10 - No control,,1,0,1,0,02 - Minor,1,,1,,,374180.3731,5032355.081,45.42768803,-75.61335192,4663
20--4953,2020/06/17,2:06 AM,MEADOWLANDS DR btwn TURN LANE & SULLIVAN AVE (__3ZA3GE),__3ZA3GE,01 - Non intersection,03 - P.D. only,06 - SMV unattended vehicle,01 - Clear,07 - Dark,01 - Dry,10 - No control,,1,0,0,0,,0,,,,,363293.9958,5022858.069,45.34323051,-75.7535871,4664
20--4954,2020/06/17,2:10 PM,BRONSON AVE @ POWELL AVE (0007212),7212,02 - Intersection related,03 - P.D. only,05 - Turning movement,01 - Clear,01 - Daylight,01 - Dry,01 - Traffic signal,01 - Functioning,2,0,0,0,,0,,,,,367387.8783,5029477.208,45.40243462,-75.70051328,4665
20--4955,2020/06/17,2:30 PM,BRONSON AVE @ POWELL AVE (0007212),7212,03 - At intersection,03 - P.D. only,05 - Turning movement,01 - Clear,01 - Daylight,01 - Dry,01 - Traffic signal,01 - Functioning,2,0,0,0,,0,,,,,367387.884,5029477.226,45.40243478,-75.7005132,4666
20--4956,2020/06/17,2:43 PM,HAZELDEAN RD @ SWEETNAM DR (0005271),5271,03 - At intersection,02 - Non-fatal injury,02 - Angle,01 - Clear,01 - Daylight,01 - Dry,02 - Stop sign,00 - Unknown,2,1,0,0,02 - Minor,1,,1,,,350475.5881,5015656.446,45.27938016,-75.91781061,4667
20--4957,2020/06/17,3:00 PM,METCALFE ST @ SOMERSET ST (0002689),2689,03 - At intersection,03 - P.D. only,05 - Turning movement,01 - Clear,01 - Daylight,01 - Dry,01 - Traffic signal,01 - Functioning,2,0,0,0,,0,,,,,368010.7057,5031104.569,45.41702113,-75.69234951,4668
20--4958,2020/06/17,3:10 PM,MERIVALE RD @ 110 S OF BURRIS LANE/LOBLAWS SC (0004606),4606,03 - At intersection,03 - P.D. only,05 - Turning movement,01 - Clear,01 - Daylight,01 - Dry,01 - Traffic signal,01 - Functioning,2,0,0,0,,0,,,,,364814.6898,5024952.53,45.36194773,-75.73392978,4669
20--4959,2020/06/17,3:36 PM,JEANNE D'ARC BLVD @ ORLEANS BLVD S (0004154),4154,03 - At intersection,02 - Non-fatal injury,05 - Turning movement,01 - Clear,01 - Daylight,01 - Dry,01 - Traffic signal,01 - Functioning,3,0,0,0,02 - Minor,2,1,1,,,380940.7381,5036250.58,45.46203345,-75.52636688,4670
20--496,2020/01/12,12:54 PM,HIGHWAY 417 btwn HWY417 IC117 RAMP25 & HWY417 IC115 RAMP51 (__3ZA2R3),__3ZA2R3,01 - Non intersection,03 - P.D. only,04 - Sideswipe,03 - Snow,01 - Daylight,03 - Loose snow,10 - No control,,2,0,0,0,,0,,,,,371599.7855,5031404.473,45.4193861,-75.64645575,4671
20--4960,2020/06/17,3:39 PM,CARP RD @ HAZELDEAN RD (0000086),86,03 - At intersection,02 - Non-fatal injury,05 - Turning movement,01 - Clear,01 - Daylight,01 - Dry,01 - Traffic signal,01 - Functioning,2,0,1,0,02 - Minor,1,,1,,,348804.5703,5014360.436,45.26782478,-75.93922353,4672
20--4961,2020/06/17,3:42 PM,BANK ST @ HERON RD (0002155),2155,02 - Intersection related,03 - P.D. only,03 - Rear end,01 - Clear,01 - Daylight,01 - Dry,01 - Traffic signal,01 - Functioning,3,0,0,0,,0,,,,,369995.7216,5026851.544,45.37857178,-75.66755151,4673
20--4962,2020/06/17,4:04 AM,WOODROFFE AVE btwn GEORGINA DR & HWY417 IC127 RAMP36 (__3ZA4L6),__3ZA4L6,01 - Non intersection,03 - P.D. only,07 - SMV other,01 - Clear,07 - Dark,01 - Dry,10 - No control,,1,0,1,0,,0,,,,,362024.3583,5025085.263,45.36337538,-75.7695292,4674
20--4963,2020/06/17,4:13 PM,MOODIE DR @ TIMM DR (0001106),1106,02 - Intersection related,01 - Fatal injury,07 - SMV other,01 - Clear,01 - Daylight,01 - Dry,01 - Traffic signal,01 - Functioning,1,1,0,0,04 - Fatal,1,,,,1,356815.6525,5021083.477,45.32777287,-75.83643463,4675
20--4964,2020/06/17,4:50 PM,CARLING AVE @ MAITLAND AVE/SHERBOURNE RD (0002641),2641,02 - Intersection related,03 - P.D. only,03 - Rear end,01 - Clear,01 - Daylight,01 - Dry,01 - Traffic signal,01 - Functioning,2,0,0,0,,0,,,,,362942.6963,5026488.531,45.37592625,-75.75764241,4676
20--4965,2020/06/17,5:08 PM,HIGHWAY 417 btwn HWY417 IC127 RAMP25 & HWY417 IC126 RAMP51 (__3ZA2XA),__3ZA2XA,01 - Non intersection,02 - Non-fatal injury,03 - Rear end,01 - Clear,01 - Daylight,01 - Dry,10 - No control,,5,0,0,0,01 - Minimal,1,1,,,,363170.3572,5025835.566,45.37003203,-75.75481308,4677
20--4966,2020/06/17,5:20 AM,GREENBANK RD btwn WEST HUNT CLUB RD & FALLOWFIELD RD (__3ZA1NE),__3ZA1NE,01 - Non intersection,03 - P.D. only,07 - SMV other,01 - Clear,03 - Dawn,01 - Dry,10 - No control,,1,0,0,0,,0,,,,,361877.4804,5019587.858,45.31392191,-75.7720381,4678
20--4967,2020/06/17,5:40 PM,HACKAMORE CRES btwn EQUITATION CIRC & MEYNELL RD (e___2J77),e___2J77,01 - Non intersection,03 - P.D. only,04 - Sideswipe,01 - Clear,01 - Daylight,01 - Dry,10 - No control,,2,0,0,0,,0,,,,,355996.367,5005354.185,45.18629724,-75.84850615,4679
20--4968,2020/06/17,5:45 AM,HIGHWAY 416 btwn HWY416 IC49 RAMP24 & HWY416 IC42 RAMP42 (__3ZA29T),__3ZA29T,01 - Non intersection,03 - P.D. only,07 - SMV other,01 - Clear,01 - Daylight,01 - Dry,10 - No control,,1,0,0,0,,0,,,,,371330.749,4995500.277,45.09635182,-75.6547003,4680
20--4969,2020/06/17,5:55 PM,MOODIE DR @ CORKSTOWN RD (0000577),577,03 - At intersection,02 - Non-fatal injury,02 - Angle,01 - Clear,01 - Daylight,01 - Dry,01 - Traffic signal,01 - Functioning,2,1,0,0,02 - Minor,1,,1,,,356345.651,5022761.499,45.34290655,-75.84225528,4681
20--497,2020/01/12,2:03 PM,BANK ST @ JOHNSTON RD (0006967),6967,03 - At intersection,02 - Non-fatal injury,05 - Turning movement,03 - Snow,01 - Daylight,04 - Slush,01 - Traffic signal,01 - Functioning,2,0,0,0,02 - Minor,1,,1,,,370851.7258,5024839.518,45.36038807,-75.65689186,4682
20--4970,2020/06/17,5:58 AM,SPRATT RD btwn EARL ARMSTRONG RD & RIDEAU RD (__3ZBO76),__3ZBO76,04 - At/near private drive,02 - Non-fatal injury,05 - Turning movement,01 - Clear,01 - Daylight,01 - Dry,10 - No control,,2,0,1,0,01 - Minimal,1,1,,,,368755.7166,5014064.191,45.26362797,-75.68503413,4683
20--4971,2020/06/17,6:53 AM,HIGHWAY 417 btwn HWY417 IC122 RAMP16 & HWY417 IC122 RAMP61 (__3ZA2RA),__3ZA2RA,01 - Non intersection,03 - P.D. only,03 - Rear end,01 - Clear,01 - Daylight,01 - Dry,10 - No control,,3,0,0,0,,0,,,,,365422.1969,5028955.69,45.3979151,-75.72568431,4684
20--4972,2020/06/17,7:29 AM,BRITTANY DR @ MONTREAL RD (0007685),7685,02 - Intersection related,03 - P.D. only,03 - Rear end,01 - Clear,01 - Daylight,01 - Dry,01 - Traffic signal,01 - Functioning,2,0,0,0,,0,,,,,371912.7096,5033994.588,45.4426608,-75.64210475,4685
20--4973,2020/06/17,7:30 AM,KNOXDALE RD @ SKIPTON RD (0000641),641,03 - At intersection,02 - Non-fatal injury,07 - SMV other,01 - Clear,01 - Daylight,01 - Dry,01 - Traffic signal,00 - Unknown,1,0,0,1,01 - Minimal,1,1,,,,362126.6716,5021087.484,45.32739522,-75.76868662,4686
20--4974,2020/06/17,7:33 PM,LONGFIELDS DR @ WOODROFFE AVE (0000096),96,02 - Intersection related,03 - P.D. only,03 - Rear end,01 - Clear,01 - Daylight,01 - Dry,01 - Traffic signal,01 - Functioning,2,0,0,0,,0,,,,,365421.1706,5017106.933,45.29130174,-75.72714953,4687
20--4975,2020/06/17,8:00 PM,MONTREAL RD @ STE. ANNE ST (0009798),9798,03 - At intersection,03 - P.D. only,02 - Angle,01 - Clear,01 - Daylight,01 - Dry,02 - Stop sign,01 - Functioning,2,0,0,0,,0,,,,,370706.7026,5033416.603,45.43757509,-75.65759672,4688
20--4976,2020/06/17,9:08 PM,DOWNEY RD @ MITCH OWENS RD (0004195),4195,03 - At intersection,02 - Non-fatal injury,03 - Rear end,01 - Clear,05 - Dusk,01 - Dry,02 - Stop sign,00 - Unknown,2,0,0,0,01 - Minimal,2,2,,,,372637.7185,5012717.437,45.25114649,-75.63575644,4689
20--4977,2020/06/17,9:30 AM,EAGLESON RD btwn EAGLESON BUSINESS CENTRE & MICHAEL COWPLAND DR/STONEH (__3ZA41JB),__3ZA41JB,01 - Non intersection,03 - P.D. only,04 - Sideswipe,01 - Clear,01 - Daylight,01 - Dry,10 - No control,,3,0,0,0,,0,,,,,354328.1363,5016762.918,45.2890756,-75.86859776,4690
20--4978,2020/06/17,9:32 AM,CARP RD @ HWY 417 CARP IC144R51 (0001683),1683,02 - Intersection related,03 - P.D. only,04 - Sideswipe,01 - Clear,01 - Daylight,01 - Dry,02 - Stop sign,01 - Functioning,2,0,0,0,,0,,,,,347517.5539,5015685.46,45.2798272,-75.95550999,4691
20--4979,2020/06/18,10:33 PM,FRANKTOWN RD btwn CONLEY RD & JOY'S RD (__3ZA42P),__3ZA42P,01 - Non intersection,03 - P.D. only,07 - SMV other,01 - Clear,07 - Dark,01 - Dry,10 - No control,,1,0,0,0,,0,,,,,353324.265,5003071.524,45.16594578,-75.88272962,4692
20--498,2020/01/12,2:13 AM,BY WARD MARKET SQ btwn CLARENCE ST & YORK ST (__3ZA81U),__3ZA81U,01 - Non intersection,03 - P.D. only,04 - Sideswipe,03 - Snow,07 - Dark,03 - Loose snow,10 - No control,,2,0,0,0,,0,,,,,367926.6758,5032345.621,45.42819529,-75.69326403,4693
20--4980,2020/06/18,10:41 AM,BASELINE RD @ WOODROFFE AVE (0002225),2225,02 - Intersection related,03 - P.D. only,03 - Rear end,01 - Clear,01 - Daylight,01 - Dry,01 - Traffic signal,01 - Functioning,2,0,0,0,,0,,,,,362549.7024,5023770.501,45.35150218,-75.76297733,4694
20--5367,2020/07/06,11:05 AM,CUMBERLAND ST @ MURRAY ST (0008237),8237,02 - Intersection related,03 - P.D. only,05 - Turning movement,01 - Clear,01 - Daylight,01 - Dry,01 - Traffic signal,01 - Functioning,2,0,0,0,,0,,,,,368170.6978,5032679.585,45.43117811,-75.69010286,4695
20--4737,2020/06/06,12:00 PM,MERIVALE RD/LOTTA AVE @ CLYDE AVE (0001112),1112,03 - At intersection,03 - P.D. only,02 - Angle,01 - Clear,01 - Daylight,01 - Dry,01 - Traffic signal,01 - Functioning,2,0,0,0,,0,,,,,364521.7032,5024507.52,45.35796861,-75.73772311,4696
20--5098,2020/06/23,8:45 AM,HIGHWAY 417 btwn HWY417 IC169 RAMP35 & HWY417 IC169 RAMP25 (__5SO7MP),__5SO7MP,01 - Non intersection,03 - P.D. only,07 - SMV other,01 - Clear,01 - Daylight,01 - Dry,10 - No control,,1,0,0,0,,0,,,,,325814.3807,5024548.875,45.36056948,-76.23176408,4697
20--4981,2020/06/18,11:00 PM,LEITRIM RD btwn RAMSAYVILLE RD & ANDERSON RD (__3ZA2BA),__3ZA2BA,01 - Non intersection,03 - P.D. only,07 - SMV other,01 - Clear,07 - Dark,01 - Dry,10 - No control,,1,0,0,0,,0,,,,,378900.1583,5023973.341,45.35179023,-75.55430189,4698
20--4982,2020/06/18,11:10 PM,OR174 IC109 RAMP55 btwn REGIONAL ROAD 174 & ST. JOSEPH BLVD (__3ZAY59),__3ZAY59,01 - Non intersection,03 - P.D. only,07 - SMV other,01 - Clear,07 - Dark,01 - Dry,10 - No control,,1,0,0,0,,0,,,,,376567.7042,5034955.942,45.45084807,-75.5824676,4699
20--4983,2020/06/18,11:47 AM,LEEDS AVE @ SHEFFIELD RD (0007680),7680,02 - Intersection related,03 - P.D. only,05 - Turning movement,01 - Clear,01 - Daylight,01 - Dry,03 - Yield sign,01 - Functioning,2,0,0,0,,0,,,,,374862.7343,5029550.548,45.40238631,-75.60503143,4700
20--4984,2020/06/18,11:47 PM,CAMBRIAN RD @ TWIN ELM RD N (0000847),847,03 - At intersection,02 - Non-fatal injury,07 - SMV other,01 - Clear,07 - Dark,01 - Dry,02 - Stop sign,01 - Functioning,1,0,0,0,02 - Minor,1,,1,,,359362.6442,5009763.379,45.22571983,-75.80518917,4701
20--4985,2020/06/18,11:55 AM,MERIVALE RD @ ROSSLAND AVE (0001757),1757,02 - Intersection related,02 - Non-fatal injury,03 - Rear end,01 - Clear,01 - Daylight,01 - Dry,02 - Stop sign,00 - Unknown,2,0,0,0,01 - Minimal,1,1,,,,364673.6948,5024151.506,45.35475229,-75.7358264,4702
20--4986,2020/06/18,12:00 PM,MERIVALE RD @ CLEOPATRA DR (0000112),112,02 - Intersection related,03 - P.D. only,03 - Rear end,01 - Clear,01 - Daylight,01 - Dry,01 - Traffic signal,01 - Functioning,2,0,0,0,,0,,,,,365950.7043,5021122.496,45.3273875,-75.71990371,4703
20--4987,2020/06/18,12:01 PM,BOYER RD @ ST. JOSEPH BLVD (0003643),3643,02 - Intersection related,03 - P.D. only,02 - Angle,01 - Clear,01 - Daylight,01 - Dry,02 - Stop sign,00 - Unknown,2,0,0,0,,0,,,,,380405.7402,5036833.577,45.4673369,-75.5331174,4704
20--4988,2020/06/18,12:38 PM,CALDWELL AVE @ MERIVALE RD (0011432),11432,03 - At intersection,02 - Non-fatal injury,05 - Turning movement,01 - Clear,01 - Daylight,01 - Dry,01 - Traffic signal,01 - Functioning,2,0,0,0,02 - Minor,1,,1,,,364907.3973,5026230.422,45.37343805,-75.73259103,4705
20--4989,2020/06/18,2:15 PM,CLARENCE ST @ ROCKWOOD ST (0008610),8610,03 - At intersection,02 - Non-fatal injury,02 - Angle,01 - Clear,01 - Daylight,01 - Dry,02 - Stop sign,01 - Functioning,3,0,0,0,02 - Minor,2,1,1,,,369126.6764,5033163.605,45.43544586,-75.67782317,4706
20--499,2020/01/12,2:20 PM,HOLLAND AVE @ WELLINGTON ST (0002364),2364,03 - At intersection,02 - Non-fatal injury,07 - SMV other,03 - Snow,01 - Daylight,04 - Slush,01 - Traffic signal,01 - Functioning,1,0,0,1,01 - Minimal,1,1,,,,364929.6757,5029153.552,45.39973789,-75.7319505,4707
20--4990,2020/06/18,2:19 PM,HIGHWAY 417 btwn HWY417 IC122 RAMP61 & HWY417 IC121B RAMP16 (__3ZA2Y4),__3ZA2Y4,01 - Non intersection,03 - P.D. only,03 - Rear end,01 - Clear,01 - Daylight,01 - Dry,10 - No control,,2,0,0,0,,0,,,,,365733.4244,5029163.41,45.3997571,-75.72168377,4708
20--4991,2020/06/18,3:02 PM,SOMERSET ST    W btwn PRESTON ST & ROCHESTER ST (__3ZA321),__3ZA321,04 - At/near private drive,03 - P.D. only,99 - Other,01 - Clear,01 - Daylight,01 - Dry,10 - No control,,2,0,0,1,,0,,,,,366356.6913,5030148.683,45.40856781,-75.7136004,4709
20--4992,2020/06/18,3:45 PM,BOURASSA ST @ ST. LAURENT BLVD (0007731),7731,02 - Intersection related,03 - P.D. only,04 - Sideswipe,01 - Clear,01 - Daylight,01 - Dry,01 - Traffic signal,01 - Functioning,2,0,0,0,,0,,,,,373236.734,5029693.548,45.4038338,-75.62577936,4710
20--4993,2020/06/18,4:00 PM,JOCKVALE RD/RIDEAU VALLEY DR @ PRINCE OF WALES (0004638),4638,02 - Intersection related,03 - P.D. only,03 - Rear end,01 - Clear,01 - Daylight,01 - Dry,01 - Traffic signal,01 - Functioning,2,0,0,0,,0,,,,,366709.6999,5012195.392,45.24699563,-75.7113361,4711
20--4994,2020/06/18,4:15 PM,JEANNE D'ARC BLVD @ ORLEANS BLVD N (0003792),3792,02 - Intersection related,03 - P.D. only,03 - Rear end,01 - Clear,01 - Daylight,01 - Dry,01 - Traffic signal,01 - Functioning,2,0,0,0,,0,,,,,380028.7204,5038105.584,45.47882211,-75.53774346,4712
20--4995,2020/06/18,4:22 PM,CROSSKEYS PL/HELENE CAMPBELL RD @ STRANDHERD DR (0015337),15337,03 - At intersection,03 - P.D. only,02 - Angle,01 - Clear,01 - Daylight,01 - Dry,01 - Traffic signal,01 - Functioning,2,0,0,0,,0,,,,,360982.3112,5014901.733,45.27182808,-75.78398493,4713
20--4996,2020/06/18,4:45 PM,MONTREAL RD @ ST. LAURENT BLVD (0002604),2604,03 - At intersection,03 - P.D. only,02 - Angle,01 - Clear,01 - Daylight,01 - Dry,01 - Traffic signal,01 - Functioning,2,0,0,0,,0,,,,,371545.7105,5033817.595,45.44110344,-75.64681954,4714
20--4997,2020/06/18,7:01 AM,OLD PRESCOTT RD btwn CHRIS TIERNEY PRIV & BREANNA CARDILL ST (__673W91),__673W91,01 - Non intersection,02 - Non-fatal injury,07 - SMV other,01 - Clear,01 - Daylight,08 - Loose sand or gravel,10 - No control,,1,0,0,0,02 - Minor,1,,1,,,378556.9459,5009568.344,45.22221661,-75.56082294,4715
20--4998,2020/06/18,7:42 PM,PROVENCE AVE @ GRAPEFERN TER (0013181),13181,03 - At intersection,02 - Non-fatal injury,02 - Angle,01 - Clear,01 - Daylight,01 - Dry,99 - Other,01 - Functioning,2,1,0,0,02 - Minor,1,,1,,,386302.9545,5036194.328,45.46092236,-75.45781907,4716
20--4999,2020/06/18,8:02 PM,HAZELDEAN RD btwn 246 E OF CASTLEFRANK RD & IRWIN GT (__3ZA41NB),__3ZA41NB,04 - At/near private drive,03 - P.D. only,05 - Turning movement,01 - Clear,01 - Daylight,01 - Dry,10 - No control,,2,0,0,0,,0,,,,,352976.2661,5017945.838,45.29981377,-75.88571597,4717
20--50,2020/01/02,7:02 PM,RICHMOND RD btwn EDGEWORTH AVE/MCEWEN AVE & REGINA LANE (__3ZA4L9),__3ZA4L9,01 - Non intersection,02 - Non-fatal injury,07 - SMV other,01 - Clear,07 - Dark,02 - Wet,10 - No control,,1,0,0,1,02 - Minor,1,,1,,,361017.3468,5025822.212,45.37008788,-75.78229886,4718
20--500,2020/01/12,2:45 PM,CASTLEFRANK RD @ HAZELDEAN RD (0003608),3608,03 - At intersection,03 - P.D. only,02 - Angle,04 - Freezing Rain,01 - Daylight,04 - Slush,01 - Traffic signal,01 - Functioning,2,0,0,0,,0,,,,,352677.8655,5017676.775,45.29741308,-75.88954656,4719
20--5000,2020/06/18,8:52 AM,INNES RD @ ORLEANS BLVD (0003611),3611,02 - Intersection related,03 - P.D. only,04 - Sideswipe,01 - Clear,01 - Daylight,01 - Dry,01 - Traffic signal,01 - Functioning,2,0,0,0,,0,,,,,380460.7935,5034296.405,45.44450344,-75.5328038,4720
20--5099,2020/06/23,9:07 AM,MARCH RD btwn CORKERY RD & GREY FOX DR (__3ZA2LC),__3ZA2LC,01 - Non intersection,03 - P.D. only,07 - SMV other,01 - Clear,01 - Daylight,01 - Dry,10 - No control,,1,0,0,0,,0,,,,,336288.1846,5016418.794,45.28701881,-76.09859201,4721
20--51,2020/01/02,7:06 AM,UPPER DWYER HILL RD btwn MARCH RD & OLD ALMONTE RD (__3ZA4QB),__3ZA4QB,01 - Non intersection,03 - P.D. only,07 - SMV other,01 - Clear,03 - Dawn,03 - Loose snow,10 - No control,,1,0,0,0,,0,,,,,335581.0995,5012636.457,45.25301444,-76.1078401,4722
20--510,2020/01/12,7:39 AM,HIGHWAY 417 btwn HWY417 IC113 RAMP62 & HWY417 IC113 RAMP65 (__3ZA288),__3ZA288,01 - Non intersection,03 - P.D. only,07 - SMV other,04 - Freezing Rain,03 - Dawn,06 - Ice,10 - No control,,1,0,0,0,,0,,,,,373941.8612,5031801.878,45.42273421,-75.61647727,4723
20--5100,2020/06/23,9:55 AM,AVIATION PKWY @ OGILVIE RD (0004114),4114,03 - At intersection,03 - P.D. only,04 - Sideswipe,01 - Clear,01 - Daylight,01 - Dry,01 - Traffic signal,01 - Functioning,2,0,0,0,,0,,,,,373110.7086,5032376.588,45.42798682,-75.62701713,4724
20--5101,2020/06/23,9:55 AM,PALLADIUM DR @ SILVER SEVEN RD (0011839),11839,02 - Intersection related,03 - P.D. only,99 - Other,01 - Clear,01 - Daylight,01 - Dry,01 - Traffic signal,01 - Functioning,2,0,0,0,,0,,,,,351051.6001,5017887.444,45.29941767,-75.91026104,4725
20--5102,2020/06/24,1:07 AM,DOWNEY RD @ RIDEAU RD (0004454),4454,03 - At intersection,03 - P.D. only,02 - Angle,02 - Rain,07 - Dark,02 - Wet,02 - Stop sign,01 - Functioning,2,0,0,0,,0,,,,,371850.7258,5014592.433,45.26809278,-75.64552847,4726
20--5103,2020/06/24,1:30 PM,PRESTON ST @ PRINCE OF WALES DR/QUEEN ELIZABET (0006904),6904,02 - Intersection related,03 - P.D. only,03 - Rear end,01 - Clear,01 - Daylight,01 - Dry,01 - Traffic signal,01 - Functioning,2,0,0,0,,0,,,,,366900.7109,5028776.551,45.39617368,-75.70682389,4727
20--5104,2020/06/24,1:33 PM,TORMEY ST btwn COBOURG ST & BRIGADIER PRIV (__3ZA7CR),__3ZA7CR,04 - At/near private drive,02 - Non-fatal injury,07 - SMV other,01 - Clear,01 - Daylight,01 - Dry,10 - No control,,1,0,0,1,01 - Minimal,1,1,,,,369190.075,5032921.356,45.43326036,-75.67704463,4728
20--5105,2020/06/24,10:35 PM,KLONDIKE RD btwn MARCONI AVE & MARCH VALLEY RD (__3ZACV0),__3ZACV0,01 - Non intersection,03 - P.D. only,06 - SMV unattended vehicle,01 - Clear,07 - Dark,01 - Dry,10 - No control,,1,0,0,0,,0,,,,,349849.1717,5024604.847,45.35994069,-75.92498072,4729
20--5106,2020/06/24,11:53 AM,GREENBANK RD @ BERRIGAN DR/WESSEX RD (0004726),4726,03 - At intersection,03 - P.D. only,05 - Turning movement,01 - Clear,01 - Daylight,01 - Dry,01 - Traffic signal,01 - Functioning,2,0,0,0,,0,,,,,363723.6703,5015276.423,45.27497519,-75.74900617,4730
20--5107,2020/06/24,Unknown,MCEWEN AVE btwn AMBLESIDE DR & END (__3ZAZ44),__3ZAZ44,01 - Non intersection,03 - P.D. only,06 - SMV unattended vehicle,01 - Clear,00 - Unknown,01 - Dry,10 - No control,,1,0,0,0,,0,,,,,360925.4828,5026130.91,45.37287289,-75.78343648,4731
20--5108,2020/06/24,Unknown,DRUMMOND ST btwn HAZEL ST & END (__3ZA966),__3ZA966,01 - Non intersection,03 - P.D. only,06 - SMV unattended vehicle,01 - Clear,00 - Unknown,01 - Dry,10 - No control,,1,0,0,0,,0,,,,,369019.186,5030115.854,45.40803319,-75.67959418,4732
20--5109,2020/06/24,12:19 PM,GREENBANK RD btwn BATEMAN DR/BELLMAN DR & GREENBANK SQUARE SC (__3ZA4YOA),__3ZA4YOA,01 - Non intersection,03 - P.D. only,03 - Rear end,01 - Clear,01 - Daylight,01 - Dry,10 - No control,,4,0,0,0,,0,,,,,361336.6279,5020829.972,45.32514221,-75.77879376,4733
20--511,2020/01/12,7:47 AM,HIGHWAY 417 btwn HWY417 IC122 RAMP61 & HWY417 IC121B RAMP16 (__3ZA2Y4),__3ZA2Y4,01 - Non intersection,03 - P.D. only,04 - Sideswipe,02 - Rain,03 - Dawn,03 - Loose snow,10 - No control,,2,0,0,0,,0,,,,,365825.4234,5029216.886,45.40023025,-75.72050214,4734
20--5110,2020/06/24,12:30 PM,BLUE WILLOW CRES btwn DES GRANDS CHAMPS & LONGWATER ST (__30XHQS),__30XHQS,04 - At/near private drive,03 - P.D. only,06 - SMV unattended vehicle,01 - Clear,01 - Daylight,01 - Dry,10 - No control,,1,0,0,0,,0,,,,,380789.1198,5033263.594,45.43517538,-75.52876676,4735
20--5111,2020/06/24,3:30 PM,HIGHWAY 417 btwn HWY417 IC122 RAMP61 & HWY417 IC121B RAMP16 (__3ZA2Y4),__3ZA2Y4,01 - Non intersection,03 - P.D. only,03 - Rear end,01 - Clear,01 - Daylight,01 - Dry,10 - No control,,2,0,0,0,,0,,,,,365948.377,5029289.884,45.40087634,-75.71892271,4736
20--5112,2020/06/24,3:54 PM,KING EDWARD AVE @ MURRAY ST (0002713),2713,02 - Intersection related,03 - P.D. only,04 - Sideswipe,01 - Clear,01 - Daylight,01 - Dry,01 - Traffic signal,01 - Functioning,2,0,0,0,,0,,,,,368291.7037,5032753.58,45.43183292,-75.68854698,4737
20--5113,2020/06/24,3:55 PM,WEST HUNT CLUB RD @ ROYDON PL/SUNDERLAND ST (0009775),9775,03 - At intersection,02 - Non-fatal injury,02 - Angle,01 - Clear,01 - Daylight,01 - Dry,01 - Traffic signal,01 - Functioning,3,0,0,0,02 - Minor,2,1,1,,,365973.7094,5022169.494,45.33680624,-75.71948086,4738
20--5114,2020/06/24,4:00 PM,HIGHLAND AVE btwn KENWOOD AVE & PRINCETON AVE (__3ZA07V),__3ZA07V,04 - At/near private drive,03 - P.D. only,06 - SMV unattended vehicle,01 - Clear,01 - Daylight,01 - Dry,10 - No control,,1,0,0,0,,0,,,,,362860.8386,5027637.699,45.3862731,-75.75855232,4739
20--5115,2020/06/24,4:26 PM,BANK ST btwn CECIL AVE & HERON RD (__3ZA3AC),__3ZA3AC,01 - Non intersection,03 - P.D. only,04 - Sideswipe,01 - Clear,01 - Daylight,01 - Dry,10 - No control,,2,0,0,0,,0,,,,,369978.4105,5026898.37,45.37899472,-75.66776634,4740
20--5116,2020/06/24,4:30 PM,INDIAN CREEK RD @ SAUMURE RD (0012911),12911,02 - Intersection related,03 - P.D. only,03 - Rear end,01 - Clear,01 - Daylight,01 - Dry,02 - Stop sign,01 - Functioning,2,0,0,0,,0,,,,,401821.9178,5025206.439,45.36008746,-75.26158311,4741