Anom_ID,Accident_Date,Accident_Time,Location,Geo_ID,Accident_Location,Classification_of_Accident,Initial_Impact_Type,Environment_Condition,Light,Road_Surface_Condition,Traffic_Control,Traffic_Control_Condition,No__of_Vehicles,No__of_Bicycles,No__of_Motorcycles,No__of_Pedestrians,Max_Injury,No__of_Injuries,No__of_Minimal,No__of_Minor,No__of_Major,No__of_Fatal,X,Y,Latitude,Longitude,ObjectId
20--5117,2020/06/24,5:04 PM,EAGLESON RD @ 300 N OF MICHAEL COWPLAND/EAGLES (0012143),12143,02 - Intersection related,02 - Non-fatal injury,03 - Rear end,01 - Clear,01 - Daylight,01 - Dry,01 - Traffic signal,01 - Functioning,4,0,0,0,02 - Minor,2,1,1,,,354273.2115,5016903.494,45.2903444,-75.8692839,4742
20--5118,2020/06/24,5:25 PM,BOUNDARY RD @ CARTWRIGHT RD (0001648),1648,02 - Intersection related,03 - P.D. only,03 - Rear end,01 - Clear,01 - Daylight,01 - Dry,02 - Stop sign,00 - Unknown,2,0,0,0,,0,,,,,390896.8375,5014589.417,45.2659921,-75.4028516,4743
20--5119,2020/06/24,5:30 PM,FLAMBOROUGH WAY btwn WOLISTON CRES & WOLISTON CRES (__4OELN0),__4OELN0,01 - Non intersection,03 - P.D. only,05 - Turning movement,01 - Clear,01 - Daylight,01 - Dry,10 - No control,,2,0,0,0,,0,,,,,348967.0249,5024007.128,45.35461841,-75.93629352,4744
20--512,2020/01/12,8:20 AM,HIGHWAY 417 btwn HWY417 IC115 RAMP61 & REGIONAL ROAD 174 (__3ZA2XG),__3ZA2XG,01 - Non intersection,03 - P.D. only,07 - SMV other,04 - Freezing Rain,01 - Daylight,06 - Ice,10 - No control,,1,0,0,0,,0,,,,,373253.4244,5031717.29,45.42204083,-75.62528511,4745
20--5120,2020/06/24,6:07 AM,DUNROBIN RD btwn KILMAURS SIDE RD & CONSTANCE BAY RD (__3ZA4EA),__3ZA4EA,01 - Non intersection,03 - P.D. only,07 - SMV other,01 - Clear,01 - Daylight,01 - Dry,10 - No control,,1,0,0,0,,0,,,,,336189.3016,5037810.638,45.47951558,-76.09849226,4746
20--5121,2020/06/24,6:30 AM,HIGHWAY 417 btwn HWY417 IC123 RAMP62 & HWY417 IC122 RAMP16 (__3ZA2R9),__3ZA2R9,01 - Non intersection,03 - P.D. only,04 - Sideswipe,01 - Clear,01 - Daylight,01 - Dry,10 - No control,,2,0,0,0,,0,,,,,365026.935,5028529.318,45.39411281,-75.73078451,4747
20--5122,2020/06/24,6:32 PM,TRIM RD @ SPRINGRIDGE DR N (0013165),13165,03 - At intersection,02 - Non-fatal injury,05 - Turning movement,01 - Clear,01 - Daylight,01 - Dry,02 - Stop sign,00 - Unknown,2,0,1,0,03 - Major,2,,1,1,,385392.2197,5038359.155,45.48050501,-75.46910771,4748
20--5123,2020/06/24,6:47 AM,BOUNDARY RD @ INDCUM RD (0009366),9366,03 - At intersection,03 - P.D. only,02 - Angle,01 - Clear,01 - Daylight,01 - Dry,02 - Stop sign,01 - Functioning,2,0,0,0,,0,,,,,387908.4955,5022577.394,45.33822102,-75.43958688,4749
20--5124,2020/06/24,7:30 AM,HIGHWAY 417 btwn HWY417 IC104 RAMP15 & HWY417 IC96 RAMP51 (__3ZA2W4),__3ZA2W4,01 - Non intersection,02 - Non-fatal injury,04 - Sideswipe,01 - Clear,01 - Daylight,01 - Dry,10 - No control,,3,0,0,0,02 - Minor,1,,1,,,380739.2423,5025754.356,45.36761794,-75.53056041,4750
20--5125,2020/06/24,7:51 AM,KING EDWARD AVE @ ST. PATRICK ST (0002714),2714,02 - Intersection related,03 - P.D. only,03 - Rear end,01 - Clear,01 - Daylight,01 - Dry,01 - Traffic signal,01 - Functioning,3,0,0,0,,0,,,,,368248.6996,5032823.589,45.43246674,-75.68908751,4751
20--5126,2020/06/24,8:44 AM,BASELINE RD/HWY 416 RICHMOND IC75R53 @ RICHMON (0000148),148,02 - Intersection related,02 - Non-fatal injury,03 - Rear end,01 - Clear,01 - Daylight,01 - Dry,01 - Traffic signal,01 - Functioning,2,0,0,0,02 - Minor,1,,1,,,358635.6635,5021821.479,45.33427621,-75.81313808,4752
20--5127,2020/06/24,9:10 PM,HIGHWAY 417 btwn HWY417 IC127 RAMP25 & HWY417 IC126 RAMP51 (__3ZA2XA),__3ZA2XA,01 - Non intersection,03 - P.D. only,03 - Rear end,01 - Clear,05 - Dusk,01 - Dry,10 - No control,,2,0,0,0,,0,,,,,362425.7339,5025062.208,45.36313505,-75.76440874,4753
20--5128,2020/06/24,9:13 PM,HUNT CLUB RD btwn PAUL ANKA DR & GIBFORD DR (__3ZAZYD),__3ZAZYD,01 - Non intersection,03 - P.D. only,03 - Rear end,01 - Clear,05 - Dusk,01 - Dry,10 - No control,,2,0,0,0,,0,,,,,369897.9212,5022968.487,45.34364227,-75.6693116,4754
20--5129,2020/06/24,9:30 PM,JAMIE AVE @ SUNDERLAND ST (0004576),4576,03 - At intersection,03 - P.D. only,02 - Angle,01 - Clear,07 - Dark,01 - Dry,02 - Stop sign,01 - Functioning,2,0,0,0,,0,,,,,366064.6983,5022022.504,45.33547571,-75.71833823,4755
20--513,2020/01/12,9:45 AM,ALTA VISTA DR @ RANDALL AVE (0008072),8072,02 - Intersection related,02 - Non-fatal injury,03 - Rear end,03 - Snow,01 - Daylight,03 - Loose snow,01 - Traffic signal,01 - Functioning,2,0,0,0,02 - Minor,2,1,1,,,370408.7112,5027366.537,45.38316696,-75.6622104,4756
20--5130,2020/06/25,1:07 AM,HAWTHORNE RD btwn BLAIS RD & RIDEAU RD (__3ZA6GZ),__3ZA6GZ,01 - Non intersection,03 - P.D. only,07 - SMV other,01 - Clear,07 - Dark,01 - Dry,10 - No control,,1,0,0,0,,0,,,,,377991.4681,5020446.631,45.32015409,-75.56641902,4757
20--5131,2020/06/25,1:30 PM,FERNBANK RD @ LIARD ST (0000296),296,03 - At intersection,03 - P.D. only,07 - SMV other,01 - Clear,01 - Daylight,01 - Dry,02 - Stop sign,01 - Functioning,1,0,1,0,,0,,,,,351492.5758,5012637.409,45.2521471,-75.9051324,4758
20--5132,2020/06/25,1:38 PM,DUMAURIER AVE @ PINECREST RD (0002743),2743,02 - Intersection related,03 - P.D. only,03 - Rear end,01 - Clear,01 - Daylight,01 - Dry,01 - Traffic signal,01 - Functioning,2,0,0,0,,0,,,,,360321.6855,5023834.494,45.35225792,-75.79140267,4759
20--5133,2020/06/25,10:00 AM,FALLOWFIELD RD @ WOODROFFE AVE (0010372),10372,02 - Intersection related,03 - P.D. only,03 - Rear end,01 - Clear,01 - Daylight,01 - Dry,01 - Traffic signal,01 - Functioning,2,0,0,0,,0,,,,,365085.1502,5017903.196,45.29849538,-75.73133623,4760
20--5134,2020/06/25,10:30 PM,HERON RD WB btwn BRONSON AVE RAMP 26 & BRONSON AVE RAMP 62 (__5FD69N),__5FD69N,01 - Non intersection,03 - P.D. only,99 - Other,01 - Clear,07 - Dark,01 - Dry,10 - No control,,2,0,0,0,,0,,,,,368753.8253,5026718.919,45.37749292,-75.68342414,4761
20--5135,2020/06/25,11:43 AM,HAWTHORNE RD/RUSSELL RD @ WALKLEY RD (0002618),2618,02 - Intersection related,03 - P.D. only,03 - Rear end,01 - Clear,01 - Daylight,01 - Dry,01 - Traffic signal,01 - Functioning,3,0,0,0,,0,,,,,374674.741,5028499.545,45.39294869,-75.60758141,4762
20--5136,2020/06/25,2:37 PM,ST. JOSEPH BLVD @ JEANNE D'ARC BLVD (0012421),12421,03 - At intersection,03 - P.D. only,04 - Sideswipe,01 - Clear,01 - Daylight,01 - Dry,11 - Roundabout,01 - Functioning,2,0,0,0,,0,,,,,379860.7421,5036471.577,45.46413868,-75.54014139,4763
20--5137,2020/06/25,2:40 PM,CYRVILLE RD @ INNES RD (0009352),9352,02 - Intersection related,03 - P.D. only,03 - Rear end,01 - Clear,01 - Daylight,01 - Dry,01 - Traffic signal,00 - Unknown,2,0,0,0,,0,,,,,375047.7252,5031119.556,45.41648487,-75.60244511,4764
20--5138,2020/06/25,2:55 PM,OAKFIELD CRES btwn DEERCROFT AVE & CLARIDGE DR (__4VGUN3),__4VGUN3,01 - Non intersection,03 - P.D. only,06 - SMV unattended vehicle,01 - Clear,01 - Daylight,01 - Dry,10 - No control,,1,0,0,0,,0,,,,,364730.5643,5015348.822,45.27554153,-75.73616551,4765
20--5139,2020/06/25,3:24 PM,BASELINE RD @ CLYDE AVE (0002343),2343,02 - Intersection related,03 - P.D. only,03 - Rear end,01 - Clear,01 - Daylight,01 - Dry,01 - Traffic signal,01 - Functioning,2,0,0,0,,0,,,,,364358.7133,5024890.518,45.36142864,-75.73975714,4766
20--514,2020/01/12,9:47 PM,BARNSDALE RD S @ MOODIE DR (0010279),10279,02 - Intersection related,03 - P.D. only,07 - SMV other,01 - Clear,07 - Dark,06 - Ice,02 - Stop sign,01 - Functioning,1,0,0,0,,0,,,,,361949.661,5008824.378,45.21706541,-75.77235601,4767
20--5140,2020/06/25,3:40 PM,WOODROFFE AVE btwn FOX CRES & GEORGINA DR (__3ZA4MF),__3ZA4MF,01 - Non intersection,03 - P.D. only,03 - Rear end,01 - Clear,01 - Daylight,01 - Dry,10 - No control,,3,0,0,0,,0,,,,,361813.3986,5025603.126,45.36805226,-75.77216214,4768
20--5141,2020/06/25,3:41 PM,TERRY FOX DR @ PALLADIUM DR/KATIMAVIK RD (0011858),11858,02 - Intersection related,03 - P.D. only,03 - Rear end,01 - Clear,01 - Daylight,01 - Dry,01 - Traffic signal,01 - Functioning,2,0,0,0,,0,,,,,351269.7179,5018181.785,45.30205184,-75.90745245,4769
20--5142,2020/06/25,4:22 PM,CYRVILLE RD @ MEADOWBROOK RD (0012477),12477,03 - At intersection,02 - Non-fatal injury,05 - Turning movement,01 - Clear,01 - Daylight,01 - Dry,01 - Traffic signal,01 - Functioning,2,0,1,0,02 - Minor,1,,1,,,374629.7326,5031242.555,45.41763339,-75.60776771,4770
20--5143,2020/06/25,5:14 PM,KANATA AVE/CASTLEFRANK RD @ AIRD PL (0011976),11976,02 - Intersection related,03 - P.D. only,03 - Rear end,01 - Clear,01 - Daylight,01 - Dry,01 - Traffic signal,01 - Functioning,2,0,0,0,,0,,,,,351811.2834,5019070.041,45.31000855,-75.90046293,4771
20--5144,2020/06/25,6:43 PM,HERON RD @ FINN CRT (0012186),12186,03 - At intersection,03 - P.D. only,07 - SMV other,01 - Clear,01 - Daylight,01 - Dry,01 - Traffic signal,01 - Functioning,1,0,0,0,,0,,,,,370831.495,5026945.114,45.37933542,-75.65686862,4772
20--5368,2020/07/06,11:15 AM,WEST HUNT CLUB RD EB btwn MERIVALE RD & SUNDERLAND ST (__3ZA3JQ),__3ZA3JQ,01 - Non intersection,03 - P.D. only,04 - Sideswipe,01 - Clear,01 - Daylight,01 - Dry,10 - No control,,2,0,0,0,,0,,,,,365634.7289,5021943.147,45.33479908,-75.72383336,4773
20--4738,2020/06/06,12:47 PM,DONALD ST @ ST. LAURENT BLVD (0008630),8630,02 - Intersection related,02 - Non-fatal injury,03 - Rear end,01 - Clear,01 - Daylight,01 - Dry,01 - Traffic signal,01 - Functioning,2,0,0,0,02 - Minor,3,1,2,,,372093.7186,5032472.575,45.42894905,-75.63999924,4774
20--5145,2020/06/25,7:20 PM,WOODROFFE AVE btwn GRENFELL CRES & 260 N OF FALLOWFIELD RD/TRANSITWAY  (__3ZA3IO),__3ZA3IO,01 - Non intersection,02 - Non-fatal injury,04 - Sideswipe,01 - Clear,01 - Daylight,01 - Dry,10 - No control,,2,0,0,0,01 - Minimal,1,1,,,,364586.032,5019140.834,45.30967423,-75.73755038,4775
20--5146,2020/06/25,7:42 AM,PRINCE OF WALES DR @ STRANDHERD DR (0013339),13339,02 - Intersection related,03 - P.D. only,06 - SMV unattended vehicle,01 - Clear,01 - Daylight,01 - Dry,01 - Traffic signal,01 - Functioning,1,0,0,0,,0,,,,,367175.2837,5014824.188,45.27060829,-75.70507563,4776
20--5147,2020/06/25,7:45 AM,ROCKCLIFFE PKWY btwn GL/OT BOUNDARY & ST. JOSEPH BLVD (__3ZA21V),__3ZA21V,01 - Non intersection,03 - P.D. only,05 - Turning movement,01 - Clear,01 - Daylight,01 - Dry,10 - No control,,2,0,0,0,,0,,,,,377085.2302,5035430.717,45.45506644,-75.57578225,4777
20--5148,2020/06/25,8:20 AM,BUTTONFIELD PL @ RAYMOND LABROSSE ST (0004271),4271,02 - Intersection related,03 - P.D. only,02 - Angle,01 - Clear,01 - Daylight,01 - Dry,02 - Stop sign,01 - Functioning,2,0,0,0,,0,,,,,380759.7163,5034286.559,45.44438243,-75.52898464,4778
20--5149,2020/06/25,9:28 PM,STRANDHERD DR btwn JOCKVALE RD & 215 W OF GREENBANK RD/BARRHAVEN MALL  (__3ZAZMMA),__3ZAZMMA,01 - Non intersection,03 - P.D. only,04 - Sideswipe,01 - Clear,07 - Dark,01 - Dry,10 - No control,,2,0,0,0,,0,,,,,363569.0341,5014582.583,45.26874494,-75.75105899,4779
20--515,2020/01/12,9:51 AM,COLONEL BY DR btwn CLEGG ST & ECHO DR S (__3ZBPHH),__3ZBPHH,01 - Non intersection,03 - P.D. only,07 - SMV other,01 - Clear,01 - Daylight,04 - Slush,10 - No control,,1,0,0,0,,0,,,,,368644.6709,5028777.55,45.39602583,-75.68455141,4780
20--5150,2020/06/26,1:19 PM,RIVERSIDE DR @ SMYTH RD SOUTH SIDE RAMP (0011480),11480,03 - At intersection,02 - Non-fatal injury,99 - Other,01 - Clear,01 - Daylight,01 - Dry,01 - Traffic signal,01 - Functioning,2,1,0,0,02 - Minor,1,,1,,,369788.439,5028997.985,45.397904,-75.66991526,4781
20--5151,2020/06/26,1:55 PM,TENTH LINE RD @ CHARLEMAGNE BLVD N/TOMPKINS AV (0009222),9222,03 - At intersection,02 - Non-fatal injury,05 - Turning movement,01 - Clear,01 - Daylight,01 - Dry,01 - Traffic signal,01 - Functioning,3,0,0,0,02 - Minor,3,1,2,,,383183.927,5037977.885,45.47732611,-75.49741143,4782
20--5152,2020/06/26,1:56 PM,RICHMOND RD @ STONEHAVEN DR (0010370),10370,02 - Intersection related,03 - P.D. only,03 - Rear end,01 - Clear,01 - Daylight,01 - Dry,11 - Roundabout,00 - Unknown,3,0,0,0,,0,,,,,356781.0224,5015891.085,45.28105355,-75.83742089,4783
20--5153,2020/06/26,10:24 PM,EAGLESON RD btwn FLEWELLYN RD & FAULKNER TR (__3ZA41A),__3ZA41A,01 - Non intersection,03 - P.D. only,07 - SMV other,01 - Clear,07 - Dark,01 - Dry,10 - No control,,1,0,0,0,,0,,,,,355456.6062,5013920.595,45.26341933,-75.85450258,4784
20--5154,2020/06/26,10:59 AM,CARLING AVE @ REC PATH/525M E OF HOLLY ACRES (0014369),14369,03 - At intersection,03 - P.D. only,02 - Angle,01 - Clear,01 - Daylight,01 - Dry,13 - MPS,01 - Functioning,2,1,0,0,,0,,,,,358675.9685,5023773.639,45.35183872,-75.81241128,4785
20--5155,2020/06/26,11:10 AM,SAUNDERSON DR @ WINGATE DR (0008362),8362,02 - Intersection related,03 - P.D. only,03 - Rear end,01 - Clear,01 - Daylight,01 - Dry,02 - Stop sign,01 - Functioning,2,0,0,0,,0,,,,,373052.7364,5029060.538,45.39815623,-75.6282171,4786
20--5156,2020/06/26,11:30 AM,ESPRIT DR btwn VISTAPARK DR & Continuation of ESPRIT DR (__5Z1RZ5),__5Z1RZ5,01 - Non intersection,03 - P.D. only,04 - Sideswipe,01 - Clear,01 - Daylight,01 - Dry,10 - No control,,2,0,0,0,,0,,,,,385423.8497,5035124.598,45.45139995,-75.46923375,4787
20--5157,2020/06/26,Unknown,GRASSY PLAINS DR btwn CROWNRIDGE DR & FARMFIELD CRES (__3ZAZTX),__3ZAZTX,01 - Non intersection,03 - P.D. only,06 - SMV unattended vehicle,01 - Clear,00 - Unknown,01 - Dry,10 - No control,,1,0,0,0,,0,,,,,355978.1829,5015551.931,45.27806069,-75.84768863,4788
20--5158,2020/06/26,12:06 PM,BRONSON AVE @ FIRST AVE (0007719),7719,03 - At intersection,03 - P.D. only,02 - Angle,01 - Clear,01 - Daylight,01 - Dry,02 - Stop sign,01 - Functioning,4,0,0,0,,0,,,,,367489.7082,5029236.57,45.40026031,-75.69924324,4789
20--5159,2020/06/26,12:38 PM,BANK ST btwn GREY'S CREEK RD & CENOTE RD (__3ZA28I),__3ZA28I,04 - At/near private drive,03 - P.D. only,05 - Turning movement,01 - Clear,01 - Daylight,01 - Dry,10 - No control,,2,0,1,0,,0,,,,,380627.6887,5012674.707,45.24994648,-75.53398556,4790
20--516,2020/01/13,1:03 PM,BANK ST @ 80 S OF HUNT CLUB RD/TOWNGATE PLAZA  (0008230),8230,03 - At intersection,02 - Non-fatal injury,05 - Turning movement,01 - Clear,01 - Daylight,04 - Slush,01 - Traffic signal,00 - Unknown,2,0,0,0,02 - Minor,1,,1,,,371689.02,5024095.129,45.35361092,-75.64630624,4791
20--5160,2020/06/26,12:59 PM,BANK ST @ SECOND AVE (0007231),7231,03 - At intersection,02 - Non-fatal injury,07 - SMV other,01 - Clear,01 - Daylight,01 - Dry,02 - Stop sign,00 - Unknown,1,0,0,2,02 - Minor,2,,2,,,368305.7045,5029628.556,45.40371374,-75.68877081,4792
20--5161,2020/06/26,2:15 PM,JOHN ST btwn THOMAS ST & CHARLES ST (__3ZA8A7),__3ZA8A7,01 - Non intersection,03 - P.D. only,06 - SMV unattended vehicle,01 - Clear,01 - Daylight,01 - Dry,10 - No control,,1,0,0,0,,0,,,,,367995.5458,5033886.011,45.44204895,-75.69218625,4793
20--5162,2020/06/26,2:28 PM,TERRY FOX DR @ PALLADIUM DR/KATIMAVIK RD (0011858),11858,02 - Intersection related,03 - P.D. only,03 - Rear end,01 - Clear,01 - Daylight,01 - Dry,01 - Traffic signal,01 - Functioning,2,0,0,0,,0,,,,,351269.6963,5018181.787,45.30205186,-75.90745272,4794
20--5163,2020/06/26,2:53 PM,LEROY ST btwn ELIZABETH ST & BUCKLES ST (__3ZA72C),__3ZA72C,01 - Non intersection,03 - P.D. only,07 - SMV other,01 - Clear,01 - Daylight,01 - Dry,10 - No control,,1,0,0,0,,0,,,,,375018.0415,5000055.498,45.13698313,-75.60721837,4795
20--5164,2020/06/26,3:41 PM,HOLLINGTON ST @ KINGSTON AVE (0003060),3060,02 - Intersection related,02 - Non-fatal injury,05 - Turning movement,01 - Clear,01 - Daylight,01 - Dry,02 - Stop sign,01 - Functioning,2,1,0,0,01 - Minimal,1,1,,,,365464.7034,5026627.532,45.37696314,-75.72542761,4796
20--5165,2020/06/26,3:45 PM,HAZELDEAN RD @ TERRY FOX DR (0003682),3682,02 - Intersection related,03 - P.D. only,03 - Rear end,01 - Clear,01 - Daylight,01 - Dry,01 - Traffic signal,01 - Functioning,2,0,0,0,,0,,,,,352207.5977,5017242.44,45.29353671,-75.89558377,4797
20--5166,2020/06/26,4:10 PM,ISLAND PARK DR @ RICHMOND RD (0002125),2125,03 - At intersection,03 - P.D. only,05 - Turning movement,01 - Clear,01 - Daylight,01 - Dry,01 - Traffic signal,01 - Functioning,2,0,0,0,,0,,,,,364130.7009,5028867.561,45.39723277,-75.74218948,4798
20--5167,2020/06/26,4:45 PM,RIVERSIDE DR @ SMYTH RD NORTH SIDE RAMP (0011479),11479,02 - Intersection related,03 - P.D. only,04 - Sideswipe,01 - Clear,01 - Daylight,01 - Dry,01 - Traffic signal,01 - Functioning,2,0,0,0,,0,,,,,369937.5615,5029316.741,45.4007582,-75.66796865,4799
20--5168,2020/06/26,4:49 PM,REGIONAL ROAD 174 btwn OR174 IC112 RAMP26 & OR174 IC112 RAMP61 (__3ZA2XF),__3ZA2XF,01 - Non intersection,02 - Non-fatal injury,07 - SMV other,01 - Clear,01 - Daylight,01 - Dry,10 - No control,,1,0,0,0,01 - Minimal,1,1,,,,375090.9544,5033063.701,45.43397287,-75.6016154,4800
20--5169,2020/06/26,4:58 PM,LACASSE AVE btwn BLAKE BLVD & MCARTHUR AVE (__3ZBOXM),__3ZBOXM,01 - Non intersection,03 - P.D. only,06 - SMV unattended vehicle,01 - Clear,01 - Daylight,01 - Dry,10 - No control,,1,0,0,0,,0,,,,,370817.7427,5032796.818,45.43198806,-75.6562607,4801
20--517,2020/01/13,1:23 PM,"OLD MONTREAL RD btwn Continuation of OLD MONTREAL RD & GRAND-CH-NE, CO (__3ZA2L8)",__3ZA2L8,01 - Non intersection,03 - P.D. only,07 - SMV other,02 - Rain,01 - Daylight,02 - Wet,10 - No control,,1,0,0,0,,0,,,,,385068.5614,5039600.92,45.49171446,-75.4730441,4802
20--5170,2020/06/26,5:12 PM,HUNT CLUB RD @ TRANSITWAY OFFRAMP (0010854),10854,02 - Intersection related,03 - P.D. only,03 - Rear end,01 - Clear,01 - Daylight,01 - Dry,02 - Stop sign,01 - Functioning,2,0,0,0,,0,,,,,371092.7317,5023747.504,45.35053973,-75.65396234,4803
20--5171,2020/06/26,6:10 PM,CYRVILLE RD @ INNES RD (0009352),9352,02 - Intersection related,03 - P.D. only,03 - Rear end,01 - Clear,01 - Daylight,01 - Dry,01 - Traffic signal,01 - Functioning,2,0,0,0,,0,,,,,375047.7197,5031119.581,45.4164851,-75.60244517,4804
20--5172,2020/06/26,6:15 AM,BLAIR RD @ OGILVIE RD (0004120),4120,02 - Intersection related,03 - P.D. only,03 - Rear end,01 - Clear,01 - Daylight,01 - Dry,01 - Traffic signal,01 - Functioning,2,0,0,0,,0,,,,,374507.73,5033198.573,45.43524476,-75.60904955,4805
20--5173,2020/06/26,6:15 AM,COLONEL BY DR/MACKENZIE AVE @ DALY AVE (0008541),8541,02 - Intersection related,03 - P.D. only,03 - Rear end,01 - Clear,01 - Daylight,01 - Dry,01 - Traffic signal,01 - Functioning,2,0,0,0,,0,,,,,368002.711,5031904.579,45.42422008,-75.69234902,4806
20--5174,2020/06/26,7:41 AM,HIGHWAY 417 btwn HWY417 IC163 RAMP61 & HWY417 IC155 RAMP36 (__3ZA2QB),__3ZA2QB,01 - Non intersection,03 - P.D. only,07 - SMV other,01 - Clear,01 - Daylight,01 - Dry,10 - No control,,1,0,0,0,,0,,,,,336799.6935,5020061.921,45.31977845,-76.09183634,4807
20--5175,2020/06/26,8:00 AM,GOLDRIDGE DR btwn CHELTONIA WAY & INSMILL CRES (2) (__3ZA47S),__3ZA47S,01 - Non intersection,03 - P.D. only,06 - SMV unattended vehicle,01 - Clear,01 - Daylight,01 - Dry,10 - No control,,1,0,0,0,,0,,,,,349765.6718,5019305.758,45.31226356,-75.92652798,4808
20--5176,2020/06/26,8:14 AM,BANK ST @ CATHERINE ST (0002708),2708,03 - At intersection,02 - Non-fatal injury,02 - Angle,01 - Clear,01 - Daylight,01 - Dry,01 - Traffic signal,01 - Functioning,2,0,0,0,02 - Minor,2,1,1,,,368039.7196,5030267.572,45.40948748,-75.69208623,4809
20--5177,2020/06/26,8:31 AM,MONTREAL RD @ VANIER PKWY (0004630),4630,03 - At intersection,02 - Non-fatal injury,07 - SMV other,01 - Clear,01 - Daylight,01 - Dry,01 - Traffic signal,01 - Functioning,1,0,0,1,02 - Minor,1,,1,,,370072.7102,5033065.604,45.43447642,-75.66574593,4810
20--5178,2020/06/26,9:46 PM,MAXIME ST @ RIDGEBROOK DR (0009440),9440,02 - Intersection related,03 - P.D. only,03 - Rear end,01 - Clear,07 - Dark,01 - Dry,02 - Stop sign,01 - Functioning,2,0,0,0,,0,,,,,374668.7408,5031649.568,45.42129159,-75.60721164,4811
20--5179,2020/06/27,1:02 PM,MOODIE DR btwn HADLEY CIRC & TYRRELL PL (__3ZA41X),__3ZA41X,04 - At/near private drive,02 - Non-fatal injury,03 - Rear end,01 - Clear,01 - Daylight,01 - Dry,10 - No control,,2,0,0,0,02 - Minor,3,,3,,,357172.1878,5020220.26,45.31997904,-75.83197791,4812
20--518,2020/01/13,10:12 AM,KING EDWARD AVE @ LAURIER AVE (0002170),2170,02 - Intersection related,03 - P.D. only,04 - Sideswipe,03 - Snow,01 - Daylight,02 - Wet,01 - Traffic signal,01 - Functioning,2,0,0,0,,0,,,,,368739.7075,5032034.583,45.42532283,-75.68291522,4813
20--5180,2020/06/27,1:43 AM,DWYER HILL RD btwn FALLOWFIELD RD & MCCAFFREY TR (__3ZA3F7),__3ZA3F7,01 - Non intersection,03 - P.D. only,07 - SMV other,01 - Clear,07 - Dark,01 - Dry,10 - No control,,1,0,0,0,,0,,,,,344914.3713,5002791.64,45.16395531,-75.98972848,4814
20--5181,2020/06/27,10:00 AM,ELGIN ST @ WELLINGTON ST W (0002113),2113,02 - Intersection related,03 - P.D. only,04 - Sideswipe,01 - Clear,01 - Daylight,01 - Dry,01 - Traffic signal,00 - Unknown,2,0,0,0,,0,,,,,367664.7071,5031877.584,45.42400764,-75.6966713,4815
20--4739,2020/06/06,12:55 PM,BASELINE RD @ WOODROFFE AVE (0002225),2225,02 - Intersection related,03 - P.D. only,03 - Rear end,01 - Clear,01 - Daylight,01 - Dry,01 - Traffic signal,01 - Functioning,2,0,0,0,,0,,,,,362549.6846,5023770.493,45.35150211,-75.76297755,4816
20--474,2020/01/12,1:05 PM,CLYDE AVE @ WOODWARD DR (0003329),3329,03 - At intersection,03 - P.D. only,02 - Angle,01 - Clear,01 - Daylight,04 - Slush,02 - Stop sign,01 - Functioning,2,0,0,0,,0,,,,,363731.6583,5026363.534,45.37473564,-75.74758484,4817
20--4740,2020/06/06,3:42 PM,LANARK AVE/WEST VILLAGE PRIV @ SCOTT ST (0011272),11272,03 - At intersection,02 - Non-fatal injury,05 - Turning movement,01 - Clear,01 - Daylight,01 - Dry,01 - Traffic signal,01 - Functioning,2,1,0,0,01 - Minimal,1,1,,,,363624.6902,5028913.555,45.39768931,-75.74864653,4818
20--4741,2020/06/06,6:29 PM,FALLOWFIELD RD btwn CONLEY RD & HUNTLEY RD (__3ZA3ER),__3ZA3ER,01 - Non intersection,03 - P.D. only,07 - SMV other,02 - Rain,01 - Daylight,02 - Wet,10 - No control,,1,0,0,0,,0,,,,,350663.8273,5008079.73,45.21118982,-75.91611028,4819
20--4742,2020/06/06,7:19 PM,GREENBANK RD btwn MARKETPLACE AVE & JOCKVALE RD (__3ZA4JE),__3ZA4JE,01 - Non intersection,03 - P.D. only,05 - Turning movement,01 - Clear,01 - Daylight,01 - Dry,10 - No control,,2,0,0,0,,0,,,,,364042.8614,5014517.972,45.26812381,-75.74502886,4820
20--4743,2020/06/07,10:28 PM,RIVERSIDE DR SB btwn SAN REMO PRIV & TERMINAL AVE (__3ZA253),__3ZA253,01 - Non intersection,02 - Non-fatal injury,07 - SMV other,01 - Clear,07 - Dark,01 - Dry,10 - No control,,1,0,1,0,03 - Major,1,,,1,,370583.7204,5030465.446,45.41103338,-75.6595626,4821
20--4744,2020/06/07,12:55 PM,RICHMOND RD @ WOODROFFE AVE (0011466),11466,02 - Intersection related,03 - P.D. only,03 - Rear end,01 - Clear,01 - Daylight,01 - Dry,01 - Traffic signal,01 - Functioning,2,0,0,0,,0,,,,,361584.6851,5026654.524,45.37753121,-75.7749608,4822