Anom_ID,Accident_Date,Accident_Time,Location,Geo_ID,Accident_Location,Classification_of_Accident,Initial_Impact_Type,Environment_Condition,Light,Road_Surface_Condition,Traffic_Control,Traffic_Control_Condition,No__of_Vehicles,No__of_Bicycles,No__of_Motorcycles,No__of_Pedestrians,Max_Injury,No__of_Injuries,No__of_Minimal,No__of_Minor,No__of_Major,No__of_Fatal,X,Y,Latitude,Longitude,ObjectId
20--4745,2020/06/07,4:06 PM,HIGHWAY 417 btwn HWY417 IC163 RAMP15 & HWY417 IC155 RAMP51 (__3ZAZNS),__3ZAZNS,01 - Non intersection,03 - P.D. only,07 - SMV other,01 - Clear,01 - Daylight,01 - Dry,10 - No control,,1,0,0,0,,0,,,,,337007.8421,5019964.55,45.31889274,-76.08918775,4823
20--4746,2020/06/07,4:57 PM,REGIONAL ROAD 174 btwn REGIONAL ROAD 174 & OR174 IC102 RAMP15 (__3ZA1QM),__3ZA1QM,01 - Non intersection,03 - P.D. only,07 - SMV other,01 - Clear,01 - Daylight,01 - Dry,10 - No control,,1,0,0,0,,0,,,,,381756.6121,5038329.353,45.48064708,-75.51561005,4824
20--4747,2020/06/07,6:11 AM,DEERCROFT AVE btwn KELTIE PRIV & LONGFIELDS DR (__4VGUPP),__4VGUPP,01 - Non intersection,03 - P.D. only,06 - SMV unattended vehicle,01 - Clear,01 - Daylight,01 - Dry,10 - No control,,1,0,0,0,,0,,,,,364435.0507,5015267.879,45.27483833,-75.73994131,4825
20--4748,2020/06/07,8:29 PM,NINTH LINE RD btwn RAMSAYVILLE RD & ANDERSON RD (__3ZA6G3),__3ZA6G3,01 - Non intersection,03 - P.D. only,07 - SMV other,01 - Clear,05 - Dusk,01 - Dry,10 - No control,,1,0,1,0,,0,,,,,380618.3198,5020256.396,45.31816369,-75.5329465,4826
20--4749,2020/06/07,8:29 PM,NINTH LINE RD btwn RAMSAYVILLE RD & ANDERSON RD (__3ZA6G3),__3ZA6G3,01 - Non intersection,03 - P.D. only,07 - SMV other,01 - Clear,05 - Dusk,01 - Dry,10 - No control,,1,0,1,0,,0,,,,,380617.0611,5020255.647,45.31815709,-75.53296267,4827
20--475,2020/01/12,1:13 AM,CYRVILLE RD btwn STAR TOP RD & MEADOWBROOK RD (__3ZA3SN),__3ZA3SN,01 - Non intersection,02 - Non-fatal injury,07 - SMV other,04 - Freezing Rain,07 - Dark,06 - Ice,10 - No control,,1,0,0,0,01 - Minimal,1,1,,,,374015.9787,5031446.933,45.41953327,-75.61558015,4828
20--4750,2020/06/07,9:20 PM,WOODROFFE AVE btwn GEORGINA DR & HWY417 IC127 RAMP36 (__3ZA4L6),__3ZA4L6,01 - Non intersection,03 - P.D. only,05 - Turning movement,01 - Clear,07 - Dark,01 - Dry,10 - No control,,2,0,0,0,,0,,,,,362027.2765,5025077.984,45.36330964,-75.7694928,4829
20--4751,2020/06/08,1:23 PM,CENTRAL PARK DR S @ MERIVALE RD (0009113),9113,03 - At intersection,03 - P.D. only,05 - Turning movement,01 - Clear,01 - Daylight,01 - Dry,01 - Traffic signal,01 - Functioning,2,0,0,0,,0,,,,,364987.2055,5025598.491,45.36774519,-75.73164918,4830
20--4752,2020/06/08,1:52 PM,HIGHWAY 417 btwn HWY417 IC126 RAMP51 & HWY417 IC126 RAMP25 (__3ZA2RD),__3ZA2RD,01 - Non intersection,03 - P.D. only,03 - Rear end,01 - Clear,01 - Daylight,01 - Dry,10 - No control,,2,0,0,0,,0,,,,,363257.3084,5025951.109,45.37106442,-75.75368944,4831
20--4753,2020/06/08,10:00 PM,KINBURN SIDE RD btwn FARMVIEW RD & MOHRS RD (__3ZA4RZ),__3ZA4RZ,01 - Non intersection,03 - P.D. only,07 - SMV other,01 - Clear,07 - Dark,01 - Dry,10 - No control,,1,0,0,0,,0,,,,,328063.2333,5027029.167,45.38281741,-76.20294238,4832
20--4754,2020/06/08,10:50 AM,HWY 417 NICHOLAS IC118R36 @ HWY 417 NICHOLAS I (0002511),2511,02 - Intersection related,03 - P.D. only,04 - Sideswipe,01 - Clear,01 - Daylight,01 - Dry,10 - No control,,2,0,0,0,,0,,,,,369322.8544,5031169.215,45.41748302,-75.6755773,4833
20--4755,2020/06/08,11:28 PM,JINKINSON RD btwn FERNBANK RD & HAZELDEAN RD (__7JQ7K3),__7JQ7K3,01 - Non intersection,03 - P.D. only,07 - SMV other,01 - Clear,07 - Dark,01 - Dry,10 - No control,,1,0,0,0,,0,,,,,345567.3038,5008046.034,45.21119988,-75.98099374,4834
20--4756,2020/06/08,11:30 AM,BIG DIPPER ST @ CAPRICORN CIRC (0019454),19454,03 - At intersection,03 - P.D. only,05 - Turning movement,01 - Clear,01 - Daylight,01 - Dry,02 - Stop sign,01 - Functioning,2,0,0,0,,0,,,,,367763.2438,5013797.279,45.26131585,-75.69771344,4835
20--4757,2020/06/08,11:57 AM,INDUSTRIAL AVE @ TRAINYARDS DR (0011906),11906,02 - Intersection related,03 - P.D. only,03 - Rear end,01 - Clear,01 - Daylight,01 - Dry,01 - Traffic signal,00 - Unknown,2,0,0,0,,0,,,,,371685.949,5030539.482,45.41159505,-75.6454723,4836
20--4758,2020/06/08,Unknown,LAMPLIGHTERS DR btwn FOSTERBROOK WAY & BELLISTER AVE (__6NDG5R),__6NDG5R,01 - Non intersection,03 - P.D. only,06 - SMV unattended vehicle,01 - Clear,00 - Unknown,01 - Dry,10 - No control,,1,0,0,0,,0,,,,,361598.0222,5014681.142,45.26979372,-75.77616386,4837
20--4759,2020/06/08,12:15 PM,BLAIR RD btwn BEAVERPOND DR & INNES RD (__3ZA2EZ),__3ZA2EZ,01 - Non intersection,03 - P.D. only,03 - Rear end,01 - Clear,01 - Daylight,01 - Dry,10 - No control,,3,0,0,0,,0,,,,,375560.1557,5031486.145,45.4197316,-75.59584596,4838
20--476,2020/01/12,1:48 PM,FOURTH AVE btwn BANK ST & O'CONNOR ST (__3ZA924),__3ZA924,04 - At/near private drive,03 - P.D. only,04 - Sideswipe,03 - Snow,01 - Daylight,05 - Packed snow,10 - No control,,2,0,0,0,,0,,,,,368510.1961,5029561.318,45.40309017,-75.68616756,4839
20--4760,2020/06/08,2:43 PM,HIGHWAY 417 btwn RAMP & HWY417 IC129 RAMP76 (__3ZA2X8),__3ZA2X8,01 - Non intersection,02 - Non-fatal injury,07 - SMV other,01 - Clear,01 - Daylight,01 - Dry,10 - No control,,1,0,0,0,02 - Minor,1,,1,,,359979.815,5023213.857,45.34670042,-75.79583472,4840
20--4761,2020/06/08,2:55 PM,HWY417 IC104 RAMP61 btwn ANDERSON RD & HIGHWAY 417 (__3ZAY0E),__3ZAY0E,01 - Non intersection,02 - Non-fatal injury,07 - SMV other,01 - Clear,01 - Daylight,01 - Dry,10 - No control,,1,0,0,0,02 - Minor,1,,1,,,380046.2182,5026260.511,45.37224675,-75.5393292,4841
20--4762,2020/06/08,3:55 PM,DWYER HILL RD btwn PADEN RD & DONNELLY DR (__3ZA4ZU),__3ZA4ZU,01 - Non intersection,03 - P.D. only,07 - SMV other,01 - Clear,01 - Daylight,01 - Dry,10 - No control,,1,0,0,0,,0,,,,,359814.3338,4983108.805,44.9858365,-75.80236537,4842
20--4763,2020/06/08,4:15 PM,OTTAWA RIVER PKWY @ ISLAND PARK DR (0002127),2127,02 - Intersection related,02 - Non-fatal injury,03 - Rear end,01 - Clear,01 - Daylight,01 - Dry,01 - Traffic signal,01 - Functioning,3,0,0,0,01 - Minimal,3,3,,,,363298.7035,5029453.569,45.40257557,-75.75274587,4843
20--4764,2020/06/08,4:17 AM,VANIER PKWY/CRICHTON ST @ BEECHWOOD AVE/ST. PA (0001604),1604,02 - Intersection related,03 - P.D. only,03 - Rear end,01 - Clear,07 - Dark,01 - Dry,01 - Traffic signal,01 - Functioning,2,0,0,0,,0,,,,,369127.8,5033487.123,45.43835664,-75.67776654,4844
20--4765,2020/06/08,4:54 PM,TERRY FOX DR btwn COPE DR & TRANS CANADA TRAIL (__355BDZB),__355BDZB,01 - Non intersection,03 - P.D. only,03 - Rear end,01 - Clear,01 - Daylight,01 - Dry,10 - No control,,2,0,0,0,,0,,,,,353450.2025,5015767.462,45.28017956,-75.87988691,4845
20--4766,2020/06/08,6:54 AM,HIGHWAY 417 btwn HWY417 IC129 RAMP25 & TRANSIT (__3ZA2SH),__3ZA2SH,01 - Non intersection,02 - Non-fatal injury,03 - Rear end,01 - Clear,01 - Daylight,01 - Dry,10 - No control,,2,0,0,0,02 - Minor,1,,1,,,360993.1921,5023946.739,45.35321441,-75.78282046,4846
20--4767,2020/06/08,7:15 PM,RIVERSIDE DR btwn MOONEY'S BAY PL & WALKLEY RD (__3ZA36Q),__3ZA36Q,01 - Non intersection,03 - P.D. only,03 - Rear end,01 - Clear,01 - Daylight,01 - Dry,10 - No control,,2,0,0,0,,0,,,,,368429.1845,5024957.292,45.36167183,-75.68779571,4847
20--4768,2020/06/08,7:43 AM,HIGHWAY 417 btwn HWY417 IC129 RAMP25 & TRANSIT (__3ZA2SH),__3ZA2SH,01 - Non intersection,03 - P.D. only,03 - Rear end,01 - Clear,01 - Daylight,01 - Dry,10 - No control,,3,0,0,0,,0,,,,,361493.1401,5024330.479,45.35662704,-75.77639625,4848
20--4769,2020/06/08,8:53 AM,LANCASTER RD @ WALKLEY RD (0003130),3130,02 - Intersection related,03 - P.D. only,03 - Rear end,01 - Clear,01 - Daylight,01 - Dry,01 - Traffic signal,01 - Functioning,2,0,0,0,,0,,,,,374908.7498,5028602.548,45.39385207,-75.60457845,4849
20--477,2020/01/12,1:52 PM,MICHAEL ST btwn PARISIEN ST & PARISIEN ST (__3ZA409),__3ZA409,01 - Non intersection,03 - P.D. only,06 - SMV unattended vehicle,03 - Snow,01 - Daylight,03 - Loose snow,10 - No control,,1,0,0,0,,0,,,,,372808.8908,5031485.532,45.41999894,-75.63099681,4850
20--4770,2020/06/08,9:15 PM,RIVERSIDE DR btwn MOONEY'S BAY PL & WALKLEY RD (__3ZA36Q),__3ZA36Q,01 - Non intersection,03 - P.D. only,04 - Sideswipe,01 - Clear,05 - Dusk,01 - Dry,10 - No control,,2,0,0,0,,0,,,,,368419.3542,5024856.582,45.36076655,-75.68793414,4851
20--4771,2020/06/09,11:54 AM,INNES RD btwn CYRVILLE RD & STONEHENGE CRES (__3ZA3RE),__3ZA3RE,01 - Non intersection,02 - Non-fatal injury,03 - Rear end,01 - Clear,01 - Daylight,01 - Dry,10 - No control,,3,0,0,0,01 - Minimal,1,1,,,,375092.4924,5031150.518,45.41675896,-75.60186877,4852
20--4772,2020/06/09,Unknown,EMERALD POND PRIV btwn HIDDEN MEADOW AVE & MEANDERING BROOK DR (__589XOR),__589XOR,01 - Non intersection,03 - P.D. only,06 - SMV unattended vehicle,01 - Clear,00 - Unknown,01 - Dry,10 - No control,,1,0,0,0,,0,,,,,373050.3894,5022924.589,45.34294765,-75.62909484,4853
20--4773,2020/06/09,12:35 PM,BASELINE RD @ WOODROFFE AVE (0002225),2225,02 - Intersection related,03 - P.D. only,03 - Rear end,01 - Clear,01 - Daylight,01 - Dry,01 - Traffic signal,01 - Functioning,2,0,0,0,,0,,,,,362549.6901,5023770.51,45.35150226,-75.76297748,4854
20--4774,2020/06/09,3:10 PM,HIGHWAY 417 btwn HWY417 IC124 RAMP76 & HWY417 IC124 RAMP67 (__3ZA2R7),__3ZA2R7,01 - Non intersection,03 - P.D. only,03 - Rear end,01 - Clear,01 - Daylight,01 - Dry,10 - No control,,2,0,0,0,,0,,,,,364390.1582,5027483.713,45.38475913,-75.73904293,4855
20--4775,2020/06/09,3:27 PM,LEITRIM RD btwn HIGH RD & ALBION RD (__4B2G24),__4B2G24,01 - Non intersection,03 - P.D. only,07 - SMV other,01 - Clear,01 - Daylight,01 - Dry,10 - No control,,1,0,0,0,,0,,,,,371712.8359,5019320.21,45.31064536,-75.64664781,4856
20--4776,2020/06/09,3:41 PM,GREENBANK RD @ MALVERN DR/FOXFIELD DR (0009821),9821,03 - At intersection,02 - Non-fatal injury,02 - Angle,01 - Clear,01 - Daylight,01 - Dry,01 - Traffic signal,01 - Functioning,2,0,0,0,03 - Major,2,,1,1,,363311.6826,5016194.439,45.28326992,-75.75414837,4857
20--4777,2020/06/09,5:44 PM,MEADOWLANDS DR @ MERIVALE RD (0000625),625,02 - Intersection related,03 - P.D. only,03 - Rear end,01 - Clear,01 - Daylight,01 - Dry,01 - Traffic signal,01 - Functioning,2,0,0,0,,0,,,,,364858.6946,5023725.518,45.35090348,-75.73351719,4858
20--4778,2020/06/09,6:04 PM,PRINCE OF WALES DR btwn BARNSDALE RD & JOCKVALE RD (__3ZA29W),__3ZA29W,01 - Non intersection,03 - P.D. only,05 - Turning movement,01 - Clear,01 - Daylight,01 - Dry,10 - No control,,2,0,0,0,,0,,,,,366647.7676,5011561.006,45.24129287,-75.71220388,4859
20--4779,2020/06/09,7:05 AM,HIGHWAY 417 btwn HWY417 IC126 RAMP25 & HWY417 IC124 RAMP57 (__3ZA2R5),__3ZA2R5,01 - Non intersection,03 - P.D. only,03 - Rear end,02 - Rain,01 - Daylight,02 - Wet,10 - No control,,2,0,0,0,,0,,,,,363378.2968,5026112.529,45.37250676,-75.7521258,4860
20--478,2020/01/12,1:59 PM,TERRY FOX DR @ HALKIRK AVE/WINCHESTER DR (0012574),12574,02 - Intersection related,02 - Non-fatal injury,03 - Rear end,03 - Snow,01 - Daylight,02 - Wet,01 - Traffic signal,01 - Functioning,2,0,0,0,02 - Minor,1,,1,,,352511.8916,5016870.017,45.29016496,-75.89174026,4861
20--4780,2020/06/09,7:30 AM,HWY417 IC118 RAMP76 btwn HIGHWAY 417 & HWY417 IC118 RAMP43 (__3ZAY9N),__3ZAY9N,01 - Non intersection,03 - P.D. only,07 - SMV other,02 - Rain,01 - Daylight,02 - Wet,10 - No control,,1,0,0,0,,0,,,,,369363.5581,5031017.099,45.41611059,-75.6750772,4862
20--4781,2020/06/09,7:38 PM,EAGLESON RD btwn PERTH ST & BARNSDALE RD (__3ZA4YA),__3ZA4YA,01 - Non intersection,03 - P.D. only,07 - SMV other,01 - Clear,01 - Daylight,01 - Dry,10 - No control,,1,0,0,0,,0,,,,,358319.1034,5006674.851,45.19800854,-75.81880871,4863
20--4782,2020/06/09,7:59 PM,NORTH RIVER RD btwn MONTREAL RD & SELKIRK ST (__3ZBOF1),__3ZBOF1,01 - Non intersection,02 - Non-fatal injury,07 - SMV other,01 - Clear,01 - Daylight,01 - Dry,10 - No control,,1,0,0,1,03 - Major,1,,,1,,369772.3664,5032784.845,45.43197823,-75.66962128,4864
20--4783,2020/06/09,8:26 AM,CARLING AVE @ KIRKWOOD AVE N (0002358),2358,03 - At intersection,03 - P.D. only,05 - Turning movement,01 - Clear,01 - Daylight,01 - Dry,01 - Traffic signal,01 - Functioning,2,0,0,0,,0,,,,,364275.6903,5027493.539,45.38485727,-75.74050335,4865
20--4784,2020/06/09,9:06 AM,SIXTH LINE RD btwn BERRY SIDE RD & RIDDELL DR (__3ZBPHD),__3ZBPHD,01 - Non intersection,03 - P.D. only,07 - SMV other,01 - Clear,01 - Daylight,02 - Wet,10 - No control,,1,0,0,0,,0,,,,,349570.4818,5029754.775,45.40629847,-75.92807074,4866
20--4785,2020/06/09,9:32 PM,SNAKE ISLAND RD btwn SCRIVENS DR & BANK ST (__3ZA206),__3ZA206,01 - Non intersection,03 - P.D. only,07 - SMV other,"07 - Fog, mist, smoke, dust",07 - Dark,01 - Dry,10 - No control,,1,0,0,0,,0,,,,,383419.8968,5009954.195,45.22516236,-75.49884927,4867
20--4786,2020/06/09,9:55 AM,MERIVALE RD @ ROSSLAND AVE (0001757),1757,02 - Intersection related,03 - P.D. only,04 - Sideswipe,01 - Clear,01 - Daylight,01 - Dry,02 - Stop sign,01 - Functioning,2,0,0,0,,0,,,,,364673.6978,5024151.52,45.35475241,-75.73582636,4868
20--4787,2020/06/10,1:15 PM,HIGHWAY 417 btwn HWY417 IC126 RAMP25 & HWY417 IC124 RAMP57 (__3ZA2R5),__3ZA2R5,01 - Non intersection,03 - P.D. only,03 - Rear end,01 - Clear,01 - Daylight,01 - Dry,10 - No control,,4,0,0,0,,0,,,,,363779.6994,5026649.128,45.37730133,-75.74693741,4869
20--4788,2020/06/10,1:23 PM,HAZELDEAN RD @ TERRY FOX DR (0003682),3682,02 - Intersection related,03 - P.D. only,03 - Rear end,01 - Clear,01 - Daylight,01 - Dry,01 - Traffic signal,01 - Functioning,2,0,0,0,,0,,,,,352207.6048,5017242.458,45.29353687,-75.89558368,4870
20--4789,2020/06/10,1:31 PM,O'CONNOR ST btwn LEWIS ST & WAVERLEY ST (__3ZA3QD),__3ZA3QD,01 - Non intersection,03 - P.D. only,04 - Sideswipe,01 - Clear,01 - Daylight,01 - Dry,10 - No control,,2,0,0,0,,0,,,,,367993.0995,5030790.692,45.41419856,-75.69261469,4871
20--479,2020/01/12,10:20 AM,HIGHWAY 417 btwn HWY417 IC121A RAMP61 & HWY417 IC120B RAMP36 (__3ZA2YV),__3ZA2YV,01 - Non intersection,03 - P.D. only,07 - SMV other,01 - Clear,01 - Daylight,03 - Loose snow,10 - No control,,1,0,0,0,,0,,,,,367634.2273,5029935.658,45.40653755,-75.69730835,4872
20--4790,2020/06/10,10:50 AM,HIGHWAY 417 btwn HWY417 IC124 RAMP55 & HWY417 IC124 RAMP65 (__3ZAZPV),__3ZAZPV,01 - Non intersection,03 - P.D. only,03 - Rear end,01 - Clear,01 - Daylight,01 - Dry,10 - No control,,2,0,0,0,,0,,,,,364478.1659,5027570.455,45.38553212,-75.7379087,4873
20--4791,2020/06/10,11:03 AM,RICHMOND RD @ EDGEWORTH AVE/MCEWEN AVE (0002352),2352,03 - At intersection,02 - Non-fatal injury,02 - Angle,02 - Rain,01 - Daylight,02 - Wet,01 - Traffic signal,01 - Functioning,2,0,0,0,01 - Minimal,1,1,,,,361075.686,5025883.532,45.37063495,-75.78154715,4874
20--4792,2020/06/10,11:15 AM,HIGHWAY 417 btwn HWY417 IC122 RAMP61 & HWY417 IC121B RAMP16 (__3ZA2Y4),__3ZA2Y4,01 - Non intersection,03 - P.D. only,03 - Rear end,01 - Clear,01 - Daylight,01 - Dry,10 - No control,,2,0,0,0,,0,,,,,366191.5468,5029397.291,45.40182148,-75.71580351,4875
20--4793,2020/06/10,11:20 AM,OTTAWA RIVER PKWY EB btwn TUNNEY'S PASTURE/REMIC RAPIDS ENT & ISLAND P (__3ZA24JA),__3ZA24JA,01 - Non intersection,03 - P.D. only,03 - Rear end,02 - Rain,01 - Daylight,02 - Wet,10 - No control,,2,0,0,0,,0,,,,,363884.0664,5029925.653,45.40677413,-75.74521261,4876
20--4794,2020/06/10,11:22 AM,RIVERSIDE DR NB btwn SAN REMO PRIV & INDUSTRIAL AVE (__3ZAZ0A),__3ZAZ0A,01 - Non intersection,03 - P.D. only,03 - Rear end,01 - Clear,01 - Daylight,01 - Dry,10 - No control,,2,0,0,0,,0,,,,,370568.8092,5030435.297,45.41076352,-75.6597571,4877
20--4795,2020/06/10,12:41 PM,ABACA WAY btwn KITTIWAKE DR & KITTIWAKE DR (__4TYFW7),__4TYFW7,01 - Non intersection,03 - P.D. only,01 - Approaching,01 - Clear,01 - Daylight,01 - Dry,10 - No control,,2,0,0,0,,0,,,,,348408.2949,5014027.993,45.26485801,-75.94430245,4878
20--4796,2020/06/10,3:00 PM,HIGHWAY 417 btwn HWY417 IC124 RAMP76 & HWY417 IC124 RAMP67 (__3ZA2R7),__3ZA2R7,01 - Non intersection,03 - P.D. only,03 - Rear end,01 - Clear,01 - Daylight,01 - Dry,10 - No control,,2,0,0,0,,0,,,,,364282.6429,5027344.986,45.38352002,-75.74043248,4879
20--4797,2020/06/10,3:00 PM,HIGHWAY 417 btwn HWY417 IC138 RAMP61 & HWY417 IC134 RAMP36 (__3ZA20I),__3ZA20I,01 - Non intersection,03 - P.D. only,99 - Other,01 - Clear,01 - Daylight,01 - Dry,10 - No control,,2,0,0,0,,0,,,,,354495.5065,5021162.127,45.32864869,-75.86602305,4880
20--4798,2020/06/10,3:30 PM,HIGHWAY 417 btwn HWY417 IC124 RAMP67 & HWY417 IC123 RAMP62 (__3ZA2YZ),__3ZA2YZ,01 - Non intersection,03 - P.D. only,03 - Rear end,01 - Clear,01 - Daylight,01 - Dry,10 - No control,,2,0,0,0,,0,,,,,364676.9662,5027888.773,45.38837932,-75.73533162,4881
20--4799,2020/06/10,3:30 PM,HIGHWAY 417 btwn HWY417 IC124 RAMP76 & HWY417 IC124 RAMP67 (__3ZA2R7),__3ZA2R7,01 - Non intersection,03 - P.D. only,03 - Rear end,01 - Clear,01 - Daylight,01 - Dry,10 - No control,,2,0,0,0,,0,,,,,364365.3164,5027451.003,45.38446692,-75.73936407,4882
20--48,2020/01/02,6:00 PM,STRATHCONA AVE btwn BANK ST & O'CONNOR ST (__3ZA96M),__3ZA96M,01 - Non intersection,03 - P.D. only,06 - SMV unattended vehicle,01 - Clear,07 - Dark,01 - Dry,10 - No control,,1,0,0,0,,0,,,,,368178.1721,5030052.068,45.40753592,-75.69034532,4883
20--480,2020/01/12,10:30 AM,CHAMBERLAIN AVE btwn GLENDALE AVE & LYON ST S (__3ZA3OD),__3ZA3OD,01 - Non intersection,02 - Non-fatal injury,07 - SMV other,01 - Clear,01 - Daylight,03 - Loose snow,10 - No control,,1,0,0,0,02 - Minor,1,,1,,,367724.9854,5029924.529,45.40642926,-75.69615047,4884
20--4800,2020/06/10,3:30 PM,HIGHWAY 417 btwn HWY417 IC126 RAMP61 & HWY417 IC124 RAMP76 (__3ZA2Y2),__3ZA2Y2,01 - Non intersection,03 - P.D. only,03 - Rear end,01 - Clear,01 - Daylight,01 - Dry,10 - No control,,2,0,0,0,,0,,,,,363770.6504,5026663.96,45.37743554,-75.74705117,4885
20--4801,2020/06/10,3:45 PM,VISTAPARK DR/CORBRIDGE ST @ ESPRIT DR (0013456),13456,03 - At intersection,02 - Non-fatal injury,07 - SMV other,01 - Clear,01 - Daylight,01 - Dry,02 - Stop sign,01 - Functioning,1,0,0,1,02 - Minor,1,,1,,,385309.4693,5035175.104,45.45186754,-75.47068759,4886
20--4802,2020/06/10,4:16 PM,PARKDALE AVE @ SCOTT ST (0002213),2213,02 - Intersection related,03 - P.D. only,03 - Rear end,01 - Clear,01 - Daylight,01 - Dry,01 - Traffic signal,01 - Functioning,2,0,0,0,,0,,,,,364949.7124,5029726.565,45.40489202,-75.7316247,4887
20--4803,2020/06/10,4:22 AM,BASELINE RD @ CLYDE AVE (0002343),2343,03 - At intersection,02 - Non-fatal injury,02 - Angle,01 - Clear,07 - Dark,01 - Dry,01 - Traffic signal,01 - Functioning,2,0,0,0,01 - Minimal,1,1,,,,364358.6918,5024890.518,45.36142864,-75.73975742,4888
20--4804,2020/06/10,4:47 PM,CYCLONE TAYLOR BLVD @ HUNTMAR DR (0011819),11819,03 - At intersection,02 - Non-fatal injury,02 - Angle,01 - Clear,01 - Daylight,01 - Dry,01 - Traffic signal,01 - Functioning,2,0,0,0,02 - Minor,4,,4,,,349514.5818,5017549.447,45.29647578,-75.92988854,4889
20--4805,2020/06/10,5:54 AM,GREENBANK RD btwn WEST HUNT CLUB RD & FALLOWFIELD RD (__3ZA1NE),__3ZA1NE,01 - Non intersection,03 - P.D. only,07 - SMV other,01 - Clear,01 - Daylight,01 - Dry,10 - No control,,1,0,0,0,,0,,,,,362681.4111,5017658.108,45.29649222,-75.76201102,4890
20--4806,2020/06/10,6:08 PM,MERIVALE RD @ EMERALD PLAZA SC (0005311),5311,02 - Intersection related,03 - P.D. only,03 - Rear end,01 - Clear,01 - Daylight,01 - Dry,01 - Traffic signal,01 - Functioning,3,0,0,0,,0,,,,,364737.134,5024005.452,45.35343269,-75.7350345,4891
20--4807,2020/06/10,6:30 AM,DWYER HILL RD btwn CRAWFORD SIDE RD & FERNBANK RD (__3ZA3FA),__3ZA3FA,01 - Non intersection,03 - P.D. only,07 - SMV other,01 - Clear,01 - Daylight,01 - Dry,10 - No control,,1,0,0,0,,0,,,,,342176.7043,5005926.407,45.1923142,-76.02431668,4892
20--4808,2020/06/10,6:35 PM,STIRLING AVE btwn LADOUCEUR ST & ARMSTRONG ST (__3ZAAHS),__3ZAAHS,04 - At/near private drive,03 - P.D. only,06 - SMV unattended vehicle,01 - Clear,01 - Daylight,01 - Dry,10 - No control,,1,0,0,0,,0,,,,,365326.4936,5029625.63,45.40395135,-75.72682438,4893
20--4809,2020/06/10,6:51 PM,OTTAWA RIVER PKWY WB btwn TUNNEY'S PASTURE/REMIC RAPIDS ENT & PARKDALE (__3ZA24KA),__3ZA24KA,01 - Non intersection,01 - Fatal injury,03 - Rear end,01 - Clear,01 - Daylight,01 - Dry,10 - No control,,2,1,0,1,04 - Fatal,2,,,1,1,363346.8079,5029565.842,45.40358176,-75.75211811,4894
20--481,2020/01/12,10:52 PM,BANFF AVE btwn KITCHENER AVE & LEDBURY AVE (__3ZBOQZ),__3ZBOQZ,01 - Non intersection,03 - P.D. only,01 - Approaching,01 - Clear,07 - Dark,06 - Ice,10 - No control,,2,0,0,0,,0,,,,,370791.2587,5025451.97,45.36590441,-75.65758181,4895
20--4810,2020/06/10,7:55 AM,MARCH RD btwn PETER ROBINSON RD & CORKERY RD (__3ZA2RJ),__3ZA2RJ,01 - Non intersection,03 - P.D. only,99 - Other,01 - Clear,01 - Daylight,01 - Dry,10 - No control,,2,0,0,0,,0,,,,,335424.535,5015660.218,45.28023087,-76.10964828,4896
20--4811,2020/06/10,7:55 AM,MAITLAND AVE @ WOODWARD DR (0003185),3185,03 - At intersection,02 - Non-fatal injury,05 - Turning movement,01 - Clear,01 - Daylight,01 - Dry,01 - Traffic signal,01 - Functioning,2,1,0,0,01 - Minimal,1,1,,,,363273.6962,5025662.525,45.36846641,-75.7535144,4897
20--4812,2020/06/10,8:41 PM,GORDON MURDOCK @ GOWAN GT (0005367),5367,03 - At intersection,02 - Non-fatal injury,05 - Turning movement,01 - Clear,05 - Dusk,01 - Dry,02 - Stop sign,00 - Unknown,2,0,0,0,02 - Minor,2,,2,,,376356.6768,5000998.386,45.1453328,-75.59006558,4898
20--4813,2020/06/10,9:00 AM,HIGHWAY 416 btwn HWY416 IC72 RAMP34 & HWY416 IC72 RAMP63 (__3ZAZER),__3ZAZER,01 - Non intersection,03 - P.D. only,99 - Other,01 - Clear,01 - Daylight,01 - Dry,10 - No control,,2,0,0,0,,0,,,,,359342.9131,5019800.104,45.31603316,-75.80433797,4899
20--4814,2020/06/10,9:00 PM,GREENBANK RD @ MALVERN DR/FOXFIELD DR (0009821),9821,02 - Intersection related,03 - P.D. only,03 - Rear end,01 - Clear,05 - Dusk,01 - Dry,01 - Traffic signal,01 - Functioning,2,0,0,0,,0,,,,,363311.6841,5016194.432,45.28326985,-75.75414835,4900
20--4815,2020/06/10,9:00 PM,HIGHWAY 416 btwn HWY416 IC49 RAMP24 & HWY416 IC42 RAMP42 (__3ZA29T),__3ZA29T,01 - Non intersection,03 - P.D. only,07 - SMV other,01 - Clear,05 - Dusk,01 - Dry,10 - No control,,1,0,0,0,,0,,,,,370731.432,4996569.008,45.10602447,-75.66217339,4901
20--4816,2020/06/10,9:53 PM,GALLAGHER RD btwn MACKEY RD & MALAKOFF RD (__3ZAAZS),__3ZAAZS,01 - Non intersection,02 - Non-fatal injury,07 - SMV other,01 - Clear,07 - Dark,01 - Dry,10 - No control,,1,0,0,0,01 - Minimal,1,1,,,,363276.396,4994622.267,45.08916275,-75.75712729,4902
20--4817,2020/06/11,1:27 PM,AURA AVE @ STRANDHERD DR (0019091),19091,02 - Intersection related,03 - P.D. only,03 - Rear end,01 - Clear,01 - Daylight,01 - Dry,02 - Stop sign,00 - Unknown,2,0,0,0,,0,,,,,362787.2815,5013811.852,45.26187475,-75.76111064,4903