Anom_ID,Accident_Date,Accident_Time,Location,Geo_ID,Accident_Location,Classification_of_Accident,Initial_Impact_Type,Environment_Condition,Light,Road_Surface_Condition,Traffic_Control,Traffic_Control_Condition,No__of_Vehicles,No__of_Bicycles,No__of_Motorcycles,No__of_Pedestrians,Max_Injury,No__of_Injuries,No__of_Minimal,No__of_Minor,No__of_Major,No__of_Fatal,X,Y,Latitude,Longitude,ObjectId
20--4818,2020/06/11,Unknown,LEDUC CRES btwn CARRIGAN DR & CARRIGAN DR (__3ZA6B6),__3ZA6B6,01 - Non intersection,03 - P.D. only,06 - SMV unattended vehicle,01 - Clear,00 - Unknown,01 - Dry,10 - No control,,1,0,0,0,,0,,,,,384567.3883,5037621.408,45.47396219,-75.47977662,4904
20--4819,2020/06/11,12:00 PM,HAZELDEAN RD btwn KINCARDINE DR & TERRY FOX DR (__3ZAZ88),__3ZAZ88,04 - At/near private drive,03 - P.D. only,02 - Angle,01 - Clear,01 - Daylight,01 - Dry,10 - No control,,2,0,0,0,,0,,,,,352140.053,5017179.881,45.29297834,-75.89645084,4905
20--482,2020/01/12,10:56 AM,HIGHWAY 416 btwn HWY416 IC49 RAMP24 & HWY416 IC42 RAMP42 (__3ZA29T),__3ZA29T,01 - Non intersection,03 - P.D. only,04 - Sideswipe,01 - Clear,01 - Daylight,03 - Loose snow,10 - No control,,2,0,0,0,,0,,,,,369763.7448,4997739.433,45.11664564,-75.67431718,4906
20--4820,2020/06/11,12:30 PM,HIGHWAY 417 btwn HWY417 IC127 RAMP25 & HWY417 IC126 RAMP51 (__3ZA2XA),__3ZA2XA,01 - Non intersection,03 - P.D. only,03 - Rear end,01 - Clear,01 - Daylight,01 - Dry,10 - No control,,3,0,0,0,,0,,,,,363211.3309,5025890.288,45.370521,-75.75428356,4907
20--5369,2020/07/06,11:23 AM,BANK ST @ CATHERINE ST (0002708),2708,03 - At intersection,03 - P.D. only,04 - Sideswipe,01 - Clear,01 - Daylight,01 - Dry,01 - Traffic signal,01 - Functioning,2,0,0,0,,0,,,,,368039.7025,5030267.564,45.40948741,-75.69208645,4908
20--537,2020/01/13,6:14 AM,MARCH RD btwn KLONDIKE RD & MORGAN'S GRANT WAY (__3ZA2EW),__3ZA2EW,01 - Non intersection,03 - P.D. only,04 - Sideswipe,01 - Clear,07 - Dark,02 - Wet,10 - No control,,2,0,0,0,,0,,,,,349313.3182,5024006.239,45.35458851,-75.93187406,4909
20--5370,2020/07/06,12:00 PM,LEITRIM RD btwn HIGH RD & ALBION RD (__4B2G24),__4B2G24,04 - At/near private drive,02 - Non-fatal injury,03 - Rear end,01 - Clear,01 - Daylight,01 - Dry,10 - No control,,2,0,0,0,02 - Minor,1,,1,,,372892.3933,5020032.064,45.31693703,-75.63150858,4910
20--5371,2020/07/06,12:22 PM,WEST HUNT CLUB RD @ CLEOPATRA DR/LANCELOT DR (0000114),114,02 - Intersection related,03 - P.D. only,03 - Rear end,01 - Clear,01 - Daylight,01 - Dry,01 - Traffic signal,01 - Functioning,2,0,0,0,,0,,,,,365235.7113,5021732.5,45.33293818,-75.72894953,4911
20--5372,2020/07/06,2:33 PM,WOODROFFE AVE @ KNOXDALE RD/MEDHURST DR (0000519),519,03 - At intersection,03 - P.D. only,05 - Turning movement,01 - Clear,01 - Daylight,01 - Dry,01 - Traffic signal,01 - Functioning,2,0,0,0,,0,,,,,363419.6836,5021826.485,45.3339379,-75.75210561,4912
20--5373,2020/07/06,2:50 PM,RICHMOND RD btwn WOODROFFE AVE & LOCKHART AVE (__3ZBPOH),__3ZBPOH,04 - At/near private drive,02 - Non-fatal injury,02 - Angle,01 - Clear,01 - Daylight,01 - Dry,10 - No control,,2,0,0,0,01 - Minimal,2,2,,,,361640.4602,5026736.543,45.37826469,-75.77423927,4913
20--5374,2020/07/06,2:55 PM,FISHER AVE @ TUNIS AVE (0006208),6208,03 - At intersection,03 - P.D. only,02 - Angle,01 - Clear,01 - Daylight,01 - Dry,01 - Traffic signal,01 - Functioning,2,0,0,0,,0,,,,,365496.6939,5027596.542,45.38567933,-75.72490005,4914
20--5375,2020/07/06,3:19 PM,CARLING AVE WB btwn ROCHESTER ST & BOOTH ST (__3ZA26I),__3ZA26I,01 - Non intersection,03 - P.D. only,03 - Rear end,01 - Clear,01 - Daylight,01 - Dry,10 - No control,,2,0,0,0,,0,,,,,367077.9375,5029096.032,45.39903254,-75.70452016,4915
20--5376,2020/07/06,3:30 PM,BENTLEY AVE btwn SUNDERLAND ST & CAMELOT DR (__3ZA53R),__3ZA53R,04 - At/near private drive,03 - P.D. only,02 - Angle,01 - Clear,01 - Daylight,01 - Dry,10 - No control,,2,0,0,0,,0,,,,,365908.3223,5021677.98,45.33238937,-75.72037575,4916
20--5377,2020/07/06,3:33 PM,FALLOWFIELD RD btwn MERIVALE RD & WOODROFFE AVE (__3ZA3IN),__3ZA3IN,01 - Non intersection,01 - Fatal injury,07 - SMV other,01 - Clear,01 - Daylight,01 - Dry,10 - No control,,1,0,0,0,04 - Fatal,1,,,,1,366799.4845,5018806.693,45.30647575,-75.70936673,4917
20--5378,2020/07/06,3:36 PM,RICHMOND RD @ WOODROFFE AVE (0011466),11466,02 - Intersection related,03 - P.D. only,03 - Rear end,01 - Clear,01 - Daylight,01 - Dry,01 - Traffic signal,01 - Functioning,2,0,0,0,,0,,,,,361584.6947,5026654.52,45.37753118,-75.77496068,4918
20--5379,2020/07/06,4:25 PM,RIVERSIDE DR NB btwn SMYTH RD SOUTH SIDE RAMP & TRANSITWAY - RIVERSIDE H (__3ZA4SA),__3ZA4SA,01 - Non intersection,02 - Non-fatal injury,07 - SMV other,01 - Clear,01 - Daylight,01 - Dry,10 - No control,,1,0,1,0,02 - Minor,1,,1,,,369954.2655,5029335.704,45.40092726,-75.6677528,4919
20--538,2020/01/13,6:15 AM,HAWTHORNE RD @ HUNT CLUB RD (0007651),7651,02 - Intersection related,03 - P.D. only,03 - Rear end,01 - Clear,07 - Dark,02 - Wet,01 - Traffic signal,01 - Functioning,2,0,0,0,,0,,,,,375507.7415,5026406.524,45.37403312,-75.5972437,4920
20--5380,2020/07/06,4:38 PM,MAITLAND AVE btwn DUNCAN PL & LENESTER AVE (__3ZBOCE),__3ZBOCE,01 - Non intersection,03 - P.D. only,03 - Rear end,01 - Clear,01 - Daylight,01 - Dry,10 - No control,,2,0,0,0,,0,,,,,363006.3825,5026330.146,45.37449584,-75.75684801,4921
20--5381,2020/07/06,4:40 PM,CUMBERLAND ST @ RIDEAU ST (0007759),7759,02 - Intersection related,03 - P.D. only,03 - Rear end,01 - Clear,01 - Daylight,01 - Dry,01 - Traffic signal,01 - Functioning,2,0,0,0,,0,,,,,368374.5177,5032329.965,45.42801386,-75.68754337,4922
20--5382,2020/07/06,4:55 PM,CARLING AVE @ BAYSHORE DR/BIRCHDALE AVE (0000021),21,03 - At intersection,02 - Non-fatal injury,05 - Turning movement,01 - Clear,01 - Daylight,01 - Dry,01 - Traffic signal,01 - Functioning,2,0,0,0,02 - Minor,1,,1,,,359004.8751,5023990.614,45.35376571,-75.80819014,4923
20--5383,2020/07/06,5:10 PM,CARLING AVE @ CIVIC HOSPITAL (0008793),8793,03 - At intersection,03 - P.D. only,05 - Turning movement,01 - Clear,01 - Daylight,01 - Dry,01 - Traffic signal,01 - Functioning,2,0,0,0,,0,,,,,365791.6023,5028278.04,45.39178568,-75.72105018,4924
20--5384,2020/07/06,5:38 PM,MCCOOEYE LANE @ NEIL AVE (0010499),10499,03 - At intersection,03 - P.D. only,02 - Angle,01 - Clear,01 - Daylight,01 - Dry,02 - Stop sign,01 - Functioning,2,0,0,0,,0,,,,,349272.5776,5014563.38,45.2696215,-75.93324155,4925
20--5385,2020/07/06,5:55 PM,INNES RD @ VISENEAU DR (0012442),12442,02 - Intersection related,03 - P.D. only,04 - Sideswipe,01 - Clear,01 - Daylight,01 - Dry,01 - Traffic signal,01 - Functioning,2,0,0,0,,0,,,,,381798.7503,5035073.557,45.45134953,-75.51558115,4926
20--5386,2020/07/06,6:23 AM,5TH LINE RD @ SNAKE ISLAND RD (0005065),5065,02 - Intersection related,03 - P.D. only,03 - Rear end,01 - Clear,01 - Daylight,01 - Dry,02 - Stop sign,01 - Functioning,2,0,0,0,,0,,,,,380262.7699,5007991.402,45.20784721,-75.53934396,4927
20--5387,2020/07/06,6:25 PM,HAZELDEAN RD btwn YOUNG RD & CASTLEFRANK RD (__3ZA41L),__3ZA41L,01 - Non intersection,03 - P.D. only,04 - Sideswipe,01 - Clear,01 - Daylight,01 - Dry,10 - No control,,2,0,0,0,,0,,,,,352570.2812,5017577.734,45.29652921,-75.89092775,4928
20--5388,2020/07/06,6:58 AM,CARLING AVE @ PRESTON ST (0002161),2161,03 - At intersection,03 - P.D. only,02 - Angle,01 - Clear,01 - Daylight,01 - Dry,01 - Traffic signal,01 - Functioning,2,0,0,0,,0,,,,,366829.708,5028935.56,45.39761069,-75.70771068,4929
20--5389,2020/07/06,7:05 AM,INNES RD btwn PAGE RD & 473 E OF PAGE RD/BUILDERS' WAREHOUSE SC (__3ZAYFDA),__3ZAYFDA,01 - Non intersection,02 - Non-fatal injury,07 - SMV other,01 - Clear,01 - Daylight,01 - Dry,10 - No control,,1,0,1,0,02 - Minor,1,,1,,,381149.2086,5034693.48,45.44800116,-75.52394323,4930
20--539,2020/01/13,6:20 AM,DALMENY RD btwn STAGECOACH RD & 4TH LINE RD (__3ZA2C7),__3ZA2C7,01 - Non intersection,03 - P.D. only,07 - SMV other,01 - Clear,07 - Dark,01 - Dry,10 - No control,,1,0,0,0,,0,,,,,377875.1125,4999244.974,45.12940045,-75.57101548,4931
20--5390,2020/07/06,7:17 AM,DES SOLDATS-RIENDEAU ST btwn LAMPREY ST & RIVER MIST RD (e___2HJX),e___2HJX,01 - Non intersection,03 - P.D. only,06 - SMV unattended vehicle,01 - Clear,01 - Daylight,01 - Dry,10 - No control,,1,0,0,0,,0,,,,,364763.601,5011681.383,45.24253905,-75.73618707,4932
20--5391,2020/07/06,9:20 PM,CUMMINGS AVE btwn GARDENVALE RD & SHANE ST (__3ZA1WG),__3ZA1WG,01 - Non intersection,03 - P.D. only,07 - SMV other,01 - Clear,07 - Dark,01 - Dry,10 - No control,,1,0,0,0,,0,,,,,372415.6212,5033005.374,45.43371188,-75.6358127,4933
20--5392,2020/07/07,1:10 PM,MITCH OWENS RD @ DOZOIS RD/LIMEBANK RD (0012469),12469,03 - At intersection,03 - P.D. only,02 - Angle,01 - Clear,01 - Daylight,01 - Dry,01 - Traffic signal,01 - Functioning,2,0,0,0,,0,,,,,371674.0265,5012109.315,45.24576695,-75.64811418,4934
20--5393,2020/07/07,10:30 AM,ISABELLA ST/HWY417 IC119AR75 @ METCALFE ST (0011380),11380,03 - At intersection,03 - P.D. only,05 - Turning movement,01 - Clear,01 - Daylight,01 - Dry,01 - Traffic signal,01 - Functioning,2,0,0,0,,0,,,,,368448.7088,5030399.546,45.41063787,-75.68684471,4935
20--5394,2020/07/07,10:30 AM,MONTFORT ST btwn STE. ANNE ST & GRANVILLE ST (__3ZA52J),__3ZA52J,04 - At/near private drive,03 - P.D. only,02 - Angle,01 - Clear,01 - Daylight,01 - Dry,10 - No control,,2,0,0,0,,0,,,,,370673.2346,5033584.342,45.43908748,-75.65800201,4936
20--5395,2020/07/07,10:30 PM,BASELINE RD btwn NAVAHO DR & DEERFIELD DR (__3ZA4H4),__3ZA4H4,01 - Non intersection,03 - P.D. only,03 - Rear end,01 - Clear,07 - Dark,01 - Dry,10 - No control,,2,0,0,0,,0,,,,,363294.7606,5024224.708,45.35552734,-75.75341569,4937
20--5396,2020/07/07,10:59 AM,RICHMOND RD btwn ROBERTSON RD & STINSON AVE (__3ZA4YR),__3ZA4YR,04 - At/near private drive,03 - P.D. only,99 - Other,01 - Clear,01 - Daylight,01 - Dry,10 - No control,,2,0,0,0,,0,,,,,357649.3745,5020793.125,45.32509797,-75.82583054,4938
20--5397,2020/07/07,11:23 AM,INVERNESS AVE @ MEADOWLANDS DR (0001758),1758,02 - Intersection related,03 - P.D. only,03 - Rear end,01 - Clear,01 - Daylight,01 - Dry,01 - Traffic signal,01 - Functioning,2,0,0,0,,0,,,,,365748.6985,5024716.522,45.35974359,-75.72203763,4939
20--5398,2020/07/07,11:27 AM,FLETCHER CIRC btwn Continuation of FLETCHER CIRC & Continuation of FLE (__54M2QT),__54M2QT,04 - At/near private drive,03 - P.D. only,05 - Turning movement,01 - Clear,01 - Daylight,01 - Dry,10 - No control,,2,0,0,0,,0,,,,,349276.1185,5019959.805,45.31818004,-75.93271249,4940
20--5399,2020/07/07,11:50 AM,IRIS ST btwn GREENBANK RD & TO BE DETERMINED (__3ZAYFO),__3ZAYFO,04 - At/near private drive,03 - P.D. only,05 - Turning movement,01 - Clear,01 - Daylight,01 - Dry,10 - No control,,2,0,0,0,,0,,,,,360582.6666,5023330.018,45.34769795,-75.78812906,4941
20--54,2020/01/02,8:05 PM,HIGHWAY 417 btwn HWY417 IC169 RAMP36 & HWY417 IC169 RAMP26 (__5SO7NF),__5SO7NF,01 - Non intersection,03 - P.D. only,04 - Sideswipe,01 - Clear,07 - Dark,01 - Dry,10 - No control,,2,0,0,0,,0,,,,,325325.1873,5025090.792,45.36546044,-76.23798576,4942
20--540,2020/01/13,6:20 PM,WALKLEY RD btwn CONROY RD & HARDING RD (__3ZA2EJ),__3ZA2EJ,04 - At/near private drive,02 - Non-fatal injury,03 - Rear end,03 - Snow,07 - Dark,06 - Ice,10 - No control,,2,0,0,0,01 - Minimal,3,3,,,,373049.252,5027550.336,45.38456843,-75.62847048,4943
20--5400,2020/07/07,11:54 AM,NICHOLAS ST btwn DALY AVE & SB RAMP FROM WALLER/NICHOLAS/MACKENZIE KIN (__3ZA3VJ),__3ZA3VJ,01 - Non intersection,03 - P.D. only,04 - Sideswipe,01 - Clear,01 - Daylight,01 - Dry,10 - No control,,2,0,0,0,,0,,,,,368281.1963,5031964.293,45.42473215,-75.68878299,4944
20--5401,2020/07/07,2:20 PM,LAURIER AVE @ NICHOLAS ST (0010711),10711,02 - Intersection related,03 - P.D. only,04 - Sideswipe,01 - Clear,01 - Daylight,01 - Dry,01 - Traffic signal,01 - Functioning,2,0,0,0,,0,,,,,368373.6359,5031798.274,45.42322997,-75.68762327,4945
20--5402,2020/07/07,3:00 PM,CUMMINGS AVE btwn WELDON DR & OGILVIE RD (__3ZA7UQ),__3ZA7UQ,04 - At/near private drive,03 - P.D. only,02 - Angle,01 - Clear,01 - Daylight,01 - Dry,10 - No control,,2,0,0,0,,0,,,,,372733.1044,5032204.059,45.42647127,-75.63186599,4946
20--5403,2020/07/07,3:56 PM,FALLOWFIELD RD btwn HWY416 IC66 RAMP53 & HWY416 IC66 RAMP34 (__3ZAZM5),__3ZAZM5,04 - At/near private drive,03 - P.D. only,03 - Rear end,01 - Clear,01 - Daylight,01 - Dry,10 - No control,,2,0,0,0,,0,,,,,359664.9885,5014682.285,45.26995747,-75.80079652,4947
20--5404,2020/07/07,5:02 PM,HWY 417 MAITLAND IC126R52 @ MAITLAND AVE (0002246),2246,02 - Intersection related,03 - P.D. only,03 - Rear end,01 - Clear,01 - Daylight,01 - Dry,03 - Yield sign,01 - Functioning,2,0,0,0,,0,,,,,363205.6832,5025833.53,45.37001077,-75.75436237,4948
20--5405,2020/07/07,6:50 AM,HIGHWAY 417 btwn HWY417 IC122 RAMP15 & HWY417 IC121B RAMP51 (__3ZA2RB),__3ZA2RB,01 - Non intersection,03 - P.D. only,99 - Other,01 - Clear,01 - Daylight,01 - Dry,10 - No control,,2,0,0,0,,0,,,,,366255.4587,5029404.507,45.4018808,-75.71498629,4949
20--5406,2020/07/07,7:12 PM,MONTREAL RD @ OGILVIE RD (0009279),9279,03 - At intersection,02 - Non-fatal injury,02 - Angle,01 - Clear,01 - Daylight,01 - Dry,01 - Traffic signal,02 - Not functioning,3,0,0,0,02 - Minor,1,,1,,,375654.7299,5034556.579,45.447348,-75.5941958,4950
20--5407,2020/07/07,7:20 AM,RIVERSIDE DR NB btwn BANK ST & RIVERSIDE DR NB RAMP FROM EB TO WB (__3ZBOEF),__3ZBOEF,01 - Non intersection,03 - P.D. only,04 - Sideswipe,01 - Clear,01 - Daylight,01 - Dry,10 - No control,,2,0,0,0,,0,,,,,369361.4862,5027981.125,45.38879413,-75.67550113,4951
20--5408,2020/07/07,7:20 PM,HERON RD @ 155 W OF BANK ST/CANADIAN TIRE SC (0008219),8219,02 - Intersection related,02 - Non-fatal injury,99 - Other,01 - Clear,01 - Daylight,01 - Dry,01 - Traffic signal,01 - Functioning,2,0,0,0,01 - Minimal,1,1,,,,369847.82,5026831.498,45.37840516,-75.66944242,4952
20--5409,2020/07/07,8:36 AM,BANK ST btwn BLAIS RD & RIDEAU RD (__3ZA29L),__3ZA29L,01 - Non intersection,03 - P.D. only,03 - Rear end,01 - Clear,01 - Daylight,01 - Dry,10 - No control,,2,0,0,0,,0,,,,,376162.482,5019709.444,45.31370948,-75.58985153,4953
20--541,2020/01/13,6:30 PM,FERNBANK RD @ SHEA RD (0000399),399,02 - Intersection related,03 - P.D. only,03 - Rear end,03 - Snow,07 - Dark,06 - Ice,11 - Roundabout,01 - Functioning,2,0,0,0,,0,,,,,352117.5988,5013181.426,45.25700059,-75.8971182,4954
20--5410,2020/07/08,1:20 PM,MITCH OWENS RD/BRIDGE ST @ RIVER RD (0003573),3573,02 - Intersection related,03 - P.D. only,03 - Rear end,01 - Clear,01 - Daylight,01 - Dry,01 - Traffic signal,01 - Functioning,2,0,0,0,,0,,,,,369499.7095,5010770.415,45.23392287,-75.67598332,4955
20--5411,2020/07/08,1:48 PM,VANIER PKWY SB btwn MCARTHUR AVE & VANIER PKWY (__3ZBOBV),__3ZBOBV,01 - Non intersection,03 - P.D. only,04 - Sideswipe,01 - Clear,01 - Daylight,01 - Dry,10 - No control,,2,0,0,0,,0,,,,,370211.5232,5032669.05,45.43089542,-75.66402463,4956
20--5412,2020/07/08,10:07 AM,KING EDWARD AVE btwn DALY AVE & STEWART ST (__3ZA3V2),__3ZA3V2,01 - Non intersection,03 - P.D. only,06 - SMV unattended vehicle,01 - Clear,01 - Daylight,01 - Dry,10 - No control,,1,0,0,0,,0,,,,,368605.7979,5032251.313,45.42728512,-75.6845982,4957
20--5413,2020/07/08,10:09 AM,THUNDERBIRD DR btwn LAKES PARK DR & PEGASUS CRES (__3ZA1SQ),__3ZA1SQ,01 - Non intersection,03 - P.D. only,06 - SMV unattended vehicle,01 - Clear,01 - Daylight,01 - Dry,10 - No control,,1,0,0,0,,0,,,,,377099.4322,5014854.416,45.26993005,-75.57861098,4958
20--5414,2020/07/08,11:01 AM,WOODROFFE AVE btwn FALLOWFIELD RD & EARL MULLIGAN DR (__3ZA3IL),__3ZA3IL,04 - At/near private drive,03 - P.D. only,05 - Turning movement,01 - Clear,01 - Daylight,01 - Dry,10 - No control,,2,0,0,0,,0,,,,,365103.407,5017860.85,45.29811279,-75.73110861,4959
20--5415,2020/07/08,11:49 AM,AIRPORT PKWY btwn AIRPORT PKWY/HUNT CLUB RAMP 42 & WALKLEY RD NB RAMP (__3ZAZP9),__3ZAZP9,01 - Non intersection,03 - P.D. only,05 - Turning movement,01 - Clear,01 - Daylight,01 - Dry,10 - No control,,2,0,0,0,,0,,,,,370655.2066,5024246.26,45.3550686,-75.65947907,4960
20--5416,2020/07/08,12:05 PM,CARLING AVE @ KIRKWOOD AVE N (0002358),2358,02 - Intersection related,03 - P.D. only,03 - Rear end,01 - Clear,01 - Daylight,01 - Dry,01 - Traffic signal,01 - Functioning,2,0,0,0,,0,,,,,364275.6923,5027493.538,45.38485726,-75.74050333,4961
20--5417,2020/07/08,2:38 PM,LAURIER AVE @ NICHOLAS ST (0010711),10711,02 - Intersection related,03 - P.D. only,04 - Sideswipe,01 - Clear,01 - Daylight,01 - Dry,01 - Traffic signal,01 - Functioning,2,0,0,0,,0,,,,,368373.652,5031798.277,45.42323,-75.68762306,4962
20--5418,2020/07/08,3:00 PM,MCELROY DR @ RICKEY PL (0004017),4017,02 - Intersection related,03 - P.D. only,01 - Approaching,01 - Clear,01 - Daylight,01 - Dry,02 - Stop sign,01 - Functioning,2,0,0,0,,0,,,,,352832.623,5016880.453,45.29023701,-75.88765061,4963
20--5419,2020/07/08,3:00 PM,SHEFFIELD RD @ WALKLEY RD (0005156),5156,02 - Intersection related,03 - P.D. only,03 - Rear end,01 - Clear,01 - Daylight,01 - Dry,01 - Traffic signal,01 - Functioning,2,0,0,0,,0,,,,,375257.7477,5028784.551,45.39545462,-75.60009565,4964
20--542,2020/01/13,6:34 AM,HUNT CLUB RD @ BRIDLE PATH DR/DAZE ST (0008214),8214,03 - At intersection,02 - Non-fatal injury,02 - Angle,01 - Clear,07 - Dark,04 - Slush,01 - Traffic signal,01 - Functioning,2,0,0,0,02 - Minor,1,,1,,,371291.7292,5023864.5,45.35157358,-75.65140726,4965
20--5420,2020/07/08,3:52 PM,TENTH LINE RD btwn ST. JOSEPH BLVD & OR174 IC101 RAMP26 (__3ZA11V),__3ZA11V,01 - Non intersection,03 - P.D. only,04 - Sideswipe,01 - Clear,01 - Daylight,01 - Dry,10 - No control,,2,0,0,0,,0,,,,,382885.3773,5038678.878,45.48366646,-75.50111807,4966
20--5421,2020/07/08,3:56 PM,HWY 417 INNES IC112R68 @ INNES RD (0012300),12300,02 - Intersection related,03 - P.D. only,03 - Rear end,01 - Clear,01 - Daylight,01 - Dry,01 - Traffic signal,00 - Unknown,3,0,0,0,,0,,,,,374641.7239,5030921.562,45.41474407,-75.60766001,4967
20--5422,2020/07/08,3:59 PM,APPLETON DR btwn TAFT ST & BLOSSOMFIELD CRT (__4BRWWH),__4BRWWH,01 - Non intersection,02 - Non-fatal injury,02 - Angle,01 - Clear,01 - Daylight,01 - Dry,10 - No control,,2,1,0,0,03 - Major,1,,,1,,375177.5642,5032009.555,45.42447955,-75.60065923,4968
20--5423,2020/07/08,4:04 PM,CARLING AVE @ IROQUOIS RD (0003145),3145,03 - At intersection,02 - Non-fatal injury,02 - Angle,01 - Clear,01 - Daylight,01 - Dry,01 - Traffic signal,01 - Functioning,2,0,0,0,02 - Minor,1,,1,,,362213.6807,5026025.537,45.37182039,-75.76700343,4969
20--5424,2020/07/08,4:20 PM,CATHERINE ST/HWY 417 O'CONN IC119BR76 @ O'CONN (0001697),1697,02 - Intersection related,03 - P.D. only,03 - Rear end,01 - Clear,01 - Daylight,01 - Dry,01 - Traffic signal,01 - Functioning,2,0,0,0,,0,,,,,368243.7083,5030392.539,45.41059343,-75.68946437,4970
20--5425,2020/07/08,4:40 PM,REGIONAL ROAD 174 btwn OR174 IC101 RAMP26 & OR174 IC101 RAMP61 (__3ZA11T),__3ZA11T,01 - Non intersection,03 - P.D. only,99 - Other,01 - Clear,01 - Daylight,01 - Dry,10 - No control,,2,0,0,0,,0,,,,,383108.4124,5039146.222,45.48784621,-75.49819087,4971
20--5426,2020/07/08,5:20 PM,CRAIG HENRY DR btwn SHOREHAM AVE & MARKHAM AVE (__3ZAA2M),__3ZAA2M,01 - Non intersection,03 - P.D. only,07 - SMV other,01 - Clear,01 - Daylight,01 - Dry,10 - No control,,1,0,0,0,,0,,,,,361682.4393,5021692.383,45.33287423,-75.7742837,4972
20--5427,2020/07/08,5:36 PM,PRINCE OF WALES DR btwn WATERBEND LANE & TURN LANE (__3ZA1H4),__3ZA1H4,01 - Non intersection,03 - P.D. only,05 - Turning movement,01 - Clear,01 - Daylight,01 - Dry,10 - No control,,2,0,0,0,,0,,,,,367433.6757,5021726.345,45.33269006,-75.70091094,4973
20--5428,2020/07/08,5:43 AM,BANK ST @ QUEENSDALE AVE (0009260),9260,03 - At intersection,02 - Non-fatal injury,02 - Angle,01 - Clear,03 - Dawn,01 - Dry,01 - Traffic signal,01 - Functioning,2,0,0,0,02 - Minor,1,,1,,,373336.7365,5023445.513,45.34760682,-75.62536917,4974
20--5429,2020/07/08,6:18 AM,HAWTHORNE RD btwn LEITRIM RD & LOUISEIZE RD (__3ZBO24),__3ZBO24,01 - Non intersection,03 - P.D. only,07 - SMV other,01 - Clear,01 - Daylight,02 - Wet,10 - No control,,1,0,0,0,,0,,,,,377116.9876,5022524.948,45.33894444,-75.57726824,4975
20--543,2020/01/13,6:35 AM,HIGHWAY 417 btwn HWY 417 ANDERSON IC104R61 & HWY 417 BOUNDARY IC96R16 (__3ZA2W5),__3ZA2W5,01 - Non intersection,02 - Non-fatal injury,03 - Rear end,00 - Unknown,07 - Dark,02 - Wet,10 - No control,,2,0,0,0,02 - Minor,1,,1,,,385128.6604,5024885.387,45.35931033,-75.47467517,4976
20--5430,2020/07/08,6:35 PM,MARCH RD btwn CORKSTOWN RD & HWY417 IC138 RAMP62 (__3ZA417),__3ZA417,01 - Non intersection,02 - Non-fatal injury,07 - SMV other,01 - Clear,01 - Daylight,01 - Dry,10 - No control,,1,0,0,0,02 - Minor,1,,1,,,352703.5582,5020780.268,45.32533724,-75.88891896,4977
20--5431,2020/07/08,7:44 PM,BLAIR RD @ REGIONAL RD 174 N/OR174 IC112 RAMP61 (0003617),3617,02 - Intersection related,03 - P.D. only,99 - Other,01 - Clear,01 - Daylight,01 - Dry,01 - Traffic signal,01 - Functioning,2,0,0,0,,0,,,,,374634.7269,5032991.575,45.43336963,-75.60745593,4978
20--5432,2020/07/08,8:30 AM,ACONITUM WAY btwn BARRETT FARM DR & LAVATERA ST (e___2J44),e___2J44,01 - Non intersection,03 - P.D. only,06 - SMV unattended vehicle,01 - Clear,01 - Daylight,01 - Dry,10 - No control,,1,0,0,0,,0,,,,,374643.626,5020806.543,45.32373349,-75.60906577,4979
20--5433,2020/07/08,8:59 AM,BRONSON AVE @ CATHERINE ST/RAYMOND ST (0007198),7198,02 - Intersection related,03 - P.D. only,03 - Rear end,01 - Clear,01 - Daylight,01 - Dry,01 - Traffic signal,01 - Functioning,3,0,0,0,,0,,,,,367252.7064,5029796.571,45.40532023,-75.70219933,4980
20--5434,2020/07/08,9:10 PM,CASTLEFRANK RD @ HAZELDEAN RD (0003608),3608,03 - At intersection,03 - P.D. only,05 - Turning movement,01 - Clear,07 - Dark,01 - Dry,01 - Traffic signal,01 - Functioning,2,0,0,0,,0,,,,,352677.8815,5017676.756,45.29741291,-75.88954636,4981
20--5435,2020/07/09,1:00 PM,RIVERSIDE DR @ HERON RD (0002236),2236,02 - Intersection related,03 - P.D. only,03 - Rear end,01 - Clear,01 - Daylight,01 - Dry,01 - Traffic signal,01 - Functioning,2,0,0,0,,0,,,,,368121.0994,5026647.22,45.37690526,-75.6915113,4982
20--5436,2020/07/09,1:10 PM,CARP RD btwn KITTIWAKE DR & HAZELDEAN RD (__3ZA3DY),__3ZA3DY,04 - At/near private drive,03 - P.D. only,02 - Angle,01 - Clear,01 - Daylight,01 - Dry,10 - No control,,2,0,0,0,,0,,,,,348634.0143,5014526.327,45.26932818,-75.94138228,4983
20--5437,2020/07/09,10:37 AM,WOODROFFE AVE @ HWY 417 WOODROFF IC127R26/HWY4 (0002355),2355,03 - At intersection,02 - Non-fatal injury,05 - Turning movement,01 - Clear,01 - Daylight,01 - Dry,01 - Traffic signal,01 - Functioning,2,0,0,0,02 - Minor,2,,2,,,362082.6897,5024939.515,45.36205918,-75.76880156,4984