Anom_ID,Accident_Date,Accident_Time,Location,Geo_ID,Accident_Location,Classification_of_Accident,Initial_Impact_Type,Environment_Condition,Light,Road_Surface_Condition,Traffic_Control,Traffic_Control_Condition,No__of_Vehicles,No__of_Bicycles,No__of_Motorcycles,No__of_Pedestrians,Max_Injury,No__of_Injuries,No__of_Minimal,No__of_Minor,No__of_Major,No__of_Fatal,X,Y,Latitude,Longitude,ObjectId
20--5438,2020/07/09,10:52 AM,CYRVILLE RD @ INNES RD (0009352),9352,03 - At intersection,02 - Non-fatal injury,02 - Angle,01 - Clear,01 - Daylight,01 - Dry,01 - Traffic signal,01 - Functioning,2,0,0,0,01 - Minimal,2,2,,,,375047.7271,5031119.573,45.41648503,-75.60244508,4985
20--5439,2020/07/09,12:30 PM,HIGHWAY 417 btwn HWY417 IC122 RAMP15 & HWY417 IC121B RAMP51 (__3ZA2RB),__3ZA2RB,01 - Non intersection,03 - P.D. only,03 - Rear end,01 - Clear,01 - Daylight,01 - Dry,10 - No control,,2,0,0,0,,0,,,,,366022.0566,5029295.06,45.40091647,-75.71798101,4986
20--544,2020/01/13,6:36 AM,DEAKIN ST @ PRINCE OF WALES DR (0001073),1073,02 - Intersection related,03 - P.D. only,03 - Rear end,03 - Snow,07 - Dark,02 - Wet,01 - Traffic signal,01 - Functioning,2,0,0,0,,0,,,,,367390.7198,5021523.481,45.33086856,-75.70148458,4987
20--5440,2020/07/09,2:16 PM,RIVER RD btwn 175 N OF EARL ARMSTRONG/LOBLAWS SC & 700 N OF EARL ARMST (__5DXOUQB),__5DXOUQB,04 - At/near private drive,03 - P.D. only,07 - SMV other,01 - Clear,01 - Daylight,01 - Dry,10 - No control,,1,0,0,0,,0,,,,,367751.4467,5015115.581,45.27317888,-75.69769665,4988
20--5441,2020/07/09,2:23 PM,BORRISOKANE RD/TARTAN DR @ STRANDHERD DR (0010634),10634,02 - Intersection related,03 - P.D. only,03 - Rear end,01 - Clear,01 - Daylight,01 - Dry,01 - Traffic signal,01 - Functioning,2,0,0,0,,0,,,,,362291.2046,5013545.403,45.25951794,-75.76746209,4989
20--5442,2020/07/09,2:24 PM,BANK ST @ MCLEOD ST (0007255),7255,02 - Intersection related,02 - Non-fatal injury,07 - SMV other,01 - Clear,01 - Daylight,01 - Dry,02 - Stop sign,00 - Unknown,1,0,0,1,02 - Minor,1,,1,,,367948.7091,5030487.569,45.41147517,-75.69322063,4990
20--5443,2020/07/09,2:38 PM,BAYSHORE DR @ WOODRIDGE CRES N (0001209),1209,02 - Intersection related,03 - P.D. only,99 - Other,01 - Clear,01 - Daylight,01 - Dry,01 - Traffic signal,01 - Functioning,2,0,0,0,,0,,,,,359072.8677,5023875.064,45.35272073,-75.80733511,4991
20--5444,2020/07/09,2:42 PM,WELLINGTON ST @ LETT ST (0012269),12269,02 - Intersection related,03 - P.D. only,03 - Rear end,01 - Clear,01 - Daylight,01 - Dry,01 - Traffic signal,01 - Functioning,2,0,0,0,,0,,,,,366355.2277,5031111.184,45.41722825,-75.71349889,4992
20--5445,2020/07/09,3:47 PM,KILSPINDIE RIDGE @ LONGFIELDS DR (0015336),15336,02 - Intersection related,03 - P.D. only,03 - Rear end,01 - Clear,01 - Daylight,01 - Dry,02 - Stop sign,01 - Functioning,2,0,0,0,,0,,,,,366290.7637,5012502.587,45.24979649,-75.71663441,4993
20--5446,2020/07/09,4:39 PM,KILMARNOCK WAY btwn RAVENDALE WAY & RAVENDALE WAY (__54YKUI),__54YKUI,04 - At/near private drive,03 - P.D. only,02 - Angle,01 - Clear,01 - Daylight,01 - Dry,10 - No control,,2,0,0,0,,0,,,,,365459.425,5012008.784,45.24542539,-75.72728457,4994
20--5447,2020/07/09,5:00 PM,VANIER PKWY SB btwn RIVERSIDE DR & TO BE DETERMINED (__3ZA1Q9),__3ZA1Q9,01 - Non intersection,02 - Non-fatal injury,03 - Rear end,01 - Clear,01 - Daylight,01 - Dry,10 - No control,,2,0,0,0,01 - Minimal,1,1,,,,370791.8154,5031357.771,45.41904257,-75.65678483,4995
20--5448,2020/07/09,6:00 AM,HIGHWAY 417 btwn HWY417 IC155 RAMP25 & RAMP (__3ZAZN1),__3ZAZN1,01 - Non intersection,03 - P.D. only,07 - SMV other,01 - Clear,01 - Daylight,01 - Dry,10 - No control,,1,0,0,0,,0,,,,,345070.1438,5014879.537,45.27271962,-75.98676945,4996
20--5449,2020/07/09,6:16 AM,BANKFIELD RD @ PRINCE OF WALES DR (0003618),3618,02 - Intersection related,03 - P.D. only,03 - Rear end,01 - Clear,01 - Daylight,01 - Dry,01 - Traffic signal,01 - Functioning,2,0,0,0,,0,,,,,366379.6941,5008975.395,45.218051,-75.71593814,4997
20--545,2020/01/13,6:41 PM,BANK ST btwn HERON RD & ANOKA ST (__3ZA360),__3ZA360,04 - At/near private drive,03 - P.D. only,02 - Angle,01 - Clear,07 - Dark,02 - Wet,10 - No control,,2,0,0,0,,0,,,,,370011.0721,5026807.745,45.37817626,-75.66736131,4998
20--5450,2020/07/09,6:21 AM,WEST HUNT CLUB RD WB btwn CEDARVIEW RD & GREENBANK RD (__3ZA199),__3ZA199,01 - Non intersection,03 - P.D. only,04 - Sideswipe,01 - Clear,01 - Daylight,01 - Dry,10 - No control,,2,0,0,0,,0,,,,,360182.2032,5019823.995,45.31618243,-75.79363147,4999
20--5451,2020/07/09,7:05 AM,HWY417 IC118 RAMP35 btwn HWY417 IC118 RAMP45 & MANN AVE OVERPASS (__3ZAYAW),__3ZAYAW,01 - Non intersection,03 - P.D. only,03 - Rear end,01 - Clear,01 - Daylight,01 - Dry,10 - No control,,2,0,0,0,,0,,,,,369517.2318,5031057.955,45.416464,-75.67310857,5000
20--6263,2020/08/13,12:59 PM,BANK ST @ RANDALL AVE (0007207),7207,03 - At intersection,03 - P.D. only,02 - Angle,01 - Clear,01 - Daylight,01 - Dry,01 - Traffic signal,01 - Functioning,2,0,0,0,,0,,,,,369739.7351,5027281.579,45.38246487,-75.67076315,5001
20--6264,2020/08/13,2:06 PM,BLACKBURN BYPASS EB btwn 1700 W OF NAVAN RD & NAVAN RD (__3ZA3J6B),__3ZA3J6B,01 - Non intersection,03 - P.D. only,04 - Sideswipe,01 - Clear,01 - Daylight,01 - Dry,10 - No control,,2,0,0,0,,0,,,,,379560.8343,5033195.641,45.43469639,-75.54447384,5002
20--6265,2020/08/13,2:08 PM,BANK ST @ CECIL AVE (0002601),2601,03 - At intersection,03 - P.D. only,02 - Angle,01 - Clear,01 - Daylight,01 - Dry,02 - Stop sign,01 - Functioning,2,0,0,0,,0,,,,,369944.7169,5026989.55,45.37981826,-75.66818448,5003
20--6266,2020/08/13,2:22 PM,SUE HOLLOWAY DR btwn BAYROSE DR & GLENROY GILBERT DR (__8JUTFN),__8JUTFN,01 - Non intersection,03 - P.D. only,06 - SMV unattended vehicle,01 - Clear,01 - Daylight,01 - Dry,10 - No control,,1,0,0,0,,0,,,,,364607.11,5014702.093,45.26973278,-75.73781673,5004
20--6267,2020/08/13,2:30 PM,MARCH RD @ TERRY FOX DR (0003173),3173,02 - Intersection related,03 - P.D. only,03 - Rear end,01 - Clear,01 - Daylight,01 - Dry,01 - Traffic signal,01 - Functioning,2,0,0,0,,0,,,,,349864.6082,5023399.506,45.34909378,-75.92489356,5005
20--6268,2020/08/13,3:12 PM,STRANDHERD DR @ WOODROFFE AVE (0009688),9688,02 - Intersection related,02 - Non-fatal injury,02 - Angle,01 - Clear,01 - Daylight,01 - Dry,01 - Traffic signal,01 - Functioning,2,1,0,0,02 - Minor,1,,1,,,366106.1614,5015395.16,45.27583989,-75.71862897,5006
20--6269,2020/08/13,3:17 PM,DUNROBIN RD btwn KILMAURS SIDE RD & CONSTANCE BAY RD (__3ZA4EA),__3ZA4EA,01 - Non intersection,03 - P.D. only,07 - SMV other,01 - Clear,01 - Daylight,01 - Dry,10 - No control,,1,0,0,0,,0,,,,,336314.745,5037682.443,45.4783564,-76.09689595,5007
20--627,2020/01/15,3:45 PM,NICHOLAS ST btwn DALY AVE & SB RAMP FROM WALLER/NICHOLAS/MACKENZIE KIN (__3ZA3VJ),__3ZA3VJ,01 - Non intersection,03 - P.D. only,04 - Sideswipe,01 - Clear,01 - Daylight,01 - Dry,10 - No control,,2,0,0,0,,0,,,,,368251.7058,5032009.668,45.42514309,-75.68915397,5008
20--6270,2020/08/13,3:39 PM,ALBION RD    N btwn KITCHENER AVE & END (__3ZA9X0),__3ZA9X0,04 - At/near private drive,03 - P.D. only,05 - Turning movement,01 - Clear,01 - Daylight,01 - Dry,10 - No control,,2,0,0,0,,0,,,,,371291.995,5025730.738,45.36836535,-75.6511528,5009
20--6271,2020/08/13,3:55 PM,HUNT CLUB RD @ BRIDLE PATH DR/DAZE ST (0008214),8214,02 - Intersection related,03 - P.D. only,04 - Sideswipe,01 - Clear,01 - Daylight,01 - Dry,01 - Traffic signal,01 - Functioning,2,0,0,0,,0,,,,,371291.735,5023864.492,45.35157351,-75.65140718,5010
20--6272,2020/08/13,4:00 PM,8TH LINE RD @ PARKWAY RD (0001611),1611,03 - At intersection,03 - P.D. only,02 - Angle,01 - Clear,01 - Daylight,01 - Dry,02 - Stop sign,01 - Functioning,2,0,0,0,,0,,,,,383165.7945,5016891.463,45.28760841,-75.50099058,5011
20--6273,2020/08/13,4:00 PM,MERIVALE RD btwn 210 S OF MEADOWLANDS DR/MERIVALE PL SC & FAMILY BROWN (__3ZBPLPB),__3ZBPLPB,04 - At/near private drive,03 - P.D. only,03 - Rear end,01 - Clear,01 - Daylight,01 - Dry,10 - No control,,2,0,0,0,,0,,,,,364992.906,5023414.347,45.3480921,-75.73184238,5012
20--6274,2020/08/13,4:40 PM,PALLADIUM DR btwn HWY417 IC142 RAMP62 & HUNTMAR DR (__3ZAZW8),__3ZAZW8,04 - At/near private drive,03 - P.D. only,03 - Rear end,01 - Clear,01 - Daylight,01 - Dry,10 - No control,,2,0,0,0,,0,,,,,348661.3901,5017553.118,45.29656259,-75.94076589,5013
20--6275,2020/08/13,5:29 PM,BANK ST @ JOHNSTON RD (0006967),6967,02 - Intersection related,02 - Non-fatal injury,03 - Rear end,01 - Clear,01 - Daylight,01 - Dry,01 - Traffic signal,01 - Functioning,2,0,0,0,02 - Minor,2,,2,,,370851.728,5024839.532,45.36038819,-75.65689183,5014
20--5542,2020/07/14,2:42 PM,BREWER RD @ BRONSON AVE (0002240),2240,02 - Intersection related,03 - P.D. only,04 - Sideswipe,01 - Clear,01 - Daylight,01 - Dry,01 - Traffic signal,01 - Functioning,2,0,0,0,,0,,,,,368109.0527,5027766.432,45.38697671,-75.69152157,5015
20--6276,2020/08/13,5:43 PM,GLADSTONE AVE @ ARTHUR ST/ARTHUR LANE (0005267),5267,03 - At intersection,03 - P.D. only,02 - Angle,01 - Clear,01 - Daylight,01 - Dry,01 - Traffic signal,01 - Functioning,2,0,0,0,,0,,,,,366993.7803,5029995.598,45.40713407,-75.70548155,5016
20--6277,2020/08/13,6:30 AM,BASELINE RD @ MERIVALE RD (0002342),2342,02 - Intersection related,03 - P.D. only,04 - Sideswipe,01 - Clear,01 - Daylight,01 - Dry,01 - Traffic signal,01 - Functioning,2,0,0,0,,0,,,,,365054.7006,5025325.521,45.36528325,-75.73082091,5017
20--6278,2020/08/13,6:36 AM,BRUIN RD @ CEDARVIEW RD (0005240),5240,03 - At intersection,02 - Non-fatal injury,02 - Angle,01 - Clear,01 - Daylight,01 - Dry,02 - Stop sign,01 - Functioning,2,1,0,0,02 - Minor,1,,1,,,359230.5289,5020937.036,45.32627206,-75.8056463,5018
20--6279,2020/08/13,7:10 PM,OLD TENTH LINE RD/OR174 IC101 RAMP63 @ ST. JOS (0009233),9233,02 - Intersection related,03 - P.D. only,07 - SMV other,01 - Clear,01 - Daylight,01 - Dry,01 - Traffic signal,01 - Functioning,1,0,0,0,,0,,,,,383119.7418,5038785.597,45.48460037,-75.49810348,5019
20--628,2020/01/15,3:58 PM,GREENBANK RD @ 220 N OF STRANDHERD DR (0010452),10452,03 - At intersection,03 - P.D. only,05 - Turning movement,01 - Clear,01 - Daylight,02 - Wet,01 - Traffic signal,01 - Functioning,2,0,0,0,,0,,,,,363848.3913,5014984.371,45.27233684,-75.74745145,5020
20--6280,2020/08/13,7:20 AM,BANK ST @ HERON RD (0002155),2155,02 - Intersection related,03 - P.D. only,03 - Rear end,01 - Clear,01 - Daylight,01 - Dry,01 - Traffic signal,01 - Functioning,2,0,0,0,,0,,,,,369995.7178,5026851.55,45.37857184,-75.66755155,5021
20--6281,2020/08/13,7:24 AM,REGIONAL ROAD 174 btwn OR174 IC101 RAMP61 & TRIM RD (__3ZA11N),__3ZA11N,01 - Non intersection,03 - P.D. only,04 - Sideswipe,01 - Clear,01 - Daylight,01 - Dry,10 - No control,,2,0,0,0,,0,,,,,384135.0388,5039843.062,45.49399977,-75.48494655,5022
20--6282,2020/08/13,7:35 AM,RICHMOND RD btwn STEEPLE HILL CRES & CAMBRIAN RD (__3ZAB9D),__3ZAB9D,01 - Non intersection,03 - P.D. only,07 - SMV other,01 - Clear,01 - Daylight,01 - Dry,10 - No control,,1,0,0,0,,0,,,,,359114.0149,5009591.018,45.22418811,-75.80837384,5023
20--6283,2020/08/13,9:00 PM,ST. JOSEPH BLVD/OLD MONTREAL RD @ TRIM RD (0004118),4118,02 - Intersection related,02 - Non-fatal injury,02 - Angle,01 - Clear,07 - Dark,01 - Dry,11 - Roundabout,01 - Functioning,2,1,0,0,01 - Minimal,1,1,,,,384682.7511,5039285.576,45.48892158,-75.47803068,5024
20--6284,2020/08/13,9:26 PM,MARCH RD btwn SOLANDT RD & STATION RD (__3ZA3CD),__3ZA3CD,01 - Non intersection,03 - P.D. only,03 - Rear end,01 - Clear,07 - Dark,01 - Dry,10 - No control,,2,0,0,0,,0,,,,,350631.389,5022549.449,45.3413951,-75.91518732,5025
20--5632,2020/07/17,7:29 PM,PARENT AVE @ ST. PATRICK ST (0008240),8240,03 - At intersection,03 - P.D. only,05 - Turning movement,01 - Clear,01 - Daylight,01 - Dry,01 - Traffic signal,01 - Functioning,2,0,0,0,,0,,,,,367821.7071,5032556.591,45.43010299,-75.69457836,5026
20--6285,2020/08/13,9:28 PM,PRINCE OF WALES DR btwn WILLIAM MCEWEN DR & CARSONBY RD W (__3ZAZ7Y),__3ZAZ7Y,01 - Non intersection,03 - P.D. only,07 - SMV other,01 - Clear,07 - Dark,01 - Dry,10 - No control,,1,0,0,0,,0,,,,,365719.8849,5005795.177,45.18949251,-75.72472716,5027
20--6286,2020/08/13,9:45 AM,HWY417 IC112 RAMP56 btwn INNES RD & HIGHWAY 417 (__3ZAYAS),__3ZAYAS,01 - Non intersection,03 - P.D. only,07 - SMV other,01 - Clear,01 - Daylight,01 - Dry,10 - No control,,1,0,0,0,,0,,,,,374610.7134,5030797.724,45.41363294,-75.60807371,5028
20--6287,2020/08/13,9:49 AM,KING EDWARD AVE @ ST. PATRICK ST (0002714),2714,02 - Intersection related,02 - Non-fatal injury,03 - Rear end,01 - Clear,01 - Daylight,01 - Dry,01 - Traffic signal,01 - Functioning,2,0,0,0,02 - Minor,1,,1,,,368248.7026,5032823.588,45.43246673,-75.68908748,5029
20--6288,2020/08/13,9:55 PM,HIGHWAY 417 btwn HWY417 IC118 RAMP35 & HWY417 IC117 RAMP51 (__3ZA2YP),__3ZA2YP,01 - Non intersection,03 - P.D. only,03 - Rear end,01 - Clear,07 - Dark,01 - Dry,10 - No control,,2,0,0,0,,0,,,,,370186.122,5031100.738,45.41678675,-75.6645574,5030
20--5993,2020/08/01,10:03 PM,TERRY FOX DR btwn HUNTSVILLE DR & OLD SECOND LINE RD (__8IAYIU),__8IAYIU,01 - Non intersection,03 - P.D. only,07 - SMV other,01 - Clear,07 - Dark,01 - Dry,10 - No control,,1,0,0,0,,0,,,,,348036.802,5021706.595,45.33397558,-75.94836654,5031
20--6289,2020/08/14,1:17 PM,HIGHWAY 417 btwn HWY417 IC122 RAMP51 & HWY417 IC122 RAMP15 (__3ZA2R0),__3ZA2R0,01 - Non intersection,03 - P.D. only,03 - Rear end,01 - Clear,01 - Daylight,01 - Dry,10 - No control,,3,0,0,0,,0,,,,,365431.3705,5028941.024,45.39778235,-75.72556895,5032
20--5902,2020/07/29,11:00 AM,CHAMBERLAIN AVE @ PERCY ST (0007715),7715,03 - At intersection,03 - P.D. only,02 - Angle,01 - Clear,01 - Daylight,01 - Dry,01 - Traffic signal,01 - Functioning,2,0,0,0,,0,,,,,367559.022,5029824.661,45.40554557,-75.69828311,5033
20--6083,2020/08/05,2:12 PM,BLAIR PL btwn OGILVIE RD & END (__3ZA4B6),__3ZA4B6,04 - At/near private drive,03 - P.D. only,05 - Turning movement,01 - Clear,01 - Daylight,01 - Dry,10 - No control,,2,0,0,0,,0,,,,,374854.8471,5033236.979,45.43555562,-75.60460804,5034
20--629,2020/01/15,4:00 PM,RICHMOND RD btwn TURN LANE & JOHN SUTHERLAND DR (__3ZA4LM),__3ZA4LM,01 - Non intersection,03 - P.D. only,99 - Other,03 - Snow,01 - Daylight,02 - Wet,10 - No control,,2,0,0,0,,0,,,,,358735.4388,5022037.016,45.33620796,-75.8118417,5035
20--6290,2020/08/14,1:26 PM,WOODROFFE AVE btwn MEADOWLANDS DR/TALLWOOD DR & NORICE ST (__3ZBOCG),__3ZBOCG,01 - Non intersection,02 - Non-fatal injury,04 - Sideswipe,01 - Clear,01 - Daylight,01 - Dry,10 - No control,,2,1,0,0,01 - Minimal,1,1,,,,363190.9531,5022406.336,45.33917443,-75.75495518,5036
20--6291,2020/08/14,1:30 PM,HAZELDEAN RD @ TERRY FOX DR (0003682),3682,02 - Intersection related,03 - P.D. only,05 - Turning movement,01 - Clear,01 - Daylight,01 - Dry,01 - Traffic signal,01 - Functioning,2,0,0,0,,0,,,,,352207.6075,5017242.44,45.29353671,-75.89558364,5037
20--6292,2020/08/14,1:57 PM,STITTSVILLE MAIN ST @ HOBIN ST/WILDPINE CRT (0000052),52,02 - Intersection related,02 - Non-fatal injury,03 - Rear end,01 - Clear,01 - Daylight,01 - Dry,01 - Traffic signal,01 - Functioning,2,0,0,0,02 - Minor,1,,1,,,349665.5765,5014034.439,45.26483694,-75.92828121,5038
20--6293,2020/08/14,10:00 AM,BANK ST @ PARKWAY RD (0005709),5709,02 - Intersection related,03 - P.D. only,02 - Angle,01 - Clear,01 - Daylight,01 - Dry,01 - Traffic signal,01 - Functioning,2,0,0,0,,0,,,,,378746.7153,5014207.49,45.263938,-75.55771703,5039
20--6294,2020/08/14,10:08 AM,BANK ST @ LAURIER AVE (0002221),2221,02 - Intersection related,02 - Non-fatal injury,04 - Sideswipe,01 - Clear,01 - Daylight,01 - Dry,01 - Traffic signal,01 - Functioning,2,0,0,0,01 - Minimal,1,1,,,,367480.7001,5031265.59,45.41851763,-75.6991003,5040
20--6295,2020/08/14,10:19 AM,WOODROFFE AVE btwn GRENFELL CRES & 260 N OF FALLOWFIELD RD/TRANSITWAY  (__3ZA3IO),__3ZA3IO,05 - At railway crossing,03 - P.D. only,04 - Sideswipe,01 - Clear,01 - Daylight,01 - Dry,10 - No control,,2,0,0,0,,0,,,,,364884.1047,5018409.091,45.30306462,-75.73383811,5041
20--6296,2020/08/14,10:46 PM,INNES RD @ JEANNE D'ARC BLVD/MER BLEUE RD (0012475),12475,03 - At intersection,02 - Non-fatal injury,05 - Turning movement,01 - Clear,07 - Dark,01 - Dry,01 - Traffic signal,01 - Functioning,2,0,0,0,01 - Minimal,2,2,,,,382637.7572,5035567.563,45.45570123,-75.504778,5042
20--6297,2020/08/14,11:07 AM,HEMLOCK RD @ LANSDOWNE RD (0010754),10754,03 - At intersection,02 - Non-fatal injury,02 - Angle,01 - Clear,01 - Daylight,01 - Dry,02 - Stop sign,01 - Functioning,2,0,1,0,03 - Major,1,,,1,,369849.5298,5034511.568,45.44750739,-75.66840699,5043
20--6298,2020/08/14,11:30 AM,HERON RD btwn FINN CRT & BAYCREST DR (__3ZBOFO),__3ZBOFO,01 - Non intersection,03 - P.D. only,03 - Rear end,01 - Clear,01 - Daylight,01 - Dry,10 - No control,,2,0,0,0,,0,,,,,371064.0551,5026970.746,45.37954409,-75.65389603,5044
20--6299,2020/08/14,11:59 AM,BAYSHORE DR btwn WOODRIDGE CRES S & BAYSHORE CS (__3ZAA4OB),__3ZAA4OB,04 - At/near private drive,03 - P.D. only,04 - Sideswipe,01 - Clear,01 - Daylight,01 - Dry,10 - No control,,2,0,0,0,,0,,,,,359229.6347,5023515.805,45.34947597,-75.80537404,5045
20--63,2020/01/03,1:35 PM,STAGECOACH RD btwn FAWN LANE & KAYCOURT DR (__3ZA2L2),__3ZA2L2,01 - Non intersection,03 - P.D. only,07 - SMV other,01 - Clear,01 - Daylight,01 - Dry,10 - No control,,1,0,0,0,,0,,,,,379180.3472,4996719.644,45.10654183,-75.55479987,5046
20--630,2020/01/15,4:00 PM,HIGHWAY 417 btwn HWY417 IC126 RAMP25 & HWY417 IC124 RAMP57 (__3ZA2R5),__3ZA2R5,01 - Non intersection,03 - P.D. only,03 - Rear end,01 - Clear,01 - Daylight,01 - Dry,10 - No control,,3,0,0,0,,0,,,,,363862.3877,5026758.205,45.37827582,-75.74586868,5047
20--6300,2020/08/14,Unknown,SPROULE ST btwn SHILLINGTON AVE & END (__3ZA0RK),__3ZA0RK,04 - At/near private drive,03 - P.D. only,06 - SMV unattended vehicle,01 - Clear,00 - Unknown,01 - Dry,10 - No control,,1,0,0,0,,0,,,,,365318.0124,5027154.005,45.38171293,-75.72723587,5048
20--6301,2020/08/14,Unknown,WOODFORD WAY btwn WOODPARK WAY & ARMAGH WAY (__3ZA5AP),__3ZA5AP,01 - Non intersection,03 - P.D. only,06 - SMV unattended vehicle,01 - Clear,00 - Unknown,01 - Dry,10 - No control,,1,0,0,0,,0,,,,,365058.1366,5017084.791,45.29113373,-75.73178007,5049
20--6302,2020/08/14,12:35 PM,HWY 417 MAITLAND IC126R26/62 @ MAITLAND AVE (0008228),8228,03 - At intersection,02 - Non-fatal injury,05 - Turning movement,01 - Clear,01 - Daylight,01 - Dry,01 - Traffic signal,01 - Functioning,2,0,0,0,02 - Minor,1,,1,,,363145.6852,5025983.525,45.3713654,-75.75511055,5050
20--6303,2020/08/14,12:51 PM,MAISONNEUVE ST @ ST. JOSEPH BLVD (0004141),4141,02 - Intersection related,02 - Non-fatal injury,02 - Angle,01 - Clear,01 - Daylight,01 - Dry,02 - Stop sign,00 - Unknown,2,1,0,0,02 - Minor,1,,1,,,381463.7439,5037578.603,45.47392469,-75.51947288,5051
20--6304,2020/08/14,12:56 PM,BEECHWOOD AVE @ DOUGLAS AVE (0007706),7706,03 - At intersection,02 - Non-fatal injury,02 - Angle,01 - Clear,01 - Daylight,01 - Dry,02 - Stop sign,01 - Functioning,2,0,0,0,02 - Minor,1,,1,,,369306.7095,5033692.596,45.44018892,-75.67545304,5052
20--6305,2020/08/14,2:02 PM,HIGHWAY 417 btwn HWY417 IC124 RAMP65 & HWY417 IC122 RAMP51 (__3ZA2R8),__3ZA2R8,01 - Non intersection,03 - P.D. only,03 - Rear end,01 - Clear,01 - Daylight,01 - Dry,10 - No control,,2,0,0,0,,0,,,,,365124.3054,5028663.141,45.39530854,-75.72952465,5053
20--6306,2020/08/14,2:28 PM,PANMURE RD btwn HWY417 IC163 RAMP61 & LOGAN MACDONALD WAY (__3ZA173),__3ZA173,01 - Non intersection,03 - P.D. only,07 - SMV other,01 - Clear,01 - Daylight,01 - Dry,10 - No control,,1,0,0,0,,0,,,,,331567.2453,5021691.071,45.33465743,-76.15848807,5054
20--6307,2020/08/14,2:30 PM,HUNT CLUB RD @ RIVERSIDE DR (0002237),2237,02 - Intersection related,03 - P.D. only,03 - Rear end,01 - Clear,01 - Daylight,01 - Dry,01 - Traffic signal,01 - Functioning,2,0,0,0,,0,,,,,368036.6734,5021945.528,45.33460815,-75.69319057,5055
20--6308,2020/08/14,2:40 PM,RICHMOND RD @ HOLLY ACRES RD/NANAIMO DR (0001068),1068,02 - Intersection related,02 - Non-fatal injury,03 - Rear end,01 - Clear,01 - Daylight,01 - Dry,01 - Traffic signal,01 - Functioning,2,0,0,0,02 - Minor,2,1,1,,,359058.6599,5022748.483,45.34258484,-75.80764002,5056
20--6309,2020/08/14,2:42 AM,SCOTT ST btwn CHURCHILL AVE N & END (__3ZA1BF),__3ZA1BF,01 - Non intersection,03 - P.D. only,07 - SMV other,01 - Clear,07 - Dark,01 - Dry,10 - No control,,1,0,0,0,,0,,,,,363043.175,5028550.953,45.39447529,-75.75611626,5057
20--631,2020/01/15,4:06 PM,BASELINE RD/HERON RD @ PRINCE OF WALES DR (0002345),2345,02 - Intersection related,03 - P.D. only,03 - Rear end,01 - Clear,05 - Dusk,03 - Loose snow,01 - Traffic signal,01 - Functioning,2,0,0,0,,0,,,,,366873.7021,5026438.538,45.37513921,-75.70746285,5058
20--6310,2020/08/14,3:15 PM,INDUSTRIAL AVE @ RIVERSIDE DR (0011905),11905,02 - Intersection related,03 - P.D. only,04 - Sideswipe,01 - Clear,01 - Daylight,01 - Dry,01 - Traffic signal,01 - Functioning,2,0,0,0,,0,,,,,370684.7196,5030592.554,45.41216755,-75.65825541,5059
20--6311,2020/08/14,3:58 PM,OGILVIE RD @ ELMRIDGE DR/JASMINE CRES N (0008801),8801,03 - At intersection,03 - P.D. only,02 - Angle,01 - Clear,01 - Daylight,01 - Dry,01 - Traffic signal,01 - Functioning,2,0,0,0,,0,,,,,375419.1776,5034060.833,45.44291141,-75.59727786,5060
20--6312,2020/08/14,4:00 PM,TERRY FOX DR @ 135 S OF HAZELDEAN RD/SOBEY'S S (0012468),12468,03 - At intersection,03 - P.D. only,05 - Turning movement,01 - Clear,01 - Daylight,01 - Dry,01 - Traffic signal,01 - Functioning,2,0,0,0,,0,,,,,352292.5868,5017139.785,45.29260725,-75.8945101,5061
20--6313,2020/08/14,4:08 PM,HIGHWAY 417 btwn HWY417 IC126 RAMP25 & HWY417 IC124 RAMP57 (__3ZA2R5),__3ZA2R5,01 - Non intersection,03 - P.D. only,03 - Rear end,01 - Clear,01 - Daylight,01 - Dry,10 - No control,,3,0,0,0,,0,,,,,363469.7658,5026235.589,45.37360638,-75.75094349,5062
20--6314,2020/08/14,4:15 PM,MCARTHUR AVE @ VANIER PKWY (0004626),4626,02 - Intersection related,03 - P.D. only,03 - Rear end,01 - Clear,01 - Daylight,01 - Dry,01 - Traffic signal,00 - Unknown,2,0,0,0,,0,,,,,370218.7014,5032690.586,45.43108852,-75.66393004,5063
20--6315,2020/08/14,4:38 PM,DEER PARK RD @ MEADOWLANDS DR (0001119),1119,03 - At intersection,03 - P.D. only,02 - Angle,01 - Clear,01 - Daylight,01 - Dry,01 - Traffic signal,01 - Functioning,2,0,0,0,,0,,,,,365978.9306,5024860.703,45.36102085,-75.71908132,5064
20--6316,2020/08/14,4:48 PM,ANDERSON RD btwn LEITRIM RD & EIGHTH LINE RD (__3ZA2B8),__3ZA2B8,01 - Non intersection,03 - P.D. only,03 - Rear end,01 - Clear,01 - Daylight,01 - Dry,10 - No control,,2,0,0,0,,0,,,,,380588.527,5024632.451,45.35754006,-75.53265622,5065
20--6317,2020/08/14,5:26 PM,COLONEL BY DR/MACKENZIE AVE @ DALY AVE (0008541),8541,02 - Intersection related,03 - P.D. only,03 - Rear end,01 - Clear,01 - Daylight,01 - Dry,01 - Traffic signal,01 - Functioning,2,0,0,0,,0,,,,,368002.6929,5031904.584,45.42422012,-75.69234925,5066