Anom_ID,Accident_Date,Accident_Time,Location,Geo_ID,Accident_Location,Classification_of_Accident,Initial_Impact_Type,Environment_Condition,Light,Road_Surface_Condition,Traffic_Control,Traffic_Control_Condition,No__of_Vehicles,No__of_Bicycles,No__of_Motorcycles,No__of_Pedestrians,Max_Injury,No__of_Injuries,No__of_Minimal,No__of_Minor,No__of_Major,No__of_Fatal,X,Y,Latitude,Longitude,ObjectId
20--6318,2020/08/14,5:48 PM,CARLING AVE WB btwn CAMBRIDGE ST S & BRONSON AVE (__3ZA25E),__3ZA25E,01 - Non intersection,03 - P.D. only,04 - Sideswipe,01 - Clear,01 - Daylight,01 - Dry,10 - No control,,2,0,0,0,,0,,,,,367439.0088,5029329.925,45.40110483,-75.69987892,5067
20--6319,2020/08/14,5:52 PM,HIGHWAY 417 btwn HWY417 IC126 RAMP25 & HWY417 IC124 RAMP57 (__3ZA2R5),__3ZA2R5,01 - Non intersection,03 - P.D. only,03 - Rear end,01 - Clear,01 - Daylight,01 - Dry,10 - No control,,2,0,0,0,,0,,,,,363741.3456,5026598.626,45.37685015,-75.74743311,5068
20--632,2020/01/15,4:15 PM,REGIONAL ROAD 174 btwn OR174 IC102 RAMP15 & OR174 IC101 RAMP63 (__3ZA11S),__3ZA11S,01 - Non intersection,03 - P.D. only,99 - Other,01 - Clear,01 - Daylight,01 - Dry,10 - No control,,2,0,0,0,,0,,,,,382341.8786,5038659.854,45.48355588,-75.50807256,5069
20--6320,2020/08/14,6:00 AM,BASELINE RD @ GREENBANK RD (0002357),2357,03 - At intersection,03 - P.D. only,02 - Angle,01 - Clear,03 - Dawn,01 - Dry,01 - Traffic signal,01 - Functioning,2,0,0,0,,0,,,,,360598.6132,5022584.781,45.34099105,-75.78800963,5070
20--6321,2020/08/14,6:00 PM,HILLHURST PL btwn CHESTERTON DR & BOWHILL AVE (__3ZAAVP),__3ZAAVP,04 - At/near private drive,03 - P.D. only,99 - Other,01 - Clear,01 - Daylight,01 - Dry,10 - No control,,2,0,0,0,,0,,,,,365490.0284,5023786.177,45.35139493,-75.72545326,5071
20--6322,2020/08/14,6:30 PM,BRANT ST @ MCARTHUR AVE (0004649),4649,02 - Intersection related,03 - P.D. only,03 - Rear end,01 - Clear,01 - Daylight,01 - Dry,01 - Traffic signal,01 - Functioning,2,0,0,0,,0,,,,,371262.9343,5032806.346,45.43203162,-75.65057027,5072
20--6323,2020/08/14,6:41 PM,HWY417 IC145 RAMP55 btwn HIGHWAY 7 & HIGHWAY 417 (__3ZAY8K),__3ZAY8K,01 - Non intersection,03 - P.D. only,03 - Rear end,01 - Clear,01 - Daylight,01 - Dry,10 - No control,,3,0,0,0,,0,,,,,346488.0845,5014960.689,45.27336722,-75.96869219,5073
20--6324,2020/08/14,7:48 AM,HIGHWAY 417 btwn HWY417 IC122 RAMP16 & HWY417 IC122 RAMP61 (__3ZA2RA),__3ZA2RA,01 - Non intersection,02 - Non-fatal injury,99 - Other,01 - Clear,01 - Daylight,01 - Dry,10 - No control,,2,0,0,0,02 - Minor,1,,1,,,365447.6818,5028972.886,45.39806762,-75.72535671,5074
20--6325,2020/08/14,7:56 PM,KIRKWOOD AVE @ IONA ST (0006672),6672,02 - Intersection related,03 - P.D. only,03 - Rear end,01 - Clear,01 - Daylight,01 - Dry,99 - Other,00 - Unknown,3,0,0,0,,0,,,,,363993.8473,5028136.356,45.3906651,-75.74402503,5075
20--6326,2020/08/14,8:15 PM,HIGHWAY 416 btwn HWY416 IC49 RAMP24 & HWY416 IC42 RAMP42 (__3ZA29T),__3ZA29T,01 - Non intersection,02 - Non-fatal injury,07 - SMV other,01 - Clear,05 - Dusk,01 - Dry,10 - No control,,1,0,1,0,02 - Minor,1,,1,,,369723.0958,4999220.766,45.12997855,-75.67464159,5076
20--6327,2020/08/14,8:25 AM,REGIONAL RD 174 @ TRIM RD (0012835),12835,02 - Intersection related,03 - P.D. only,03 - Rear end,01 - Clear,01 - Daylight,01 - Dry,01 - Traffic signal,01 - Functioning,2,0,0,0,,0,,,,,384351.8639,5039990.343,45.49530018,-75.48214895,5077
20--6328,2020/08/15,10:30 PM,CARLING AVE @ PINECREST  RD/GREENVIEW AVE (0001630),1630,03 - At intersection,03 - P.D. only,02 - Angle,01 - Clear,07 - Dark,01 - Dry,01 - Traffic signal,01 - Functioning,2,0,0,0,,0,,,,,360006.7143,5024632.55,45.35946368,-75.79533307,5078
20--6329,2020/08/15,11:14 AM,ORLEANS BLVD @ ST. JOSEPH BLVD (0004144),4144,03 - At intersection,03 - P.D. only,05 - Turning movement,01 - Clear,01 - Daylight,01 - Dry,01 - Traffic signal,01 - Functioning,2,0,0,0,,0,,,,,380631.7388,5036980.589,45.46863509,-75.53020495,5079
20--633,2020/01/15,4:38 AM,UPPER DWYER HILL RD btwn MARCH RD & OLD ALMONTE RD (__3ZA4QB),__3ZA4QB,01 - Non intersection,03 - P.D. only,07 - SMV other,"07 - Fog, mist, smoke, dust",07 - Dark,02 - Wet,10 - No control,,1,0,0,0,,0,,,,,335714.1993,5012486.824,45.25166211,-76.10615371,5080
20--6330,2020/08/15,11:42 AM,HAZELDEAN RD btwn 246 E OF CASTLEFRANK RD & IRWIN GT (__3ZA41NB),__3ZA41NB,04 - At/near private drive,03 - P.D. only,02 - Angle,01 - Clear,01 - Daylight,01 - Dry,10 - No control,,2,0,0,0,,0,,,,,352916.6671,5017892.853,45.29934108,-75.886481,5081
20--6331,2020/08/15,Unknown,DALHOUSIE ST btwn RIDEAU ST & BESSERER ST (__3ZBOX9),__3ZBOX9,01 - Non intersection,03 - P.D. only,06 - SMV unattended vehicle,01 - Clear,00 - Unknown,01 - Dry,10 - No control,,1,0,0,0,,0,,,,,368218.4695,5032210.232,45.42695071,-75.68955282,5082
20--6332,2020/08/15,12:15 PM,HIGHWAY 417 btwn HWY417 IC124 RAMP67 & HWY417 IC123 RAMP62 (__3ZA2YZ),__3ZA2YZ,01 - Non intersection,03 - P.D. only,03 - Rear end,01 - Clear,01 - Daylight,01 - Dry,10 - No control,,5,0,0,0,,0,,,,,364608.8193,5027782.012,45.38742453,-75.73621476,5083
20--6333,2020/08/15,12:45 PM,BASELINE RD/HERON RD @ PRINCE OF WALES DR (0002345),2345,02 - Intersection related,03 - P.D. only,03 - Rear end,01 - Clear,01 - Daylight,01 - Dry,01 - Traffic signal,01 - Functioning,2,0,0,0,,0,,,,,366873.6991,5026438.535,45.37513918,-75.70746289,5084
20--6334,2020/08/15,3:02 PM,SLACK RD @ WOODROFFE AVE (0000102),102,02 - Intersection related,03 - P.D. only,04 - Sideswipe,01 - Clear,01 - Daylight,01 - Dry,01 - Traffic signal,01 - Functioning,2,0,0,0,,0,,,,,364233.6953,5019974.463,45.31720508,-75.74194332,5085
20--6335,2020/08/15,3:11 PM,BASELINE RD @ CLYDE AVE (0002343),2343,02 - Intersection related,03 - P.D. only,02 - Angle,01 - Clear,01 - Daylight,01 - Dry,01 - Traffic signal,01 - Functioning,2,0,0,0,,0,,,,,364358.7032,5024890.511,45.36142858,-75.73975727,5086
20--6336,2020/08/15,3:30 PM,POND ST btwn WHITEMARL DR & END (__3ZA8Q0),__3ZA8Q0,04 - At/near private drive,03 - P.D. only,06 - SMV unattended vehicle,01 - Clear,01 - Daylight,01 - Dry,10 - No control,,1,0,0,0,,0,,,,,370099.6186,5034972.254,45.45162912,-75.66514905,5087
20--6337,2020/08/15,3:40 PM,HIGHWAY 417 btwn HWY417 IC122 RAMP51 & HWY417 IC122 RAMP15 (__3ZA2R0),__3ZA2R0,01 - Non intersection,02 - Non-fatal injury,03 - Rear end,01 - Clear,01 - Daylight,01 - Dry,10 - No control,,3,0,0,0,02 - Minor,1,,1,,,365502.1477,5028989.129,45.39820905,-75.72465909,5088
20--6338,2020/08/15,3:45 PM,HIGHWAY 417 btwn HWY417 IC122 RAMP15 & HWY417 IC121B RAMP51 (__3ZA2RB),__3ZA2RB,01 - Non intersection,03 - P.D. only,03 - Rear end,01 - Clear,01 - Daylight,01 - Dry,10 - No control,,3,0,0,0,,0,,,,,365762.8803,5029159.318,45.39971772,-75.72130806,5089
20--6339,2020/08/15,4:20 PM,RICHMOND RD @ STINSON AVE (0001130),1130,02 - Intersection related,03 - P.D. only,04 - Sideswipe,01 - Clear,01 - Daylight,01 - Dry,01 - Traffic signal,01 - Functioning,2,0,0,0,,0,,,,,357873.6796,5020928.502,45.32629918,-75.8229549,5090
20--634,2020/01/15,4:54 PM,HIGHWAY 417 btwn HWY417 IC121A RAMP51 & HWY417 IC120A RAMP52 (__3ZA2R6),__3ZA2R6,01 - Non intersection,03 - P.D. only,04 - Sideswipe,01 - Clear,05 - Dusk,02 - Wet,10 - No control,,2,0,0,0,,0,,,,,367710.039,5029946.129,45.40662495,-75.69633864,5091
20--6340,2020/08/15,4:53 PM,CASTLEFRANK RD @ HAZELDEAN RD (0003608),3608,02 - Intersection related,02 - Non-fatal injury,05 - Turning movement,01 - Clear,01 - Daylight,01 - Dry,01 - Traffic signal,01 - Functioning,2,0,0,0,01 - Minimal,1,1,,,,352677.8757,5017676.773,45.29741306,-75.88954643,5092
20--6341,2020/08/15,5:10 PM,HIGHWAY 417 btwn HWY417 IC124 RAMP65 & HWY417 IC122 RAMP51 (__3ZA2R8),__3ZA2R8,01 - Non intersection,03 - P.D. only,03 - Rear end,01 - Clear,01 - Daylight,01 - Dry,10 - No control,,2,0,0,0,,0,,,,,364756.0974,5027990.567,45.38928848,-75.73430879,5093
20--6342,2020/08/15,6:17 PM,LOCKHEAD RD    W btwn FOURTH LINE RD & THIRD LINE RD S (__3ZA0MQ),__3ZA0MQ,01 - Non intersection,03 - P.D. only,07 - SMV other,01 - Clear,01 - Daylight,01 - Dry,10 - No control,,1,0,0,0,,0,,,,,369514.0316,4998832.476,45.12650385,-75.67734935,5094
20--6343,2020/08/15,6:59 PM,BASELINE RD @ CORDOVA ST (0003208),3208,02 - Intersection related,03 - P.D. only,03 - Rear end,01 - Clear,01 - Daylight,01 - Dry,01 - Traffic signal,00 - Unknown,2,0,0,0,,0,,,,,363593.6806,5024409.53,45.35716535,-75.74957884,5095
20--6344,2020/08/15,7:04 PM,COPE DR @ TERRY FOX (0009143),9143,03 - At intersection,02 - Non-fatal injury,02 - Angle,01 - Clear,01 - Daylight,01 - Dry,01 - Traffic signal,01 - Functioning,2,0,0,0,02 - Minor,2,,2,,,353997.574,5015346.202,45.27635087,-75.87295209,5096
20--6345,2020/08/15,8:16 AM,OLD TENTH LINE RD/OR174 IC101 RAMP63 @ ST. JOS (0009233),9233,03 - At intersection,03 - P.D. only,05 - Turning movement,01 - Clear,01 - Daylight,01 - Dry,01 - Traffic signal,01 - Functioning,2,0,0,0,,0,,,,,383119.7025,5038785.664,45.48460097,-75.49810397,5097
20--6346,2020/08/15,8:23 PM,BANK ST @ HOLMWOOD AVE (0007225),7225,02 - Intersection related,03 - P.D. only,03 - Rear end,01 - Clear,05 - Dusk,01 - Dry,01 - Traffic signal,01 - Functioning,2,0,0,0,,0,,,,,368481.7057,5029197.541,45.39981961,-75.68657843,5098
20--6347,2020/08/15,8:40 PM,HIGHWAY 417 btwn HWY417 IC127 RAMP67 & HWY417 IC126 RAMP16 (__3ZA2X0),__3ZA2X0,01 - Non intersection,03 - P.D. only,07 - SMV other,01 - Clear,05 - Dusk,01 - Dry,10 - No control,,1,0,0,0,,0,,,,,362693.6649,5025299.432,45.36524749,-75.7609611,5099
20--6348,2020/08/16,1:02 AM,MURRAY ST @ PARENT AVE (0008231),8231,02 - Intersection related,03 - P.D. only,07 - SMV other,01 - Clear,07 - Dark,01 - Dry,01 - Traffic signal,01 - Functioning,1,0,0,0,,0,,,,,367862.701,5032488.593,45.42948747,-75.69406322,5100
20--6349,2020/08/16,11:32 AM,ALBION RD/COLLISTON CRES E @ WALKLEY RD (0011422),11422,02 - Intersection related,03 - P.D. only,02 - Angle,01 - Clear,01 - Daylight,01 - Dry,01 - Traffic signal,01 - Functioning,2,0,0,0,,0,,,,,371033.7368,5026354.536,45.37400252,-75.65436576,5101
20--635,2020/01/15,4:57 PM,CARLING AVE WB btwn ROCHESTER ST & BOOTH ST (__3ZA26I),__3ZA26I,01 - Non intersection,03 - P.D. only,04 - Sideswipe,01 - Clear,05 - Dusk,02 - Wet,10 - No control,,2,0,0,0,,0,,,,,367049.5896,5029078.249,45.39887506,-75.70488446,5102
20--6350,2020/08/16,11:45 PM,MAITLAND AVE btwn GARFIELD AVE & AGINCOURT RD (__3ZA4IG),__3ZA4IG,01 - Non intersection,03 - P.D. only,07 - SMV other,02 - Rain,07 - Dark,02 - Wet,10 - No control,,1,0,0,0,,0,,,,,363438.2474,5025459.494,45.36662582,-75.75143798,5103
20--6351,2020/08/16,Unknown,WAVERLEY ST btwn ELGIN ST & CARTIER ST (__3ZA9TF),__3ZA9TF,01 - Non intersection,03 - P.D. only,06 - SMV unattended vehicle,01 - Clear,00 - Unknown,01 - Dry,10 - No control,,1,0,0,0,,0,,,,,368341.4131,5030967.168,45.41575489,-75.68814217,5104
20--6352,2020/08/16,12:02 AM,MERLIN CRT btwn CARACARA DR & END (__4CZR6X),__4CZR6X,01 - Non intersection,02 - Non-fatal injury,07 - SMV other,01 - Clear,07 - Dark,01 - Dry,10 - No control,,1,0,0,0,02 - Minor,1,,1,,,369297.4846,5011293.334,45.2386466,-75.6784908,5105
20--5543,2020/07/14,3:13 PM,BASSETT LANE @ ISLAND PARK DR (0006377),6377,02 - Intersection related,03 - P.D. only,03 - Rear end,01 - Clear,01 - Daylight,01 - Dry,02 - Stop sign,00 - Unknown,2,0,0,0,,0,,,,,364235.6685,5028646.556,45.3952353,-75.74087551,5106
20--5722,2020/07/21,9:40 AM,HIGHWAY 417 btwn HWY417 IC122 RAMP15 & HWY417 IC121B RAMP51 (__3ZA2RB),__3ZA2RB,01 - Non intersection,03 - P.D. only,03 - Rear end,01 - Clear,01 - Daylight,01 - Dry,10 - No control,,3,0,0,0,,0,,,,,366357.434,5029443.109,45.40221917,-75.713679,5107
20--5994,2020/08/01,10:48 PM,WHITESTONE DR btwn STATEN WAY & COLERIDGE ST (__30KG2F),__30KG2F,01 - Non intersection,03 - P.D. only,07 - SMV other,01 - Clear,07 - Dark,01 - Dry,10 - No control,,1,0,0,0,,0,,,,,364432.8165,5025531.288,45.3671879,-75.738734,5108
20--5633,2020/07/17,7:40 PM,BANK ST @ WALKLEY RD (0011423),11423,02 - Intersection related,02 - Non-fatal injury,02 - Angle,01 - Clear,01 - Daylight,01 - Dry,01 - Traffic signal,01 - Functioning,2,1,0,0,02 - Minor,1,,1,,,370337.8412,5025947.73,45.37040764,-75.66330357,5109
20--5544,2020/07/14,4:04 PM,STAR TOP RD btwn Continuation of STAR TOP RD & INNES RD (__3ZBN0V),__3ZBN0V,04 - At/near private drive,03 - P.D. only,05 - Turning movement,01 - Clear,01 - Daylight,01 - Dry,10 - No control,,2,0,0,0,,0,,,,,374099.2245,5030787.036,45.41358761,-75.61460939,5110
20--6084,2020/08/05,3:00 PM,HIGHWAY 417 btwn HWY417 IC124 RAMP65 & HWY417 IC122 RAMP51 (__3ZA2R8),__3ZA2R8,01 - Non intersection,03 - P.D. only,03 - Rear end,01 - Clear,01 - Daylight,01 - Dry,10 - No control,,4,0,0,0,,0,,,,,365047.1909,5028529.775,45.39411518,-75.73052577,5111
20--5995,2020/08/01,11:50 AM,HIGHWAY 417 btwn HWY417 IC126 RAMP61 & HWY417 IC124 RAMP76 (__3ZA2Y2),__3ZA2Y2,01 - Non intersection,02 - Non-fatal injury,03 - Rear end,01 - Clear,01 - Daylight,01 - Dry,10 - No control,,2,0,0,0,01 - Minimal,1,1,,,,363905.8402,5026848.687,45.3790863,-75.74530308,5112
20--5723,2020/07/22,1:07 PM,TENTH LINE RD @ VANGUARD DR (0004632),4632,03 - At intersection,02 - Non-fatal injury,02 - Angle,01 - Clear,01 - Daylight,01 - Dry,01 - Traffic signal,01 - Functioning,2,0,0,0,02 - Minor,1,,1,,,384072.7692,5035874.537,45.45830178,-75.48638353,5113
20--5545,2020/07/14,4:35 PM,BASSETT LANE @ ISLAND PARK DR (0006377),6377,02 - Intersection related,02 - Non-fatal injury,05 - Turning movement,01 - Clear,01 - Daylight,01 - Dry,02 - Stop sign,00 - Unknown,2,1,0,0,02 - Minor,1,,1,,,364235.6781,5028646.56,45.39523534,-75.74087538,5114
20--5812,2020/07/24,7:50 PM,LAWSON AVE @ FRANCES ST (0008566),8566,03 - At intersection,02 - Non-fatal injury,04 - Sideswipe,01 - Clear,01 - Daylight,01 - Dry,03 - Yield sign,01 - Functioning,2,1,0,0,01 - Minimal,1,1,,,,371512.7029,5032232.592,45.42684546,-75.64745619,5115
20--6085,2020/08/05,3:03 PM,QUEEN MARY ST @ VERA ST (0008258),8258,03 - At intersection,03 - P.D. only,02 - Angle,01 - Clear,01 - Daylight,01 - Dry,02 - Stop sign,01 - Functioning,2,0,0,0,,0,,,,,370522.3845,5031973.8,45.42461071,-75.66014495,5116
20--5996,2020/08/01,Unknown,BLAKE BLVD btwn LACASSE AVE & LAFONTAINE AVE (__3ZA7DW),__3ZA7DW,01 - Non intersection,03 - P.D. only,06 - SMV unattended vehicle,01 - Clear,00 - Unknown,01 - Dry,10 - No control,,1,0,0,0,,0,,,,,370824.2354,5033023.224,45.43402455,-75.65614737,5117
20--5634,2020/07/17,7:50 AM,WOODROFFE AVE @ SPORTSPLEX S (0010592),10592,02 - Intersection related,02 - Non-fatal injury,03 - Rear end,02 - Rain,01 - Daylight,02 - Wet,01 - Traffic signal,01 - Functioning,2,0,0,0,01 - Minimal,1,1,,,,363832.3219,5020898.086,45.32554965,-75.74695217,5118
20--5724,2020/07/22,1:35 PM,EAGLESON RD @ KAKULU RD (0003188),3188,02 - Intersection related,03 - P.D. only,03 - Rear end,01 - Clear,01 - Daylight,01 - Dry,01 - Traffic signal,01 - Functioning,2,0,0,0,,0,,,,,353381.6198,5019151.472,45.31063441,-75.88042953,5119
20--5546,2020/07/14,6:40 AM,HIGHWAY 417 btwn HWY417 IC122 RAMP51 & HWY417 IC122 RAMP15 (__3ZA2R0),__3ZA2R0,01 - Non intersection,02 - Non-fatal injury,03 - Rear end,01 - Clear,01 - Daylight,01 - Dry,10 - No control,,2,0,0,0,02 - Minor,1,,1,,,365584.5294,5029045.122,45.39870572,-75.72360004,5120
20--5903,2020/07/29,11:21 PM,BEARBROOK RD btwn 43 S OF CENTREPARK DR & INNES RD (__3ZA2AYB),__3ZA2AYB,01 - Non intersection,03 - P.D. only,07 - SMV other,02 - Rain,07 - Dark,02 - Wet,10 - No control,,1,0,0,0,,0,,,,,377976.3746,5032888.598,45.43210142,-75.56476788,5121
20--5452,2020/07/09,7:18 PM,QUIGLEY HILL RD btwn REGIONAL ROAD 174 & OLD MONTREAL RD (__3ZA6IC),__3ZA6IC,01 - Non intersection,03 - P.D. only,01 - Approaching,01 - Clear,01 - Daylight,01 - Dry,10 - No control,,2,0,0,0,,0,,,,,388465.3008,5042202.437,45.514721,-75.42915002,5122
20--5813,2020/07/24,8:00 AM,BASELINE RD @ WOODROFFE AVE (0002225),2225,02 - Intersection related,03 - P.D. only,03 - Rear end,01 - Clear,01 - Daylight,01 - Dry,01 - Traffic signal,01 - Functioning,2,0,0,0,,0,,,,,362549.6852,5023770.496,45.35150213,-75.76297755,5123
20--5635,2020/07/17,8:28 PM,RIVERSIDE DR @ PLEASANT PARK RD (0007296),7296,02 - Intersection related,03 - P.D. only,03 - Rear end,01 - Clear,05 - Dusk,01 - Dry,01 - Traffic signal,01 - Functioning,2,0,0,0,,0,,,,,369561.2459,5028415.005,45.39267959,-75.67289337,5124
20--5636,2020/07/17,8:30 PM,HIGHWAY 417 btwn HWY417 IC155 RAMP61 & HWY417 IC145 RAMP56 (__3ZA2Q2),__3ZA2Q2,01 - Non intersection,03 - P.D. only,07 - SMV other,01 - Clear,05 - Dusk,01 - Dry,10 - No control,,1,0,0,0,,0,,,,,343841.7992,5016024.488,45.28309167,-76.00233367,5125
20--5637,2020/07/17,8:59 PM,RIVERSIDE DR RAMP 42A @ RIVERSIDE DR (0010862),10862,02 - Intersection related,02 - Non-fatal injury,03 - Rear end,01 - Clear,05 - Dusk,01 - Dry,03 - Yield sign,04 - Missing/Damaged,2,0,1,0,02 - Minor,1,,1,,,368441.8794,5027266.801,45.38245101,-75.68733611,5126
20--5638,2020/07/17,9:05 AM,HIGHGATE RD @ IRIS ST (0002972),2972,02 - Intersection related,03 - P.D. only,03 - Rear end,01 - Clear,01 - Daylight,01 - Dry,02 - Stop sign,01 - Functioning,2,0,0,0,,0,,,,,361633.1922,5023935.506,45.35306176,-75.77465425,5127
20--5639,2020/07/17,9:20 PM,CENTURY RD    W btwn MCCORDICK RD & TO BE DETERMINED (__3ZA4ZJ),__3ZA4ZJ,01 - Non intersection,03 - P.D. only,07 - SMV other,01 - Clear,07 - Dark,01 - Dry,10 - No control,,1,0,0,0,,0,,,,,361175.5603,5003502.67,45.1692419,-75.78281301,5128
20--564,2020/01/14,11:10 AM,CARLING AVE @ RICHMOND RD (0010847),10847,02 - Intersection related,03 - P.D. only,03 - Rear end,01 - Clear,01 - Daylight,02 - Wet,01 - Traffic signal,01 - Functioning,2,0,0,0,,0,,,,,360245.6819,5024781.521,45.36078526,-75.79226637,5129
20--5640,2020/07/17,9:30 AM,HIGHWAY 416 btwn HWY416 IC57 RAMP53 & HWY416 IC49 RAMP34 (__3ZAZJC),__3ZAZJC,01 - Non intersection,03 - P.D. only,07 - SMV other,01 - Clear,01 - Daylight,01 - Dry,10 - No control,,1,0,0,0,,0,,,,,368907.5332,5002010.731,45.15515735,-75.68465089,5130
20--5641,2020/07/17,9:43 AM,BROADWAY AVE btwn FINDLAY AVE & TORRINGTON PL (__3ZA9KM),__3ZA9KM,01 - Non intersection,03 - P.D. only,06 - SMV unattended vehicle,01 - Clear,01 - Daylight,01 - Dry,10 - No control,,1,0,0,0,,0,,,,,367930.275,5028698.294,45.39537748,-75.69368518,5131
20--5642,2020/07/17,9:48 AM,CAMPEAU DR btwn COLCHESTER SQ/TERON RD & MARCH RD (__3ZAZVP),__3ZAZVP,01 - Non intersection,02 - Non-fatal injury,01 - Approaching,01 - Clear,01 - Daylight,01 - Dry,10 - No control,,2,0,0,0,01 - Minimal,1,1,,,,352751.9199,5020470.686,45.32254826,-75.88833205,5132
20--5643,2020/07/18,10:45 AM,INNES RD btwn FRANK KENNY RD & O'TOOLE RD (__3ZA3MX),__3ZA3MX,01 - Non intersection,03 - P.D. only,04 - Sideswipe,01 - Clear,01 - Daylight,01 - Dry,10 - No control,,2,0,0,0,,0,,,,,387964.1797,5037771.055,45.47491229,-75.43631377,5133
20--5644,2020/07/18,11:00 AM,RICHMOND RD btwn ROBERTSON RD & STINSON AVE (__3ZA4YR),__3ZA4YR,01 - Non intersection,03 - P.D. only,04 - Sideswipe,01 - Clear,01 - Daylight,01 - Dry,10 - No control,,2,0,0,0,,0,,,,,357663.8697,5020801.96,45.32517638,-75.8256447,5134
20--5645,2020/07/18,11:10 AM,BASELINE RD @ NAVAHO DR (0003158),3158,02 - Intersection related,03 - P.D. only,04 - Sideswipe,01 - Clear,01 - Daylight,01 - Dry,01 - Traffic signal,01 - Functioning,2,0,0,0,,0,,,,,363085.6918,5024097.498,45.35440012,-75.75609886,5135
20--5646,2020/07/18,11:15 PM,COPE DR @ TERRY FOX (0009143),9143,03 - At intersection,02 - Non-fatal injury,05 - Turning movement,01 - Clear,07 - Dark,01 - Dry,01 - Traffic signal,01 - Functioning,2,0,0,0,02 - Minor,2,,2,,,353997.2639,5015345.321,45.27634296,-75.87295613,5136
20--5647,2020/07/18,11:39 PM,FOXWELL ST btwn AMBROSE DR & AMBROSE DR (__3ZA4FN),__3ZA4FN,04 - At/near private drive,03 - P.D. only,06 - SMV unattended vehicle,01 - Clear,07 - Dark,01 - Dry,10 - No control,,1,0,0,0,,0,,,,,374398.2189,5031457.64,45.41959168,-75.61069508,5137
20--5648,2020/07/18,11:46 AM,CHAMPLAIN BRIDGE/ISLAND PARK DR btwn BATE ISLAND & OTTAWA RIVER PKWY (__3ZA2ZEB),__3ZA2ZEB,07 - Overpass or bridge,03 - P.D. only,03 - Rear end,01 - Clear,01 - Daylight,01 - Dry,10 - No control,,2,0,0,0,,0,,,,,363116.8881,5029734.16,45.40511545,-75.75503497,5138
20--5649,2020/07/18,12:47 AM,DRAPER AVE btwn CORNELL ST & LISA AVE (__3ZABH5),__3ZABH5,01 - Non intersection,02 - Non-fatal injury,06 - SMV unattended vehicle,01 - Clear,07 - Dark,01 - Dry,10 - No control,,1,0,0,0,01 - Minimal,1,1,,,,360444.2466,5022790.539,45.34285472,-75.78995606,5139
20--565,2020/01/14,11:15 AM,BASELINE RD @ NAVAHO DR (0003158),3158,02 - Intersection related,03 - P.D. only,03 - Rear end,01 - Clear,01 - Daylight,02 - Wet,01 - Traffic signal,01 - Functioning,2,0,0,0,,0,,,,,363085.68,5024097.519,45.35440031,-75.75609901,5140
20--5650,2020/07/18,2:45 PM,HUNT CLUB RD @ RIVERSIDE DR (0002237),2237,02 - Intersection related,03 - P.D. only,03 - Rear end,01 - Clear,01 - Daylight,01 - Dry,01 - Traffic signal,01 - Functioning,2,0,0,0,,0,,,,,368036.6967,5021945.514,45.33460802,-75.69319028,5141
20--5651,2020/07/18,2:50 PM,BANK ST btwn HERON RD & ANOKA ST (__3ZA360),__3ZA360,04 - At/near private drive,03 - P.D. only,07 - SMV other,01 - Clear,01 - Daylight,01 - Dry,10 - No control,,1,0,0,0,,0,,,,,370016.2932,5026792.881,45.37804204,-75.66729662,5142
20--5652,2020/07/18,3:03 PM,STITTSVILLE MAIN ST @ HOBIN ST/WILDPINE CRT (0000052),52,03 - At intersection,02 - Non-fatal injury,05 - Turning movement,01 - Clear,01 - Daylight,01 - Dry,01 - Traffic signal,01 - Functioning,2,1,0,0,03 - Major,1,,,1,,349665.5723,5014034.443,45.26483698,-75.92828126,5143
20--5653,2020/07/18,3:25 PM,HIGHWAY 417 btwn HWY417 IC115 RAMP25 & REGIONAL ROAD 174 (__3ZA2RY),__3ZA2RY,01 - Non intersection,03 - P.D. only,04 - Sideswipe,01 - Clear,01 - Daylight,01 - Dry,10 - No control,,2,0,0,0,,0,,,,,373076.7203,5031613.002,45.42111977,-75.62755727,5144
20--5654,2020/07/18,3:39 PM,UPLANDS DR @ GILLESPIE CRES S/FOXRUN LANE (0006878),6878,02 - Intersection related,02 - Non-fatal injury,03 - Rear end,01 - Clear,01 - Daylight,01 - Dry,02 - Stop sign,01 - Functioning,2,0,0,0,01 - Minimal,1,1,,,,368485.0297,5022917.46,45.34331283,-75.68734567,5145
20--5655,2020/07/18,3:53 PM,LABRIE AVE btwn CYRVILLE RD & KENASTON ST (__3ZA7YI),__3ZA7YI,01 - Non intersection,03 - P.D. only,06 - SMV unattended vehicle,01 - Clear,01 - Daylight,01 - Dry,10 - No control,,1,0,0,0,,0,,,,,373422.9422,5031537.904,45.4204102,-75.62314421,5146
20--5656,2020/07/18,4:12 PM,TERRY FOX DR @ WESTPHALIAN AVE (0014366),14366,02 - Intersection related,02 - Non-fatal injury,03 - Rear end,01 - Clear,01 - Daylight,01 - Dry,01 - Traffic signal,01 - Functioning,2,0,0,0,02 - Minor,1,,1,,,353455.2261,5015759.789,45.28011017,-75.87982363,5147