Anom_ID,Accident_Date,Accident_Time,Location,Geo_ID,Accident_Location,Classification_of_Accident,Initial_Impact_Type,Environment_Condition,Light,Road_Surface_Condition,Traffic_Control,Traffic_Control_Condition,No__of_Vehicles,No__of_Bicycles,No__of_Motorcycles,No__of_Pedestrians,Max_Injury,No__of_Injuries,No__of_Minimal,No__of_Minor,No__of_Major,No__of_Fatal,X,Y,Latitude,Longitude,ObjectId
20--5657,2020/07/18,5:08 PM,ST. JOSEPH BLVD btwn HART RD & R.C.M.P. COMPLEX (__3ZA2BHA),__3ZA2BHA,04 - At/near private drive,03 - P.D. only,02 - Angle,01 - Clear,01 - Daylight,01 - Dry,10 - No control,,2,0,0,0,,0,,,,,377772.5845,5035717.108,45.45757175,-75.56695261,5148
20--5658,2020/07/18,5:45 PM,ARLINGTON AVE @ BRONSON AVE (0006759),6759,02 - Intersection related,03 - P.D. only,03 - Rear end,01 - Clear,01 - Daylight,01 - Dry,01 - Traffic signal,01 - Functioning,2,0,0,0,,0,,,,,367222.7186,5029867.566,45.40596169,-75.70257338,5149
20--5659,2020/07/18,8:45 AM,MEADOWLANDS DR/TALLWOOD DR @ WOODROFFE AVE (0000095),95,02 - Intersection related,03 - P.D. only,03 - Rear end,01 - Clear,01 - Daylight,01 - Dry,01 - Traffic signal,01 - Functioning,2,0,0,0,,0,,,,,363056.6885,5022730.495,45.34210236,-75.75663003,5150
20--566,2020/01/14,11:35 AM,BANK ST @ HERON RD (0002155),2155,02 - Intersection related,03 - P.D. only,03 - Rear end,01 - Clear,01 - Daylight,01 - Dry,01 - Traffic signal,01 - Functioning,2,0,0,0,,0,,,,,369994.4634,5026853.038,45.37858534,-75.66756737,5151
20--5660,2020/07/19,1:27 PM,BASELINE RD @ CENTREPOINTE DR E/HIGHGATE RD (0011468),11468,02 - Intersection related,03 - P.D. only,03 - Rear end,01 - Clear,01 - Daylight,01 - Dry,01 - Traffic signal,01 - Functioning,2,0,0,0,,0,,,,,362061.6873,5023465.506,45.34879787,-75.76924036,5152
20--5661,2020/07/19,1:30 PM,HIGHWAY 417 btwn HWY417 IC117 RAMP51 & HWY417 IC117 RAMP35 (__3ZA2YN),__3ZA2YN,01 - Non intersection,03 - P.D. only,04 - Sideswipe,01 - Clear,01 - Daylight,01 - Dry,10 - No control,,2,0,0,0,,0,,,,,370461.9343,5031136.865,45.41708598,-75.66102889,5153
20--5662,2020/07/19,10:05 PM,HUNT CLUB RD EB btwn 275 E OF HAWTHORNE RD/OC TRANSPO TURNAROUND & HWY417 HUNT CLUB IC109 RAMP25 (e___2HF3B),e___2HF3B,07 - Overpass or bridge,02 - Non-fatal injury,07 - SMV other,01 - Clear,07 - Dark,00 - Unknown,10 - No control,,1,0,0,0,02 - Minor,3,,3,,,376447.084,5027643.459,45.385067,-75.58507275,5154
20--5663,2020/07/19,11:29 AM,BASELINE RD @ LOBLAWS SC (0009097),9097,03 - At intersection,03 - P.D. only,05 - Turning movement,01 - Clear,01 - Daylight,01 - Dry,01 - Traffic signal,01 - Functioning,2,0,0,0,,0,,,,,364742.649,5025129.491,45.36354616,-75.73482781,5155
20--5664,2020/07/19,11:35 AM,HWY 417 MAITLAND IC126R26/62 @ MAITLAND AVE (0008228),8228,03 - At intersection,02 - Non-fatal injury,02 - Angle,01 - Clear,01 - Daylight,01 - Dry,01 - Traffic signal,01 - Functioning,2,1,0,0,02 - Minor,1,,1,,,363145.6941,5025983.513,45.37136529,-75.75511044,5156
20--5665,2020/07/19,Unknown,BYRON AVE @ ISLAND PARK DR (0006365),6365,03 - At intersection,02 - Non-fatal injury,05 - Turning movement,01 - Clear,00 - Unknown,01 - Dry,01 - Traffic signal,01 - Functioning,2,0,0,0,01 - Minimal,1,1,,,,364255.6899,5028603.564,45.39484677,-75.74062499,5157
20--5666,2020/07/19,12:16 PM,INNES RD @ TENTH LINE RD (0004633),4633,02 - Intersection related,03 - P.D. only,04 - Sideswipe,01 - Clear,01 - Daylight,01 - Dry,01 - Traffic signal,01 - Functioning,2,0,0,0,,0,,,,,383951.7371,5036159.555,45.46087984,-75.48788497,5158
20--5667,2020/07/19,12:41 PM,BEAVERPOND DR @ BLAIR RD (0004166),4166,03 - At intersection,03 - P.D. only,07 - SMV other,01 - Clear,01 - Daylight,01 - Dry,12 - IPS,01 - Functioning,1,0,0,0,,0,,,,,375399.7255,5031874.57,45.42324264,-75.59783997,5159
20--5668,2020/07/19,12:53 PM,PRINCE OF WALES DR @ MERIVALE RD (0000564),564,02 - Intersection related,03 - P.D. only,03 - Rear end,01 - Clear,01 - Daylight,01 - Dry,01 - Traffic signal,01 - Functioning,2,0,1,0,,0,,,,,367449.7147,5017616.474,45.29570862,-75.70122604,5160
20--5669,2020/07/19,2:26 AM,CECIL WALDEN RDG @ WALDEN DR (0011785),11785,03 - At intersection,02 - Non-fatal injury,07 - SMV other,01 - Clear,07 - Dark,01 - Dry,02 - Stop sign,01 - Functioning,1,0,0,0,02 - Minor,1,,1,,,350117.4178,5021149.433,45.32883081,-75.9218735,5161
20--567,2020/01/14,Unknown,NEWTON ST btwn GORDON ST & CRAIG ST (__3ZA9L3),__3ZA9L3,01 - Non intersection,03 - P.D. only,06 - SMV unattended vehicle,01 - Clear,00 - Unknown,03 - Loose snow,10 - No control,,1,0,0,0,,0,,,,,367867.989,5028920.828,45.39738539,-75.69445218,5162
20--5670,2020/07/19,2:42 PM,COVENTRY RD @ LOLA ST (0007175),7175,03 - At intersection,02 - Non-fatal injury,05 - Turning movement,01 - Clear,01 - Daylight,01 - Dry,01 - Traffic signal,01 - Functioning,2,1,0,0,02 - Minor,1,,1,,,371263.7185,5031614.57,45.42130847,-75.65072108,5163
20--5671,2020/07/19,3:30 PM,HIGHWAY 417 btwn HWY417 IC124 RAMP65 & HWY417 IC122 RAMP51 (__3ZA2R8),__3ZA2R8,01 - Non intersection,03 - P.D. only,03 - Rear end,02 - Rain,01 - Daylight,02 - Wet,10 - No control,,2,0,0,0,,0,,,,,365075.9132,5028580.454,45.39456871,-75.73015277,5164
20--5672,2020/07/19,4:23 PM,CEDAR CREEK DR/DEVONWOOD CIRC @ FINDLAY CREEK  (0012609),12609,03 - At intersection,03 - P.D. only,02 - Angle,02 - Rain,01 - Daylight,02 - Wet,02 - Stop sign,01 - Functioning,2,0,0,0,,0,,,,,375592.3302,5020307.342,45.31914684,-75.59703683,5165
20--5673,2020/07/19,4:30 PM,BUCKINGHAM PRIV @ UPLANDS DR (0007093),7093,03 - At intersection,03 - P.D. only,02 - Angle,01 - Clear,01 - Daylight,02 - Wet,02 - Stop sign,01 - Functioning,2,0,0,0,,0,,,,,368347.7228,5022808.499,45.34234488,-75.6891116,5166
20--5674,2020/07/19,4:45 PM,ISLAND PARK DR @ MAILES AVE (0005629),5629,02 - Intersection related,03 - P.D. only,03 - Rear end,01 - Clear,01 - Daylight,02 - Wet,02 - Stop sign,00 - Unknown,2,0,0,0,,0,,,,,364028.7,5028921.556,45.39772724,-75.7434857,5167
20--5675,2020/07/19,4:45 PM,HIGHWAY 417 btwn HWY417 IC122 RAMP15 & HWY417 IC121B RAMP51 (__3ZA2RB),__3ZA2RB,01 - Non intersection,03 - P.D. only,03 - Rear end,01 - Clear,01 - Daylight,02 - Wet,10 - No control,,4,0,0,0,,0,,,,,365946.4663,5029256.257,45.40057394,-75.71895128,5168
20--5676,2020/07/19,4:46 PM,CARLING AVE WB btwn HWY417 IC124 RAMP76 & KIRKWOOD AVE (__3ZBOD8),__3ZBOD8,01 - Non intersection,03 - P.D. only,04 - Sideswipe,01 - Clear,01 - Daylight,01 - Dry,10 - No control,,2,0,0,0,,0,,,,,364266.1202,5027488.012,45.38480835,-75.74062622,5169
20--5677,2020/07/19,4:49 PM,HAWTHORNE RD @ HUNT CLUB RD (0007651),7651,02 - Intersection related,03 - P.D. only,03 - Rear end,01 - Clear,01 - Daylight,01 - Dry,01 - Traffic signal,01 - Functioning,2,0,0,0,,0,,,,,375507.748,5026406.531,45.37403318,-75.59724362,5170
20--5678,2020/07/19,5:45 AM,HIGHWAY 417 btwn HWY417 IC122 RAMP15 & HWY417 IC121B RAMP51 (__3ZA2RB),__3ZA2RB,01 - Non intersection,03 - P.D. only,07 - SMV other,02 - Rain,03 - Dawn,99 - Other,10 - No control,,1,0,0,0,,0,,,,,366549.4269,5029505.335,45.40276216,-75.71121896,5171
20--5679,2020/07/19,6:43 PM,KING EDWARD AVE @ MURRAY ST (0002713),2713,03 - At intersection,02 - Non-fatal injury,07 - SMV other,01 - Clear,01 - Daylight,01 - Dry,01 - Traffic signal,01 - Functioning,1,0,0,1,03 - Major,1,,,1,,368291.6963,5032753.579,45.43183291,-75.68854707,5172
20--568,2020/01/14,Unknown,AURA AVE btwn PALOMA CIRC & STRANDHERD DR (e___2K36),e___2K36,01 - Non intersection,03 - P.D. only,06 - SMV unattended vehicle,01 - Clear,00 - Unknown,01 - Dry,10 - No control,,1,0,0,0,,0,,,,,362839.5,5013683.035,45.26071134,-75.76046036,5173
20--5680,2020/07/19,7:46 PM,BANK ST/PRETORIA AVE @ CHAMBERLAIN AVE S (0006980),6980,02 - Intersection related,03 - P.D. only,03 - Rear end,01 - Clear,01 - Daylight,01 - Dry,02 - Stop sign,01 - Functioning,3,0,0,0,,0,,,,,368108.7097,5030103.572,45.40800563,-75.691226,5174
20--5681,2020/07/19,7:52 PM,BRUYERE ST @ KING EDWARD AVE (0011437),11437,02 - Intersection related,03 - P.D. only,03 - Rear end,01 - Clear,01 - Daylight,01 - Dry,02 - Stop sign,00 - Unknown,2,0,0,0,,0,,,,,368140.6985,5033039.581,45.43441995,-75.69043991,5175
20--5682,2020/07/19,8:24 PM,RAMP btwn HIGHWAY 7 & HWY417 IC145 RAMP56 (__3ZAY8L),__3ZAY8L,01 - Non intersection,02 - Non-fatal injury,07 - SMV other,01 - Clear,01 - Daylight,01 - Dry,10 - No control,,1,0,1,0,02 - Minor,1,,1,,,346144.9513,5014923.784,45.2730554,-75.97306825,5176
20--5683,2020/07/19,9:25 PM,GLOUCESTER ST @ LYON ST (0006765),6765,02 - Intersection related,03 - P.D. only,03 - Rear end,01 - Clear,05 - Dusk,01 - Dry,01 - Traffic signal,01 - Functioning,2,0,0,0,,0,,,,,367194.6936,5031001.578,45.4161677,-75.70278781,5177
20--5684,2020/07/20,1:10 PM,HIGHWAY 417 btwn HWY417 IC117 RAMP26 & HWY417 IC117 RAMP61 (__3ZA2YM),__3ZA2YM,01 - Non intersection,03 - P.D. only,03 - Rear end,01 - Clear,01 - Daylight,01 - Dry,10 - No control,,2,0,0,0,,0,,,,,370948.517,5031276.033,45.41829233,-75.65479376,5178
20--5685,2020/07/20,10:51 AM,BELSIZE WAY btwn BOBOLINK RDG & PINNER RD (e___2KRE),e___2KRE,01 - Non intersection,03 - P.D. only,06 - SMV unattended vehicle,01 - Clear,01 - Daylight,01 - Dry,10 - No control,,1,0,0,0,,0,,,,,352350.352,5014518.458,45.26901592,-75.89402483,5179
20--5686,2020/07/20,11:48 AM,PINECREST RD btwn RICHMOND RD & FALLIS AVE (__3ZA4M7),__3ZA4M7,01 - Non intersection,03 - P.D. only,04 - Sideswipe,01 - Clear,01 - Daylight,01 - Dry,10 - No control,,2,0,0,0,,0,,,,,360077.6014,5024457.846,45.35788611,-75.79444787,5180
20--5687,2020/07/20,Unknown,LAWN AVE btwn WOODLAND AVE & ANCASTER AVE (__3ZAACN),__3ZAACN,01 - Non intersection,03 - P.D. only,06 - SMV unattended vehicle,01 - Clear,00 - Unknown,01 - Dry,10 - No control,,1,0,0,0,,0,,,,,361544.381,5025938.358,45.37109048,-75.77555765,5181
20--5688,2020/07/20,12:15 PM,ST. JOSEPH BLVD @ REGIONAL RD 174/TRANSITWAY (0012428),12428,03 - At intersection,03 - P.D. only,04 - Sideswipe,01 - Clear,01 - Daylight,01 - Dry,01 - Traffic signal,01 - Functioning,2,0,0,0,,0,,,,,376556.282,5035056.41,45.45175319,-75.58259896,5182
20--5689,2020/07/20,12:18 PM,BOTTRIELL WAY btwn HOSKINS CRES & MERKLEY DR (__3ZA6X6),__3ZA6X6,01 - Non intersection,03 - P.D. only,06 - SMV unattended vehicle,01 - Clear,01 - Daylight,01 - Dry,10 - No control,,1,0,0,0,,0,,,,,383680.1401,5037809.853,45.47575843,-75.49109247,5183
20--569,2020/01/14,Unknown,MCELROY DR btwn SPEARMAN LANE & RICKEY PL (__3ZACMM),__3ZACMM,01 - Non intersection,03 - P.D. only,06 - SMV unattended vehicle,03 - Snow,00 - Unknown,05 - Packed snow,10 - No control,,1,0,0,0,,0,,,,,352697.6879,5016776.521,45.28931102,-75.88938078,5184
20--5690,2020/07/20,12:58 PM,HIGHWAY 417 btwn HWY417 IC118 RAMP67 & HWY417 IC117 RAMP36 (__3ZA2YO),__3ZA2YO,01 - Non intersection,03 - P.D. only,04 - Sideswipe,01 - Clear,01 - Daylight,01 - Dry,10 - No control,,3,0,0,0,,0,,,,,370163.1222,5031112.99,45.41689914,-75.66484961,5185
20--5691,2020/07/20,2:00 PM,HIGHWAY 417 btwn HWY417 IC117 RAMP26 & HWY417 IC117 RAMP61 (__3ZA2YM),__3ZA2YM,01 - Non intersection,03 - P.D. only,03 - Rear end,01 - Clear,01 - Daylight,01 - Dry,10 - No control,,2,0,0,0,,0,,,,,371040.9611,5031326.691,45.41873938,-75.65360588,5186
20--5692,2020/07/20,2:30 PM,CAMPEAU DR @ TERRY FOX DR (0008211),8211,02 - Intersection related,03 - P.D. only,03 - Rear end,01 - Clear,01 - Daylight,01 - Dry,01 - Traffic signal,01 - Functioning,2,0,0,0,,0,,,,,350455.6026,5019010.448,45.30956176,-75.91775657,5187
20--5693,2020/07/20,2:30 PM,HUNT CLUB RD @ RIVERSIDE DR (0002237),2237,02 - Intersection related,03 - P.D. only,03 - Rear end,01 - Clear,01 - Daylight,01 - Dry,01 - Traffic signal,01 - Functioning,2,0,0,0,,0,,,,,368036.691,5021945.486,45.33460777,-75.69319035,5188
20--5694,2020/07/20,3:12 PM,HUNT CLUB RD @ MAC ST (0006898),6898,02 - Intersection related,03 - P.D. only,03 - Rear end,01 - Clear,01 - Daylight,01 - Dry,02 - Stop sign,01 - Functioning,2,0,0,0,,0,,,,,371197.7313,5023807.491,45.35106954,-75.65261442,5189
20--5695,2020/07/20,3:29 AM,RIVER RD btwn EARL ARMSTRONG RD & NICOLLS ISLAND RD (__3ZA3H6),__3ZA3H6,01 - Non intersection,02 - Non-fatal injury,07 - SMV other,01 - Clear,07 - Dark,02 - Wet,10 - No control,,1,0,0,0,02 - Minor,1,,1,,,367770.2004,5012926.438,45.25347946,-75.69773516,5190
20--5696,2020/07/20,4:30 PM,BEATRICE DR btwn QUEENSBURY DR & BERRIGAN DR (__3EY2UC),__3EY2UC,01 - Non intersection,03 - P.D. only,04 - Sideswipe,01 - Clear,01 - Daylight,01 - Dry,10 - No control,,2,0,0,0,,0,,,,,365145.0975,5016145.813,45.28267738,-75.73078573,5191
20--5697,2020/07/20,5:43 PM,WEST HUNT CLUB RD EB btwn 545 E OF ROYDON PL/SUNDERLAND ST & ANTARES D (__3ZA3JPB),__3ZA3JPB,01 - Non intersection,03 - P.D. only,03 - Rear end,01 - Clear,01 - Daylight,01 - Dry,10 - No control,,2,0,0,0,,0,,,,,366843.1492,5022474.701,45.3394761,-75.70835041,5192
20--5698,2020/07/20,5:55 AM,HIGHWAY 417 btwn HWY417 IC180 RAMP35 & HWY417 IC169 RAMP51 (__5SO6CL),__5SO6CL,01 - Non intersection,03 - P.D. only,07 - SMV other,01 - Clear,03 - Dawn,01 - Dry,10 - No control,,1,0,0,0,,0,,,,,320859.5784,5029822.204,45.40815286,-76.29483711,5193
20--5699,2020/07/20,6:14 PM,BANK ST @ SOMERSET ST (0010858),10858,02 - Intersection related,02 - Non-fatal injury,04 - Sideswipe,01 - Clear,01 - Daylight,01 - Dry,01 - Traffic signal,01 - Functioning,2,0,0,0,01 - Minimal,1,1,,,,367694.7046,5030915.555,45.41534892,-75.69641082,5194
20--57,2020/01/02,8:41 PM,GILMOUR ST @ O'CONNOR ST (0007286),7286,03 - At intersection,03 - P.D. only,05 - Turning movement,01 - Clear,07 - Dark,01 - Dry,01 - Traffic signal,01 - Functioning,2,0,0,0,,0,,,,,367943.696,5030868.554,45.4149036,-75.69323586,5195
20--570,2020/01/14,Unknown,PULFORD CRES btwn MOSGROVE AVE & BELLFIELD ST (__3ZAA34),__3ZAA34,01 - Non intersection,03 - P.D. only,06 - SMV unattended vehicle,01 - Clear,00 - Unknown,05 - Packed snow,10 - No control,,1,0,0,0,,0,,,,,359481.6433,5023320.306,45.34769726,-75.80217979,5196
20--5700,2020/07/20,6:15 AM,DUSTY MILLER CRES btwn BOWERCREST CRES & WOODY POINT DR (__6N3720),__6N3720,01 - Non intersection,03 - P.D. only,06 - SMV unattended vehicle,01 - Clear,01 - Daylight,01 - Dry,10 - No control,,1,0,0,0,,0,,,,,369628.3557,5016192.893,45.28270184,-75.6736376,5197
20--5701,2020/07/20,6:53 AM,HINTON AVE @ INGLEWOOD PL (0006628),6628,03 - At intersection,02 - Non-fatal injury,02 - Angle,01 - Clear,01 - Daylight,01 - Dry,02 - Stop sign,01 - Functioning,2,0,0,0,01 - Minimal,1,1,,,,365418.7092,5028244.547,45.3915167,-75.72581623,5198
20--5702,2020/07/20,8:49 AM,HINCHEY AVE @ SCOTT ST (0006481),6481,03 - At intersection,02 - Non-fatal injury,02 - Angle,01 - Clear,01 - Daylight,01 - Dry,02 - Stop sign,01 - Functioning,2,1,0,0,01 - Minimal,1,1,,,,365087.6695,5029810.287,45.40563346,-75.72985231,5199
20--5703,2020/07/20,9:50 AM,EARL MULLIGAN DR @ LONG GATE CRT (0000019),19,03 - At intersection,03 - P.D. only,03 - Rear end,01 - Clear,01 - Daylight,01 - Dry,02 - Stop sign,01 - Functioning,2,0,0,0,,0,,,,,364888.7088,5017299.454,45.29307977,-75.73391387,5200
20--5704,2020/07/21,1:35 PM,TERRY FOX DR S @ DIDSBURY RD/CENTRUM KANATA SC (0011820),11820,03 - At intersection,02 - Non-fatal injury,05 - Turning movement,01 - Clear,01 - Daylight,01 - Dry,01 - Traffic signal,01 - Functioning,2,0,0,0,02 - Minor,1,,1,,,350623.4829,5018915.731,45.30869854,-75.91562447,5201
20--5705,2020/07/21,10:01 PM,STANLEY AVE btwn KEEFER ST & RIVER LANE (__3ZBOWR),__3ZBOWR,01 - Non intersection,03 - P.D. only,06 - SMV unattended vehicle,01 - Clear,07 - Dark,01 - Dry,10 - No control,,1,0,0,0,,0,,,,,368651.276,5033556.3,45.43902275,-75.68384784,5202
20--5706,2020/07/21,10:09 PM,RIVERSIDE DR @ TREMBLAY RD/HWY417 IC117 RAMP52 (0010790),10790,03 - At intersection,02 - Non-fatal injury,02 - Angle,01 - Clear,07 - Dark,01 - Dry,01 - Traffic signal,01 - Functioning,2,0,0,0,01 - Minimal,2,2,,,,370802.0716,5031015.903,45.41596561,-75.65669959,5203
20--5707,2020/07/21,11:21 AM,ETHEL ST btwn MARIER AVE & PARK ST (__3ZA8VV),__3ZA8VV,01 - Non intersection,03 - P.D. only,07 - SMV other,01 - Clear,01 - Daylight,01 - Dry,10 - No control,,1,0,0,0,,0,,,,,370324.9543,5033486.087,45.43823615,-75.66246636,5204
20--5708,2020/07/21,11:22 AM,BASELINE RD btwn NAVAHO DR & DEERFIELD DR (__3ZA4H4),__3ZA4H4,01 - Non intersection,03 - P.D. only,03 - Rear end,01 - Clear,01 - Daylight,01 - Dry,10 - No control,,3,0,0,0,,0,,,,,363278.9292,5024215.077,45.355442,-75.75361887,5205
20--5709,2020/07/21,11:45 AM,BRONSON AVE/BRONSON/HERON RAMP 35 @ HERON RD (0002386),2386,02 - Intersection related,03 - P.D. only,03 - Rear end,01 - Clear,01 - Daylight,01 - Dry,01 - Traffic signal,01 - Functioning,2,0,0,0,,0,,,,,368641.5852,5026697.646,45.37731175,-75.68485985,5206
20--571,2020/01/14,12:17 PM,KNOXDALE RD btwn SKIPTON RD & CREMONA CRES (__3ZA4YU),__3ZA4YU,01 - Non intersection,03 - P.D. only,06 - SMV unattended vehicle,01 - Clear,01 - Daylight,01 - Dry,10 - No control,,1,0,0,0,,0,,,,,362257.1614,5021163.122,45.32806514,-75.76701332,5207
20--5710,2020/07/21,12:54 AM,SWALE RD btwn DEVEREAUX RD & SPRINGHILL RD (__3ZA7IA),__3ZA7IA,01 - Non intersection,03 - P.D. only,07 - SMV other,01 - Clear,07 - Dark,01 - Dry,10 - No control,,1,0,0,0,,0,,,,,381685.0438,5004470.159,45.17601073,-75.52178371,5208
20--5711,2020/07/21,2:33 PM,MURRAY ST @ NELSON ST (0008422),8422,02 - Intersection related,03 - P.D. only,02 - Angle,01 - Clear,01 - Daylight,01 - Dry,02 - Stop sign,01 - Functioning,2,0,0,0,,0,,,,,368436.692,5032843.595,45.43262966,-75.68668252,5209
20--5712,2020/07/21,2:40 PM,HWY 416 ACRES IC75R24 @ HOLLY ACRES RD (0005257),5257,03 - At intersection,02 - Non-fatal injury,02 - Angle,01 - Clear,01 - Daylight,01 - Dry,01 - Traffic signal,01 - Functioning,2,1,0,0,02 - Minor,1,,1,,,358757.6751,5022868.503,45.343688,-75.81146733,5210
20--5713,2020/07/21,3:05 PM,HEMLOCK RD btwn BRAEMAR ST & ST. LAURENT BLVD (__3ZA3A0),__3ZA3A0,01 - Non intersection,03 - P.D. only,01 - Approaching,01 - Clear,01 - Daylight,01 - Dry,10 - No control,,2,0,0,0,,0,,,,,371095.4937,5034777.545,45.44978346,-75.65244449,5211
20--5714,2020/07/21,3:06 PM,BESSERER ST @ DALHOUSIE ST (0011452),11452,02 - Intersection related,03 - P.D. only,04 - Sideswipe,01 - Clear,01 - Daylight,01 - Dry,01 - Traffic signal,01 - Functioning,2,0,0,0,,0,,,,,368252.6971,5032157.572,45.42647379,-75.68912225,5212
20--5715,2020/07/21,3:30 PM,HIGHWAY 417 btwn HWY417 IC124 RAMP65 & HWY417 IC122 RAMP51 (__3ZA2R8),__3ZA2R8,01 - Non intersection,02 - Non-fatal injury,03 - Rear end,01 - Clear,01 - Daylight,01 - Dry,10 - No control,,4,0,0,0,02 - Minor,2,1,1,,,364966.9367,5028386.293,45.39283106,-75.73156818,5213
20--5716,2020/07/21,4:18 PM,HAWTHORNE RD @ LEITRIM RD (0009269),9269,02 - Intersection related,02 - Non-fatal injury,03 - Rear end,01 - Clear,01 - Daylight,01 - Dry,01 - Traffic signal,01 - Functioning,3,0,0,0,02 - Minor,4,1,3,,,377038.7609,5022709.505,45.34061306,-75.5782393,5214
20--5717,2020/07/21,4:38 PM,HIGHWAY 417 btwn HWY417 IC122 RAMP51 & HWY417 IC122 RAMP15 (__3ZA2R0),__3ZA2R0,01 - Non intersection,03 - P.D. only,03 - Rear end,01 - Clear,01 - Daylight,01 - Dry,10 - No control,,4,0,0,0,,0,,,,,365315.3373,5028861.877,45.39708024,-75.72706059,5215
20--5718,2020/07/21,5:52 PM,AIRPORT PKWY/HUNT CLUB RAMP 42 btwn AIRPORT PKWY & TO BE DETERMINED (__3ZAY5Q),__3ZAY5Q,01 - Non intersection,03 - P.D. only,03 - Rear end,01 - Clear,01 - Daylight,01 - Dry,10 - No control,,2,0,0,0,,0,,,,,370731.8672,5024164.544,45.35432615,-75.65851164,5216
20--5719,2020/07/21,8:46 PM,MARCH RD btwn BURNT LANDS RD & UPPER DWYER HILL RD (__3ZA2RH),__3ZA2RH,01 - Non intersection,03 - P.D. only,07 - SMV other,01 - Clear,05 - Dusk,01 - Dry,10 - No control,,1,0,0,0,,0,,,,,333028.296,5013513.96,45.26101781,-76.14031301,5217
20--572,2020/01/14,12:20 PM,BANK ST @ HOLMWOOD AVE (0007225),7225,02 - Intersection related,03 - P.D. only,03 - Rear end,01 - Clear,01 - Daylight,02 - Wet,01 - Traffic signal,01 - Functioning,2,0,0,0,,0,,,,,368481.7136,5029197.556,45.39981975,-75.68657833,5218
20--5720,2020/07/21,9:00 PM,GILMOUR ST btwn O'CONNOR ST & METCALFE ST (__3ZA9TA),__3ZA9TA,04 - At/near private drive,03 - P.D. only,06 - SMV unattended vehicle,01 - Clear,05 - Dusk,01 - Dry,10 - No control,,1,0,0,0,,0,,,,,368079.7301,5030949.296,45.4156178,-75.69148761,5219
20--5721,2020/07/21,9:40 AM,HWY417 IC118 RAMP35 btwn HWY417 IC118 RAMP45 & HIGHWAY 417 (__3ZAY9Q),__3ZAY9Q,01 - Non intersection,03 - P.D. only,03 - Rear end,01 - Clear,01 - Daylight,01 - Dry,10 - No control,,2,0,0,0,,0,,,,,369570.9184,5031082.226,45.41667741,-75.6724195,5220
20--5547,2020/07/14,6:40 PM,RIVERSIDE DR SB btwn BILLINGS BRIDGESC RAMP NB & DATA CENTRE RD (__3ZBOFM),__3ZBOFM,01 - Non intersection,02 - Non-fatal injury,03 - Rear end,01 - Clear,01 - Daylight,01 - Dry,10 - No control,,3,0,0,0,02 - Minor,1,,1,,,368989.0821,5027767.163,45.38690319,-75.68028435,5221
20--5997,2020/08/01,12:20 PM,GREENBANK RD @ STRANDHERD DR (0005563),5563,02 - Intersection related,03 - P.D. only,04 - Sideswipe,01 - Clear,01 - Daylight,01 - Dry,01 - Traffic signal,01 - Functioning,2,0,0,0,,0,,,,,363933.6737,5014784.418,45.27053049,-75.74638847,5222
20--5904,2020/07/29,Unknown,SANDALWOOD DR btwn BAYCREST DR & HERON RD (__3ZA9YZ),__3ZA9YZ,01 - Non intersection,03 - P.D. only,06 - SMV unattended vehicle,02 - Rain,00 - Unknown,02 - Wet,10 - No control,,1,0,0,0,,0,,,,,371452.9826,5026802.862,45.37799664,-75.64895315,5223
20--5725,2020/07/22,1:43 PM,BANTREE ST @ INNES RD (0007684),7684,02 - Intersection related,03 - P.D. only,03 - Rear end,01 - Clear,01 - Daylight,01 - Dry,01 - Traffic signal,01 - Functioning,2,0,0,0,,0,,,,,373705.7318,5030406.544,45.41020299,-75.61968938,5224
20--5453,2020/07/09,7:45 PM,CLYDE AVE btwn MAITLAND AVE & BASELINE RD (__3ZA4IR),__3ZA4IR,01 - Non intersection,03 - P.D. only,03 - Rear end,01 - Clear,01 - Daylight,01 - Dry,10 - No control,,2,0,0,0,,0,,,,,364270.1228,5025094.655,45.36327296,-75.7408633,5225
20--5998,2020/08/01,2:20 PM,PINECREST RD/HWY 417 PINECRE IC129R63 @ TRANSI (0008264),8264,02 - Intersection related,03 - P.D. only,03 - Rear end,01 - Clear,01 - Daylight,01 - Dry,01 - Traffic signal,01 - Functioning,2,0,0,0,,0,,,,,360388.0797,5023677.85,45.35084318,-75.79057299,5226
20--6086,2020/08/05,3:18 PM,REGIONAL RD 174 @ TRIM RD (0012835),12835,02 - Intersection related,03 - P.D. only,03 - Rear end,01 - Clear,01 - Daylight,01 - Dry,01 - Traffic signal,01 - Functioning,2,0,0,0,,0,,,,,384351.853,5039990.343,45.49530018,-75.48214909,5227
20--5726,2020/07/22,1:50 PM,HIGHWAY 417 btwn HWY417 IC121B RAMP51 & HWY417 IC121A RAMP51 (__3ZA2YW),__3ZA2YW,01 - Non intersection,03 - P.D. only,04 - Sideswipe,01 - Clear,01 - Daylight,01 - Dry,10 - No control,,2,0,0,0,,0,,,,,367024.2188,5029648.711,45.40401017,-75.70513651,5228