Anom_ID,Accident_Date,Accident_Time,Location,Geo_ID,Accident_Location,Classification_of_Accident,Initial_Impact_Type,Environment_Condition,Light,Road_Surface_Condition,Traffic_Control,Traffic_Control_Condition,No__of_Vehicles,No__of_Bicycles,No__of_Motorcycles,No__of_Pedestrians,Max_Injury,No__of_Injuries,No__of_Minimal,No__of_Minor,No__of_Major,No__of_Fatal,X,Y,Latitude,Longitude,ObjectId
20--5548,2020/07/14,6:52 PM,ST. LAURENT BLVD btwn HWY417 IC115 RAMP35 & HWY417 IC115 RAMP26 (__3ZAZEA),__3ZAZEA,06 - Underpass or tunnel,03 - P.D. only,07 - SMV other,01 - Clear,01 - Daylight,01 - Dry,10 - No control,,1,0,0,0,,0,,,,,372484.7453,5031523.505,45.42037204,-75.63513298,5229
20--5454,2020/07/09,7:46 AM,WEST HUNT CLUB RD @ ROYDON PL/SUNDERLAND ST (0009775),9775,03 - At intersection,03 - P.D. only,05 - Turning movement,01 - Clear,01 - Daylight,01 - Dry,01 - Traffic signal,01 - Functioning,2,0,0,0,,0,,,,,365973.7082,5022169.486,45.33680617,-75.71948088,5230
20--5999,2020/08/01,2:45 PM,STOCKTON DR btwn QUEENSDALE AVE & HOGARTH AVE (__3ZA5NU),__3ZA5NU,04 - At/near private drive,03 - P.D. only,02 - Angle,01 - Clear,01 - Daylight,01 - Dry,10 - No control,,2,0,0,0,,0,,,,,372867.1285,5023069.828,45.34427227,-75.63141308,5231
20--5727,2020/07/22,10:30 AM,CASTLE HILL CRES btwn BONNIE CRES & CLYDE AVE (__3ZAAQG),__3ZAAQG,04 - At/near private drive,03 - P.D. only,02 - Angle,01 - Clear,01 - Daylight,01 - Dry,10 - No control,,2,0,0,0,,0,,,,,363898.5853,5025704.48,45.3687915,-75.74553262,5232
20--6087,2020/08/05,3:35 PM,CLOVER ST @ HERON RD (0006837),6837,03 - At intersection,02 - Non-fatal injury,07 - SMV other,01 - Clear,01 - Daylight,01 - Dry,01 - Traffic signal,01 - Functioning,1,0,1,0,02 - Minor,1,,1,,,369292.7201,5026764.551,45.37785411,-75.67653817,5233
20--6173,2020/08/08,5:53 PM,BANK ST @ SUNNYSIDE AVE (0007219),7219,02 - Intersection related,03 - P.D. only,04 - Sideswipe,01 - Clear,01 - Daylight,01 - Dry,01 - Traffic signal,01 - Functioning,2,0,0,0,,0,,,,,368734.7089,5028581.554,45.3942541,-75.68342693,5234
20--5549,2020/07/14,7:13 PM,BASELINE RD btwn FERGUSON ST & CORDOVA ST (__3ZA4HA),__3ZA4HA,04 - At/near private drive,03 - P.D. only,07 - SMV other,01 - Clear,01 - Daylight,01 - Dry,10 - No control,,1,0,0,0,,0,,,,,363528.5872,5024369.515,45.35681075,-75.75041435,5235
20--6174,2020/08/08,7:17 PM,RIVERSIDE DR @ HERON RD (0002236),2236,02 - Intersection related,03 - P.D. only,03 - Rear end,01 - Clear,01 - Daylight,01 - Dry,01 - Traffic signal,01 - Functioning,2,0,0,0,,0,,,,,368121.1074,5026647.228,45.37690533,-75.6915112,5236
20--60,2020/01/02,9:34 PM,HIGHWAY 417 btwn HIGHWAY 417 & Continuation of HIGHWAY 417 (__3ZAZOB),__3ZAZOB,01 - Non intersection,03 - P.D. only,07 - SMV other,01 - Clear,07 - Dark,01 - Dry,10 - No control,,1,0,0,0,,0,,,,,353297.0688,5020413.476,45.32199602,-75.88138422,5237
20--5728,2020/07/22,10:40 AM,MONTREAL RD @ BATHGATE DR/BURMA RD (0007650),7650,02 - Intersection related,03 - P.D. only,03 - Rear end,01 - Clear,01 - Daylight,01 - Dry,01 - Traffic signal,01 - Functioning,2,0,0,0,,0,,,,,373224.7245,5034516.591,45.44723032,-75.62526275,5238
20--6088,2020/08/05,4:26 PM,BANK ST btwn ARENA PL & WHITE ALDER AVE (__3ZA29N),__3ZA29N,04 - At/near private drive,03 - P.D. only,02 - Angle,01 - Clear,01 - Daylight,01 - Dry,10 - No control,,2,0,0,0,,0,,,,,375491.4741,5021302.812,45.32811384,-75.59818099,5239
20--5905,2020/07/29,Unknown,WOODRIDGE CRES btwn BAYSHORE DR & BAYSHORE PS (__6KE4J1A),__6KE4J1A,01 - Non intersection,03 - P.D. only,06 - SMV unattended vehicle,01 - Clear,00 - Unknown,01 - Dry,10 - No control,,1,0,0,0,,0,,,,,358834.6899,5023653.618,45.35074655,-75.81039887,5240
20--5455,2020/07/09,8:34 AM,CARP RD btwn RICHARDSON SIDE RD & HWY417 IC144 RAMP62 (__3ZA3FS),__3ZA3FS,04 - At/near private drive,03 - P.D. only,02 - Angle,01 - Clear,01 - Daylight,01 - Dry,10 - No control,,2,0,0,0,,0,,,,,346525.3172,5016799.866,45.28991465,-75.96806305,5241
20--5814,2020/07/24,8:05 AM,HWY417 IC131 RAMP66 btwn TRANSIT & HWY417 IC130 RAMP36 (__6KES9I),__6KES9I,01 - Non intersection,03 - P.D. only,04 - Sideswipe,01 - Clear,01 - Daylight,01 - Dry,10 - No control,,2,0,0,0,,0,,,,,357910.462,5022808.08,45.34320896,-75.822284,5242
20--5729,2020/07/22,11:00 AM,DRISCOLL DR btwn MCLEAN CRES & IRENE PL (__3ZA90K),__3ZA90K,01 - Non intersection,03 - P.D. only,07 - SMV other,01 - Clear,01 - Daylight,01 - Dry,10 - No control,,1,0,0,0,,0,,,,,367597.199,5011464.788,45.24034305,-75.70012366,5243
20--5815,2020/07/24,8:22 PM,HWY 417 PALLADI IC142R36 @ PALLADIUM DR (0010683),10683,03 - At intersection,03 - P.D. only,05 - Turning movement,01 - Clear,01 - Daylight,01 - Dry,01 - Traffic signal,01 - Functioning,2,0,0,0,,0,,,,,348774.0425,5017374.324,45.29494671,-75.9393455,5244
20--6089,2020/08/05,4:50 PM,BANK ST @ WALKLEY RD (0011423),11423,02 - Intersection related,03 - P.D. only,03 - Rear end,01 - Clear,01 - Daylight,01 - Dry,01 - Traffic signal,00 - Unknown,2,0,0,0,,0,,,,,370337.8517,5025947.754,45.37040786,-75.66330344,5245
20--5906,2020/07/29,12:10 PM,STITTSVILLE MAIN ST @ HAZELDEAN RD (0000050),50,03 - At intersection,03 - P.D. only,05 - Turning movement,01 - Clear,01 - Daylight,01 - Dry,01 - Traffic signal,01 - Functioning,2,0,0,0,,0,,,,,349558.3888,5014878.722,45.27244093,-75.92957093,5246
20--555,2020/01/13,8:13 AM,CUMBERLAND ST @ RIDEAU ST (0007759),7759,02 - Intersection related,02 - Non-fatal injury,03 - Rear end,01 - Clear,01 - Daylight,02 - Wet,01 - Traffic signal,01 - Functioning,2,0,0,0,01 - Minimal,1,1,,,,368374.4998,5032329.973,45.42801393,-75.6875436,5247
20--6175,2020/08/08,7:30 AM,REGIONAL ROAD 174 btwn OR174 IC109 RAMP64 & OR174 IC105 RAMP16 (__3ZA2XD),__3ZA2XD,01 - Non intersection,03 - P.D. only,07 - SMV other,01 - Clear,01 - Daylight,01 - Dry,10 - No control,,1,0,0,0,,0,,,,,377290.5867,5035831.411,45.45865034,-75.5730979,5248
20--600,2020/01/14,8:20 AM,MARCH RD btwn TALL FOREST DR & HUNTMAR DR (__3ZA3FN),__3ZA3FN,01 - Non intersection,03 - P.D. only,07 - SMV other,01 - Clear,01 - Daylight,02 - Wet,10 - No control,,1,0,0,0,,0,,,,,344044.684,5023457.554,45.34996593,-75.99915872,5249
20--573,2020/01/14,12:30 PM,WEST HUNT CLUB RD WB btwn ROYDON PL/SUNDERLAND ST & 545 E OF ROYDON PL (__3ZA3JSA),__3ZA3JSA,04 - At/near private drive,03 - P.D. only,02 - Angle,01 - Clear,01 - Daylight,02 - Wet,10 - No control,,2,0,0,0,,0,,,,,366025.4228,5022202.667,45.33710022,-75.718817,5250
20--5456,2020/07/09,9:20 AM,INNES RD @ STAR TOP RD/WINDMILL LANE (0008734),8734,02 - Intersection related,03 - P.D. only,07 - SMV other,01 - Clear,01 - Daylight,01 - Dry,01 - Traffic signal,01 - Functioning,1,0,0,0,,0,,,,,374147.726,5030666.56,45.41249882,-75.61400674,5251
20--5550,2020/07/14,7:25 AM,DUNROBIN RD btwn DUNROBIN RD & MURPHY SIDE RD (__3ZA3EB),__3ZA3EB,01 - Non intersection,03 - P.D. only,05 - Turning movement,01 - Clear,01 - Daylight,01 - Dry,10 - No control,,2,0,0,0,,0,,,,,344077.9898,5029449.596,45.40388217,-75.99825707,5252
20--6176,2020/08/08,7:56 PM,MONTREAL RD @ OGILVIE RD (0009279),9279,02 - Intersection related,02 - Non-fatal injury,03 - Rear end,01 - Clear,01 - Daylight,01 - Dry,01 - Traffic signal,01 - Functioning,2,0,0,0,01 - Minimal,1,1,,,,375654.7413,5034556.59,45.4473481,-75.59419565,5253
20--6000,2020/08/01,2:52 PM,BEAUSEJOUR DR N @ ORLEANS BLVD (0003637),3637,03 - At intersection,02 - Non-fatal injury,05 - Turning movement,01 - Clear,01 - Daylight,01 - Dry,01 - Traffic signal,01 - Functioning,2,1,0,0,01 - Minimal,1,1,,,,381055.7553,5035895.589,45.45882698,-75.5249514,5254
20--5730,2020/07/22,12:07 PM,BASELINE RD @ WOODROFFE AVE (0002225),2225,02 - Intersection related,03 - P.D. only,03 - Rear end,01 - Clear,01 - Daylight,01 - Dry,01 - Traffic signal,01 - Functioning,2,0,0,0,,0,,,,,362549.6866,5023770.508,45.35150224,-75.76297753,5255
20--609,2020/01/15,1:18 PM,CAMPUS AVE @ UNIVERSITY RD (0011541),11541,03 - At intersection,03 - P.D. only,02 - Angle,01 - Clear,01 - Daylight,01 - Dry,02 - Stop sign,01 - Functioning,2,0,0,0,,0,,,,,367771.7057,5027976.533,45.38889755,-75.69580238,5256
20--5907,2020/07/29,2:07 PM,EDISON AVE btwn PRINCETON AVE & AVONDALE AVE (__3ZA07D),__3ZA07D,01 - Non intersection,03 - P.D. only,06 - SMV unattended vehicle,01 - Clear,01 - Daylight,01 - Dry,10 - No control,,1,0,0,0,,0,,,,,363413.4478,5027664.127,45.38646487,-75.75149286,5257
20--5816,2020/07/24,8:22 PM,HWY417 IC131 RAMP55 btwn HIGHWAY 417 & HWY416 IC75B RAMP25 (__3ZAYG7),__3ZAYG7,01 - Non intersection,03 - P.D. only,04 - Sideswipe,01 - Clear,05 - Dusk,01 - Dry,10 - No control,,2,0,0,0,,0,,,,,358223.9587,5022739.845,45.34257118,-75.81829128,5258
20--6090,2020/08/05,5:00 PM,ELGIN ST @ LAURIER AVE (0002232),2232,02 - Intersection related,03 - P.D. only,03 - Rear end,01 - Clear,01 - Daylight,01 - Dry,01 - Traffic signal,01 - Functioning,3,0,0,0,,0,,,,,367949.3148,5031551.09,45.42104433,-75.6930766,5259
20--5908,2020/07/29,2:53 PM,TERRY FOX DR S @ DIDSBURY RD/CENTRUM KANATA SC (0011820),11820,02 - Intersection related,03 - P.D. only,03 - Rear end,01 - Clear,01 - Daylight,01 - Dry,01 - Traffic signal,01 - Functioning,2,0,0,0,,0,,,,,350623.488,5018915.745,45.30869867,-75.91562441,5260
20--6001,2020/08/01,3:00 PM,HIGHWAY 417 btwn HWY417 IC163 RAMP16 & HWY417 IC169 RAMP61 (__5SPO79),__5SPO79,01 - Non intersection,03 - P.D. only,99 - Other,01 - Clear,01 - Daylight,01 - Dry,10 - No control,,2,0,0,0,,0,,,,,330698.5045,5021658.341,45.33439551,-76.16957349,5261
20--5551,2020/07/14,8:05 AM,HWY 417 INNES IC112R57 @ INNES RD (0012298),12298,03 - At intersection,03 - P.D. only,02 - Angle,01 - Clear,01 - Daylight,01 - Dry,01 - Traffic signal,01 - Functioning,2,0,0,0,,0,,,,,374298.8598,5030754.325,45.41327349,-75.6120637,5262
20--5731,2020/07/22,12:32 PM,ST. LAURENT BLVD @ WALKLEY RD (0007653),7653,03 - At intersection,02 - Non-fatal injury,05 - Turning movement,01 - Clear,01 - Daylight,01 - Dry,01 - Traffic signal,01 - Functioning,2,0,1,0,03 - Major,1,,,1,,373902.7486,5028046.85,45.38895216,-75.61750327,5263
20--6177,2020/08/09,1:09 AM,INNES RD WB btwn INNES RD W & INNES RD (__3ZA3J8),__3ZA3J8,01 - Non intersection,03 - P.D. only,03 - Rear end,01 - Clear,07 - Dark,01 - Dry,10 - No control,,2,0,0,0,,0,,,,,376709.3823,5032095.971,45.42510128,-75.58107432,5264
20--5457,2020/07/09,9:40 AM,EAGLESON RD btwn OTTAWA ST & BROPHY DR (__3ZA4ZN),__3ZA4ZN,04 - At/near private drive,02 - Non-fatal injury,03 - Rear end,01 - Clear,01 - Daylight,01 - Dry,10 - No control,,3,0,0,0,02 - Minor,1,,1,,,358913.285,5005164.299,45.18437083,-75.81141044,5265
20--5909,2020/07/29,3:12 PM,RIVERSIDE DR SB btwn SMYTH RD NORTH SIDE RAMP & FROBISHER LANE (__3ZAZQH),__3ZAZQH,01 - Non intersection,03 - P.D. only,04 - Sideswipe,01 - Clear,01 - Daylight,01 - Dry,10 - No control,,2,0,0,0,,0,,,,,369946.9024,5029343.661,45.40099954,-75.66784579,5266
20--6091,2020/08/05,5:10 PM,MORISSET AVE btwn CALDWELL AVE & MERIVALE RD (__3ZAA59),__3ZAA59,01 - Non intersection,03 - P.D. only,06 - SMV unattended vehicle,01 - Clear,01 - Daylight,01 - Dry,10 - No control,,1,0,0,0,,0,,,,,364495.586,5026263.262,45.37376874,-75.73784431,5267
20--5552,2020/07/14,8:10 PM,HWY417 IC117 RAMP61 btwn HWY417 IC117 RAMP63 & HIGHWAY 417 (__3ZAY0Y),__3ZAY0Y,01 - Non intersection,03 - P.D. only,04 - Sideswipe,01 - Clear,05 - Dusk,01 - Dry,10 - No control,,3,0,0,0,,0,,,,,371166.5774,5031379.438,45.41920207,-75.65199389,5268
20--6002,2020/08/01,3:22 PM,CUMMINGS AVE @ OGILVIE RD (0009923),9923,03 - At intersection,03 - P.D. only,05 - Turning movement,01 - Clear,01 - Daylight,01 - Dry,01 - Traffic signal,01 - Functioning,2,0,0,0,,0,,,,,372748.7237,5032170.583,45.42616855,-75.63167103,5269
20--5732,2020/07/22,12:45 PM,MELFORT ST @ WALKLEY RD (0008805),8805,03 - At intersection,03 - P.D. only,05 - Turning movement,01 - Clear,01 - Daylight,01 - Dry,12 - IPS,01 - Functioning,2,0,0,0,,0,,,,,374445.7332,5028373.54,45.39183777,-75.61052366,5270
20--6178,2020/08/09,1:37 PM,WOODROFFE AVE @ HWY 417 WOODROFF IC127R26/HWY4 (0002355),2355,02 - Intersection related,03 - P.D. only,03 - Rear end,02 - Rain,01 - Daylight,02 - Wet,01 - Traffic signal,01 - Functioning,2,0,0,0,,0,,,,,362082.6884,5024939.515,45.36205918,-75.76880157,5271
20--6092,2020/08/05,5:30 PM,HIGHWAY 417 btwn HWY417 IC121B RAMP51 & HWY417 IC121A RAMP51 (__3ZA2YW),__3ZA2YW,01 - Non intersection,03 - P.D. only,03 - Rear end,01 - Clear,01 - Daylight,01 - Dry,10 - No control,,2,0,0,0,,0,,,,,366704.454,5029552.655,45.40317424,-75.70923291,5272
20--5553,2020/07/14,8:40 PM,CARRIGAN DR @ MERKLEY DR (0004868),4868,02 - Intersection related,02 - Non-fatal injury,02 - Angle,01 - Clear,05 - Dusk,01 - Dry,02 - Stop sign,01 - Functioning,2,1,0,0,01 - Minimal,2,2,,,,384618.7452,5037764.564,45.47524431,-75.47909661,5273
20--5458,2020/07/10,10:14 AM,WOODROFFE AVE @ QUEENSBURY DR/RIDEAUCREST DR (0000043),43,03 - At intersection,02 - Non-fatal injury,99 - Other,01 - Clear,01 - Daylight,01 - Dry,01 - Traffic signal,01 - Functioning,2,1,0,0,01 - Minimal,1,1,,,,365727.6908,5016328.445,45.28427044,-75.72333771,5274
20--5817,2020/07/24,8:31 AM,ST. EMMANUEL TER @ VORLAGE DR (0003790),3790,02 - Intersection related,03 - P.D. only,02 - Angle,01 - Clear,01 - Daylight,01 - Dry,02 - Stop sign,01 - Functioning,2,0,0,0,,0,,,,,379623.7212,5037932.583,45.47730911,-75.54294946,5275
20--5459,2020/07/10,11:20 AM,RIVERSIDE DR btwn KIMBERWICK CRES & KIMBERWICK CRES (__3ZA37L),__3ZA37L,01 - Non intersection,02 - Non-fatal injury,03 - Rear end,01 - Clear,01 - Daylight,01 - Dry,10 - No control,,4,0,0,0,01 - Minimal,4,4,,,,368163.3712,5022595.822,45.34044793,-75.69149098,5276
20--5733,2020/07/22,2:58 PM,MARY JANE CRES @ SIMARD DR (0009306),9306,03 - At intersection,02 - Non-fatal injury,02 - Angle,01 - Clear,01 - Daylight,01 - Dry,02 - Stop sign,01 - Functioning,2,1,0,0,02 - Minor,1,,1,,,381402.8214,5035011.46,45.45083434,-75.52065198,5277
20--5554,2020/07/14,9:03 AM,BELCOURT BLVD @ INNES RD (0004202),4202,02 - Intersection related,03 - P.D. only,03 - Rear end,01 - Clear,01 - Daylight,01 - Dry,01 - Traffic signal,01 - Functioning,2,0,0,0,,0,,,,,382121.5814,5035266.618,45.45305089,-75.51142407,5278
20--6093,2020/08/05,7:09 PM,GEORGE ST btwn WILLIAM ST & DALHOUSIE ST (__3ZA8Z1),__3ZA8Z1,04 - At/near private drive,02 - Non-fatal injury,05 - Turning movement,01 - Clear,01 - Daylight,01 - Dry,10 - No control,,2,1,0,0,02 - Minor,1,,1,,,368064.4025,5032248.943,45.42731297,-75.69151653,5279
20--6179,2020/08/09,1:48 AM,HAWTHORNE RD @ RIDEAU RD (0009409),9409,02 - Intersection related,03 - P.D. only,99 - Other,01 - Clear,07 - Dark,01 - Dry,02 - Stop sign,01 - Functioning,2,0,0,0,,0,,,,,378618.7733,5018940.48,45.3065368,-75.55864302,5280
20--6003,2020/08/01,4:40 PM,CYRVILLE RD @ INNES RD (0009352),9352,02 - Intersection related,03 - P.D. only,04 - Sideswipe,01 - Clear,01 - Daylight,01 - Dry,01 - Traffic signal,01 - Functioning,2,0,0,0,,0,,,,,375047.7208,5031119.566,45.41648496,-75.60244516,5281
20--591,2020/01/14,6:09 PM,POWELL AVE btwn BRONSON AVE & PERCY ST (__3ZA927),__3ZA927,04 - At/near private drive,03 - P.D. only,06 - SMV unattended vehicle,01 - Clear,07 - Dark,03 - Loose snow,10 - No control,,1,0,0,0,,0,,,,,367533.3069,5029563.027,45.40319377,-75.69864487,5282
20--618,2020/01/15,12:15 PM,ST. JOSEPH BLVD btwn ST. JEAN ST & BELCOURT BLVD (__3ZA2AP),__3ZA2AP,04 - At/near private drive,03 - P.D. only,02 - Angle,01 - Clear,01 - Daylight,01 - Dry,10 - No control,,2,0,0,0,,0,,,,,381090.3649,5037280.319,45.47128187,-75.524294,5283
20--6094,2020/08/05,7:32 PM,STRANDHERD DR btwn Continuation of STRANDHERD DR & MCKENNA CASEY DR (__3ZAZM9),__3ZAZM9,01 - Non intersection,03 - P.D. only,03 - Rear end,01 - Clear,01 - Daylight,01 - Dry,10 - No control,,2,0,0,0,,0,,,,,361836.7332,5013654.718,45.26053855,-75.77323983,5284
20--5818,2020/07/24,9:14 AM,CAHILL DR @ HUNT CLUB RD (0011394),11394,02 - Intersection related,02 - Non-fatal injury,03 - Rear end,01 - Clear,01 - Daylight,01 - Dry,01 - Traffic signal,01 - Functioning,2,0,0,0,01 - Minimal,2,2,,,,372407.7358,5024542.513,45.3575674,-75.63707325,5285
20--546,2020/01/13,6:58 AM,INNES RD btwn O'TOOLE RD & DUNNING RD (__3ZBN92),__3ZBN92,01 - Non intersection,02 - Non-fatal injury,01 - Approaching,03 - Snow,03 - Dawn,05 - Packed snow,10 - No control,,2,0,0,0,02 - Minor,2,1,1,,,391426.0814,5039246.388,45.48776467,-75.39178332,5286
20--6004,2020/08/01,7:53 AM,HIGHWAY 416 btwn HWY416 IC57 RAMP24 & HWY416 IC49 RAMP42 (__3ZAZGI),__3ZAZGI,01 - Non intersection,02 - Non-fatal injury,07 - SMV other,01 - Clear,01 - Daylight,01 - Dry,10 - No control,,1,0,0,0,02 - Minor,1,,1,,,365754.2028,5006346.673,45.19445196,-75.72422305,5287
20--5555,2020/07/14,9:14 AM,RIVERSIDE DR SB btwn SAN REMO PRIV & TERMINAL AVE (__3ZA253),__3ZA253,01 - Non intersection,03 - P.D. only,04 - Sideswipe,01 - Clear,01 - Daylight,01 - Dry,10 - No control,,2,0,0,0,,0,,,,,370657.0124,5030572.311,45.41198802,-75.65861206,5288
20--5734,2020/07/22,3:00 PM,WOODROFFE AVE @ FIRESTATION (0008642),8642,02 - Intersection related,02 - Non-fatal injury,03 - Rear end,01 - Clear,01 - Daylight,01 - Dry,13 - MPS,01 - Functioning,2,0,0,0,01 - Minimal,1,1,,,,362495.5203,5023913.197,45.35279061,-75.76365211,5289
20--5910,2020/07/29,4:15 PM,CROSSKEYS PL/HELENE CAMPBELL RD @ STRANDHERD DR (0015337),15337,02 - Intersection related,03 - P.D. only,03 - Rear end,02 - Rain,01 - Daylight,02 - Wet,01 - Traffic signal,01 - Functioning,2,0,0,0,,0,,,,,360982.3112,5014901.733,45.27182808,-75.78398493,5290
20--6180,2020/08/09,11:17 PM,OGILVIE RD btwn CADBORO RD & BATHGATE DR (__3ZA2DN),__3ZA2DN,01 - Non intersection,03 - P.D. only,03 - Rear end,01 - Clear,07 - Dark,01 - Dry,10 - No control,,2,0,0,0,,0,,,,,373811.5989,5032790.555,45.43164268,-75.61800308,5291
20--5556,2020/07/15,10:20 AM,CARP RD @ STITTSVILLE MAIN ST (0005253),5253,02 - Intersection related,02 - Non-fatal injury,03 - Rear end,01 - Clear,01 - Daylight,01 - Dry,01 - Traffic signal,01 - Functioning,2,0,0,0,01 - Minimal,1,1,,,,349524.7859,5014330.19,45.26750718,-75.93004857,5292
20--6095,2020/08/05,8:31 PM,CRESTHAVEN DR @ STRANDHERD DR (0010929),10929,03 - At intersection,02 - Non-fatal injury,02 - Angle,01 - Clear,07 - Dark,01 - Dry,01 - Traffic signal,01 - Functioning,2,1,0,0,02 - Minor,1,,1,,,366813.9085,5015028.064,45.27247472,-75.70965517,5293
20--5735,2020/07/22,3:25 PM,BERRIGAN DR @ LONGFIELDS DR (0010453),10453,03 - At intersection,02 - Non-fatal injury,03 - Rear end,02 - Rain,01 - Daylight,02 - Wet,11 - Roundabout,00 - Unknown,2,0,0,0,01 - Minimal,1,1,,,,364305.2329,5015646.352,45.27825483,-75.74155035,5294
20--6005,2020/08/01,9:00 PM,PRINCE OF WALES DR btwn JOCKVALE RD & MAPLEHILL WAY (__3ZA29X),__3ZA29X,01 - Non intersection,03 - P.D. only,07 - SMV other,01 - Clear,07 - Dark,01 - Dry,10 - No control,,1,0,0,0,,0,,,,,366732.0708,5012372.744,45.24858947,-75.71102905,5295
20--5819,2020/07/25,1:18 PM,MERIVALE RD btwn FAMILY BROWN LANE & BASIL MACDONALD WAY (__4BBET2),__4BBET2,01 - Non intersection,03 - P.D. only,03 - Rear end,01 - Clear,01 - Daylight,01 - Dry,10 - No control,,2,0,0,0,,0,,,,,365064.893,5023246.042,45.34657154,-75.73094431,5296
20--5460,2020/07/10,12:30 PM,HUNT CLUB RD btwn MOUNTAIN CRES & TURN LANE (__3ZA3HU),__3ZA3HU,01 - Non intersection,03 - P.D. only,04 - Sideswipe,01 - Clear,01 - Daylight,01 - Dry,10 - No control,,2,0,0,0,,0,,,,,371533.2864,5024020.176,45.35295136,-75.64830374,5297
20--6181,2020/08/09,11:55 AM,BRIDGESTONE DR @ EAGLESON RD (0010095),10095,02 - Intersection related,02 - Non-fatal injury,07 - SMV other,02 - Rain,01 - Daylight,02 - Wet,02 - Stop sign,01 - Functioning,1,0,0,0,02 - Minor,1,,1,,,354872.693,5015403.907,45.27680833,-75.86179312,5298
20--5557,2020/07/15,10:30 AM,BANK ST @ SOUTHKEYS SC (0009010),9010,03 - At intersection,03 - P.D. only,05 - Turning movement,01 - Clear,01 - Daylight,01 - Dry,01 - Traffic signal,01 - Functioning,2,0,0,0,,0,,,,,371083.7236,5024521.515,45.35750488,-75.65397352,5299
20--6096,2020/08/05,9:31 PM,BRIAN COBURN BLVD @ PORTOBELLO BLVD (0013015),13015,03 - At intersection,02 - Non-fatal injury,07 - SMV other,01 - Clear,07 - Dark,01 - Dry,11 - Roundabout,01 - Functioning,1,0,0,1,02 - Minor,1,,1,,,385751.3506,5035489.414,45.45464436,-75.46498733,5300
20--5911,2020/07/29,5:00 PM,MAIN ST @ RIVERDALE AVE (0007229),7229,02 - Intersection related,03 - P.D. only,03 - Rear end,01 - Clear,01 - Daylight,01 - Dry,01 - Traffic signal,01 - Functioning,2,0,0,0,,0,,,,,369431.7483,5029532.487,45.40274628,-75.67440068,5301
20--6006,2020/08/01,9:36 PM,MEADOWLANDS DR/TALLWOOD DR @ WOODROFFE AVE (0000095),95,02 - Intersection related,03 - P.D. only,04 - Sideswipe,01 - Clear,07 - Dark,01 - Dry,01 - Traffic signal,01 - Functioning,2,0,0,0,,0,,,,,363056.688,5022730.496,45.34210237,-75.75663004,5302
20--5736,2020/07/22,3:27 AM,CYRVILLE RD @ LABRIE AVE (0012383),12383,03 - At intersection,02 - Non-fatal injury,05 - Turning movement,01 - Clear,07 - Dark,01 - Dry,02 - Stop sign,01 - Functioning,2,0,0,0,01 - Minimal,1,1,,,,373401.7274,5031681.553,45.42170476,-75.62339526,5303
20--582,2020/01/14,4:20 PM,EAGLESON RD @ FLEWELLYN RD (0000121),121,02 - Intersection related,02 - Non-fatal injury,03 - Rear end,04 - Freezing Rain,05 - Dusk,02 - Wet,02 - Stop sign,01 - Functioning,2,0,0,0,01 - Minimal,1,1,,,,355333.6306,5014247.435,45.26636916,-75.85603626,5304
20--6097,2020/08/06,1:11 PM,CARLING AVE @ KIRKWOOD AVE N (0002358),2358,02 - Intersection related,03 - P.D. only,03 - Rear end,01 - Clear,01 - Daylight,01 - Dry,01 - Traffic signal,01 - Functioning,2,0,0,0,,0,,,,,364275.6152,5027493.478,45.38485673,-75.74050432,5305
20--5912,2020/07/29,5:28 PM,RIDGEWOOD AVE @ RIVERSIDE DR (0007180),7180,02 - Intersection related,02 - Non-fatal injury,03 - Rear end,02 - Rain,01 - Daylight,02 - Wet,01 - Traffic signal,01 - Functioning,2,0,0,0,02 - Minor,1,,1,,,368280.6951,5025609.533,45.36755399,-75.68960714,5306
20--6007,2020/08/02,11:54 PM,KILBORN AVE @ KILBORN PL/LAMIRA ST (0001586),1586,03 - At intersection,03 - P.D. only,07 - SMV other,01 - Clear,07 - Dark,01 - Dry,11 - Roundabout,01 - Functioning,1,0,0,0,,0,,,,,369744.7307,5027678.516,45.38603592,-75.67064714,5307
20--5461,2020/07/10,12:45 PM,PALTON AVE btwn KETTLEWELL WAY & WOLISTON CRES (__4OELO2),__4OELO2,01 - Non intersection,03 - P.D. only,06 - SMV unattended vehicle,01 - Clear,01 - Daylight,01 - Dry,10 - No control,,1,0,0,0,,0,,,,,348929.7679,5023923.269,45.35386617,-75.9367765,5308
20--5558,2020/07/15,10:30 AM,RIVERSIDE DR @ HERON RD (0002236),2236,03 - At intersection,03 - P.D. only,05 - Turning movement,01 - Clear,01 - Daylight,01 - Dry,01 - Traffic signal,01 - Functioning,2,0,0,0,,0,,,,,368121.0895,5026647.232,45.37690537,-75.69151143,5309