Anom_ID,Accident_Date,Accident_Time,Location,Geo_ID,Accident_Location,Classification_of_Accident,Initial_Impact_Type,Environment_Condition,Light,Road_Surface_Condition,Traffic_Control,Traffic_Control_Condition,No__of_Vehicles,No__of_Bicycles,No__of_Motorcycles,No__of_Pedestrians,Max_Injury,No__of_Injuries,No__of_Minimal,No__of_Minor,No__of_Major,No__of_Fatal,X,Y,Latitude,Longitude,ObjectId
20--6182,2020/08/09,12:10 PM,PRINCE OF WALES DR @ FALLOWFIELD RD (0000566),566,02 - Intersection related,03 - P.D. only,07 - SMV other,02 - Rain,01 - Daylight,02 - Wet,01 - Traffic signal,01 - Functioning,1,0,0,0,,0,,,,,367399.7119,5019166.471,45.30965975,-75.70166778,5310
20--5737,2020/07/22,3:30 PM,HERON RD @ BRIAR HILL DR/SANDALWOOD DR (0007190),7190,02 - Intersection related,03 - P.D. only,04 - Sideswipe,02 - Rain,01 - Daylight,02 - Wet,01 - Traffic signal,01 - Functioning,2,0,0,0,,0,,,,,371452.7226,5027012.54,45.37988327,-75.64892817,5311
20--6098,2020/08/06,1:11 PM,CHAMPLAIN BRIDGE/ISLAND PARK DR @ BATE ISLAND (0010849),10849,02 - Intersection related,03 - P.D. only,07 - SMV other,01 - Clear,01 - Daylight,01 - Dry,02 - Stop sign,00 - Unknown,1,0,0,0,,0,,,,,362967.0355,5030056.352,45.40802695,-75.75691108,5312
20--6008,2020/08/02,Unknown,GLEN MEADOWS CIRC btwn Continuation of GLEN MEADOWS CIRC & SAWYER WAY (__3ZAZLM),__3ZAZLM,01 - Non intersection,03 - P.D. only,06 - SMV unattended vehicle,01 - Clear,00 - Unknown,01 - Dry,10 - No control,,1,0,0,0,,0,,,,,356465.9734,5016031.067,45.28233636,-75.84142184,5313
20--5559,2020/07/15,11:25 AM,HIGHWAY 417 btwn HWY417 IC145 RAMP55 & HWY417 IC144 RAMP51 (__3ZA2Q4),__3ZA2Q4,01 - Non intersection,02 - Non-fatal injury,03 - Rear end,01 - Clear,01 - Daylight,01 - Dry,10 - No control,,2,0,0,0,02 - Minor,2,1,1,,,346848.3612,5015306.161,45.27645447,-75.96407146,5314
20--5462,2020/07/10,2:16 PM,RAMSAYVILLE RD @ RIDGE RD (0009270),9270,02 - Intersection related,03 - P.D. only,07 - SMV other,01 - Clear,01 - Daylight,01 - Dry,02 - Stop sign,01 - Functioning,1,0,0,0,,0,,,,,376683.7439,5028863.549,45.39602046,-75.58187328,5315
20--5913,2020/07/29,5:29 PM,FERNBANK RD btwn Continuation of FERNBANK RD & Continuation of FERNBAN (__5HM7VM),__5HM7VM,01 - Non intersection,02 - Non-fatal injury,04 - Sideswipe,01 - Clear,01 - Daylight,01 - Dry,10 - No control,,2,1,0,0,01 - Minimal,1,1,,,,354452.2763,5015265.741,45.2755949,-75.86716508,5316
20--5738,2020/07/22,3:59 PM,ROGER STEVENS DR btwn JAMES CRAIG ST & TRAILWOOD DR (__3ZA390),__3ZA390,01 - Non intersection,03 - P.D. only,99 - Other,01 - Clear,01 - Daylight,01 - Dry,10 - No control,,2,0,0,0,,0,,,,,367384.8195,4999908.264,45.1363757,-75.70427882,5317
20--6099,2020/08/06,1:15 PM,RIVERSIDE DR NB btwn INDUSTRIAL AVE & TREMBLAY RD (__3ZA4SE),__3ZA4SE,01 - Non intersection,02 - Non-fatal injury,03 - Rear end,01 - Clear,01 - Daylight,01 - Dry,10 - No control,,4,0,0,0,01 - Minimal,1,1,,,,370794.3077,5030939.321,45.41527729,-75.65680903,5318
20--6183,2020/08/09,2:45 PM,PRINCE OF WALES DR @ STRANDHERD DR (0013339),13339,02 - Intersection related,03 - P.D. only,02 - Angle,01 - Clear,01 - Daylight,02 - Wet,01 - Traffic signal,01 - Functioning,2,0,0,0,,0,,,,,367175.2911,5014824.187,45.27060828,-75.70507553,5319
20--6009,2020/08/02,12:27 AM,PARKDALE AVE btwn SCOTT ST & BULLMAN ST (__3ZA31Q),__3ZA31Q,01 - Non intersection,03 - P.D. only,06 - SMV unattended vehicle,01 - Clear,07 - Dark,01 - Dry,10 - No control,,1,0,0,0,,0,,,,,364954.8958,5029714.54,45.40478337,-75.73155996,5320
20--556,2020/01/13,8:30 AM,CRAIG HENRY DR btwn ALDRIDGE WAY & JACK AARON DR (__3ZAAYZ),__3ZAAYZ,01 - Non intersection,03 - P.D. only,03 - Rear end,03 - Snow,01 - Daylight,02 - Wet,10 - No control,,2,0,0,0,,0,,,,,362016.2412,5021793.049,45.33375289,-75.7700137,5321
20--5463,2020/07/10,2:29 PM,CARLING AVE @ WOODROFFE AVE W (0011470),11470,02 - Intersection related,03 - P.D. only,04 - Sideswipe,01 - Clear,01 - Daylight,01 - Dry,01 - Traffic signal,01 - Functioning,2,0,0,0,,0,,,,,361767.6834,5025725.516,45.36915723,-75.77273158,5322
20--5914,2020/07/29,5:30 PM,HIGHWAY 417 btwn HWY417 IC124 RAMP65 & HWY417 IC122 RAMP51 (__3ZA2R8),__3ZA2R8,01 - Non intersection,03 - P.D. only,04 - Sideswipe,00 - Unknown,01 - Daylight,01 - Dry,10 - No control,,2,0,0,0,,0,,,,,365163.668,5028717.251,45.39579202,-75.72901533,5323
20--5739,2020/07/22,4:00 PM,STITTSVILLE MAIN ST @ ORVILLE ST (0000085),85,03 - At intersection,02 - Non-fatal injury,07 - SMV other,01 - Clear,01 - Daylight,01 - Dry,02 - Stop sign,01 - Functioning,1,0,0,1,02 - Minor,1,,1,,,350312.5919,5013247.426,45.25771356,-75.92010886,5324
20--5820,2020/07/25,1:41 PM,CUMBERLAND ST @ ST. PATRICK ST (0008238),8238,03 - At intersection,03 - P.D. only,02 - Angle,01 - Clear,01 - Daylight,01 - Dry,01 - Traffic signal,01 - Functioning,2,0,0,0,,0,,,,,368128.548,5032748.756,45.43180431,-75.69063259,5325
20--61,2020/01/03,1:00 AM,LUMBERMAN WAY @ ORLEANS BLVD (0004359),4359,03 - At intersection,03 - P.D. only,07 - SMV other,02 - Rain,07 - Dark,02 - Wet,02 - Stop sign,01 - Functioning,1,0,0,0,,0,,,,,380451.7189,5037241.612,45.47100309,-75.53246667,5326
20--5560,2020/07/15,12:30 PM,HIGHWAY 417 btwn HWY417 IC122 RAMP15 & HWY417 IC121B RAMP51 (__3ZA2RB),__3ZA2RB,01 - Non intersection,03 - P.D. only,03 - Rear end,01 - Clear,01 - Daylight,01 - Dry,10 - No control,,4,0,0,0,,0,,,,,365762.7594,5029159.261,45.39971721,-75.72130961,5327
20--6184,2020/08/09,3:30 PM,LEMIEUX ST @ ST. LAURENT BLVD (0002021),2021,03 - At intersection,02 - Non-fatal injury,03 - Rear end,01 - Clear,01 - Daylight,01 - Dry,01 - Traffic signal,01 - Functioning,2,0,0,0,01 - Minimal,1,1,,,,372391.7242,5031742.564,45.42235202,-75.6362914,5328
20--5561,2020/07/15,12:44 PM,HIGHWAY 417 btwn HWY417 IC122 RAMP15 & HWY417 IC121B RAMP51 (__3ZA2RB),__3ZA2RB,01 - Non intersection,03 - P.D. only,03 - Rear end,01 - Clear,01 - Daylight,01 - Dry,10 - No control,,3,0,0,0,,0,,,,,365678.8501,5029105.27,45.39923872,-75.72238797,5329
20--601,2020/01/14,8:26 AM,SCOTT ST @ WINONA AVE (0005131),5131,02 - Intersection related,03 - P.D. only,02 - Angle,01 - Clear,01 - Daylight,05 - Packed snow,02 - Stop sign,01 - Functioning,2,0,0,0,,0,,,,,363163.6884,5028629.547,45.39517243,-75.75456789,5330
20--5915,2020/07/29,5:37 PM,JEANNE D'ARC BLVD @ OR174 IC105 RAMP53 (0004156),4156,02 - Intersection related,03 - P.D. only,03 - Rear end,01 - Clear,01 - Daylight,01 - Dry,03 - Yield sign,01 - Functioning,2,0,0,0,,0,,,,,379543.7353,5036795.587,45.46708787,-75.54414535,5331
20--610,2020/01/15,1:20 PM,RUSSELL RD btwn MILTON RD & SAND RD (__3ZA3XZ),__3ZA3XZ,01 - Non intersection,03 - P.D. only,99 - Other,01 - Clear,01 - Daylight,01 - Dry,10 - No control,,2,0,0,0,,0,,,,,391105.8189,5025919.741,45.36790611,-75.39821503,5332
20--5464,2020/07/10,2:40 PM,BASELINE RD @ NAVAHO DR (0003158),3158,02 - Intersection related,03 - P.D. only,03 - Rear end,01 - Clear,01 - Daylight,01 - Dry,01 - Traffic signal,01 - Functioning,2,0,0,0,,0,,,,,363085.6841,5024097.498,45.35440013,-75.75609896,5333
20--574,2020/01/14,2:20 PM,AUGUSTA ST @ RIDEAU ST (0011916),11916,02 - Intersection related,03 - P.D. only,05 - Turning movement,01 - Clear,01 - Daylight,04 - Slush,01 - Traffic signal,01 - Functioning,2,0,0,0,,0,,,,,369012.8146,5032717.261,45.43144029,-75.67933653,5334
20--5821,2020/07/25,1:42 PM,KING EDWARD AVE btwn LAURIER AVE E & THOMAS MORE PRIV (__3ZA3UU),__3ZA3UU,01 - Non intersection,03 - P.D. only,03 - Rear end,01 - Clear,01 - Daylight,01 - Dry,10 - No control,,3,0,0,0,,0,,,,,368739.8955,5032034.278,45.42532007,-75.68291286,5335
20--5740,2020/07/22,4:07 PM,SMYTH RD btwn OTHELLO AVE & ST. LAURENT BLVD (__3ZA3R5),__3ZA3R5,01 - Non intersection,02 - Non-fatal injury,03 - Rear end,02 - Rain,01 - Daylight,02 - Wet,10 - No control,,2,0,0,0,02 - Minor,1,,1,,,373276.442,5029378.025,45.40099099,-75.62531599,5336
20--6185,2020/08/09,4:44 PM,GREENBANK RD @ MARKETPLACE AVE (0010406),10406,02 - Intersection related,03 - P.D. only,03 - Rear end,01 - Clear,01 - Daylight,01 - Dry,01 - Traffic signal,01 - Functioning,2,0,0,0,,0,,,,,364008.3606,5014602.182,45.26888444,-75.74545845,5337
20--6100,2020/08/06,1:40 PM,HUNT CLUB RD @ RIVERSIDE DR (0002237),2237,02 - Intersection related,03 - P.D. only,03 - Rear end,01 - Clear,01 - Daylight,01 - Dry,01 - Traffic signal,01 - Functioning,2,0,0,0,,0,,,,,368036.6956,5021945.508,45.33460797,-75.69319029,5338
20--5916,2020/07/29,6:45 AM,HIGHWAY 417 btwn HWY417 IC115 RAMP25 & REGIONAL ROAD 174 (__3ZA2RY),__3ZA2RY,01 - Non intersection,03 - P.D. only,07 - SMV other,02 - Rain,01 - Daylight,02 - Wet,10 - No control,,1,0,0,0,,0,,,,,373280.1732,5031703.411,45.42191334,-75.62494528,5339
20--6010,2020/08/02,12:53 PM,ISLAND PARK DR btwn CLEARVIEW AVE & OTTAWA RIVER PKWY (__3ZA23A),__3ZA23A,01 - Non intersection,03 - P.D. only,03 - Rear end,02 - Rain,01 - Daylight,02 - Wet,10 - No control,,3,0,0,0,,0,,,,,363432.8303,5029405.509,45.40213191,-75.75103841,5340
20--5562,2020/07/15,2:55 PM,PRINCE OF WALES DR @ WEST HUNT CLUB RD (0000567),567,02 - Intersection related,03 - P.D. only,03 - Rear end,01 - Clear,01 - Daylight,01 - Dry,01 - Traffic signal,01 - Functioning,2,0,0,0,,0,,,,,367458.696,5021891.519,45.33417403,-75.70057085,5341
20--6011,2020/08/02,2:00 PM,BRANT ST @ MCARTHUR AVE (0004649),4649,02 - Intersection related,03 - P.D. only,03 - Rear end,02 - Rain,01 - Daylight,02 - Wet,01 - Traffic signal,01 - Functioning,2,0,0,0,,0,,,,,371262.7196,5032805.579,45.43202474,-75.65057312,5342
20--5741,2020/07/22,4:41 PM,ORLEANS BLVD @ LONGLEAF DR N/SILVERBIRCH ST (0003694),3694,03 - At intersection,02 - Non-fatal injury,02 - Angle,01 - Clear,01 - Daylight,01 - Dry,02 - Stop sign,01 - Functioning,2,0,0,0,02 - Minor,2,,2,,,380738.1279,5034033.826,45.44211088,-75.52929957,5343
20--6186,2020/08/09,6:18 PM,FALLOWFIELD RD @ LARKIN DR (0000555),555,02 - Intersection related,02 - Non-fatal injury,03 - Rear end,01 - Clear,01 - Daylight,01 - Dry,01 - Traffic signal,01 - Functioning,2,0,0,0,01 - Minimal,1,1,,,,361721.6717,5015913.426,45.2808719,-75.7744469,5344
20--6101,2020/08/06,10:08 PM,JOCKVALE RD/RIDEAU VALLEY DR @ PRINCE OF WALES (0004638),4638,03 - At intersection,02 - Non-fatal injury,05 - Turning movement,01 - Clear,07 - Dark,01 - Dry,01 - Traffic signal,01 - Functioning,3,0,0,0,02 - Minor,2,,2,,,366709.6911,5012195.395,45.24699565,-75.71133621,5345
20--6012,2020/08/02,2:11 AM,BATHGATE DR btwn MONTREAL RD & GULF PL (__3ZA7Y9),__3ZA7Y9,01 - Non intersection,03 - P.D. only,07 - SMV other,01 - Clear,07 - Dark,01 - Dry,10 - No control,,1,0,0,0,,0,,,,,373233.401,5034430.7,45.44645667,-75.62516379,5346
20--5563,2020/07/15,3:27 PM,HERON RD WB btwn BRONSON AVE RAMP 26 & BRONSON AVE RAMP 62 (__5FD69N),__5FD69N,01 - Non intersection,02 - Non-fatal injury,03 - Rear end,01 - Clear,01 - Daylight,01 - Dry,10 - No control,,2,0,0,0,02 - Minor,2,1,1,,,368754.4943,5026718.985,45.37749346,-75.68341559,5347
20--5917,2020/07/29,6:45 AM,HIGHWAY 417 btwn HWY417 IC117 RAMP51 & HWY417 IC117 RAMP35 (__3ZA2YN),__3ZA2YN,01 - Non intersection,03 - P.D. only,07 - SMV other,02 - Rain,01 - Daylight,02 - Wet,10 - No control,,1,0,0,0,,0,,,,,370869.9447,5031215.937,45.41775903,-75.65580565,5348
20--5822,2020/07/25,1:58 AM,HIGHWAY 417 btwn HWY417 IC121A RAMP51 & HWY417 IC120A RAMP52 (__3ZA2R6),__3ZA2R6,01 - Non intersection,03 - P.D. only,07 - SMV other,01 - Clear,07 - Dark,01 - Dry,10 - No control,,1,0,0,0,,0,,,,,367216.8743,5029714.554,45.40458546,-75.7026674,5349
20--5465,2020/07/10,2:50 PM,TENTH LINE RD @ CHARLEMAGNE BLVD S/DES EPINETT (0003686),3686,02 - Intersection related,03 - P.D. only,03 - Rear end,01 - Clear,01 - Daylight,01 - Dry,01 - Traffic signal,01 - Functioning,2,0,0,0,,0,,,,,383640.9751,5036900.456,45.46758093,-75.49173924,5350
20--5918,2020/07/29,7:00 PM,ST. LUCIA PL btwn VORLAGE DR & END (__3ZA68E),__3ZA68E,04 - At/near private drive,03 - P.D. only,06 - SMV unattended vehicle,01 - Clear,01 - Daylight,01 - Dry,10 - No control,,1,0,0,0,,0,,,,,379472.885,5037653.357,45.474813,-75.54492094,5351
20--6102,2020/08/06,10:26 AM,EAGLESON RD btwn HAZELDEAN RD & 146 N OF ABBEYHILL DR/HAZELDEAN MALL S (__3ZA41OA),__3ZA41OA,01 - Non intersection,03 - P.D. only,03 - Rear end,01 - Clear,01 - Daylight,01 - Dry,10 - No control,,2,0,0,0,,0,,,,,353727.8337,5018287.18,45.3028333,-75.87609979,5352
20--6187,2020/08/09,6:31 PM,FISHER AVE @ NORMANDY CRES S (0005079),5079,03 - At intersection,03 - P.D. only,02 - Angle,02 - Rain,01 - Daylight,02 - Wet,02 - Stop sign,01 - Functioning,2,0,0,0,,0,,,,,366868.7083,5024340.521,45.35626215,-75.70779015,5353
20--5823,2020/07/25,10:21 PM,DONNELLY DR btwn REDDICK LANE & HARNETT RD (__3ZAZAY),__3ZAZAY,01 - Non intersection,03 - P.D. only,07 - SMV other,01 - Clear,07 - Dark,01 - Dry,10 - No control,,1,0,0,0,,0,,,,,363744.0881,4985991.504,45.01146109,-75.75219907,5354
20--6013,2020/08/02,2:30 AM,BANK ST @ HERON RD (0002155),2155,03 - At intersection,03 - P.D. only,02 - Angle,02 - Rain,07 - Dark,02 - Wet,01 - Traffic signal,01 - Functioning,2,0,0,0,,0,,,,,369995.7364,5026849.959,45.37855752,-75.66755153,5355
20--5564,2020/07/15,3:33 PM,BARNSDALE RD N @ MOODIE DR (0000636),636,02 - Intersection related,02 - Non-fatal injury,07 - SMV other,01 - Clear,01 - Daylight,01 - Dry,02 - Stop sign,01 - Functioning,1,0,0,0,01 - Minimal,1,1,,,,361933.658,5008863.373,45.21741759,-75.77255528,5356
20--5466,2020/07/10,2:50 PM,HIGHWAY 417 btwn HWY417 IC122 RAMP15 & HWY417 IC121B RAMP51 (__3ZA2RB),__3ZA2RB,01 - Non intersection,03 - P.D. only,03 - Rear end,01 - Clear,01 - Daylight,01 - Dry,10 - No control,,2,0,0,0,,0,,,,,366390.3873,5029454.756,45.40232107,-75.71325664,5357
20--5742,2020/07/22,5:16 PM,WHITE ALDER AVE btwn WIDGEON WAY & FLAT SEDGE CRES (__67PTM6),__67PTM6,04 - At/near private drive,03 - P.D. only,06 - SMV unattended vehicle,01 - Clear,01 - Daylight,01 - Dry,10 - No control,,1,0,0,0,,0,,,,,375200.2845,5020639.353,45.32217357,-75.6019896,5358
20--6014,2020/08/02,4:40 PM,PRINCE OF WALES DR btwn LODGE RD & STRANDHERD DR (__441HNW),__441HNW,01 - Non intersection,03 - P.D. only,99 - Other,02 - Rain,01 - Daylight,02 - Wet,10 - No control,,2,0,0,0,,0,,,,,367111.9894,5014696.84,45.26946804,-75.70589816,5359
20--5565,2020/07/15,3:40 PM,HIGHWAY 417 btwn HWY417 IC122 RAMP51 & HWY417 IC122 RAMP15 (__3ZA2R0),__3ZA2R0,01 - Non intersection,03 - P.D. only,03 - Rear end,01 - Clear,01 - Daylight,01 - Dry,10 - No control,,2,0,0,0,,0,,,,,365555.0313,5029025.079,45.39852793,-75.72397925,5360
20--5467,2020/07/10,2:57 PM,KING EDWARD AVE @ MURRAY ST (0002713),2713,02 - Intersection related,03 - P.D. only,03 - Rear end,01 - Clear,01 - Daylight,01 - Dry,01 - Traffic signal,01 - Functioning,2,0,0,0,,0,,,,,368291.6951,5032753.576,45.43183288,-75.68854709,5361
20--6103,2020/08/06,12:37 PM,GREENBANK RD @ MARKETPLACE AVE (0010406),10406,03 - At intersection,03 - P.D. only,05 - Turning movement,01 - Clear,01 - Daylight,01 - Dry,01 - Traffic signal,01 - Functioning,2,0,0,0,,0,,,,,364008.3585,5014602.188,45.2688845,-75.74545848,5362
20--6188,2020/08/09,8:00 PM,MERIVALE RD @ WEST HUNT CLUB RD (0000584),584,03 - At intersection,03 - P.D. only,02 - Angle,01 - Clear,05 - Dusk,02 - Wet,01 - Traffic signal,01 - Functioning,2,0,0,0,,0,,,,,365612.6984,5021942.512,45.33479527,-75.72411449,5363
20--5919,2020/07/29,7:18 PM,WHITEWATER ST @ WOODROFFE AVE (0010405),10405,02 - Intersection related,03 - P.D. only,03 - Rear end,02 - Rain,01 - Daylight,02 - Wet,02 - Stop sign,00 - Unknown,2,0,0,0,,0,,,,,366460.5363,5014526.138,45.26798949,-75.71422067,5364
20--5743,2020/07/22,5:20 AM,WOODKILTON RD btwn RIVERWOOD DR & GALETTA SIDE RD (__3ZACDR),__3ZACDR,01 - Non intersection,03 - P.D. only,07 - SMV other,01 - Clear,03 - Dawn,01 - Dry,10 - No control,,1,0,0,0,,0,,,,,331042.238,5041208.058,45.51029899,-76.16414661,5365
20--6015,2020/08/02,6:07 PM,HALTON TERR/MAXWELL BRIDGE RD @ MARCH RD (0011852),11852,03 - At intersection,03 - P.D. only,02 - Angle,02 - Rain,01 - Daylight,02 - Wet,01 - Traffic signal,01 - Functioning,2,1,0,0,,0,,,,,348932.5979,5024422.511,45.35835828,-75.93669581,5366
20--5824,2020/07/25,10:46 PM,CONROY RD @ ROSEBELLA AVE (0009358),9358,02 - Intersection related,03 - P.D. only,07 - SMV other,01 - Clear,07 - Dark,01 - Dry,02 - Stop sign,00 - Unknown,1,0,0,0,,0,,,,,374288.7537,5024190.508,45.3542163,-75.61311678,5367
20--592,2020/01/14,6:28 AM,REGIONAL ROAD 174 btwn OR174 IC105 RAMP26 & OR174 IC105 RAMP63 (__3ZA2XB),__3ZA2XB,01 - Non intersection,03 - P.D. only,03 - Rear end,01 - Clear,07 - Dark,02 - Wet,10 - No control,,2,0,0,0,,0,,,,,379523.0733,5037101.614,45.46984347,-75.54436302,5368
20--5744,2020/07/22,6:58 AM,BASELINE RD btwn FERGUSON ST & CORDOVA ST (__3ZA4HA),__3ZA4HA,01 - Non intersection,03 - P.D. only,03 - Rear end,01 - Clear,01 - Daylight,01 - Dry,10 - No control,,4,0,0,0,,0,,,,,363466.9484,5024331.647,45.35647518,-75.75120551,5369
20--6016,2020/08/02,6:27 PM,JAMIE AVE @ SUNDERLAND ST (0004576),4576,03 - At intersection,03 - P.D. only,02 - Angle,02 - Rain,01 - Daylight,02 - Wet,02 - Stop sign,01 - Functioning,2,0,0,0,,0,,,,,366064.7078,5022022.499,45.33547567,-75.71833811,5370
20--6104,2020/08/06,2:00 PM,SAGE CRES btwn BURNETT'S GROVE CIRC & BURNETT'S GROVE CIRC (__3ZAA9V),__3ZAA9V,04 - At/near private drive,03 - P.D. only,06 - SMV unattended vehicle,01 - Clear,01 - Daylight,01 - Dry,10 - No control,,1,0,0,0,,0,,,,,363231.8178,5015658.387,45.27845315,-75.75522944,5371
20--6189,2020/08/09,8:05 PM,HWY417 IC134 RAMP51 btwn HIGHWAY 417 & HWY417 IC134 RAMP53 (__3ZAYBU),__3ZAYBU,01 - Non intersection,03 - P.D. only,04 - Sideswipe,01 - Clear,05 - Dusk,01 - Dry,10 - No control,,2,0,0,0,,0,,,,,356348.753,5022027.852,45.3363049,-75.84229214,5372
20--5566,2020/07/15,3:45 PM,BANK ST @ HUNT CLUB RD (0002119),2119,02 - Intersection related,03 - P.D. only,03 - Rear end,01 - Clear,01 - Daylight,01 - Dry,01 - Traffic signal,01 - Functioning,2,0,0,0,,0,,,,,371608.737,5024096.513,45.35363103,-75.64733058,5373
20--619,2020/01/15,12:58 PM,WEST HUNT CLUB RD WB btwn 545 E OF ROYDON PL/SUNDERLAND ST & ANTARES D (__3ZA3JSB),__3ZA3JSB,01 - Non intersection,02 - Non-fatal injury,07 - SMV other,01 - Clear,01 - Daylight,02 - Wet,10 - No control,,1,0,0,0,03 - Major,1,,,1,,366866.4091,5022471.183,45.33944239,-75.70805409,5374
20--5567,2020/07/15,3:59 PM,HUNT CLUB RD btwn NORTH BOWESVILLE RD & BILLY BISHOP PRIV (__5G43Y1),__5G43Y1,01 - Non intersection,03 - P.D. only,03 - Rear end,01 - Clear,01 - Daylight,01 - Dry,10 - No control,,2,0,0,0,,0,,,,,368960.2637,5022490.308,45.33942611,-75.68133745,5375
20--5468,2020/07/10,4:30 AM,WOODKILTON RD btwn VANCES SIDE RD & THOMAS A. DOLAN PKWY (__3ZA2O1),__3ZA2O1,01 - Non intersection,03 - P.D. only,07 - SMV other,01 - Clear,07 - Dark,01 - Dry,10 - No control,,1,0,0,0,,0,,,,,339789.8608,5032039.949,45.42741841,-76.05284857,5376
20--6105,2020/08/06,2:30 PM,RAINSFORD AVE btwn CLARKE AVE & BURN ST (__3ZA7R9),__3ZA7R9,04 - At/near private drive,03 - P.D. only,02 - Angle,01 - Clear,01 - Daylight,01 - Dry,10 - No control,,2,0,0,0,,0,,,,,372314.565,5033521.926,45.43836932,-75.63703329,5377
20--5825,2020/07/25,11:55 AM,HUNT CLUB RD @ RIVERSIDE DR (0002237),2237,02 - Intersection related,02 - Non-fatal injury,07 - SMV other,01 - Clear,01 - Daylight,01 - Dry,01 - Traffic signal,01 - Functioning,1,0,1,0,02 - Minor,1,,1,,,368036.7029,5021945.503,45.33460792,-75.6931902,5378
20--5745,2020/07/22,7:50 AM,BALMORAL DR @ LIMEBANK RD (0008668),8668,02 - Intersection related,03 - P.D. only,03 - Rear end,01 - Clear,01 - Daylight,01 - Dry,02 - Stop sign,01 - Functioning,2,0,0,0,,0,,,,,368566.727,5019860.486,45.31579938,-75.68669704,5379
20--6017,2020/08/02,8:55 PM,BEECHFERN DR btwn OAKFERN CRES & CARBERY DR (__3ZA5IS),__3ZA5IS,01 - Non intersection,03 - P.D. only,06 - SMV unattended vehicle,01 - Clear,07 - Dark,02 - Wet,10 - No control,,1,0,0,0,,0,,,,,350464.8586,5013862.547,45.26323876,-75.91811234,5380
20--5920,2020/07/29,7:21 AM,CARLING AVE/STATION RD @ MARCH RD (0002681),2681,02 - Intersection related,03 - P.D. only,03 - Rear end,01 - Clear,01 - Daylight,02 - Wet,01 - Traffic signal,01 - Functioning,2,0,0,0,,0,,,,,350907.6211,5022246.503,45.33865103,-75.91169099,5381
20--5826,2020/07/25,Unknown,WELLINGTON ST    W btwn SHERBROOKE AVE & PINHEY ST (__3ZA3ZC),__3ZA3ZC,01 - Non intersection,03 - P.D. only,06 - SMV unattended vehicle,01 - Clear,00 - Unknown,01 - Dry,10 - No control,,1,0,0,0,,0,,,,,365431.3039,5029516.516,45.4029605,-75.72549906,5382
20--5746,2020/07/22,7:58 PM,HWY417 IC118 RAMP35 btwn HWY417 IC118 RAMP45 & MANN AVE OVERPASS (__3ZAYAW),__3ZAYAW,01 - Non intersection,03 - P.D. only,07 - SMV other,02 - Rain,01 - Daylight,02 - Wet,10 - No control,,1,0,0,0,,0,,,,,369408.9528,5031120.763,45.41703913,-75.67448367,5383
20--6190,2020/08/09,9:16 PM,HIGHWAY 417 btwn HWY417 IC163 RAMP16 & HWY417 IC163 RAMP61 (__3ZAZNM),__3ZAZNM,01 - Non intersection,03 - P.D. only,07 - SMV other,01 - Clear,07 - Dark,01 - Dry,10 - No control,,1,0,0,0,,0,,,,,331784.7223,5021375.216,45.33180687,-76.15573064,5384
20--5469,2020/07/10,4:42 PM,HOLLAND AVE @ WELLINGTON ST (0002364),2364,02 - Intersection related,03 - P.D. only,04 - Sideswipe,01 - Clear,01 - Daylight,01 - Dry,01 - Traffic signal,01 - Functioning,2,0,0,0,,0,,,,,364929.6976,5029153.556,45.39973793,-75.73195022,5385
20--5568,2020/07/15,4:24 PM,HIGHWAY 417 btwn HWY417 IC126 RAMP25 & HWY417 IC124 RAMP57 (__3ZA2R5),__3ZA2R5,01 - Non intersection,03 - P.D. only,03 - Rear end,01 - Clear,01 - Daylight,01 - Dry,10 - No control,,3,0,0,0,,0,,,,,363670.5425,5026505.42,45.37601744,-75.74834816,5386
20--6106,2020/08/06,2:40 PM,HIGHWAY 417 btwn HWY417 IC122 RAMP15 & HWY417 IC121B RAMP51 (__3ZA2RB),__3ZA2RB,01 - Non intersection,03 - P.D. only,03 - Rear end,01 - Clear,01 - Daylight,01 - Dry,10 - No control,,6,0,0,0,,0,,,,,365776.0615,5029166.829,45.39978415,-75.72113878,5387
20--6018,2020/08/02,9:23 PM,MONTREAL RD @ ST. LAURENT BLVD (0002604),2604,02 - Intersection related,03 - P.D. only,03 - Rear end,01 - Clear,07 - Dark,02 - Wet,01 - Traffic signal,01 - Functioning,2,0,0,0,,0,,,,,371545.7089,5033817.602,45.4411035,-75.64681956,5388
20--5921,2020/07/29,7:25 AM,ST. JOSEPH BLVD @ TAYLOR CREEK DR (0004635),4635,03 - At intersection,03 - P.D. only,05 - Turning movement,01 - Clear,01 - Daylight,01 - Dry,02 - Stop sign,01 - Functioning,2,0,0,0,,0,,,,,384033.938,5039174.361,45.48799493,-75.48634782,5389
20--5747,2020/07/22,8:39 PM,INNES RD btwn PROVENCE AVE & TRIM RD (__3ZA1YR),__3ZA1YR,01 - Non intersection,03 - P.D. only,04 - Sideswipe,02 - Rain,05 - Dusk,02 - Wet,10 - No control,,2,0,0,0,,0,,,,,386553.195,5037267.884,45.47055189,-75.45444121,5390
20--6191,2020/08/10,1:07 PM,BRIDGE ST @ LONG ISLAND RD (0008838),8838,02 - Intersection related,03 - P.D. only,03 - Rear end,01 - Clear,01 - Daylight,01 - Dry,01 - Traffic signal,01 - Functioning,2,0,0,0,,0,,,,,369059.7157,5010345.395,45.23013885,-75.6816414,5391