Anom_ID,Accident_Date,Accident_Time,Location,Geo_ID,Accident_Location,Classification_of_Accident,Initial_Impact_Type,Environment_Condition,Light,Road_Surface_Condition,Traffic_Control,Traffic_Control_Condition,No__of_Vehicles,No__of_Bicycles,No__of_Motorcycles,No__of_Pedestrians,Max_Injury,No__of_Injuries,No__of_Minimal,No__of_Minor,No__of_Major,No__of_Fatal,X,Y,Latitude,Longitude,ObjectId
20--6019,2020/08/02,9:50 PM,ALBERT ST @ BANK ST (0002115),2115,03 - At intersection,02 - Non-fatal injury,02 - Angle,01 - Clear,07 - Dark,02 - Wet,01 - Traffic signal,01 - Functioning,2,0,0,0,02 - Minor,2,,2,,,367385.6983,5031423.563,45.41994753,-75.700294,5392
20--5922,2020/07/29,7:40 PM,RALPH HENNESSY AVE btwn CRESCENDO PRIV/DORNOCH PRIV & EARL ARMSTRONG RD (e___2MQG),e___2MQG,01 - Non intersection,03 - P.D. only,07 - SMV other,02 - Rain,01 - Daylight,02 - Wet,10 - No control,,1,0,0,0,,0,,,,,368870.241,5015245.053,45.27424281,-75.68342258,5393
20--547,2020/01/13,7:20 AM,CEDARVIEW RD @ FALLOWFIELD RD (0001603),1603,02 - Intersection related,03 - P.D. only,03 - Rear end,01 - Clear,03 - Dawn,02 - Wet,01 - Traffic signal,01 - Functioning,3,0,0,0,,0,,,,,361294.6715,5015664.445,45.27866599,-75.77991758,5394
20--5569,2020/07/15,4:59 PM,REGIONAL ROAD 174 EB btwn OR174 IC109 RAMP55 & TRANSIT (__3ZA28V),__3ZA28V,01 - Non intersection,03 - P.D. only,03 - Rear end,01 - Clear,01 - Daylight,01 - Dry,10 - No control,,2,0,0,0,,0,,,,,376494.0697,5035030.373,45.45152531,-75.58339803,5395
20--6107,2020/08/06,2:44 PM,ALBERT ST @ ELGIN ST/MACKENZIE KING BRIDGE (0002226),2226,03 - At intersection,03 - P.D. only,07 - SMV other,01 - Clear,01 - Daylight,01 - Dry,01 - Traffic signal,01 - Functioning,1,0,0,0,,0,,,,,367850.7112,5031711.582,45.42249727,-75.6943159,5396
20--5827,2020/07/25,Unknown,OGILVIE RD btwn RADFORD CRT & KENDER AVE (__3ZA7O8),__3ZA7O8,01 - Non intersection,03 - P.D. only,06 - SMV unattended vehicle,01 - Clear,00 - Unknown,01 - Dry,10 - No control,,1,0,0,0,,0,,,,,375238.4022,5035546.89,45.4563003,-75.59937564,5397
20--6108,2020/08/06,2:46 PM,HIGHWAY 417 btwn HWY417 IC122 RAMP51 & HWY417 IC122 RAMP15 (__3ZA2R0),__3ZA2R0,01 - Non intersection,03 - P.D. only,03 - Rear end,01 - Clear,01 - Daylight,01 - Dry,10 - No control,,4,0,0,0,,0,,,,,365244.2689,5028804.253,45.39656789,-75.7279753,5398
20--5748,2020/07/22,8:44 AM,ROOSEVELT AVE @ RICHMOND RD (0006899),6899,02 - Intersection related,03 - P.D. only,99 - Other,01 - Clear,01 - Daylight,01 - Dry,01 - Traffic signal,01 - Functioning,2,0,0,0,,0,,,,,362978.6846,5028117.553,45.39058098,-75.75699097,5399
20--6192,2020/08/10,1:10 PM,MERIVALE RD @ BASIL MACDONALD WAY/MERIVALE MAL (0010301),10301,02 - Intersection related,03 - P.D. only,03 - Rear end,01 - Clear,01 - Daylight,01 - Dry,01 - Traffic signal,01 - Functioning,3,0,0,0,,0,,,,,365097.2734,5023171.233,45.34589563,-75.73054025,5400
20--557,2020/01/13,8:30 PM,REGIONAL ROAD 174 EB btwn HWY417 IC113 RAMP65 & OR174 BLAIR IC112 RAMP51 (__3ZAZFJ),__3ZAZFJ,01 - Non intersection,03 - P.D. only,99 - Other,01 - Clear,07 - Dark,01 - Dry,10 - No control,,2,0,0,0,,0,,,,,374720.387,5032761.286,45.43128906,-75.60639396,5401
20--602,2020/01/14,8:30 AM,CYR AVE @ MCARTHUR AVE (0009813),9813,03 - At intersection,03 - P.D. only,99 - Other,03 - Snow,01 - Daylight,04 - Slush,02 - Stop sign,01 - Functioning,2,0,0,0,,0,,,,,370354.7201,5032708.589,45.43123777,-75.66218947,5402
20--5828,2020/07/25,Unknown,CHAPEL ST btwn TEMPLETON ST & MANN AVE (__3ZA9VN),__3ZA9VN,01 - Non intersection,03 - P.D. only,06 - SMV unattended vehicle,01 - Clear,00 - Unknown,01 - Dry,10 - No control,,1,0,0,0,,0,,,,,369523.9865,5031598.542,45.42132737,-75.67295126,5403
20--6109,2020/08/06,3:15 PM,HIGHWAY 417 btwn HWY417 IC163 RAMP61 & HWY417 IC155 RAMP36 (__3ZA2QB),__3ZA2QB,01 - Non intersection,03 - P.D. only,07 - SMV other,01 - Clear,01 - Daylight,01 - Dry,10 - No control,,1,0,0,0,,0,,,,,338997.2353,5019487.948,45.31450997,-76.06384659,5404
20--6193,2020/08/10,10:00 AM,RICHMOND RD @ HOLLY ACRES RD/NANAIMO DR (0001068),1068,03 - At intersection,03 - P.D. only,02 - Angle,01 - Clear,01 - Daylight,01 - Dry,01 - Traffic signal,01 - Functioning,2,0,0,0,,0,,,,,359059.2901,5022748.774,45.34258741,-75.80763195,5405
20--5923,2020/07/29,7:45 PM,HIGHWAY 417 btwn HWY417 IC118 RAMP57 & HWY417 IC118 RAMP35 (__3ZA2YQ),__3ZA2YQ,01 - Non intersection,03 - P.D. only,07 - SMV other,02 - Rain,01 - Daylight,02 - Wet,10 - No control,,1,0,0,0,,0,,,,,369080.0383,5030782.478,45.41402565,-75.67872994,5406
20--5470,2020/07/10,6:48 PM,KING EDWARD AVE SB btwn ST. PATRICK ST & MURRAY ST (__3ZA3WE),__3ZA3WE,01 - Non intersection,02 - Non-fatal injury,03 - Rear end,01 - Clear,01 - Daylight,01 - Dry,10 - No control,,2,0,0,0,02 - Minor,1,,1,,,368256.906,5032809.29,45.43233733,-75.68898448,5407
20--5749,2020/07/22,9:10 PM,HIGHWAY 417 btwn HIGHWAY 417 & HWY417 IC140 RAMP51 (__3ZA20L),__3ZA20L,01 - Non intersection,03 - P.D. only,07 - SMV other,02 - Rain,07 - Dark,02 - Wet,10 - No control,,1,0,0,0,,0,,,,,349456.9239,5017675.635,45.29761493,-75.93061228,5408
20--611,2020/01/15,10:11 AM,BRONSON AVE @ CATHERINE ST/RAYMOND ST (0007198),7198,02 - Intersection related,03 - P.D. only,03 - Rear end,01 - Clear,01 - Daylight,01 - Dry,01 - Traffic signal,02 - Not functioning,4,0,0,0,,0,,,,,367252.7104,5029796.565,45.40532017,-75.70219928,5409
20--6194,2020/08/10,10:20 AM,EAGLESON RD @ HWY 417 EAGLESO IC138R51/PARK AN (0009698),9698,02 - Intersection related,03 - P.D. only,03 - Rear end,01 - Clear,01 - Daylight,01 - Dry,01 - Traffic signal,01 - Functioning,2,0,0,0,,0,,,,,353037.1786,5020013.794,45.31841751,-75.88473804,5410
20--5471,2020/07/10,7:50 PM,PRINCE OF WALES DR @ MEADOWLANDS DR/HOG'S BACK (0001629),1629,02 - Intersection related,03 - P.D. only,03 - Rear end,01 - Clear,01 - Daylight,01 - Dry,01 - Traffic signal,01 - Functioning,2,0,0,0,,0,,,,,367371.9214,5025693.479,45.36839103,-75.70119675,5411
20--5924,2020/07/29,7:56 PM,REGIONAL ROAD 174 btwn TRANSIT & OR174 IC109 RAMP54 (__3ZAZ6V),__3ZAZ6V,01 - Non intersection,03 - P.D. only,07 - SMV other,02 - Rain,01 - Daylight,02 - Wet,10 - No control,,1,0,0,0,,0,,,,,376161.9535,5034298.368,45.44497318,-75.58774974,5412
20--5570,2020/07/15,5:00 PM,EAGLESON RD @ COPE DR/CADENCE GT (0011923),11923,02 - Intersection related,03 - P.D. only,03 - Rear end,01 - Clear,01 - Daylight,01 - Dry,01 - Traffic signal,01 - Functioning,2,0,0,0,,0,,,,,354620.6164,5016027.425,45.2824368,-75.8649432,5413
20--6020,2020/08/03,1:00 AM,HALL RD @ MITCH OWENS RD (0001622),1622,02 - Intersection related,03 - P.D. only,07 - SMV other,02 - Rain,07 - Dark,02 - Wet,02 - Stop sign,01 - Functioning,1,0,0,0,,0,,,,,386292.8217,5021121.568,45.32531215,-75.46043811,5414
20--5829,2020/07/25,12:21 PM,REGIONAL ROAD 174 btwn FAUBERT ST & EAST ST (__3ZA27X),__3ZA27X,01 - Non intersection,02 - Non-fatal injury,07 - SMV other,01 - Clear,01 - Daylight,01 - Dry,10 - No control,,1,0,0,0,02 - Minor,1,,1,,,390330.5332,5042690.298,45.51888389,-75.40519573,5415
20--575,2020/01/14,2:20 PM,MACKENZIE KING BR/WALLER ST @ NICHOLAS ST/WALL (0011251),11251,02 - Intersection related,03 - P.D. only,03 - Rear end,01 - Clear,01 - Daylight,02 - Wet,01 - Traffic signal,01 - Functioning,2,0,0,0,,0,,,,,368372.1449,5031992.635,45.4249789,-75.68761723,5416
20--6110,2020/08/06,3:26 PM,GOLDEN AVE btwn RAVENHILL AVE & KENWOOD AVE (__3ZA09O),__3ZA09O,01 - Non intersection,03 - P.D. only,06 - SMV unattended vehicle,01 - Clear,01 - Daylight,01 - Dry,10 - No control,,1,0,0,0,,0,,,,,362977.7171,5027767.227,45.38742888,-75.75704462,5417
20--6195,2020/08/10,10:39 PM,KING EDWARD AVE @ RIDEAU ST (0002121),2121,03 - At intersection,03 - P.D. only,02 - Angle,01 - Clear,07 - Dark,01 - Dry,01 - Traffic signal,01 - Functioning,2,0,0,0,,0,,,,,368511.7079,5032413.588,45.42875378,-75.6857795,5418
20--5472,2020/07/10,8:02 PM,HWY417 IC119A RAMP75 btwn METCALFE ST & HIGHWAY 417 (__3ZAY9U),__3ZAY9U,01 - Non intersection,02 - Non-fatal injury,04 - Sideswipe,01 - Clear,01 - Daylight,01 - Dry,10 - No control,,2,0,0,0,02 - Minor,1,,1,,,368453.6093,5030405.63,45.41069216,-75.68678132,5419
20--5473,2020/07/10,8:30 PM,HWY417 IC131 RAMP66 btwn TRANSIT & HWY417 IC130 RAMP36 (__6KES9I),__6KES9I,01 - Non intersection,03 - P.D. only,03 - Rear end,01 - Clear,05 - Dusk,01 - Dry,10 - No control,,2,0,0,0,,0,,,,,358116.1693,5022829.358,45.34338482,-75.81965697,5420
20--5474,2020/07/10,9:50 AM,STRANDHERD DR btwn ANDORA AVE & JOCKVALE RD (__3ZAZMN),__3ZAZMN,01 - Non intersection,03 - P.D. only,04 - Sideswipe,01 - Clear,01 - Daylight,01 - Dry,10 - No control,,2,0,0,0,,0,,,,,363372.0442,5014456.526,45.26762711,-75.75358405,5421
20--5475,2020/07/11,1:49 PM,INDUSTRIAL AVE @ ALTA VISTA DR/SANDFORD FLEMIN (0006979),6979,02 - Intersection related,02 - Non-fatal injury,03 - Rear end,01 - Clear,01 - Daylight,01 - Dry,01 - Traffic signal,01 - Functioning,2,0,0,0,01 - Minimal,1,1,,,,370884.7233,5030557.578,45.41183399,-75.65570513,5422
20--5476,2020/07/11,10:00 PM,CONROY RD S @ DAVIDSON RD (0013695),13695,03 - At intersection,03 - P.D. only,02 - Angle,02 - Rain,07 - Dark,02 - Wet,02 - Stop sign,01 - Functioning,2,0,0,0,,0,,,,,374593.746,5023467.508,45.34768076,-75.60932669,5423
20--5477,2020/07/11,10:11 AM,HERON RD @ HERON RD RAMP 62 (0002526),2526,02 - Intersection related,03 - P.D. only,04 - Sideswipe,02 - Rain,01 - Daylight,02 - Wet,10 - No control,,2,0,0,0,,0,,,,,368848.0885,5026728.413,45.37756974,-75.68221946,5424
20--5478,2020/07/11,10:12 AM,CARLING AVE WB @ SAIGON CRT (0002102),2102,03 - At intersection,02 - Non-fatal injury,03 - Rear end,02 - Rain,01 - Daylight,02 - Wet,01 - Traffic signal,01 - Functioning,2,0,0,0,02 - Minor,1,,1,,,364064.6882,5027195.539,45.3821938,-75.74323336,5425
20--5479,2020/07/11,11:10 PM,CARLING AVE btwn DAVIDSON'S SIDE RD & GRANDVIEW RD (__3ZA4Z8),__3ZA4Z8,01 - Non intersection,03 - P.D. only,07 - SMV other,01 - Clear,07 - Dark,01 - Dry,10 - No control,,1,0,0,0,,0,,,,,355535.2202,5024124.748,45.35523229,-75.8524562,5426
20--548,2020/01/13,7:36 PM,HIGHWAY 417 btwn HWY417 IC122 RAMP61 & HWY417 IC121B RAMP16 (__3ZA2Y4),__3ZA2Y4,01 - Non intersection,03 - P.D. only,04 - Sideswipe,01 - Clear,07 - Dark,02 - Wet,10 - No control,,2,0,0,0,,0,,,,,365767.5049,5029182.957,45.39993001,-75.72124608,5427
20--5480,2020/07/11,11:24 AM,CEDARVIEW RD @ JOCKVALE RD (0000788),788,02 - Intersection related,03 - P.D. only,03 - Rear end,02 - Rain,01 - Daylight,02 - Wet,11 - Roundabout,01 - Functioning,2,0,0,0,,0,,,,,361474.6656,5015252.417,45.27494405,-75.77767059,5428
20--5481,2020/07/11,11:25 AM,ST. JOSEPH BLVD btwn YOUVILLE DR & NOTRE DAME ST W (__3ZA2BN),__3ZA2BN,04 - At/near private drive,03 - P.D. only,05 - Turning movement,01 - Clear,01 - Daylight,01 - Dry,10 - No control,,2,0,0,0,,0,,,,,379222.1942,5036171.611,45.46150813,-75.54835126,5429
20--5482,2020/07/11,12:05 PM,PRINCE OF WALES DR btwn 187 N OF MEADOWLANDS DR & MEADOWLANDS DR/HOG'S (__3ZA36WA),__3ZA36WA,04 - At/near private drive,03 - P.D. only,02 - Angle,02 - Rain,01 - Daylight,02 - Wet,10 - No control,,2,0,0,0,,0,,,,,367330.9817,5025809.186,45.36943579,-75.70170469,5430
20--5483,2020/07/11,12:12 AM,DYNES RD btwn CLAYMOR AVE & MORLEY BLVD (__3ZAAQE),__3ZAAQE,01 - Non intersection,03 - P.D. only,04 - Sideswipe,02 - Rain,07 - Dark,02 - Wet,10 - No control,,2,0,0,0,,0,,,,,366837.9677,5025730.155,45.3687685,-75.70800802,5431
20--5484,2020/07/11,12:51 PM,ROGER STEVENS DR btwn PERKINS DR & TURN LANE (__3ZA4K1),__3ZA4K1,01 - Non intersection,02 - Non-fatal injury,04 - Sideswipe,01 - Clear,01 - Daylight,01 - Dry,10 - No control,,2,0,0,0,01 - Minimal,1,1,,,,366350.8592,4999322.938,45.13119967,-75.71749568,5432
20--5485,2020/07/11,12:52 PM,GREENBANK RD @ WEST HUNT CLUB RD (0005167),5167,02 - Intersection related,03 - P.D. only,99 - Other,01 - Clear,01 - Daylight,01 - Dry,01 - Traffic signal,01 - Functioning,2,0,0,0,,0,,,,,361479.6697,5020502.487,45.32218397,-75.77700668,5433
20--5486,2020/07/11,3:56 PM,PRINCE OF WALES DR btwn GREENBANK RD & BARNSDALE RD (__3ZA296),__3ZA296,01 - Non intersection,03 - P.D. only,07 - SMV other,01 - Clear,01 - Daylight,01 - Dry,10 - No control,,1,0,0,0,,0,,,,,366212.363,5009810.475,45.22557968,-75.71796547,5434
20--5487,2020/07/11,4:38 PM,DIAMONDVIEW RD btwn BAIRD SIDE RD & THOMAS A. DOLAN PKWY (__3ZACD2),__3ZACD2,01 - Non intersection,02 - Non-fatal injury,07 - SMV other,01 - Clear,01 - Daylight,02 - Wet,10 - No control,,1,0,0,0,01 - Minimal,1,1,,,,334828.5617,5025888.505,45.37229591,-76.11662426,5435
20--5488,2020/07/11,4:46 AM,ST. JOSEPH BLVD @ REGIONAL RD 174/TRANSITWAY (0012428),12428,02 - Intersection related,03 - P.D. only,07 - SMV other,02 - Rain,07 - Dark,02 - Wet,01 - Traffic signal,00 - Unknown,1,0,0,0,,0,,,,,376556.288,5035056.411,45.4517532,-75.58259888,5436
20--5489,2020/07/11,4:53 PM,UPPER DWYER HILL RD btwn OLD ALMONTE RD & HAMILTON SIDE RD (__3ZBOB3),__3ZBOB3,01 - Non intersection,03 - P.D. only,07 - SMV other,01 - Clear,01 - Daylight,01 - Dry,10 - No control,,1,0,0,0,,0,,,,,337848.4174,5010072.176,45.22983666,-76.07912498,5437
20--549,2020/01/13,7:37 PM,ST. JEAN ST @ ST. JOSEPH BLVD (0004137),4137,03 - At intersection,03 - P.D. only,05 - Turning movement,01 - Clear,07 - Dark,02 - Wet,01 - Traffic signal,01 - Functioning,2,0,0,0,,0,,,,,380969.7336,5037201.596,45.47058675,-75.52584878,5438
20--5490,2020/07/11,5:15 AM,APPLE HILL DR btwn CRYSTAL RIDGE PL & FLINTHILL WAY (1) (__3ZAZGT),__3ZAZGT,01 - Non intersection,03 - P.D. only,07 - SMV other,02 - Rain,07 - Dark,02 - Wet,10 - No control,,1,0,0,0,,0,,,,,372824.8585,5024234.611,45.35475667,-75.63179219,5439
20--5491,2020/07/11,5:30 PM,JEANNE D'ARC BLVD @ ORLEANS BLVD S (0004154),4154,02 - Intersection related,03 - P.D. only,03 - Rear end,01 - Clear,01 - Daylight,01 - Dry,01 - Traffic signal,01 - Functioning,2,0,0,0,,0,,,,,380940.7494,5036250.584,45.46203348,-75.52636674,5440
20--5492,2020/07/11,6:32 PM,CARP RD btwn THOMAS A. DOLAN PKWY & NORMA LANE (__3ZAZ54),__3ZAZ54,01 - Non intersection,02 - Non-fatal injury,07 - SMV other,02 - Rain,01 - Daylight,02 - Wet,10 - No control,,1,0,0,0,02 - Minor,1,,1,,,337670.0074,5025118.477,45.36523937,-76.08039959,5441
20--5493,2020/07/11,7:00 AM,ISLAND PARK DR @ SUNNYMEDE AVE (0006460),6460,03 - At intersection,02 - Non-fatal injury,03 - Rear end,02 - Rain,01 - Daylight,02 - Wet,02 - Stop sign,01 - Functioning,2,0,0,0,01 - Minimal,1,1,,,,363664.6744,5029250.558,45.40071824,-75.74809565,5442
20--5494,2020/07/11,7:20 PM,BORRISOKANE RD/TARTAN DR @ STRANDHERD DR (0010634),10634,02 - Intersection related,03 - P.D. only,02 - Angle,01 - Clear,01 - Daylight,01 - Dry,01 - Traffic signal,01 - Functioning,2,0,1,0,,0,,,,,362291.2151,5013545.4,45.25951791,-75.76746196,5443
20--5495,2020/07/11,8:50 AM,SCOUT ST btwn NIKI WAY & WHITESTONE DR (__30KGYS),__30KGYS,04 - At/near private drive,03 - P.D. only,06 - SMV unattended vehicle,01 - Clear,01 - Daylight,01 - Dry,10 - No control,,1,0,0,0,,0,,,,,364559.7218,5025335.617,45.36541647,-75.73713775,5444
20--5496,2020/07/12,1:02 PM,KIRKWOOD AVE @ MERIVALE RD (0002243),2243,03 - At intersection,03 - P.D. only,05 - Turning movement,01 - Clear,01 - Daylight,01 - Dry,01 - Traffic signal,01 - Functioning,2,0,0,0,,0,,,,,364853.6985,5026646.546,45.37718686,-75.73322595,5445
20--5497,2020/07/12,10:30 AM,BARIBEAU ST btwn MONTFORT ST & ETHEL ST (__3ZBOWY),__3ZBOWY,01 - Non intersection,03 - P.D. only,06 - SMV unattended vehicle,01 - Clear,01 - Daylight,01 - Dry,10 - No control,,1,0,0,0,,0,,,,,369952.5571,5033475.298,45.43817388,-75.66722723,5446
20--5498,2020/07/12,Unknown,WHITE ALDER AVE btwn BUTTONBUSH WAY & FLAT SEDGE CRES W (__67PTM1),__67PTM1,01 - Non intersection,03 - P.D. only,06 - SMV unattended vehicle,01 - Clear,00 - Unknown,01 - Dry,10 - No control,,1,0,0,0,,0,,,,,375316.313,5020642.932,45.32219413,-75.60050924,5447
20--5499,2020/07/12,Unknown,STATEN WAY btwn SCOUT ST & SCOUT ST (__30KGO5),__30KGO5,01 - Non intersection,03 - P.D. only,06 - SMV unattended vehicle,01 - Clear,00 - Unknown,01 - Dry,10 - No control,,1,0,0,0,,0,,,,,364341.9743,5025480.873,45.36674199,-75.73989965,5448
20--55,2020/01/02,8:30 PM,EARL ARMSTRONG RD btwn LIMEBANK RD & BOWESVILLE RD (__3ZA6LB),__3ZA6LB,01 - Non intersection,02 - Non-fatal injury,03 - Rear end,02 - Rain,07 - Dark,04 - Slush,10 - No control,,2,0,0,0,01 - Minimal,1,1,,,,372542.3763,5017434.075,45.29359491,-75.63632745,5449
20--550,2020/01/13,7:38 AM,DUNROBIN RD btwn KERWIN RD & ROCHON WAY (__3ZA3EG),__3ZA3EG,04 - At/near private drive,03 - P.D. only,05 - Turning movement,01 - Clear,03 - Dawn,02 - Wet,10 - No control,,2,0,0,0,,0,,,,,346324.1164,5027143.803,45.3830045,-75.96975998,5450
20--5500,2020/07/12,2:15 PM,HIGHWAY 417 btwn HWY417 IC122 RAMP15 & HWY417 IC121B RAMP51 (__3ZA2RB),__3ZA2RB,01 - Non intersection,03 - P.D. only,04 - Sideswipe,01 - Clear,01 - Daylight,01 - Dry,10 - No control,,3,0,0,0,,0,,,,,366152.6962,5029361.398,45.40150193,-75.71630419,5451
20--5501,2020/07/12,3:40 PM,HIGHWAY 417 btwn HWY417 IC124 RAMP57 & HWY417 IC124 RAMP55 (__3ZA2Y1),__3ZA2Y1,01 - Non intersection,03 - P.D. only,99 - Other,01 - Clear,01 - Daylight,01 - Dry,10 - No control,,3,0,0,0,,0,,,,,364088.0739,5027059.079,45.38096397,-75.74295116,5452
20--5502,2020/07/12,4:22 PM,MERIVALE RD @ 170 N OF HUNTCLUB RD/COSTCO/CANA (0004681),4681,03 - At intersection,03 - P.D. only,02 - Angle,01 - Clear,01 - Daylight,01 - Dry,01 - Traffic signal,01 - Functioning,2,0,0,0,,0,,,,,365548.5109,5022100.095,45.33621874,-75.72491401,5453
20--5503,2020/07/12,4:30 PM,RAYMOND ST/HWY 417 ROCHEST IC121BR16 @ ROCHEST (0006495),6495,03 - At intersection,03 - P.D. only,02 - Angle,01 - Clear,01 - Daylight,01 - Dry,01 - Traffic signal,01 - Functioning,2,0,0,0,,0,,,,,366737.6974,5029618.56,45.40376429,-75.70880002,5454
20--5504,2020/07/12,4:40 PM,CARLING AVE @ GRENON AVE (0002645),2645,02 - Intersection related,03 - P.D. only,03 - Rear end,01 - Clear,01 - Daylight,01 - Dry,01 - Traffic signal,01 - Functioning,2,0,0,0,,0,,,,,359593.6791,5024350.508,45.35695827,-75.80063599,5455
20--5505,2020/07/12,5:18 PM,TERRY FOX DR @ WESTPHALIAN AVE (0014366),14366,03 - At intersection,02 - Non-fatal injury,05 - Turning movement,01 - Clear,01 - Daylight,01 - Dry,01 - Traffic signal,01 - Functioning,2,0,0,0,02 - Minor,3,,3,,,353455.2261,5015759.789,45.28011017,-75.87982363,5456
20--5506,2020/07/12,5:41 PM,MONTREAL RD @ OGILVIE RD (0009279),9279,02 - Intersection related,03 - P.D. only,03 - Rear end,01 - Clear,01 - Daylight,01 - Dry,01 - Traffic signal,01 - Functioning,2,0,0,0,,0,,,,,375654.7381,5034556.584,45.44734804,-75.59419569,5457
20--5507,2020/07/12,5:56 AM,ST. LAURENT BLVD btwn JOLIFFE ST & SUSAN ST (__3ZA731),__3ZA731,01 - Non intersection,03 - P.D. only,07 - SMV other,01 - Clear,01 - Daylight,01 - Dry,10 - No control,,1,0,0,0,,0,,,,,373824.5772,5028236.895,45.3906698,-75.61847488,5458
20--5508,2020/07/12,6:33 PM,BEATRICE DR @ LETOURNEAU ST/SPRINGBEAUTY AVE (0010303),10303,03 - At intersection,02 - Non-fatal injury,07 - SMV other,01 - Clear,01 - Daylight,01 - Dry,02 - Stop sign,01 - Functioning,1,1,0,0,01 - Minimal,1,1,,,,365020.9441,5016665.981,45.28736848,-75.73230503,5459
20--5509,2020/07/12,8:01 PM,HAWTHORNE AVE @ MAIN ST (0006919),6919,02 - Intersection related,03 - P.D. only,04 - Sideswipe,01 - Clear,01 - Daylight,01 - Dry,01 - Traffic signal,01 - Functioning,2,0,0,0,,0,,,,,368970.7063,5030632.573,45.41268689,-75.68014618,5460
20--551,2020/01/13,7:57 AM,HWY417 IC138 RAMP61 btwn HWY417 IC138 RAMP62 & HIGHWAY 417 (__3ZAYB2),__3ZAYB2,01 - Non intersection,02 - Non-fatal injury,03 - Rear end,03 - Snow,01 - Daylight,04 - Slush,10 - No control,,2,0,0,0,01 - Minimal,1,1,,,,353338.4676,5020516.944,45.32292419,-75.88084603,5461
20--5510,2020/07/12,9:28 AM,RICHARDSON SIDE RD @ WILLIAM MOONEY RD (0005822),5822,03 - At intersection,02 - Non-fatal injury,02 - Angle,01 - Clear,01 - Daylight,01 - Dry,02 - Stop sign,01 - Functioning,2,0,0,0,01 - Minimal,2,2,,,,345205.5652,5016241.456,45.28496697,-75.98493275,5462
20--5511,2020/07/13,1:28 PM,LONGFIELDS DR btwn CHAPMAN MILLS DR & PAUL METIVIER DR (__8O981L),__8O981L,01 - Non intersection,02 - Non-fatal injury,07 - SMV other,01 - Clear,01 - Daylight,01 - Dry,10 - No control,,1,0,0,0,03 - Major,1,,,1,,364846.676,5014222.457,45.2653966,-75.73482196,5463
20--5512,2020/07/13,10:54 AM,BANK ST @ WALKLEY RD (0011423),11423,02 - Intersection related,03 - P.D. only,03 - Rear end,01 - Clear,01 - Daylight,01 - Dry,01 - Traffic signal,01 - Functioning,2,0,0,0,,0,,,,,370337.8527,5025947.738,45.37040771,-75.66330343,5464
20--5513,2020/07/13,11:20 AM,RIVERSIDE DR @ RIVERSIDE HOSPITAL (0011960),11960,02 - Intersection related,03 - P.D. only,03 - Rear end,01 - Clear,01 - Daylight,01 - Dry,01 - Traffic signal,01 - Functioning,2,0,0,0,,0,,,,,369715.2051,5028627.381,45.39457623,-75.67089933,5465
20--5514,2020/07/13,11:23 AM,EAGLESON RD @ HAZELDEAN RD/ROBERTSON RD (0002715),2715,02 - Intersection related,02 - Non-fatal injury,03 - Rear end,01 - Clear,01 - Daylight,01 - Dry,01 - Traffic signal,01 - Functioning,2,0,0,0,01 - Minimal,1,1,,,,353673.6238,5018424.464,45.30407238,-75.87677747,5466
20--5515,2020/07/13,11:37 AM,FALLOWFIELD RD btwn RICHMOND RD & STEEPLE HILL CRES (__3ZA4Y4),__3ZA4Y4,01 - Non intersection,02 - Non-fatal injury,03 - Rear end,01 - Clear,01 - Daylight,01 - Dry,10 - No control,,2,0,0,0,01 - Minimal,1,1,,,,357819.3114,5013586.187,45.26023615,-75.82443329,5467
20--5516,2020/07/13,Unknown,TAPADERO AVE btwn NONIUS ST & ROUNCEY RD (e___1G1W),e___1G1W,01 - Non intersection,03 - P.D. only,06 - SMV unattended vehicle,01 - Clear,00 - Unknown,01 - Dry,10 - No control,,1,0,0,0,,0,,,,,353064.321,5015613.075,45.27881695,-75.88482022,5468
20--5517,2020/07/13,2:16 PM,CARLING AVE WB btwn HWY417 IC124 RAMP67 & HWY417 IC124 RAMP65 (__3ZA1Q8),__3ZA1Q8,01 - Non intersection,03 - P.D. only,05 - Turning movement,01 - Clear,01 - Daylight,01 - Dry,10 - No control,,2,0,0,0,,0,,,,,364525.2127,5027543.297,45.38528375,-75.73731125,5469
20--5518,2020/07/13,2:28 PM,BANK ST btwn ARENA PL & WHITE ALDER AVE (__3ZA29N),__3ZA29N,04 - At/near private drive,02 - Non-fatal injury,02 - Angle,01 - Clear,01 - Daylight,01 - Dry,10 - No control,,2,0,0,0,02 - Minor,1,,1,,,375488.773,5021308.961,45.32816944,-75.59821457,5470
20--5519,2020/07/13,2:32 PM,ALBION RD @ BANK ST (0012409),12409,02 - Intersection related,03 - P.D. only,04 - Sideswipe,01 - Clear,01 - Daylight,01 - Dry,01 - Traffic signal,01 - Functioning,2,0,0,0,,0,,,,,371946.7249,5024129.502,45.35389557,-75.6430129,5471