Anom_ID,Accident_Date,Accident_Time,Location,Geo_ID,Accident_Location,Classification_of_Accident,Initial_Impact_Type,Environment_Condition,Light,Road_Surface_Condition,Traffic_Control,Traffic_Control_Condition,No__of_Vehicles,No__of_Bicycles,No__of_Motorcycles,No__of_Pedestrians,Max_Injury,No__of_Injuries,No__of_Minimal,No__of_Minor,No__of_Major,No__of_Fatal,X,Y,Latitude,Longitude,ObjectId
20--552,2020/01/13,7:58 AM,JEANNE D'ARC BLVD  S btwn OR174 IC105 RAMP52 & OR174 IC105 RAMP53 (__3ZA2BY),__3ZA2BY,01 - Non intersection,02 - Non-fatal injury,03 - Rear end,01 - Clear,01 - Daylight,02 - Wet,10 - No control,,3,0,0,0,02 - Minor,1,,1,,,379516.7254,5036823.805,45.46734464,-75.54448643,5472
20--5520,2020/07/13,3:00 PM,HWY 417 WALKLEY IC110R57 @ WALKLEY EXTENSION R (0004164),4164,03 - At intersection,02 - Non-fatal injury,02 - Angle,01 - Clear,01 - Daylight,01 - Dry,02 - Stop sign,01 - Functioning,3,0,0,0,02 - Minor,2,,2,,,375656.7334,5028998.54,45.39733972,-75.5949696,5473
20--5521,2020/07/13,3:30 PM,CARLING AVE @ BAYSHORE DR/BIRCHDALE AVE (0000021),21,03 - At intersection,03 - P.D. only,02 - Angle,01 - Clear,01 - Daylight,01 - Dry,01 - Traffic signal,01 - Functioning,2,0,0,0,,0,,,,,359004.868,5023990.611,45.35376569,-75.80819024,5474
20--5522,2020/07/13,3:30 PM,CARLING AVE @ BAYSHORE DR/BIRCHDALE AVE (0000021),21,03 - At intersection,03 - P.D. only,05 - Turning movement,01 - Clear,01 - Daylight,01 - Dry,01 - Traffic signal,01 - Functioning,2,0,0,0,,0,,,,,359004.8735,5023990.622,45.35376578,-75.80819016,5475
20--5523,2020/07/13,3:47 PM,ELGIN ST @ SLATER ST (0002228),2228,02 - Intersection related,03 - P.D. only,05 - Turning movement,02 - Rain,01 - Daylight,02 - Wet,01 - Traffic signal,01 - Functioning,2,0,0,0,,0,,,,,367890.7024,5031646.578,45.42190878,-75.69381325,5476
20--5524,2020/07/13,4:47 PM,BOOTH ST btwn 148 N OF MIDDLE ST/E.B. EDDY S & MIDDLE ST (__3ZBPMPC),__3ZBPMPC,01 - Non intersection,03 - P.D. only,04 - Sideswipe,01 - Clear,01 - Daylight,01 - Dry,10 - No control,,2,0,0,0,,0,,,,,366062.3163,5031364.978,45.41953753,-75.71720956,5477
20--5525,2020/07/13,5:49 PM,ANDERSON RD @ INNES RD (0004200),4200,02 - Intersection related,03 - P.D. only,02 - Angle,01 - Clear,01 - Daylight,01 - Dry,01 - Traffic signal,01 - Functioning,2,0,0,0,,0,,,,,376280.7571,5031841.568,45.42285624,-75.58658791,5478
20--5526,2020/07/13,6:00 PM,CARLING AVE @ CROYDON AVE (0002642),2642,02 - Intersection related,03 - P.D. only,03 - Rear end,01 - Clear,01 - Daylight,01 - Dry,01 - Traffic signal,01 - Functioning,2,0,0,0,,0,,,,,360658.6887,5025042.519,45.36310092,-75.78696548,5479
20--5527,2020/07/13,6:04 PM,CUMMINGS AVE @ OGILVIE RD (0009923),9923,03 - At intersection,03 - P.D. only,05 - Turning movement,01 - Clear,01 - Daylight,01 - Dry,01 - Traffic signal,01 - Functioning,2,0,0,0,,0,,,,,372748.7137,5032170.586,45.42616858,-75.63167116,5480
20--5528,2020/07/13,6:09 PM,8TH LINE RD @ VICTORIA ST (0001616),1616,03 - At intersection,03 - P.D. only,02 - Angle,01 - Clear,01 - Daylight,01 - Dry,02 - Stop sign,01 - Functioning,2,0,0,0,,0,,,,,385452.8014,5011165.414,45.23583036,-75.47276995,5481
20--5529,2020/07/13,6:41 PM,BARNSDALE RD E @ CEDARVIEW RD E (0001077),1077,03 - At intersection,02 - Non-fatal injury,02 - Angle,01 - Clear,01 - Daylight,01 - Dry,02 - Stop sign,01 - Functioning,2,0,0,0,02 - Minor,1,,1,,,364036.6928,5010031.391,45.22775384,-75.74564204,5482
20--553,2020/01/13,8:04 AM,DUNROBIN RD btwn GALETTA SIDE RD & BAIRD'S GRANT LANE (__3ZAZ5E),__3ZAZ5E,01 - Non intersection,03 - P.D. only,07 - SMV other,03 - Snow,01 - Daylight,02 - Wet,10 - No control,,1,0,0,0,,0,,,,,333818.7383,5040201.083,45.50112799,-76.12867269,5483
20--5530,2020/07/13,6:59 PM,EAGLESON RD btwn MICHAEL COWPLAND DR/STONEHAVEN DR & 240 N OF CADENCE  (__3ZA41IA),__3ZA41IA,04 - At/near private drive,03 - P.D. only,05 - Turning movement,01 - Clear,01 - Daylight,01 - Dry,10 - No control,,2,0,0,0,,0,,,,,354436.3014,5016490.192,45.28661392,-75.86724621,5484
20--5531,2020/07/13,7:58 AM,KING EDWARD AVE @ ST. PATRICK ST (0002714),2714,02 - Intersection related,03 - P.D. only,99 - Other,01 - Clear,01 - Daylight,01 - Dry,01 - Traffic signal,01 - Functioning,2,0,0,0,,0,,,,,368248.6998,5032823.585,45.4324667,-75.68908751,5485
20--5532,2020/07/13,8:26 AM,GREENBANK RD @ IRIS ST/HWY 417 IC129 RAMP51 (0009073),9073,02 - Intersection related,03 - P.D. only,03 - Rear end,01 - Clear,01 - Daylight,01 - Dry,01 - Traffic signal,01 - Functioning,2,0,0,0,,0,,,,,360531.3105,5023312.498,45.34754439,-75.78878636,5486
20--5533,2020/07/13,9:16 AM,DALY AVE btwn MACKENZIE AVE & NICHOLAS ST (__3ZA8JX),__3ZA8JX,06 - Underpass or tunnel,03 - P.D. only,05 - Turning movement,01 - Clear,01 - Daylight,01 - Dry,10 - No control,,2,0,0,0,,0,,,,,368132.1901,5031991.667,45.42499196,-75.69068341,5487
20--5534,2020/07/14,10:15 PM,VANCES SIDE RD btwn DUNROBIN RD & GREENLAND RD (__3ZBOB7),__3ZBOB7,01 - Non intersection,03 - P.D. only,07 - SMV other,01 - Clear,07 - Dark,01 - Dry,10 - No control,,1,0,0,0,,0,,,,,340930.604,5034314.643,45.44782865,-76.03810399,5488
20--5535,2020/07/14,11:20 PM,PRESLAND RD btwn ELLIS PRIV & LOLA ST (__3ZA9OC),__3ZA9OC,01 - Non intersection,03 - P.D. only,03 - Rear end,01 - Clear,07 - Dark,01 - Dry,10 - No control,,2,0,0,0,,0,,,,,371082.1811,5031826.89,45.42323605,-75.65301196,5489
20--5536,2020/07/14,11:45 AM,LYNDA LANE @ SMYTH RD (0002250),2250,03 - At intersection,02 - Non-fatal injury,02 - Angle,01 - Clear,01 - Daylight,01 - Dry,02 - Stop sign,01 - Functioning,2,0,0,0,02 - Minor,2,1,1,,,371611.721,5029191.543,45.39947395,-75.64660317,5490
20--5537,2020/07/14,Unknown,BAYCREST DR btwn SANDALWOOD DR & WALKLEY RD (__3ZA9YU),__3ZA9YU,01 - Non intersection,03 - P.D. only,06 - SMV unattended vehicle,01 - Clear,00 - Unknown,01 - Dry,10 - No control,,1,0,0,0,,0,,,,,371375.4566,5026670.335,45.37681158,-75.64996079,5491
20--5538,2020/07/14,Unknown,LEVIS AVE btwn LACASSE AVE & MONA AVE (__3ZA8T1),__3ZA8T1,01 - Non intersection,03 - P.D. only,06 - SMV unattended vehicle,01 - Clear,00 - Unknown,01 - Dry,10 - No control,,1,0,0,0,,0,,,,,370819.4329,5033226.099,45.43585038,-75.65618154,5492
20--5539,2020/07/14,12:15 PM,CARLING AVE @ CHURCHILL AVE (0002149),2149,02 - Intersection related,02 - Non-fatal injury,03 - Rear end,01 - Clear,01 - Daylight,01 - Dry,01 - Traffic signal,01 - Functioning,2,0,0,0,01 - Minimal,1,1,,,,363775.6907,5027013.542,45.38058061,-75.74694507,5493
20--554,2020/01/13,8:10 PM,HIGHWAY 417 btwn HWY417 IC127 RAMP67 & HWY417 IC126 RAMP16 (__3ZA2X0),__3ZA2X0,01 - Non intersection,03 - P.D. only,04 - Sideswipe,01 - Clear,07 - Dark,02 - Wet,10 - No control,,2,0,0,0,,0,,,,,363002.4947,5025645.948,45.36833983,-75.75697826,5494
20--5540,2020/07/14,2:09 PM,ROUNCEY RD btwn ATLAS TERR & RUBICON PL (e___2K89),e___2K89,04 - At/near private drive,03 - P.D. only,06 - SMV unattended vehicle,01 - Clear,01 - Daylight,01 - Dry,10 - No control,,1,0,0,0,,0,,,,,353625.964,5014744.333,45.270961,-75.87774735,5495
20--5541,2020/07/14,2:18 PM,YORKS CORNERS RD btwn PANA RD & VICTORIA ST (__3ZA6V2),__3ZA6V2,04 - At/near private drive,03 - P.D. only,04 - Sideswipe,01 - Clear,01 - Daylight,01 - Dry,10 - No control,,2,0,0,0,,0,,,,,388516.4576,5014086.053,45.26175055,-75.43326471,5496
20--5571,2020/07/15,5:17 PM,REGIONAL ROAD 174 EB btwn OR174 IC109 RAMP55 & TRANSIT (__3ZA28V),__3ZA28V,01 - Non intersection,03 - P.D. only,03 - Rear end,01 - Clear,01 - Daylight,01 - Dry,10 - No control,,2,0,0,0,,0,,,,,376494.098,5035030.438,45.45152589,-75.58339766,5497
20--6021,2020/08/03,1:13 PM,PRINCE OF WALES DR @ WEST HUNT CLUB RD (0000567),567,02 - Intersection related,03 - P.D. only,03 - Rear end,01 - Clear,01 - Daylight,01 - Dry,01 - Traffic signal,01 - Functioning,2,0,0,0,,0,,,,,367458.712,5021891.513,45.33417398,-75.70057065,5498
20--6111,2020/08/06,3:29 PM,BRONSON AVE @ SOMERSET ST (0002218),2218,02 - Intersection related,02 - Non-fatal injury,03 - Rear end,01 - Clear,01 - Daylight,01 - Dry,01 - Traffic signal,01 - Functioning,2,0,0,0,01 - Minimal,1,1,,,,366967.6955,5030476.569,45.41146402,-75.70575409,5499
20--5750,2020/07/22,9:54 AM,HIGHWAY 417 btwn HWY417 IC122 RAMP15 & HWY417 IC121B RAMP51 (__3ZA2RB),__3ZA2RB,01 - Non intersection,03 - P.D. only,03 - Rear end,01 - Clear,01 - Daylight,01 - Dry,10 - No control,,3,0,0,0,,0,,,,,366458.0058,5029477.774,45.40252223,-75.7123901,5500
20--6022,2020/08/03,1:55 PM,HIGHWAY 417 btwn HWY417 IC117 RAMP51 & HWY417 IC117 RAMP35 (__3ZA2YN),__3ZA2YN,01 - Non intersection,03 - P.D. only,07 - SMV other,02 - Rain,01 - Daylight,02 - Wet,10 - No control,,1,0,0,0,,0,,,,,370773.6333,5031185.054,45.41749025,-75.65704025,5501
20--5572,2020/07/15,5:30 PM,BRIAN COBURN BLVD @ MER BLEUE RD (0014363),14363,03 - At intersection,03 - P.D. only,03 - Rear end,01 - Clear,01 - Daylight,01 - Dry,11 - Roundabout,01 - Functioning,2,0,0,0,,0,,,,,383150.8189,5034441.164,45.44550953,-75.49839849,5502
20--6196,2020/08/10,11:15 PM,REGIONAL ROAD 174 btwn OR174 IC109 RAMP56 & OR174 IC109 RAMP86 (__3ZA28W),__3ZA28W,01 - Non intersection,03 - P.D. only,99 - Other,01 - Clear,07 - Dark,01 - Dry,10 - No control,,2,0,0,0,,0,,,,,376447.7074,5034979.163,45.45106931,-75.58399815,5503
20--5925,2020/07/29,8:15 PM,JOCKVALE RD @ FABLE ST/WEYBRIDGE DR E (0000722),722,02 - Intersection related,03 - P.D. only,03 - Rear end,01 - Clear,05 - Dusk,02 - Wet,11 - Roundabout,01 - Functioning,2,0,0,0,,0,,,,,362512.6792,5015143.435,45.27387899,-75.76445466,5504
20--5751,2020/07/22,9:59 AM,HOLLAND AVE @ RUSKIN ST (0006676),6676,03 - At intersection,02 - Non-fatal injury,02 - Angle,01 - Clear,01 - Daylight,01 - Dry,02 - Stop sign,01 - Functioning,2,0,1,0,03 - Major,2,,1,1,,365279.6984,5028350.547,45.39248248,-75.72757844,5505
20--6023,2020/08/03,10:29 AM,LEES AVE @ KING EDWARD AVE/MANN AVE (0011413),11413,02 - Intersection related,02 - Non-fatal injury,03 - Rear end,01 - Clear,01 - Daylight,01 - Dry,01 - Traffic signal,01 - Functioning,2,0,0,0,02 - Minor,1,,1,,,369178.7969,5031334.757,45.41898578,-75.67739613,5506
20--6197,2020/08/10,Unknown,UPLANDS DR btwn PAUL ANKA DR & SHEARWATER PRIV (__3ZA9BQ),__3ZA9BQ,01 - Non intersection,03 - P.D. only,06 - SMV unattended vehicle,01 - Clear,00 - Unknown,01 - Dry,10 - No control,,1,0,0,0,,0,,,,,369542.7884,5023497.843,45.34843814,-75.67377354,5507
20--5573,2020/07/15,5:37 PM,HARDING RD @ WALKLEY RD (0007652),7652,02 - Intersection related,03 - P.D. only,07 - SMV other,01 - Clear,01 - Daylight,01 - Dry,01 - Traffic signal,01 - Functioning,1,0,0,0,,0,,,,,373148.731,5027608.533,45.38508236,-75.62719224,5508
20--6112,2020/08/06,4:22 AM,FAIRMONT AVE btwn YOUNG ST & KINNEAR ST (__3ZA03D),__3ZA03D,01 - Non intersection,03 - P.D. only,06 - SMV unattended vehicle,01 - Clear,07 - Dark,01 - Dry,10 - No control,,1,0,0,0,,0,,,,,365828.5767,5029139.631,45.39953485,-75.72047142,5509
20--5926,2020/07/29,8:25 AM,HIGHWAY 417 btwn HWY417 IC138 RAMP61 & HWY417 IC134 RAMP36 (__3ZA20I),__3ZA20I,01 - Non intersection,03 - P.D. only,04 - Sideswipe,01 - Clear,01 - Daylight,01 - Dry,10 - No control,,2,0,0,0,,0,,,,,355837.444,5021950.051,45.33564222,-75.8488235,5510
20--5752,2020/07/23,1:20 PM,HIGHWAY 417 btwn HWY417 IC117 RAMP26 & HWY417 IC117 RAMP61 (__3ZA2YM),__3ZA2YM,01 - Non intersection,03 - P.D. only,03 - Rear end,01 - Clear,01 - Daylight,01 - Dry,10 - No control,,3,0,0,0,,0,,,,,371065.6062,5031337.661,45.41883575,-75.65328954,5511
20--6024,2020/08/03,11:12 AM,DES ARBRES ST btwn ANGLEHART AVE & DU GRAND BOIS AVE (__3ZA6Q1),__3ZA6Q1,04 - At/near private drive,03 - P.D. only,02 - Angle,01 - Clear,01 - Daylight,01 - Dry,10 - No control,,2,0,0,0,,0,,,,,383381.5764,5036135.167,45.46072478,-75.4951784,5512
20--6198,2020/08/10,Unknown,SOMERSET ST    W btwn BOOTH ST & UPPER LORNE PL (__3ZA328),__3ZA328,01 - Non intersection,03 - P.D. only,06 - SMV unattended vehicle,01 - Clear,00 - Unknown,01 - Dry,10 - No control,,1,0,0,0,,0,,,,,366614.54,5030274.288,45.40967524,-75.71029089,5513
20--6199,2020/08/10,Unknown,STEWART ST btwn CUMBERLAND ST & KING EDWARD AVE (__3ZA3VU),__3ZA3VU,01 - Non intersection,03 - P.D. only,06 - SMV unattended vehicle,01 - Clear,00 - Unknown,01 - Dry,10 - No control,,1,0,0,0,,0,,,,,368558.5063,5032159.176,45.42646041,-75.68521442,5514
20--62,2020/01/03,1:05 PM,ST. JOSEPH BLVD @ JEANNE D'ARC BLVD (0012421),12421,03 - At intersection,03 - P.D. only,02 - Angle,01 - Clear,01 - Daylight,01 - Dry,11 - Roundabout,01 - Functioning,2,0,0,0,,0,,,,,379860.7263,5036471.591,45.46413881,-75.54014159,5515
20--620,2020/01/15,2:05 PM,PERTH ST btwn KING ST & LUNDY'S LANE (__3ZA426),__3ZA426,01 - Non intersection,03 - P.D. only,07 - SMV other,01 - Clear,01 - Daylight,02 - Wet,10 - No control,,1,0,0,0,,0,,,,,357159.2704,5006633.371,45.19772238,-75.83357441,5516
20--6200,2020/08/10,Unknown,RIALTO WAY btwn BELLINGHAM PL & BELLINGHAM PL (__4LVRXC),__4LVRXC,01 - Non intersection,03 - P.D. only,06 - SMV unattended vehicle,01 - Clear,00 - Unknown,01 - Dry,10 - No control,,1,0,0,0,,0,,,,,372806.6373,5025637.363,45.36737986,-75.6318317,5517
20--6201,2020/08/10,12:19 PM,HIGHWAY 417 btwn HWY417 IC142 RAMP35 & HWY417 IC142 RAMP25 (__3ZA1ZO),__3ZA1ZO,01 - Non intersection,02 - Non-fatal injury,03 - Rear end,01 - Clear,01 - Daylight,01 - Dry,10 - No control,,2,0,0,0,02 - Minor,1,,1,,,349369.0272,5017601.113,45.29694994,-75.93173963,5518
20--6202,2020/08/10,12:40 PM,HIGHWAY 417 btwn HWY417 IC140 RAMP25 & HWY417 IC139 RAMP15 (__4BCLBK),__4BCLBK,01 - Non intersection,03 - P.D. only,03 - Rear end,01 - Clear,01 - Daylight,01 - Dry,10 - No control,,2,0,0,0,,0,,,,,351711.3885,5019202.004,45.31120267,-75.90172433,5519
20--6203,2020/08/10,12:50 PM,MONTREAL RD btwn MONTREAL SQUARE SC & CENTER ST (__3ZA3AWB),__3ZA3AWB,01 - Non intersection,03 - P.D. only,04 - Sideswipe,01 - Clear,01 - Daylight,01 - Dry,10 - No control,,2,0,0,0,,0,,,,,371789.4,5033935.711,45.44214288,-75.64368884,5520
20--6204,2020/08/10,2:05 PM,ST. LAURENT BLVD @ COVENTRY RD/OGILVIE RD (0002151),2151,03 - At intersection,02 - Non-fatal injury,02 - Angle,01 - Clear,01 - Daylight,01 - Dry,01 - Traffic signal,01 - Functioning,2,0,0,0,01 - Minimal,2,2,,,,372305.7182,5031951.574,45.4242409,-75.63736164,5521
20--6205,2020/08/10,2:31 PM,BRONSON AVE @ CARLING AVE/GLEBE AVE (0002134),2134,02 - Intersection related,02 - Non-fatal injury,04 - Sideswipe,01 - Clear,01 - Daylight,01 - Dry,01 - Traffic signal,01 - Functioning,3,0,0,0,02 - Minor,3,2,1,,,367447.6993,5029335.567,45.40115482,-75.6997672,5522
20--6206,2020/08/10,2:46 PM,RICHMOND RD btwn WINSTON AVE & CHURCHILL AVE N (__3ZA4OS),__3ZA4OS,01 - Non intersection,03 - P.D. only,06 - SMV unattended vehicle,01 - Clear,01 - Daylight,01 - Dry,10 - No control,,1,0,0,0,,0,,,,,363125.3515,5028222.825,45.391516,-75.75510558,5523
20--6207,2020/08/10,2:59 PM,HIGHWAY 416 btwn HWY416 IC75A RAMP43 & HWY416 IC72 RAMP34 (__3ZAZLD),__3ZAZLD,01 - Non intersection,02 - Non-fatal injury,07 - SMV other,01 - Clear,01 - Daylight,01 - Dry,10 - No control,,1,0,0,0,02 - Minor,1,,1,,,358773.7222,5021805.467,45.33412152,-75.81137853,5524
20--6208,2020/08/10,3:08 PM,BANTREE ST @ INNES RD (0007684),7684,02 - Intersection related,03 - P.D. only,03 - Rear end,01 - Clear,01 - Daylight,01 - Dry,01 - Traffic signal,01 - Functioning,2,0,0,0,,0,,,,,373705.7184,5030406.55,45.41020304,-75.61968955,5525
20--6209,2020/08/10,4:01 PM,MONTREAL RD btwn BORTHWICK AVE & CUMMINGS AVE (__3ZA3UE),__3ZA3UE,04 - At/near private drive,03 - P.D. only,05 - Turning movement,02 - Rain,01 - Daylight,02 - Wet,10 - No control,,2,0,0,0,,0,,,,,371980.9076,5034027.81,45.44295316,-75.64122854,5526
20--621,2020/01/15,2:30 PM,HIGHWAY 417 btwn HWY417 IC126 RAMP61 & HWY417 IC124 RAMP76 (__3ZA2Y2),__3ZA2Y2,01 - Non intersection,03 - P.D. only,03 - Rear end,01 - Clear,01 - Daylight,02 - Wet,10 - No control,,2,0,0,0,,0,,,,,363619.1482,5026462.425,45.3756349,-75.74900942,5527
20--6210,2020/08/10,4:05 PM,FISHER AVE @ ARNOT RD (0002726),2726,02 - Intersection related,02 - Non-fatal injury,03 - Rear end,01 - Clear,01 - Daylight,01 - Dry,02 - Stop sign,01 - Functioning,2,0,0,0,01 - Minimal,1,1,,,,366322.7159,5025653.538,45.36812454,-75.71459477,5528
20--6211,2020/08/10,4:45 PM,PLEASANT PARK RD btwn OTHELLO AVE & ST. LAURENT BLVD (__3ZA76L),__3ZA76L,04 - At/near private drive,03 - P.D. only,02 - Angle,01 - Clear,01 - Daylight,01 - Dry,10 - No control,,2,0,0,0,,0,,,,,372661.7946,5032385.155,45.4281076,-75.63275222,5529
20--6212,2020/08/10,4:52 PM,RAMSAYVILLE RD btwn LOUISEIZE RD & NINTH LINE RD (__3ZBO25),__3ZBO25,01 - Non intersection,03 - P.D. only,04 - Sideswipe,01 - Clear,01 - Daylight,01 - Dry,10 - No control,,2,0,1,0,,0,,,,,380068.4236,5020644.943,45.32171879,-75.53990032,5530
20--6213,2020/08/10,4:55 PM,RIVERSIDE DR @ TREMBLAY RD/HWY417 IC117 RAMP52 (0010790),10790,02 - Intersection related,03 - P.D. only,03 - Rear end,02 - Rain,01 - Daylight,02 - Wet,01 - Traffic signal,01 - Functioning,2,0,0,0,,0,,,,,370802.0785,5031015.906,45.41596564,-75.6566995,5531
20--6214,2020/08/10,5:45 AM,MONTREAL RD @ OGILVIE RD (0009279),9279,02 - Intersection related,02 - Non-fatal injury,03 - Rear end,"07 - Fog, mist, smoke, dust",03 - Dawn,01 - Dry,01 - Traffic signal,01 - Functioning,3,0,0,0,02 - Minor,1,,1,,,375654.7378,5034556.579,45.447348,-75.5941957,5532
20--6215,2020/08/10,5:57 PM,WOODROFFE AVE btwn FIRESTATION & BASELINE RD (__3ZA34KB),__3ZA34KB,01 - Non intersection,03 - P.D. only,04 - Sideswipe,01 - Clear,01 - Daylight,01 - Dry,10 - No control,,2,0,0,0,,0,,,,,362529.6576,5023822.571,45.35197235,-75.76322704,5533
20--6216,2020/08/10,6:43 AM,FALLOWFIELD RD btwn MERIVALE RD & WOODROFFE AVE (__3ZA3IN),__3ZA3IN,01 - Non intersection,02 - Non-fatal injury,07 - SMV other,"07 - Fog, mist, smoke, dust",01 - Daylight,01 - Dry,10 - No control,,1,0,0,0,02 - Minor,1,,1,,,366789.6417,5018804.774,45.30645936,-75.70949248,5534
20--6217,2020/08/10,7:48 AM,INNES RD @ TENTH LINE RD (0004633),4633,02 - Intersection related,03 - P.D. only,03 - Rear end,01 - Clear,01 - Daylight,01 - Dry,01 - Traffic signal,01 - Functioning,2,0,0,0,,0,,,,,383951.7534,5036159.547,45.46087976,-75.48788477,5535
20--6218,2020/08/11,1:22 PM,IVY CRES E @ MACKAY ST E (0008619),8619,03 - At intersection,02 - Non-fatal injury,02 - Angle,01 - Clear,01 - Daylight,01 - Dry,02 - Stop sign,01 - Functioning,2,1,0,0,01 - Minimal,1,1,,,,368992.6988,5033658.589,45.43991184,-75.67947085,5536
20--6219,2020/08/11,1:30 PM,FALLOWFIELD RD @ WOODROFFE AVE (0010372),10372,02 - Intersection related,03 - P.D. only,03 - Rear end,01 - Clear,01 - Daylight,01 - Dry,01 - Traffic signal,01 - Functioning,2,0,0,0,,0,,,,,365085.1499,5017903.191,45.29849533,-75.73133623,5537
20--622,2020/01/15,3:00 PM,HIGHWAY 417 btwn HWY417 IC121A RAMP16 & HWY417 IC121A RAMP61 (__3ZA2YY),__3ZA2YY,01 - Non intersection,03 - P.D. only,03 - Rear end,01 - Clear,01 - Daylight,02 - Wet,10 - No control,,3,0,0,0,,0,,,,,367067.6983,5029686.485,45.40434619,-75.70457638,5538
20--6220,2020/08/11,1:33 PM,ROBERTSON RD btwn FITZGERALD RD & MOODIE DR (__3ZA411),__3ZA411,04 - At/near private drive,03 - P.D. only,05 - Turning movement,01 - Clear,01 - Daylight,01 - Dry,10 - No control,,2,0,0,0,,0,,,,,356913.9808,5020364.668,45.32129765,-75.83525599,5539
20--6221,2020/08/11,1:44 AM,COUPAL ST btwn GREENSWAY AVE & END (__3ZA8UJ),__3ZA8UJ,01 - Non intersection,02 - Non-fatal injury,07 - SMV other,01 - Clear,07 - Dark,01 - Dry,10 - No control,,1,0,0,1,01 - Minimal,1,1,,,,369736.4324,5033274.619,45.43638836,-75.67001589,5540
20--6222,2020/08/11,1:45 PM,RIVERSIDE DR btwn MARILYN AVE & REVELSTOKE DR (__3ZA37S),__3ZA37S,01 - Non intersection,03 - P.D. only,03 - Rear end,01 - Clear,01 - Daylight,02 - Wet,10 - No control,,2,0,0,0,,0,,,,,368192.4838,5024374.891,45.35645297,-75.6908915,5541
20--6223,2020/08/11,1:54 PM,SHORE ST @ ST. LAURENT BLVD (0002168),2168,02 - Intersection related,02 - Non-fatal injury,02 - Angle,01 - Clear,01 - Daylight,01 - Dry,02 - Stop sign,01 - Functioning,2,1,0,0,02 - Minor,1,,1,,,372803.733,5030720.544,45.41311644,-75.63116827,5542
20--6224,2020/08/11,10:09 PM,HAZELDEAN RD btwn JINKINSON RD/HAZELDEAN IC RAMP 62 & KITTIWAKE DR (__7JQ7JL),__7JQ7JL,01 - Non intersection,03 - P.D. only,07 - SMV other,01 - Clear,07 - Dark,01 - Dry,10 - No control,,1,0,0,0,,0,,,,,347290.7918,5012773.816,45.2536408,-75.95864933,5543
20--6225,2020/08/11,11:15 AM,MEADOWLANDS DR/TALLWOOD DR @ WOODROFFE AVE (0000095),95,02 - Intersection related,03 - P.D. only,03 - Rear end,01 - Clear,01 - Daylight,01 - Dry,01 - Traffic signal,01 - Functioning,2,0,0,0,,0,,,,,363056.6794,5022730.489,45.3421023,-75.75663015,5544
20--6226,2020/08/11,11:34 AM,WEST HUNT CLUB RD WB btwn 354 E OF WOODROFFE AVE/REC PATH & CLEOPATRA DR/LANCELOT DR (__3ZA3JEB),__3ZA3JEB,01 - Non intersection,03 - P.D. only,04 - Sideswipe,01 - Clear,01 - Daylight,01 - Dry,10 - No control,,2,0,0,0,,0,,,,,365213.4769,5021726.559,45.33288664,-75.7292339,5545
20--6227,2020/08/11,11:40 AM,MITCH OWENS RD/BRIDGE ST @ RIVER RD (0003573),3573,02 - Intersection related,03 - P.D. only,03 - Rear end,01 - Clear,01 - Daylight,01 - Dry,01 - Traffic signal,01 - Functioning,2,0,0,0,,0,,,,,369499.7108,5010770.391,45.23392265,-75.67598331,5546
20--6228,2020/08/11,11:49 PM,WOODROFFE AVE @ CLARIDGE DR/STONEWAY DR N (0009791),9791,03 - At intersection,03 - P.D. only,05 - Turning movement,01 - Clear,07 - Dark,01 - Dry,01 - Traffic signal,01 - Functioning,2,0,0,0,,0,,,,,365576.7,5016707.45,45.28769378,-75.72521583,5547
20--6229,2020/08/11,Unknown,TAWNEY RD btwn JOLIFFE ST & HEATON AVE (__3ZA74V),__3ZA74V,01 - Non intersection,03 - P.D. only,06 - SMV unattended vehicle,01 - Clear,00 - Unknown,01 - Dry,10 - No control,,1,0,0,0,,0,,,,,374015.7536,5028458.424,45.39264415,-75.61600255,5548
20--623,2020/01/15,3:18 PM,BRONSON PL @ COLONEL BY DR (0006903),6903,02 - Intersection related,03 - P.D. only,02 - Angle,01 - Clear,01 - Daylight,04 - Slush,02 - Stop sign,01 - Functioning,2,0,0,0,,0,,,,,367808.7122,5028521.555,45.39379818,-75.69526023,5549
20--6230,2020/08/11,12:04 PM,AMBERWOOD CRES @ PRINCE OF WALES DR (0000048),48,02 - Intersection related,03 - P.D. only,03 - Rear end,01 - Clear,01 - Daylight,01 - Dry,01 - Traffic signal,01 - Functioning,3,0,0,0,,0,,,,,367435.7082,5020647.496,45.32298258,-75.7010215,5550
20--6231,2020/08/11,12:10 AM,CROSSKEYS PL/HELENE CAMPBELL RD @ STRANDHERD DR (0015337),15337,02 - Intersection related,03 - P.D. only,03 - Rear end,01 - Clear,07 - Dark,01 - Dry,01 - Traffic signal,01 - Functioning,2,0,0,0,,0,,,,,360982.3112,5014901.733,45.27182808,-75.78398493,5551
20--6232,2020/08/11,12:18 PM,BANK ST @ HUNT CLUB RD (0002119),2119,02 - Intersection related,03 - P.D. only,04 - Sideswipe,01 - Clear,01 - Daylight,01 - Dry,01 - Traffic signal,01 - Functioning,2,0,0,0,,0,,,,,371608.7314,5024096.518,45.35363107,-75.64733065,5552