Anom_ID,Accident_Date,Accident_Time,Location,Geo_ID,Accident_Location,Classification_of_Accident,Initial_Impact_Type,Environment_Condition,Light,Road_Surface_Condition,Traffic_Control,Traffic_Control_Condition,No__of_Vehicles,No__of_Bicycles,No__of_Motorcycles,No__of_Pedestrians,Max_Injury,No__of_Injuries,No__of_Minimal,No__of_Minor,No__of_Major,No__of_Fatal,X,Y,Latitude,Longitude,ObjectId
20--5782,2020/07/23,8:30 AM,MERIVALE RD btwn GILBEY DR & KIMWAY CRES (__3ZBOC0),__3ZBOC0,04 - At/near private drive,03 - P.D. only,05 - Turning movement,01 - Clear,01 - Daylight,01 - Dry,10 - No control,,2,0,0,0,,0,,,,,364694.6215,5024741.043,45.36005507,-75.73548791,5715
20--5783,2020/07/23,8:45 AM,TRIM RD @ WATTERS RD (0012847),12847,02 - Intersection related,03 - P.D. only,04 - Sideswipe,01 - Clear,01 - Daylight,01 - Dry,01 - Traffic signal,01 - Functioning,2,0,0,0,,0,,,,,384964.6599,5038717.575,45.48377894,-75.47451744,5716
20--5784,2020/07/23,9:13 PM,REGIONAL ROAD 174 btwn TRANSIT & OR174 IC105 RAMP51 (__3ZA28H),__3ZA28H,01 - Non intersection,03 - P.D. only,04 - Sideswipe,01 - Clear,07 - Dark,01 - Dry,10 - No control,,2,0,0,0,,0,,,,,378995.9445,5036765.166,45.46687256,-75.55115436,5717
20--5785,2020/07/23,9:57 AM,BASELINE RD @ JOHN SUTHERLAND DR/VALLEY STREAM (0000011),11,03 - At intersection,02 - Non-fatal injury,05 - Turning movement,01 - Clear,01 - Daylight,01 - Dry,01 - Traffic signal,01 - Functioning,2,0,0,0,02 - Minor,1,,1,,,359310.6611,5021789.494,45.33393629,-75.80453028,5718
20--5786,2020/07/24,1:26 PM,MAITLAND AVE btwn CARLING AVE & DUNCAN PL (__3ZA4JY),__3ZA4JY,01 - Non intersection,03 - P.D. only,05 - Turning movement,01 - Clear,01 - Daylight,01 - Dry,10 - No control,,2,0,0,0,,0,,,,,362967.7089,5026426.052,45.375362,-75.75733044,5719
20--5787,2020/07/24,10:00 AM,CAMERON ST @ REGIONAL RD 174 (0012883),12883,03 - At intersection,03 - P.D. only,05 - Turning movement,01 - Clear,01 - Daylight,01 - Dry,01 - Traffic signal,01 - Functioning,2,0,0,0,,0,,,,,389860.7771,5042617.561,45.51828696,-75.41122021,5720
20--5788,2020/07/24,10:40 PM,PRINCE OF WALES DR btwn JOCKVALE RD & MAPLEHILL WAY (__3ZA29X),__3ZA29X,01 - Non intersection,03 - P.D. only,07 - SMV other,01 - Clear,07 - Dark,01 - Dry,10 - No control,,1,0,0,0,,0,,,,,366735.3356,5012397.505,45.24881198,-75.71098438,5721
20--5789,2020/07/24,11:30 AM,BLAIR RD @ MONTREAL RD (0009277),9277,02 - Intersection related,03 - P.D. only,03 - Rear end,01 - Clear,01 - Daylight,01 - Dry,01 - Traffic signal,01 - Functioning,2,0,0,0,,0,,,,,374019.7228,5034439.595,45.44645927,-75.61511159,5722
20--579,2020/01/14,4:00 PM,EAGLESON RD btwn HWY417 IC138 RAMP51 & KATIMAVIK RD (__3ZA41W),__3ZA41W,04 - At/near private drive,03 - P.D. only,02 - Angle,01 - Clear,01 - Daylight,01 - Dry,10 - No control,,2,0,0,0,,0,,,,,353097.3392,5019868.683,45.31710764,-75.88398489,5723
20--5790,2020/07/24,12:36 PM,HIGHWAY 417 btwn HWY417 IC122 RAMP51 & HWY417 IC122 RAMP15 (__3ZA2R0),__3ZA2R0,01 - Non intersection,02 - Non-fatal injury,03 - Rear end,01 - Clear,01 - Daylight,01 - Dry,10 - No control,,2,0,0,0,01 - Minimal,1,1,,,,365562.313,5029030.693,45.39857782,-75.72388556,5724
20--5791,2020/07/24,12:48 PM,STRANDHERD DR @ LONGFIELDS DR (0010935),10935,02 - Intersection related,03 - P.D. only,04 - Sideswipe,01 - Clear,01 - Daylight,01 - Dry,01 - Traffic signal,01 - Functioning,2,0,0,0,,0,,,,,364548.807,5015173.327,45.2739779,-75.73850298,5725
20--5792,2020/07/24,12:55 PM,ST. JOSEPH BLVD @ JEANNE D'ARC BLVD (0012421),12421,02 - Intersection related,03 - P.D. only,03 - Rear end,01 - Clear,01 - Daylight,01 - Dry,11 - Roundabout,01 - Functioning,2,0,0,0,,0,,,,,379860.7382,5036471.582,45.46413873,-75.54014144,5726
20--5793,2020/07/24,2:08 AM,WOODROFFE AVE @ KNOXDALE RD/MEDHURST DR (0000519),519,03 - At intersection,02 - Non-fatal injury,02 - Angle,01 - Clear,07 - Dark,01 - Dry,01 - Traffic signal,01 - Functioning,2,0,0,0,02 - Minor,1,,1,,,363419.6941,5021826.512,45.33393815,-75.75210547,5727
20--5794,2020/07/24,2:09 PM,HIGHWAY 417 btwn HWY417 IC124 RAMP65 & HWY417 IC122 RAMP51 (__3ZA2R8),__3ZA2R8,01 - Non intersection,02 - Non-fatal injury,03 - Rear end,01 - Clear,01 - Daylight,01 - Dry,10 - No control,,2,0,0,0,02 - Minor,1,,1,,,365165.1931,5028719.176,45.39580921,-75.72899561,5728
20--5795,2020/07/24,2:21 PM,RIVERSIDE DR btwn MARILYN AVE & REVELSTOKE DR (__3ZA37S),__3ZA37S,01 - Non intersection,02 - Non-fatal injury,03 - Rear end,01 - Clear,01 - Daylight,01 - Dry,10 - No control,,2,0,0,0,02 - Minor,1,,1,,,368148.6545,5024290.335,45.35569611,-75.6914617,5729
20--5796,2020/07/24,3:00 PM,BRONSON AVE @ IMPERIAL AVE/PLYMOUTH ST (0010859),10859,03 - At intersection,03 - P.D. only,05 - Turning movement,01 - Clear,01 - Daylight,01 - Dry,10 - No control,,2,0,0,0,,0,,,,,367318.7028,5029643.552,45.40393751,-75.70137574,5730
20--5797,2020/07/24,3:20 PM,HUNT CLUB RD @ CANADAIR PRIV (0010852),10852,02 - Intersection related,03 - P.D. only,03 - Rear end,01 - Clear,01 - Daylight,01 - Dry,01 - Traffic signal,01 - Functioning,2,0,0,0,,0,,,,,368662.7074,5022311.496,45.33784435,-75.68515686,5731
20--5798,2020/07/24,3:42 PM,MANOTICK MAIN ST btwn HIGHCROFT DR & MAPLE AVE (__3ZA387),__3ZA387,04 - At/near private drive,03 - P.D. only,02 - Angle,01 - Clear,01 - Daylight,01 - Dry,10 - No control,,2,0,0,0,,0,,,,,368644.4236,5009968.823,45.22678825,-75.68697799,5732
20--5799,2020/07/24,4:10 PM,BANK ST @ LEITRIM RD (0004125),4125,02 - Intersection related,02 - Non-fatal injury,03 - Rear end,01 - Clear,01 - Daylight,01 - Dry,01 - Traffic signal,01 - Functioning,2,0,0,0,01 - Minimal,2,2,,,,375357.758,5021619.503,45.33097675,-75.59984147,5733
20--58,2020/01/02,9:21 AM,ALBION RD @ BRIDLE PATH DR (0009630),9630,02 - Intersection related,02 - Non-fatal injury,07 - SMV other,01 - Clear,01 - Daylight,02 - Wet,01 - Traffic signal,01 - Functioning,1,0,0,0,02 - Minor,1,,1,,,372106.7403,5023740.511,45.35038022,-75.64102382,5734
20--580,2020/01/14,4:00 PM,130 W OF PRESTON ST @ CARLING AVE (0016879),16879,02 - Intersection related,03 - P.D. only,03 - Rear end,01 - Clear,01 - Daylight,01 - Dry,13 - MPS,01 - Functioning,2,0,0,0,,0,,,,,366724.8285,5028870.656,45.39703599,-75.7090583,5735
20--5800,2020/07/24,4:15 PM,HIGHWAY 417 btwn HWY417 IC180 RAMP61 & HWY417 IC169 RAMP36 (__5DVYB1),__5DVYB1,01 - Non intersection,03 - P.D. only,99 - Other,01 - Clear,01 - Daylight,01 - Dry,10 - No control,,2,0,0,0,,0,,,,,322942.5115,5027692.382,45.38893672,-76.26830595,5736
20--5801,2020/07/24,4:45 PM,RIOCAN AVE @ STRANDHERD DR (0010997),10997,03 - At intersection,03 - P.D. only,05 - Turning movement,01 - Clear,01 - Daylight,01 - Dry,01 - Traffic signal,01 - Functioning,2,0,0,0,,0,,,,,364172.2,5014944.57,45.27195144,-75.74332976,5737
20--5802,2020/07/24,4:58 PM,HIGHWAY 417 btwn HWY417 IC122 RAMP15 & HWY417 IC121B RAMP51 (__3ZA2RB),__3ZA2RB,01 - Non intersection,03 - P.D. only,04 - Sideswipe,01 - Clear,01 - Daylight,01 - Dry,10 - No control,,3,0,0,0,,0,,,,,365975.6042,5029271.211,45.40070595,-75.71857727,5738
20--5803,2020/07/24,5:15 PM,BYRON AVE @ HARMER AVE (0005583),5583,03 - At intersection,02 - Non-fatal injury,02 - Angle,01 - Clear,01 - Daylight,01 - Dry,02 - Stop sign,01 - Functioning,2,1,0,0,01 - Minimal,1,1,,,,364863.7102,5028888.565,45.39735926,-75.73282528,5739
20--5804,2020/07/24,5:16 PM,KING EDWARD AVE @ ST. ANDREW ST (0011434),11434,03 - At intersection,02 - Non-fatal injury,03 - Rear end,01 - Clear,01 - Daylight,01 - Dry,01 - Traffic signal,01 - Functioning,3,0,0,0,02 - Minor,1,,1,,,368160.7003,5032968.581,45.4337793,-75.69019343,5740
20--5805,2020/07/24,5:21 PM,MITCH OWENS RD btwn LIMEBANK RD & DOWNEY RD (__3ZA3H4),__3ZA3H4,01 - Non intersection,02 - Non-fatal injury,01 - Approaching,01 - Clear,01 - Daylight,01 - Dry,10 - No control,,2,0,0,0,01 - Minimal,1,1,,,,372130.1641,5012399.662,45.24833596,-75.64226493,5741
20--5806,2020/07/24,5:50 PM,BROPHY DR @ HWY 416 BANKFIEL IC57R34 (0001078),1078,02 - Intersection related,03 - P.D. only,05 - Turning movement,01 - Clear,01 - Daylight,01 - Dry,02 - Stop sign,01 - Functioning,2,0,0,0,,0,,,,,364561.3149,5007931.521,45.20881471,-75.73921378,5742
20--5807,2020/07/24,6:21 AM,MORRISON DR @ BASELINE RD (0002570),2570,02 - Intersection related,03 - P.D. only,03 - Rear end,01 - Clear,01 - Daylight,01 - Dry,01 - Traffic signal,01 - Functioning,2,0,0,0,,0,,,,,360099.6585,5022309.492,45.3385535,-75.79440658,5743
20--5808,2020/07/24,6:30 AM,TAPADERO AVE btwn NONIUS ST & ROUNCEY RD (e___1G1W),e___1G1W,04 - At/near private drive,03 - P.D. only,02 - Angle,01 - Clear,01 - Daylight,01 - Dry,10 - No control,,2,0,0,0,,0,,,,,353061.334,5015610.338,45.27879252,-75.88485856,5744
20--5809,2020/07/24,6:42 AM,BOOTH ST @ ORANGEVILLE ST (0006511),6511,03 - At intersection,03 - P.D. only,02 - Angle,01 - Clear,01 - Daylight,01 - Dry,02 - Stop sign,01 - Functioning,2,0,0,0,,0,,,,,366891.6946,5029571.567,45.40332782,-75.70683895,5745
20--581,2020/01/14,4:04 PM,HIGHWAY 417 btwn HIGHWAY 417 & Continuation of HIGHWAY 417 (__3ZAZOB),__3ZAZOB,01 - Non intersection,02 - Non-fatal injury,04 - Sideswipe,01 - Clear,01 - Daylight,02 - Wet,10 - No control,,2,0,0,0,01 - Minimal,1,1,,,,353085.2973,5020290.086,45.32090033,-75.88409739,5746
20--5810,2020/07/24,7:30 AM,HOLLAND AVE/TUNNEY'S PASTURE @ SCOTT ST (0006494),6494,03 - At intersection,03 - P.D. only,05 - Turning movement,01 - Clear,01 - Daylight,01 - Dry,01 - Traffic signal,01 - Functioning,2,0,0,0,,0,,,,,364737.6942,5029595.549,45.40373135,-75.73434878,5747
20--5811,2020/07/24,7:30 AM,SLATER ST btwn BAY ST & LYON ST N (__3ZA33A),__3ZA33A,01 - Non intersection,03 - P.D. only,04 - Sideswipe,01 - Clear,01 - Daylight,01 - Dry,10 - No control,,2,0,0,0,,0,,,,,367045.0032,5031116.689,45.41721676,-75.70468567,5748
20--5831,2020/07/25,12:47 PM,PRINCE OF WALES DR @ FAIRPARK DR (0010329),10329,02 - Intersection related,02 - Non-fatal injury,03 - Rear end,01 - Clear,01 - Daylight,01 - Dry,02 - Stop sign,00 - Unknown,3,0,0,0,02 - Minor,1,,1,,,367268.8161,5015413.588,45.27590337,-75.70380959,5749
20--5580,2020/07/15,8:29 AM,BOOTH ST @ RAYMOND ST (0006498),6498,03 - At intersection,02 - Non-fatal injury,02 - Angle,01 - Clear,01 - Daylight,01 - Dry,01 - Traffic signal,01 - Functioning,2,0,0,0,02 - Minor,4,3,1,,,366860.6947,5029641.565,45.40396039,-75.7072261,5750
20--6032,2020/08/03,6:12 AM,ST. LAURENT BLVD @ TREMBLAY RD (0002573),2573,03 - At intersection,03 - P.D. only,07 - SMV other,02 - Rain,03 - Dawn,02 - Wet,01 - Traffic signal,01 - Functioning,1,0,0,0,,0,,,,,372595.7138,5031241.576,45.41782463,-75.63375399,5751
20--612,2020/01/15,10:30 AM,INDUSTRIAL AVE @ RIVERSIDE DR (0011905),11905,02 - Intersection related,03 - P.D. only,03 - Rear end,01 - Clear,01 - Daylight,06 - Ice,01 - Traffic signal,01 - Functioning,2,0,0,0,,0,,,,,370684.7208,5030592.562,45.41216762,-75.65825539,5752
20--5581,2020/07/15,9:01 PM,GLADSTONE AVE @ PRESTON ST (0002212),2212,03 - At intersection,02 - Non-fatal injury,05 - Turning movement,01 - Clear,05 - Dusk,01 - Dry,01 - Traffic signal,01 - Functioning,2,1,0,0,03 - Major,1,,,1,,366489.7055,5029712.558,45.40463196,-75.71195584,5753
20--6033,2020/08/03,7:33 AM,PLACE D'ORLEANS DR W @ ST. JOSEPH BLVD (0008776),8776,02 - Intersection related,03 - P.D. only,04 - Sideswipe,01 - Clear,01 - Daylight,01 - Dry,01 - Traffic signal,01 - Functioning,2,0,0,0,,0,,,,,381601.9035,5037684.133,45.47485898,-75.51768959,5754
20--6120,2020/08/06,6:41 PM,BEECHWOOD AVE btwn MACKAY ST & SPRINGFIELD RD (__3ZA3MM),__3ZA3MM,01 - Non intersection,03 - P.D. only,04 - Sideswipe,01 - Clear,01 - Daylight,01 - Dry,10 - No control,,2,0,0,0,,0,,,,,369217.4807,5033633.874,45.43966879,-75.67660116,5755
20--5582,2020/07/16,1:03 PM,O'TOOLE RD @ REGIMBALD RD (0004904),4904,02 - Intersection related,03 - P.D. only,07 - SMV other,01 - Clear,01 - Daylight,01 - Dry,02 - Stop sign,01 - Functioning,1,0,0,0,,0,,,,,390274.7983,5035492.519,45.45413364,-75.40716205,5756
20--6034,2020/08/03,7:47 PM,GREENBANK RD @ STRANDHERD DR (0005563),5563,03 - At intersection,03 - P.D. only,05 - Turning movement,02 - Rain,05 - Dusk,02 - Wet,01 - Traffic signal,01 - Functioning,2,0,0,0,,0,,,,,363933.694,5014784.415,45.27053046,-75.74638821,5757
20--6121,2020/08/06,7:45 AM,INNES RD @ STONEHENGE CRES E (0009355),9355,02 - Intersection related,03 - P.D. only,03 - Rear end,01 - Clear,01 - Daylight,01 - Dry,01 - Traffic signal,01 - Functioning,3,0,0,0,,0,,,,,375363.7396,5031313.555,45.41819857,-75.59838011,5758
20--5583,2020/07/16,1:10 PM,VICTORIA ST btwn DOW ST & BOWEN ST (__3ZA20B),__3ZA20B,04 - At/near private drive,03 - P.D. only,02 - Angle,01 - Clear,01 - Daylight,01 - Dry,10 - No control,,2,0,0,0,,0,,,,,385318.3526,5011085.451,45.23512629,-75.47449502,5759
20--6035,2020/08/03,8:15 PM,RIVERSIDE DR @ HERON RD (0002236),2236,02 - Intersection related,03 - P.D. only,04 - Sideswipe,01 - Clear,05 - Dusk,01 - Dry,01 - Traffic signal,01 - Functioning,2,0,0,0,,0,,,,,368121.1007,5026647.233,45.37690538,-75.69151128,5760
20--6122,2020/08/06,7:50 AM,HWY 416 ACRES IC75R24 @ HOLLY ACRES RD (0005257),5257,02 - Intersection related,03 - P.D. only,03 - Rear end,01 - Clear,01 - Daylight,01 - Dry,01 - Traffic signal,01 - Functioning,2,0,0,0,,0,,,,,358757.6666,5022868.504,45.34368801,-75.81146744,5761
20--5584,2020/07/16,1:13 PM,WINCHESTER DR @ GOWRIE DR/BOYLSTON LANE (0004019),4019,03 - At intersection,03 - P.D. only,02 - Angle,01 - Clear,01 - Daylight,01 - Dry,02 - Stop sign,01 - Functioning,2,0,0,0,,0,,,,,352583.6159,5016969.461,45.2910549,-75.89081635,5762
20--6036,2020/08/03,9:16 PM,GREENBANK RD @ STRANDHERD DR (0005563),5563,03 - At intersection,02 - Non-fatal injury,05 - Turning movement,02 - Rain,07 - Dark,02 - Wet,01 - Traffic signal,01 - Functioning,2,0,0,0,02 - Minor,1,,1,,,363933.6867,5014784.422,45.27053052,-75.7463883,5763
20--6123,2020/08/06,9:31 PM,HIGHWAY 417 btwn HWY417 IC142 RAMP25 & HIGHWAY 417 (__3ZA1ZP),__3ZA1ZP,01 - Non intersection,03 - P.D. only,07 - SMV other,01 - Clear,07 - Dark,01 - Dry,10 - No control,,1,0,0,0,,0,,,,,349416.105,5017642.244,45.29731706,-75.93113571,5764
20--5585,2020/07/16,1:21 PM,CARLING AVE @ CLYDE AVE/COLE AVE (0006984),6984,03 - At intersection,03 - P.D. only,05 - Turning movement,01 - Clear,01 - Daylight,01 - Dry,01 - Traffic signal,01 - Functioning,2,0,0,0,,0,,,,,363520.6937,5026850.532,45.37913529,-75.75022021,5765
20--6037,2020/08/03,9:34 PM,KING EDWARD AVE @ YORK ST (0008244),8244,03 - At intersection,03 - P.D. only,05 - Turning movement,01 - Clear,07 - Dark,01 - Dry,01 - Traffic signal,01 - Functioning,2,0,0,0,,0,,,,,368396.7142,5032621.594,45.43063581,-75.68722208,5766
20--6124,2020/08/06,9:50 PM,BLAIR RD @ INNES RD (0004165),4165,02 - Intersection related,03 - P.D. only,04 - Sideswipe,01 - Clear,07 - Dark,01 - Dry,01 - Traffic signal,01 - Functioning,2,0,0,0,,0,,,,,375578.7365,5031439.563,45.41931061,-75.59561526,5767
20--6125,2020/08/07,1:40 PM,BEECHWOOD AVE @ CHAMPLAIN AVE (0007194),7194,02 - Intersection related,03 - P.D. only,03 - Rear end,01 - Clear,01 - Daylight,01 - Dry,02 - Stop sign,00 - Unknown,3,0,0,0,,0,,,,,369440.7167,5033803.589,45.44117522,-75.67372571,5768
20--6126,2020/08/07,10:22 AM,CUMBERLAND ST @ YORK ST (0008416),8416,02 - Intersection related,03 - P.D. only,03 - Rear end,01 - Clear,01 - Daylight,01 - Dry,01 - Traffic signal,01 - Functioning,2,0,0,0,,0,,,,,368262.692,5032521.595,45.42974823,-75.68894762,5769
20--6127,2020/08/07,10:31 PM,DALY AVE @ KING EDWARD AVE (0007755),7755,02 - Intersection related,03 - P.D. only,02 - Angle,01 - Clear,07 - Dark,01 - Dry,02 - Stop sign,01 - Functioning,2,0,0,0,,0,,,,,368591.7022,5032273.59,45.42748684,-75.68477543,5770
20--6128,2020/08/07,10:47 AM,BASELINE RD @ WOODROFFE AVE (0002225),2225,02 - Intersection related,03 - P.D. only,04 - Sideswipe,01 - Clear,01 - Daylight,01 - Dry,01 - Traffic signal,01 - Functioning,2,0,0,0,,0,,,,,362549.6908,5023770.506,45.35150222,-75.76297747,5771
20--6129,2020/08/07,11:27 AM,CLEARVIEW AVE @ ISLAND PARK DR (0006144),6144,02 - Intersection related,03 - P.D. only,03 - Rear end,01 - Clear,01 - Daylight,01 - Dry,02 - Stop sign,01 - Functioning,2,0,0,0,,0,,,,,363546.6812,5029364.574,45.40175404,-75.74958911,5772
20--613,2020/01/15,10:30 AM,HWY417 IC118 RAMP76 btwn HIGHWAY 417 & HWY417 IC118 RAMP43 (__3ZAY9N),__3ZAY9N,01 - Non intersection,03 - P.D. only,03 - Rear end,01 - Clear,01 - Daylight,02 - Wet,10 - No control,,2,0,0,0,,0,,,,,369282.1322,5030953.717,45.41554781,-75.67612576,5773
20--6130,2020/08/07,11:30 AM,BOOTH ST btwn SOMERSET ST W & ECCLES ST (__3ZBODL),__3ZBODL,01 - Non intersection,03 - P.D. only,06 - SMV unattended vehicle,01 - Clear,01 - Daylight,01 - Dry,10 - No control,,1,0,0,0,,0,,,,,366597.3468,5030244.148,45.40940557,-75.7105143,5774
20--6131,2020/08/07,11:35 AM,8TH LINE RD @ VICTORIA ST (0001616),1616,03 - At intersection,03 - P.D. only,02 - Angle,01 - Clear,01 - Daylight,01 - Dry,02 - Stop sign,01 - Functioning,2,0,0,0,,0,,,,,385452.7931,5011165.419,45.2358304,-75.47277006,5775
20--6132,2020/08/07,11:41 AM,TERRY FOX DR btwn HUNTSVILLE DR & OLD SECOND LINE RD (__8IAYIU),__8IAYIU,01 - Non intersection,01 - Fatal injury,01 - Approaching,01 - Clear,01 - Daylight,01 - Dry,10 - No control,,2,0,0,0,04 - Fatal,3,,,2,1,348022.496,5021680.168,45.33373866,-75.94855136,5776
20--6133,2020/08/07,12:18 PM,HARRY DOUGLAS DR @ IBER RD (0010266),10266,02 - Intersection related,03 - P.D. only,03 - Rear end,01 - Clear,01 - Daylight,01 - Dry,02 - Stop sign,00 - Unknown,3,0,0,0,,0,,,,,351693.5957,5015205.445,45.27524174,-75.9023291,5777
20--6134,2020/08/07,2:30 PM,ALTA VISTA DR @ WESMAR DR (0007865),7865,03 - At intersection,03 - P.D. only,05 - Turning movement,01 - Clear,01 - Daylight,01 - Dry,02 - Stop sign,01 - Functioning,2,0,0,0,,0,,,,,370476.7158,5026988.56,45.37975968,-75.66139239,5778
20--6135,2020/08/07,2:30 PM,HIGHWAY 417 btwn HWY417 IC124 RAMP65 & HWY417 IC122 RAMP51 (__3ZA2R8),__3ZA2R8,01 - Non intersection,03 - P.D. only,03 - Rear end,01 - Clear,01 - Daylight,01 - Dry,10 - No control,,3,0,0,0,,0,,,,,365163.0353,5028716.453,45.39578489,-75.72902351,5779
20--6136,2020/08/07,2:43 PM,MACDONALD-CARTIER BR btwn RAMP & END (2) (__3ZA3UC),__3ZA3UC,06 - Underpass or tunnel,02 - Non-fatal injury,07 - SMV other,01 - Clear,01 - Daylight,01 - Dry,10 - No control,,1,0,0,0,02 - Minor,1,,1,,,367499.2575,5033186.407,45.43579884,-75.69861868,5780
20--6137,2020/08/07,2:52 PM,HIGHWAY 417 btwn HWY417 IC121B RAMP16 & HWY417 IC121A RAMP16 (__3ZA2YX),__3ZA2YX,01 - Non intersection,02 - Non-fatal injury,03 - Rear end,01 - Clear,01 - Daylight,01 - Dry,10 - No control,,2,0,0,0,02 - Minor,3,2,1,,,366835.8635,5029607.402,45.4036552,-75.70754756,5781
20--6138,2020/08/07,3:01 PM,ALTA VISTA DR @ SMYTH RD (0011353),11353,02 - Intersection related,03 - P.D. only,03 - Rear end,01 - Clear,01 - Daylight,01 - Dry,01 - Traffic signal,01 - Functioning,2,0,0,0,,0,,,,,370432.7163,5029081.558,45.39859586,-75.66167579,5782
20--6139,2020/08/07,3:24 PM,FOURTH LINE RD btwn DILWORTH RD & DONNELLY DR (__3ZA30I),__3ZA30I,01 - Non intersection,03 - P.D. only,03 - Rear end,01 - Clear,01 - Daylight,01 - Dry,10 - No control,,2,0,0,0,,0,,,,,371880.8396,4993269.732,45.07622923,-75.64801037,5783
20--614,2020/01/15,10:55 AM,MAPLE GROVE RD @ TERRY FOX DR (0003177),3177,02 - Intersection related,03 - P.D. only,05 - Turning movement,01 - Clear,01 - Daylight,04 - Slush,01 - Traffic signal,01 - Functioning,2,0,0,0,,0,,,,,351553.601,5017864.466,45.29917768,-75.9038627,5784
20--6140,2020/08/07,3:31 PM,BASELINE RD @ MERIVALE RD (0002342),2342,03 - At intersection,03 - P.D. only,02 - Angle,01 - Clear,01 - Daylight,01 - Dry,01 - Traffic signal,01 - Functioning,3,0,0,0,,0,,,,,365054.6999,5025325.51,45.36528316,-75.73082092,5785
20--6141,2020/08/07,3:40 PM,MONTREAL RD @ ST. LAURENT BLVD (0002604),2604,02 - Intersection related,03 - P.D. only,03 - Rear end,01 - Clear,01 - Daylight,01 - Dry,01 - Traffic signal,01 - Functioning,2,0,0,0,,0,,,,,371545.6997,5033817.603,45.44110351,-75.64681968,5786
20--6142,2020/08/07,4:11 PM,INDUSTRIAL AVE @ RIVERSIDE DR (0011905),11905,02 - Intersection related,03 - P.D. only,03 - Rear end,01 - Clear,01 - Daylight,01 - Dry,01 - Traffic signal,00 - Unknown,3,0,0,0,,0,,,,,370684.7131,5030592.569,45.41216768,-75.65825549,5787
20--6143,2020/08/07,4:56 PM,SUSSEX DR @ JOHN ST (0007657),7657,02 - Intersection related,03 - P.D. only,04 - Sideswipe,01 - Clear,01 - Daylight,01 - Dry,02 - Stop sign,01 - Functioning,2,0,0,0,,0,,,,,367860.8458,5033944.926,45.44259121,-75.69390037,5788
20--6144,2020/08/07,5:06 PM,ST. LAURENT BLVD btwn SHORE ST & BELFAST RD (__3ZA2GU),__3ZA2GU,01 - Non intersection,02 - Non-fatal injury,03 - Rear end,01 - Clear,01 - Daylight,01 - Dry,10 - No control,,2,0,0,0,02 - Minor,1,,1,,,372860.3217,5030579.567,45.41184249,-75.63046483,5789
20--6145,2020/08/07,5:15 PM,BESSERER ST @ NICHOLAS ST (0007614),7614,02 - Intersection related,03 - P.D. only,04 - Sideswipe,01 - Clear,01 - Daylight,01 - Dry,01 - Traffic signal,01 - Functioning,2,0,0,0,,0,,,,,368185.7071,5032111.577,45.42606602,-75.68998416,5790
20--6146,2020/08/07,5:15 PM,THOMAS A. DOLAN PKWY btwn TORWOOD DR & STONERIDGE RD (__3ZAC2A),__3ZAC2A,01 - Non intersection,03 - P.D. only,07 - SMV other,01 - Clear,01 - Daylight,01 - Dry,10 - No control,,1,0,0,0,,0,,,,,346417.5642,5035135.061,45.4549057,-75.96789176,5791
20--6147,2020/08/07,6:03 PM,HIGHWAY 7 btwn RAMP & DWYER HILL RD (__7JQ7LW),__7JQ7LW,01 - Non intersection,03 - P.D. only,99 - Other,01 - Clear,01 - Daylight,01 - Dry,10 - No control,,3,0,0,0,,0,,,,,340628.0868,5006609.342,45.19854007,-76.0439758,5792
20--6148,2020/08/07,6:55 AM,SCOTT ST btwn ROCKHURST RD & CARLETON AVE (__3ZA4QT),__3ZA4QT,01 - Non intersection,02 - Non-fatal injury,05 - Turning movement,01 - Clear,01 - Daylight,01 - Dry,10 - No control,,2,1,0,0,02 - Minor,1,,1,,,364110.3075,5029211.891,45.40033271,-75.74240853,5793
20--6149,2020/08/07,7:56 PM,BOWESVILLE RD btwn FICKO CRES & RIDEAU RD (__3ZA71C),__3ZA71C,01 - Non intersection,02 - Non-fatal injury,07 - SMV other,01 - Clear,05 - Dusk,01 - Dry,10 - No control,,1,0,0,0,02 - Minor,1,,1,,,373306.1613,5015689.591,45.27782447,-75.62683166,5794
20--615,2020/01/15,11:15 AM,BANK ST btwn SECOND AVE & THIRD AVE (__3ZA3O2),__3ZA3O2,01 - Non intersection,03 - P.D. only,04 - Sideswipe,01 - Clear,01 - Daylight,02 - Wet,10 - No control,,2,0,0,0,,0,,,,,368313.1123,5029610.172,45.40354765,-75.68867856,5795
20--6150,2020/08/07,8:07 AM,RIDDELL DR btwn CAMPBELL REID CRT & MORAN ST (__3ZA42A),__3ZA42A,01 - Non intersection,02 - Non-fatal injury,03 - Rear end,01 - Clear,01 - Daylight,01 - Dry,10 - No control,,2,0,0,0,01 - Minimal,1,1,,,,347466.8166,5026584.508,45.37790318,-75.95521731,5796