Anom_ID,Accident_Date,Accident_Time,Location,Geo_ID,Accident_Location,Classification_of_Accident,Initial_Impact_Type,Environment_Condition,Light,Road_Surface_Condition,Traffic_Control,Traffic_Control_Condition,No__of_Vehicles,No__of_Bicycles,No__of_Motorcycles,No__of_Pedestrians,Max_Injury,No__of_Injuries,No__of_Minimal,No__of_Minor,No__of_Major,No__of_Fatal,X,Y,Latitude,Longitude,ObjectId
20--6151,2020/08/07,8:38 AM,KENNEVALE DR @ STRANDHERD DR (0010896),10896,02 - Intersection related,03 - P.D. only,99 - Other,01 - Clear,01 - Daylight,01 - Dry,01 - Traffic signal,01 - Functioning,2,0,0,0,,0,,,,,361491.8565,5014099.551,45.26456908,-75.77758312,5797
20--6152,2020/08/07,8:53 PM,RIVERSIDE DR @ UPLANDS DR/KIMBERWICK CRES N (0006890),6890,02 - Intersection related,03 - P.D. only,03 - Rear end,01 - Clear,07 - Dark,01 - Dry,01 - Traffic signal,01 - Functioning,2,0,0,0,,0,,,,,368194.7188,5022793.501,45.34222377,-75.6910657,5798
20--6153,2020/08/07,8:53 PM,IRIS ST @ WOODROFFE AVE (0002736),2736,02 - Intersection related,03 - P.D. only,03 - Rear end,01 - Clear,07 - Dark,01 - Dry,01 - Traffic signal,01 - Functioning,2,0,0,0,,0,,,,,362282.6841,5024441.518,45.35756188,-75.76630681,5799
20--6154,2020/08/07,9:00 AM,HWY 417 INNES IC112R57 @ INNES RD (0012298),12298,02 - Intersection related,03 - P.D. only,03 - Rear end,01 - Clear,01 - Daylight,01 - Dry,01 - Traffic signal,01 - Functioning,2,0,0,0,,0,,,,,374298.8527,5030754.322,45.41327347,-75.61206379,5800
20--6155,2020/08/07,9:15 PM,HUNT CLUB RD EB btwn 275 E OF HAWTHORNE RD/OC TRANSPO TURNAROUND & HAWTHORNE RD (e___2HF3A),e___2HF3A,01 - Non intersection,03 - P.D. only,04 - Sideswipe,01 - Clear,07 - Dark,01 - Dry,10 - No control,,2,0,0,0,,0,,,,,376371.815,5027138.977,45.38053563,-75.58610694,5801
20--6156,2020/08/07,9:17 AM,AVIATION PKWY @ MONTREAL RD (0008799),8799,03 - At intersection,02 - Non-fatal injury,05 - Turning movement,01 - Clear,01 - Daylight,01 - Dry,01 - Traffic signal,01 - Functioning,2,0,1,0,03 - Major,2,,,2,,372146.7251,5034108.578,45.44366392,-75.63909809,5802
20--6157,2020/08/08,1:27 PM,MCARTHUR AVE btwn MAY ST & ST. LAURENT BLVD (__3ZA3XL),__3ZA3XL,01 - Non intersection,03 - P.D. only,03 - Rear end,01 - Clear,01 - Daylight,01 - Dry,10 - No control,,2,0,0,0,,0,,,,,371874.2585,5032874.011,45.43258207,-75.6427489,5803
20--6158,2020/08/08,1:40 PM,HIGHWAY 417 btwn HWY417 IC117 RAMP25 & HWY417 IC115 RAMP51 (__3ZA2R3),__3ZA2R3,01 - Non intersection,02 - Non-fatal injury,03 - Rear end,01 - Clear,01 - Daylight,01 - Dry,10 - No control,,2,0,0,0,01 - Minimal,1,1,,,,371483.3544,5031392.225,45.419287,-75.64794496,5804
20--6159,2020/08/08,10:32 PM,FOREST VALLEY DR btwn DES RAVINS PL & DES RAVINS PL (__3ZA62R),__3ZA62R,01 - Non intersection,02 - Non-fatal injury,07 - SMV other,01 - Clear,07 - Dark,01 - Dry,10 - No control,,1,0,1,0,02 - Minor,2,,2,,,380076.8212,5035031.805,45.45116147,-75.53759902,5805
20--616,2020/01/15,11:19 AM,WOODROFFE AVE @ CLARIDGE DR/STONEWAY DR N (0009791),9791,02 - Intersection related,03 - P.D. only,03 - Rear end,01 - Clear,01 - Daylight,01 - Dry,01 - Traffic signal,01 - Functioning,2,0,0,0,,0,,,,,365576.6957,5016707.441,45.2876937,-75.72521589,5806
20--6160,2020/08/08,10:46 AM,LIMEBANK RD @ RIDEAU RD (0004455),4455,03 - At intersection,03 - P.D. only,02 - Angle,01 - Clear,01 - Daylight,01 - Dry,02 - Stop sign,01 - Functioning,3,0,0,0,,0,,,,,370882.7458,5014019.42,45.26302852,-75.65793897,5807
20--6161,2020/08/08,11:05 AM,WALKLEY RD btwn BANK ST & BANFF AVE (__3ZA375),__3ZA375,01 - Non intersection,03 - P.D. only,03 - Rear end,01 - Clear,01 - Daylight,01 - Dry,10 - No control,,2,0,0,0,,0,,,,,370347.6044,5025953.653,45.37046002,-75.66317816,5808
20--6162,2020/08/08,11:30 AM,BANK ST @ WALKLEY RD (0011423),11423,02 - Intersection related,03 - P.D. only,04 - Sideswipe,01 - Clear,01 - Daylight,01 - Dry,01 - Traffic signal,01 - Functioning,2,0,0,0,,0,,,,,370337.8424,5025947.732,45.37040766,-75.66330356,5809
20--6163,2020/08/08,Unknown,PEPPERVILLE CRES btwn TEMPLEFORD AVE & TABARET ST (__7IFXP5),__7IFXP5,01 - Non intersection,03 - P.D. only,06 - SMV unattended vehicle,01 - Clear,00 - Unknown,01 - Dry,10 - No control,,1,0,0,0,,0,,,,,354466.854,5015360.965,45.27645072,-75.86696976,5810
20--6164,2020/08/08,12:25 PM,MACKENZIE AVE @ MURRAY ST (0011914),11914,02 - Intersection related,03 - P.D. only,04 - Sideswipe,01 - Clear,01 - Daylight,01 - Dry,01 - Traffic signal,01 - Functioning,2,0,0,0,,0,,,,,367639.7013,5032383.585,45.42856272,-75.69692626,5811
20--6165,2020/08/08,12:30 PM,KELLY FARM DR btwn BARRETT FARM DR & TROLLIUS WAY (e___2HNH),e___2HNH,01 - Non intersection,03 - P.D. only,99 - Other,01 - Clear,01 - Daylight,01 - Dry,10 - No control,,2,0,0,0,,0,,,,,374598.825,5020488.888,45.3208798,-75.60968195,5812
20--6166,2020/08/08,2:00 PM,ESSON ST @ HUNT CLUB RD (0002152),2152,02 - Intersection related,03 - P.D. only,03 - Rear end,01 - Clear,01 - Daylight,01 - Dry,02 - Stop sign,01 - Functioning,2,0,0,0,,0,,,,,374639.7405,5025907.517,45.36963033,-75.60839504,5813
20--6167,2020/08/08,2:32 PM,BAYCREST DR @ WALKLEY RD (0006958),6958,02 - Intersection related,03 - P.D. only,07 - SMV other,01 - Clear,01 - Daylight,01 - Dry,01 - Traffic signal,01 - Functioning,1,0,0,0,,0,,,,,371421.1007,5026591.411,45.37609711,-75.64938871,5814
20--6168,2020/08/08,2:35 PM,WARREN AVE @ WELLINGTON ST (0005628),5628,03 - At intersection,03 - P.D. only,02 - Angle,01 - Clear,01 - Daylight,01 - Dry,02 - Stop sign,01 - Functioning,2,0,0,0,,0,,,,,364609.7041,5029047.552,45.39881153,-75.73605005,5815
20--6169,2020/08/08,2:43 PM,QUIGG PRIV btwn LAFAYETTE PRIV & BATHGATE DR (__3ZBO97),__3ZBO97,01 - Non intersection,03 - P.D. only,06 - SMV unattended vehicle,01 - Clear,01 - Daylight,01 - Dry,10 - No control,,1,0,0,0,,0,,,,,373336.6551,5034080.682,45.44329728,-75.62389272,5816
20--617,2020/01/15,Unknown,OTTAWA RIVER PKWY WB btwn TUNNEY'S PASTURE/REMIC RAPIDS ENT & PARKDALE (__3ZA24KA),__3ZA24KA,01 - Non intersection,03 - P.D. only,03 - Rear end,03 - Snow,07 - Dark,03 - Loose snow,10 - No control,,2,0,0,0,,0,,,,,363347.9389,5029568.442,45.40360506,-75.75210336,5817
20--6170,2020/08/08,2:49 PM,BERKELEY AVE @ RICHMOND RD (0006933),6933,02 - Intersection related,03 - P.D. only,03 - Rear end,01 - Clear,01 - Daylight,01 - Dry,02 - Stop sign,00 - Unknown,3,0,0,0,,0,,,,,362910.679,5028065.554,45.39011875,-75.75786553,5818
20--6171,2020/08/08,4:10 PM,PLEASANT PARK RD btwn OTHELLO AVE & ST. LAURENT BLVD (__3ZA76L),__3ZA76L,04 - At/near private drive,03 - P.D. only,99 - Other,01 - Clear,01 - Daylight,01 - Dry,10 - No control,,2,0,0,0,,0,,,,,373576.2599,5028789.741,45.39566849,-75.62156875,5819
20--6172,2020/08/08,4:50 PM,HIGHWAY 417 btwn HWY417 IC122 RAMP15 & HWY417 IC121B RAMP51 (__3ZA2RB),__3ZA2RB,01 - Non intersection,03 - P.D. only,03 - Rear end,01 - Clear,01 - Daylight,01 - Dry,10 - No control,,2,0,0,0,,0,,,,,366165.3828,5029366.708,45.4015486,-75.71614149,5820
20--5832,2020/07/25,4:00 PM,HIGHWAY 417 btwn HWY417 IC122 RAMP15 & HWY417 IC121B RAMP51 (__3ZA2RB),__3ZA2RB,01 - Non intersection,03 - P.D. only,03 - Rear end,01 - Clear,01 - Daylight,01 - Dry,10 - No control,,2,0,0,0,,0,,,,,366550.7546,5029505.743,45.40276571,-75.71120195,5821
20--5586,2020/07/16,10:00 AM,BANK ST btwn SALE BARN RD & GREY'S CREEK RD (__3ZA28J),__3ZA28J,01 - Non intersection,03 - P.D. only,07 - SMV other,01 - Clear,01 - Daylight,01 - Dry,10 - No control,,1,0,0,0,,0,,,,,380238.0578,5013247.648,45.25514342,-75.53886164,5822
20--5833,2020/07/25,4:15 PM,HIGHWAY 417 btwn HWY417 IC124 RAMP65 & HWY417 IC122 RAMP51 (__3ZA2R8),__3ZA2R8,01 - Non intersection,02 - Non-fatal injury,03 - Rear end,01 - Clear,01 - Daylight,01 - Dry,10 - No control,,4,0,0,0,02 - Minor,1,,1,,,365099.0846,5028620.898,45.39493062,-75.72985191,5823
20--5834,2020/07/25,5:06 AM,EAGLESON RD @ COPE DR/CADENCE GT (0011923),11923,02 - Intersection related,02 - Non-fatal injury,07 - SMV other,01 - Clear,03 - Dawn,01 - Dry,01 - Traffic signal,01 - Functioning,1,0,0,0,02 - Minor,1,,1,,,354620.6246,5016027.44,45.28243693,-75.8649431,5824
20--6038,2020/08/04,1:10 PM,ST. LAURENT BLVD @ WALKLEY RD (0007653),7653,02 - Intersection related,03 - P.D. only,03 - Rear end,02 - Rain,01 - Daylight,02 - Wet,01 - Traffic signal,01 - Functioning,2,0,0,0,,0,,,,,373902.7529,5028046.855,45.3889522,-75.61750322,5825
20--5835,2020/07/25,5:12 PM,BANK ST @ RIVERSIDE DR S (0002704),2704,02 - Intersection related,03 - P.D. only,99 - Other,01 - Clear,01 - Daylight,01 - Dry,01 - Traffic signal,01 - Functioning,2,0,0,0,,0,,,,,369304.7204,5027894.55,45.38802038,-75.67623731,5826
20--5836,2020/07/25,5:40 PM,BANK ST @ RIVERSIDE DR S (0002704),2704,02 - Intersection related,03 - P.D. only,03 - Rear end,01 - Clear,01 - Daylight,01 - Dry,01 - Traffic signal,01 - Functioning,3,0,0,0,,0,,,,,369304.7208,5027894.549,45.38802038,-75.67623731,5827
20--6039,2020/08/04,1:20 PM,BANK ST @ HUNT CLUB RD (0002119),2119,02 - Intersection related,02 - Non-fatal injury,03 - Rear end,02 - Rain,01 - Daylight,02 - Wet,01 - Traffic signal,01 - Functioning,2,0,0,0,01 - Minimal,1,1,,,,371608.7358,5024096.502,45.35363093,-75.6473306,5828
20--5837,2020/07/25,6:46 PM,SHEA RD btwn BROWNLEE RD & GARVIN RD (__3ZACH2),__3ZACH2,01 - Non intersection,02 - Non-fatal injury,07 - SMV other,01 - Clear,01 - Daylight,01 - Dry,10 - No control,,1,0,0,0,03 - Major,1,,,1,,356633.4764,5008040.48,45.21042283,-75.84011987,5829
20--604,2020/01/14,9:19 AM,BAY ST @ SOMERSET ST (0007204),7204,03 - At intersection,03 - P.D. only,02 - Angle,01 - Clear,01 - Daylight,06 - Ice,99 - Other,01 - Functioning,2,0,0,0,,0,,,,,367245.3107,5030645.465,45.41295898,-75.70218626,5830
20--5587,2020/07/16,10:22 AM,DUNDEGAN DR btwn GLAMORGAN DR & GLAMORGAN DR (__3ZACL2),__3ZACL2,01 - Non intersection,03 - P.D. only,06 - SMV unattended vehicle,01 - Clear,01 - Daylight,01 - Dry,10 - No control,,1,0,0,0,,0,,,,,353513.7685,5016600.504,45.28767108,-75.87899494,5831
20--6040,2020/08/04,1:27 PM,RIOCAN AVE @ STRANDHERD DR (0010997),10997,02 - Intersection related,03 - P.D. only,02 - Angle,02 - Rain,01 - Daylight,02 - Wet,01 - Traffic signal,01 - Functioning,3,0,0,0,,0,,,,,364172.2306,5014944.574,45.27195147,-75.74332937,5832
20--5838,2020/07/25,7:20 PM,CONROY RD @ HUNT CLUB RD (0002257),2257,03 - At intersection,01 - Fatal injury,05 - Turning movement,01 - Clear,01 - Daylight,01 - Dry,01 - Traffic signal,01 - Functioning,2,1,0,0,04 - Fatal,2,,1,,1,373763.7383,5025404.53,45.36519141,-75.61964735,5833
20--6041,2020/08/04,1:36 PM,INNES RD @ STAR TOP RD/WINDMILL LANE (0008734),8734,03 - At intersection,02 - Non-fatal injury,05 - Turning movement,02 - Rain,01 - Daylight,02 - Wet,01 - Traffic signal,01 - Functioning,2,0,0,0,02 - Minor,1,,1,,,374147.7342,5030666.562,45.41249884,-75.61400664,5834
20--5839,2020/07/26,1:30 AM,LINCOLN HEIGHTS RD btwn RICHLIN CRES & REGINA ST (1) (__3ZAAB0),__3ZAAB0,01 - Non intersection,03 - P.D. only,06 - SMV unattended vehicle,01 - Clear,07 - Dark,01 - Dry,10 - No control,,1,0,0,0,,0,,,,,360702.1681,5025720.361,45.36919664,-75.78633382,5835
20--584,2020/01/14,4:36 PM,LEITRIM RD btwn 810 W OF HAWTHORNE & BANK ST (__3ZA3SPA),__3ZA3SPA,04 - At/near private drive,03 - P.D. only,05 - Turning movement,01 - Clear,05 - Dusk,04 - Slush,10 - No control,,2,0,0,0,,0,,,,,375383.6465,5021635.36,45.33111683,-75.59950897,5836
20--6042,2020/08/04,10:00 AM,ALBERT ST @ BANK ST (0002115),2115,03 - At intersection,03 - P.D. only,02 - Angle,02 - Rain,01 - Daylight,02 - Wet,01 - Traffic signal,01 - Functioning,2,0,0,0,,0,,,,,367385.853,5031423.384,45.4199459,-75.70029205,5837
20--5840,2020/07/26,1:43 PM,TERRY FOX DR @ TRANS CANADA TRAIL (0011969),11969,02 - Intersection related,03 - P.D. only,03 - Rear end,01 - Clear,01 - Daylight,01 - Dry,01 - Traffic signal,01 - Functioning,2,0,1,0,,0,,,,,353251.8386,5015999.823,45.28228411,-75.8823925,5838
20--6043,2020/08/04,10:15 AM,BASELINE RD @ CLYDE AVE (0002343),2343,02 - Intersection related,03 - P.D. only,03 - Rear end,02 - Rain,01 - Daylight,02 - Wet,01 - Traffic signal,01 - Functioning,2,0,0,0,,0,,,,,364358.7026,5024890.514,45.36142861,-75.73975728,5839
20--5841,2020/07/26,1:50 PM,BASELINE RD @ CLYDE AVE (0002343),2343,02 - Intersection related,03 - P.D. only,03 - Rear end,01 - Clear,01 - Daylight,01 - Dry,01 - Traffic signal,01 - Functioning,2,0,0,0,,0,,,,,364358.7027,5024890.512,45.36142859,-75.73975728,5840
20--5588,2020/07/16,10:45 AM,SMYTH RD btwn MAIN ST & RAMP (__3ZA3OL),__3ZA3OL,01 - Non intersection,03 - P.D. only,04 - Sideswipe,01 - Clear,01 - Daylight,01 - Dry,10 - No control,,2,0,0,0,,0,,,,,369824.0477,5029144.444,45.39921848,-75.66944117,5841
20--6044,2020/08/04,10:18 AM,BLACKBURN BYPASS WB btwn 1700 W OF NAVAN RD & INNES RD W (__3ZA3J5A),__3ZA3J5A,01 - Non intersection,02 - Non-fatal injury,03 - Rear end,02 - Rain,01 - Daylight,02 - Wet,10 - No control,,2,0,0,0,01 - Minimal,1,1,,,,377387.1101,5032150.444,45.42552139,-75.57240679,5842
20--5842,2020/07/26,3:00 PM,FRANKTOWN RD btwn ASHTON STATION RD & STARLIGHT PL (__5A65CP),__5A65CP,01 - Non intersection,03 - P.D. only,07 - SMV other,01 - Clear,01 - Daylight,01 - Dry,10 - No control,,1,0,0,0,,0,,,,,346288.6897,4996774.105,45.10972631,-75.97274657,5843
20--6045,2020/08/04,11:14 PM,BANK ST @ RIVERSIDE DR N (0010778),10778,02 - Intersection related,03 - P.D. only,03 - Rear end,02 - Rain,07 - Dark,02 - Wet,01 - Traffic signal,01 - Functioning,2,0,0,0,,0,,,,,369225.7114,5027983.538,45.38882834,-75.67723458,5844
20--5589,2020/07/16,11:35 AM,PRINCE OF WALES DR btwn WILLIAM MCEWEN DR & CARSONBY RD W (__3ZAZ7Y),__3ZAZ7Y,07 - Overpass or bridge,03 - P.D. only,07 - SMV other,01 - Clear,01 - Daylight,01 - Dry,10 - No control,,1,0,0,0,,0,,,,,366147.8634,5004712.156,45.17971028,-75.71941436,5845
20--5843,2020/07/26,3:29 PM,PARKDALE AVE @ HWY 417 PARKDAL IC122R15/HWY 41 (0002363),2363,03 - At intersection,03 - P.D. only,02 - Angle,01 - Clear,01 - Daylight,01 - Dry,01 - Traffic signal,01 - Functioning,2,0,0,0,,0,,,,,365336.6978,5028845.556,45.39693154,-75.72678979,5846
20--6046,2020/08/04,11:27 AM,BROPHY DR @ HWY 416 BANKFIEL IC57R34 (0001078),1078,03 - At intersection,02 - Non-fatal injury,02 - Angle,02 - Rain,01 - Daylight,02 - Wet,02 - Stop sign,01 - Functioning,3,0,0,0,03 - Major,2,,1,1,,364561.3067,5007931.519,45.20881469,-75.73921388,5847
20--559,2020/01/13,8:45 AM,GREEN VALLEY CRES @ PRINCE OF WALES DR (0003083),3083,03 - At intersection,03 - P.D. only,05 - Turning movement,01 - Clear,01 - Daylight,01 - Dry,02 - Stop sign,01 - Functioning,2,1,0,0,,0,,,,,366994.7175,5026707.537,45.37754887,-75.70588403,5848
20--5844,2020/07/26,4:45 PM,BASELINE RD @ GREENBANK RD (0002357),2357,02 - Intersection related,03 - P.D. only,03 - Rear end,01 - Clear,01 - Daylight,01 - Dry,01 - Traffic signal,01 - Functioning,2,0,0,0,,0,,,,,360597.685,5022584.5,45.34098859,-75.78802151,5849
20--6047,2020/08/04,11:40 AM,LAURIER AVE @ NICHOLAS ST (0010711),10711,02 - Intersection related,03 - P.D. only,03 - Rear end,01 - Clear,01 - Daylight,01 - Dry,01 - Traffic signal,01 - Functioning,2,0,0,0,,0,,,,,368373.645,5031798.273,45.42322996,-75.68762315,5850
20--5590,2020/07/16,11:52 AM,PRINCE OF WALES DR btwn MARYLAND AVE & DYNES RD (__3ZA3GZ),__3ZA3GZ,01 - Non intersection,02 - Non-fatal injury,03 - Rear end,01 - Clear,01 - Daylight,01 - Dry,10 - No control,,2,1,0,0,03 - Major,1,,,1,,367086.7945,5025936.279,45.37060109,-75.70480576,5851
20--5591,2020/07/16,12:25 PM,BURNBANK ST btwn CRAWLEY AVE & AVONLEA RD (__3ZA542),__3ZA542,04 - At/near private drive,03 - P.D. only,06 - SMV unattended vehicle,01 - Clear,01 - Daylight,01 - Dry,10 - No control,,1,0,0,0,,0,,,,,365402.2528,5020059.762,45.3178727,-75.72702968,5852
20--5592,2020/07/16,12:30 PM,INNES RD @ STONEHENGE CRES W (0009354),9354,02 - Intersection related,03 - P.D. only,04 - Sideswipe,01 - Clear,01 - Daylight,01 - Dry,01 - Traffic signal,01 - Functioning,2,0,0,0,,0,,,,,375199.741,5031216.563,45.41734241,-75.60048918,5853
20--5593,2020/07/16,3:48 PM,PRINCE OF WALES DR @ MEADOWLANDS DR/HOG'S BACK (0001629),1629,03 - At intersection,02 - Non-fatal injury,07 - SMV other,01 - Clear,01 - Daylight,01 - Dry,01 - Traffic signal,01 - Functioning,1,0,0,0,01 - Minimal,1,1,,,,367371.9122,5025693.474,45.36839099,-75.70119687,5854
20--5594,2020/07/16,4:19 PM,ALBERT ST @ BOOTH ST (0002162),2162,02 - Intersection related,03 - P.D. only,03 - Rear end,01 - Clear,01 - Daylight,01 - Dry,01 - Traffic signal,01 - Functioning,2,0,0,0,,0,,,,,366428.6902,5030626.559,45.41286127,-75.71262094,5855
20--5595,2020/07/16,5:08 PM,CENTRAL PARK DR S @ MERIVALE RD (0009113),9113,03 - At intersection,02 - Non-fatal injury,02 - Angle,01 - Clear,01 - Daylight,01 - Dry,01 - Traffic signal,01 - Functioning,2,1,0,0,03 - Major,1,,,1,,364987.1897,5025598.502,45.36774529,-75.73164938,5856
20--5596,2020/07/16,7:23 AM,HUNTLEY RD @ PERTH ST (0010384),10384,02 - Intersection related,03 - P.D. only,04 - Sideswipe,01 - Clear,01 - Daylight,01 - Dry,01 - Traffic signal,01 - Functioning,2,0,0,0,,0,,,,,356891.6107,5006389.349,45.19554642,-75.83700644,5857
20--5597,2020/07/16,7:52 PM,HWY417 IC118 RAMP35 btwn HWY417 IC118 RAMP45 & MANN AVE OVERPASS (__3ZAYAW),__3ZAYAW,01 - Non intersection,03 - P.D. only,04 - Sideswipe,01 - Clear,01 - Daylight,01 - Dry,10 - No control,,2,0,0,0,,0,,,,,369120.6135,5031284.34,45.4185375,-75.67814608,5858
20--5598,2020/07/16,8:20 PM,HIGHWAY 416 btwn HWY416 IC49 RAMP24 & HWY416 IC42 RAMP42 (__3ZA29T),__3ZA29T,01 - Non intersection,02 - Non-fatal injury,07 - SMV other,01 - Clear,05 - Dusk,01 - Dry,10 - No control,,1,0,0,0,02 - Minor,1,,1,,,370076.782,4997331.459,45.11294581,-75.67039212,5859
20--5599,2020/07/16,8:29 AM,HERON RD EB btwn HERON RD EB ON RAMP/VINCENT MASSEY PARK & RIVERSIDE D (__3ZA37D),__3ZA37D,04 - At/near private drive,02 - Non-fatal injury,07 - SMV other,01 - Clear,01 - Daylight,01 - Dry,10 - No control,,1,0,0,0,01 - Minimal,1,1,,,,367924.4802,5026605.989,45.37655202,-75.69402677,5860
20--56,2020/01/02,8:30 PM,CARLING AVE btwn RIFLE RD & DAVIDSON'S SIDE RD (__3ZBOCR),__3ZBOCR,01 - Non intersection,03 - P.D. only,07 - SMV other,01 - Clear,07 - Dark,02 - Wet,10 - No control,,1,0,0,0,,0,,,,,354061.5824,5023419.969,45.34899567,-75.8713336,5861
20--560,2020/01/13,9:20 PM,CONROY RD @ ROSEBELLA AVE (0009358),9358,02 - Intersection related,03 - P.D. only,04 - Sideswipe,01 - Clear,07 - Dark,01 - Dry,02 - Stop sign,00 - Unknown,2,0,0,0,,0,,,,,374288.7453,5024190.501,45.35421624,-75.61311689,5862
20--5600,2020/07/17,1:17 PM,ISLAND PARK DR @ MAILES AVE (0005629),5629,03 - At intersection,03 - P.D. only,02 - Angle,01 - Clear,01 - Daylight,01 - Dry,02 - Stop sign,01 - Functioning,2,0,0,0,,0,,,,,364028.6955,5028921.552,45.3977272,-75.74348576,5863
20--5601,2020/07/17,10:05 AM,BAYSHORE DR btwn WOODRIDGE CRES S & BAYSHORE CS (__3ZAA4OB),__3ZAA4OB,01 - Non intersection,03 - P.D. only,04 - Sideswipe,01 - Clear,01 - Daylight,01 - Dry,10 - No control,,2,0,0,0,,0,,,,,359230.0313,5023515.189,45.34947039,-75.80536905,5864
20--5602,2020/07/17,11:01 PM,MARCH RD btwn PETER ROBINSON RD & CORKERY RD (__3ZA2RJ),__3ZA2RJ,01 - Non intersection,03 - P.D. only,07 - SMV other,01 - Clear,07 - Dark,01 - Dry,10 - No control,,1,0,0,0,,0,,,,,335072.6586,5015329.438,45.27726956,-76.1141535,5865
20--5603,2020/07/17,11:10 PM,RIDDELL DR btwn MARCH VALLEY RD & SIXTH LINE RD (__3ZA42B),__3ZA42B,01 - Non intersection,03 - P.D. only,07 - SMV other,01 - Clear,07 - Dark,01 - Dry,10 - No control,,1,0,0,0,,0,,,,,350153.0288,5029074.921,45.40014356,-75.92069179,5866
20--5604,2020/07/17,11:39 AM,STRANDHERD DR btwn GREENBANK RD & Continuation of STRANDHERD DR (__5U4IBT),__5U4IBT,04 - At/near private drive,02 - Non-fatal injury,03 - Rear end,01 - Clear,01 - Daylight,01 - Dry,10 - No control,,2,0,0,0,01 - Minimal,1,1,,,,364023.1118,5014839.346,45.27101721,-75.7452422,5867
20--5605,2020/07/17,12:30 PM,HIGHWAY 417 btwn HWY417 IC122 RAMP15 & HWY417 IC121B RAMP51 (__3ZA2RB),__3ZA2RB,01 - Non intersection,03 - P.D. only,04 - Sideswipe,01 - Clear,01 - Daylight,01 - Dry,10 - No control,,2,0,0,0,,0,,,,,365656.497,5029089.913,45.39910248,-75.72267536,5868
20--5606,2020/07/17,12:33 PM,NICHOLAS ST SB btwn LAURIER AVE E & Continuation of NICHOLAS ST (__3ZA3MG),__3ZA3MG,01 - Non intersection,03 - P.D. only,04 - Sideswipe,01 - Clear,01 - Daylight,01 - Dry,10 - No control,,2,0,0,0,,0,,,,,368404.5992,5031758.931,45.42287316,-75.68723272,5869
20--5607,2020/07/17,12:38 PM,HIGHWAY 417 btwn HWY417 IC122 RAMP15 & HWY417 IC121B RAMP51 (__3ZA2RB),__3ZA2RB,01 - Non intersection,03 - P.D. only,04 - Sideswipe,01 - Clear,01 - Daylight,01 - Dry,10 - No control,,2,0,0,0,,0,,,,,365766.1694,5029161.202,45.39973438,-75.72126582,5870
20--5608,2020/07/17,12:47 AM,HIGHWAY 417 btwn HWY417 IC118 RAMP67 & HWY417 IC117 RAMP36 (__3ZA2YO),__3ZA2YO,01 - Non intersection,03 - P.D. only,07 - SMV other,01 - Clear,07 - Dark,01 - Dry,10 - No control,,1,0,0,0,,0,,,,,369740.0036,5031158.561,45.41734857,-75.67024926,5871
20--5609,2020/07/17,2:30 PM,NORICE ST @ WOODROFFE AVE (0001542),1542,02 - Intersection related,03 - P.D. only,03 - Rear end,01 - Clear,01 - Daylight,01 - Dry,01 - Traffic signal,01 - Functioning,2,0,0,0,,0,,,,,363194.6835,5022397.502,45.33909464,-75.75490863,5872
20--561,2020/01/13,9:46 AM,WOODROFFE AVE @ SPORTSPLEX N (0005568),5568,03 - At intersection,03 - P.D. only,05 - Turning movement,03 - Snow,01 - Daylight,02 - Wet,01 - Traffic signal,01 - Functioning,2,0,0,0,,0,,,,,363763.6706,5021067.232,45.32707738,-75.7478077,5873
20--5610,2020/07/17,2:35 PM,HIGHWAY 417 btwn HWY417 IC124 RAMP65 & HWY417 IC122 RAMP51 (__3ZA2R8),__3ZA2R8,01 - Non intersection,03 - P.D. only,03 - Rear end,01 - Clear,01 - Daylight,01 - Dry,10 - No control,,3,0,0,0,,0,,,,,364960.1944,5028374.159,45.39272246,-75.73165576,5874
20--5611,2020/07/17,2:38 PM,STITTSVILLE MAIN ST @ HAZELDEAN RD (0000050),50,02 - Intersection related,02 - Non-fatal injury,03 - Rear end,01 - Clear,01 - Daylight,01 - Dry,01 - Traffic signal,01 - Functioning,2,0,0,0,02 - Minor,2,1,1,,,349558.4019,5014878.718,45.27244089,-75.92957076,5875
20--5612,2020/07/17,3:05 PM,FOREST VALLEY DR @ ORLEANS BLVD (0003627),3627,02 - Intersection related,02 - Non-fatal injury,03 - Rear end,01 - Clear,01 - Daylight,01 - Dry,01 - Traffic signal,01 - Functioning,2,0,0,0,01 - Minimal,1,1,,,,380258.7475,5034819.567,45.44923229,-75.53530601,5876
20--5613,2020/07/17,3:27 PM,LAURIER AVE @ NICHOLAS ST (0010711),10711,03 - At intersection,03 - P.D. only,02 - Angle,01 - Clear,01 - Daylight,01 - Dry,01 - Traffic signal,01 - Functioning,2,1,0,0,,0,,,,,368373.5911,5031798.268,45.42322992,-75.68762384,5877
20--5614,2020/07/17,3:30 PM,KING EDWARD AVE @ ST. PATRICK ST (0002714),2714,02 - Intersection related,03 - P.D. only,03 - Rear end,01 - Clear,01 - Daylight,01 - Dry,01 - Traffic signal,01 - Functioning,2,0,0,0,,0,,,,,368248.6963,5032823.586,45.43246671,-75.68908756,5878