Anom_ID,Accident_Date,Accident_Time,Location,Geo_ID,Accident_Location,Classification_of_Accident,Initial_Impact_Type,Environment_Condition,Light,Road_Surface_Condition,Traffic_Control,Traffic_Control_Condition,No__of_Vehicles,No__of_Bicycles,No__of_Motorcycles,No__of_Pedestrians,Max_Injury,No__of_Injuries,No__of_Minimal,No__of_Minor,No__of_Major,No__of_Fatal,X,Y,Latitude,Longitude,ObjectId
20--5615,2020/07/17,3:44 PM,CARLING AVE @ ISLAND PARK DR (0010785),10785,02 - Intersection related,03 - P.D. only,03 - Rear end,01 - Clear,01 - Daylight,01 - Dry,01 - Traffic signal,01 - Functioning,2,0,0,0,,0,,,,,365348.7011,5027997.543,45.38930026,-75.72674056,5879
20--5616,2020/07/17,3:52 PM,REGIONAL ROAD 174 btwn TRANSIT & OR174 IC105 RAMP51 (__3ZA28H),__3ZA28H,01 - Non intersection,02 - Non-fatal injury,03 - Rear end,01 - Clear,01 - Daylight,01 - Dry,10 - No control,,4,0,0,0,03 - Major,2,,1,1,,377661.8556,5036016.422,45.46027632,-75.56832388,5880
20--5617,2020/07/17,4:30 PM,STEWART ST btwn CUMBERLAND ST & KING EDWARD AVE (__3ZA3VU),__3ZA3VU,01 - Non intersection,03 - P.D. only,04 - Sideswipe,01 - Clear,01 - Daylight,01 - Dry,10 - No control,,2,0,0,0,,0,,,,,368543.7805,5032150.305,45.42638194,-75.68540374,5881
20--5618,2020/07/17,4:45 PM,INNES RD btwn O'TOOLE RD & DUNNING RD (__3ZBN92),__3ZBN92,01 - Non intersection,03 - P.D. only,07 - SMV other,01 - Clear,01 - Daylight,01 - Dry,10 - No control,,1,0,0,0,,0,,,,,389317.8579,5038387.164,45.48029282,-75.41889703,5882
20--5619,2020/07/17,4:58 PM,INNES RD @ JEANNE D'ARC BLVD/MER BLEUE RD (0012475),12475,02 - Intersection related,03 - P.D. only,03 - Rear end,01 - Clear,01 - Daylight,01 - Dry,01 - Traffic signal,01 - Functioning,3,0,0,0,,0,,,,,382637.7521,5035567.555,45.45570116,-75.50477807,5883
20--562,2020/01/14,10:00 AM,FLEWELLYN RD btwn DWYER HILL RD & MUNSTER RD (__3ZAC6O),__3ZAC6O,01 - Non intersection,03 - P.D. only,99 - Other,01 - Clear,01 - Daylight,01 - Dry,10 - No control,,2,0,0,0,,0,,,,,345978.2598,5005918.893,45.19203484,-75.97593786,5884
20--5620,2020/07/17,5:00 PM,TARQUIN CRES btwn TYBALT CRES & TYBALT CRES (__3ZABFL),__3ZABFL,01 - Non intersection,03 - P.D. only,01 - Approaching,01 - Clear,01 - Daylight,01 - Dry,10 - No control,,2,0,0,0,,0,,,,,357168.8536,5020079.857,45.31871593,-75.83203528,5885
20--5621,2020/07/17,5:00 PM,HIGHWAY 417 btwn HWY417 IC122 RAMP15 & HWY417 IC121B RAMP51 (__3ZA2RB),__3ZA2RB,01 - Non intersection,03 - P.D. only,03 - Rear end,01 - Clear,01 - Daylight,01 - Dry,10 - No control,,3,0,0,0,,0,,,,,366521.3629,5029496.877,45.40268853,-75.71157847,5886
20--5622,2020/07/17,5:03 PM,LAURIER AVE @ NICHOLAS ST (0010711),10711,03 - At intersection,03 - P.D. only,02 - Angle,01 - Clear,01 - Daylight,01 - Dry,01 - Traffic signal,01 - Functioning,2,0,0,0,,0,,,,,368373.6405,5031798.275,45.42322998,-75.68762321,5887
20--5623,2020/07/17,5:05 PM,HIGHWAY 417 btwn HWY417 IC122 RAMP15 & HWY417 IC121B RAMP51 (__3ZA2RB),__3ZA2RB,01 - Non intersection,03 - P.D. only,03 - Rear end,01 - Clear,01 - Daylight,01 - Dry,10 - No control,,2,0,0,0,,0,,,,,365672.433,5029100.858,45.39919958,-75.72247047,5888
20--5624,2020/07/17,5:20 PM,HIGHWAY 417 btwn HWY417 IC124 RAMP65 & HWY417 IC122 RAMP51 (__3ZA2R8),__3ZA2R8,01 - Non intersection,03 - P.D. only,03 - Rear end,01 - Clear,01 - Daylight,01 - Dry,10 - No control,,5,0,0,0,,0,,,,,365033.7137,5028506.029,45.39390268,-75.73070078,5889
20--5625,2020/07/17,5:22 PM,WEST HUNT CLUB RD @ ANTARES DR/LASER ST (0000116),116,02 - Intersection related,03 - P.D. only,03 - Rear end,01 - Clear,01 - Daylight,01 - Dry,01 - Traffic signal,01 - Functioning,2,0,0,0,,0,,,,,367107.714,5022081.505,45.33591475,-75.70502449,5890
20--5626,2020/07/17,5:45 PM,BANK ST @ FOURTH AVE (0007249),7249,02 - Intersection related,03 - P.D. only,01 - Approaching,01 - Clear,01 - Daylight,01 - Dry,02 - Stop sign,01 - Functioning,2,0,0,0,,0,,,,,368367.719,5029476.564,45.40234053,-75.6879983,5891
20--5627,2020/07/17,5:55 PM,GLENHAVEN PRIV btwn WESTVALLEY PRIV & WESTVALLEY PRIV (__4QVZ92),__4QVZ92,01 - Non intersection,03 - P.D. only,04 - Sideswipe,01 - Clear,01 - Daylight,01 - Dry,10 - No control,,2,0,0,0,,0,,,,,370173.9266,5025924.22,45.37021141,-75.6653991,5892
20--5628,2020/07/17,6:09 PM,OR174 IC109 RAMP65 @ MONTREAL RD (0004119),4119,02 - Intersection related,03 - P.D. only,04 - Sideswipe,01 - Clear,01 - Daylight,01 - Dry,01 - Traffic signal,01 - Functioning,2,0,0,0,,0,,,,,376402.712,5034982.597,45.45110482,-75.58457284,5893
20--5629,2020/07/17,6:33 PM,INNES RD EB btwn INNES RD E & ORLEANS BLVD (__3ZA3J0),__3ZA3J0,01 - Non intersection,03 - P.D. only,03 - Rear end,01 - Clear,01 - Daylight,01 - Dry,10 - No control,,3,0,0,0,,0,,,,,380184.6279,5034117.133,45.44292032,-75.53636107,5894
20--563,2020/01/14,11:08 PM,CARP RD btwn CRAIG'S SIDE RD & CHARLIE'S LANE (__3ZA3GL),__3ZA3GL,01 - Non intersection,03 - P.D. only,07 - SMV other,01 - Clear,07 - Dark,02 - Wet,10 - No control,,1,0,0,0,,0,,,,,340436.6088,5023678.763,45.35214908,-76.04518756,5895
20--5630,2020/07/17,6:44 AM,WALLER ST/NICHOLAS ST SB RAMP btwn MACKENZIE KING BR/NICHOLAS ST SB RA (__39TE2B),__39TE2B,01 - Non intersection,03 - P.D. only,04 - Sideswipe,02 - Rain,01 - Daylight,02 - Wet,10 - No control,,2,0,0,0,,0,,,,,368370.3826,5031987.964,45.42493703,-75.68764036,5896
20--5631,2020/07/17,7:08 AM,PINECREST RD @ RICHMOND RD (0002353),2353,02 - Intersection related,03 - P.D. only,07 - SMV other,02 - Rain,01 - Daylight,02 - Wet,01 - Traffic signal,01 - Functioning,1,0,0,0,,0,,,,,360072.6762,5024471.519,45.35800953,-75.7945092,5897
20--6048,2020/08/04,Unknown,DALY AVE btwn NELSON ST & FRIEL ST (__3ZA81Y),__3ZA81Y,01 - Non intersection,03 - P.D. only,06 - SMV unattended vehicle,01 - Clear,00 - Unknown,01 - Dry,10 - No control,,1,0,0,0,,0,,,,,368840.8403,5032426.471,45.42883964,-75.68157202,5898
20--6049,2020/08/04,12:18 PM,MAITLAND AVE/GLENMOUNT AVE @ ERINDALE DR (0002724),2724,03 - At intersection,02 - Non-fatal injury,07 - SMV other,01 - Clear,01 - Daylight,01 - Dry,01 - Traffic signal,01 - Functioning,1,0,0,0,02 - Minor,1,,1,,,363697.7005,5025211.504,45.36437268,-75.74815571,5899
20--5845,2020/07/26,5:43 PM,BRONSON AVE btwn RENFREW AVE & POWELL AVE (__3ZA3BZ),__3ZA3BZ,04 - At/near private drive,03 - P.D. only,02 - Angle,01 - Clear,01 - Daylight,01 - Dry,10 - No control,,2,0,0,0,,0,,,,,367365.3271,5029530.739,45.40291829,-75.70079453,5900
20--605,2020/01/14,9:53 AM,VICTORIA ST btwn CARTWRIGHT RD & BOUNDARY RD (__3ZA3XB),__3ZA3XB,01 - Non intersection,02 - Non-fatal injury,01 - Approaching,01 - Clear,01 - Daylight,02 - Wet,10 - No control,,2,0,0,0,03 - Major,2,,,2,,390590.2593,5013791.556,45.25885107,-75.40689545,5901
20--6050,2020/08/04,12:21 PM,CARLING AVE @ KIRKWOOD AVE N (0002358),2358,03 - At intersection,03 - P.D. only,02 - Angle,01 - Clear,01 - Daylight,01 - Dry,01 - Traffic signal,01 - Functioning,2,0,0,0,,0,,,,,364275.6836,5027493.531,45.3848572,-75.74050344,5902
20--5846,2020/07/26,7:29 AM,PRINCE OF WALES DR @ HARTWELL LOCKS/548 N OF R (0008223),8223,02 - Intersection related,03 - P.D. only,03 - Rear end,01 - Clear,01 - Daylight,01 - Dry,01 - Traffic signal,01 - Functioning,2,0,0,0,,0,,,,,367016.6,5027301.968,45.38289547,-75.70552975,5903
20--6051,2020/08/04,2:45 PM,BANK ST btwn CECIL AVE & HERON RD (__3ZA3AC),__3ZA3AC,04 - At/near private drive,03 - P.D. only,02 - Angle,01 - Clear,01 - Daylight,01 - Dry,10 - No control,,2,0,0,0,,0,,,,,369972.4328,5026914.543,45.37914079,-75.66784052,5904
20--5847,2020/07/26,8:45 PM,PRINCE OF WALES DR btwn SECOND LINE RD S & BANKFIELD RD (__3ZA295),__3ZA295,01 - Non intersection,03 - P.D. only,07 - SMV other,01 - Clear,05 - Dusk,01 - Dry,10 - No control,,1,0,0,0,,0,,,,,365899.0858,5006734.207,45.19792648,-75.72233176,5905
20--6052,2020/08/04,2:51 PM,HIGHWAY 417 btwn HWY417 IC115 RAMP25 & REGIONAL ROAD 174 (__3ZA2RY),__3ZA2RY,01 - Non intersection,03 - P.D. only,07 - SMV other,02 - Rain,01 - Daylight,02 - Wet,10 - No control,,1,0,0,0,,0,,,,,373159.6109,5031644.867,45.42139838,-75.6264938,5906
20--5848,2020/07/27,1:55 PM,CONROY RD @ WALKLEY RD (0002648),2648,02 - Intersection related,03 - P.D. only,03 - Rear end,01 - Clear,01 - Daylight,01 - Dry,01 - Traffic signal,01 - Functioning,3,0,0,0,,0,,,,,372903.719,5027463.532,45.38380156,-75.63034067,5907
20--6053,2020/08/04,3:14 PM,ST. LAURENT BLVD btwn TREMBLAY RD & SHORE ST (__3ZA2GT),__3ZA2GT,01 - Non intersection,03 - P.D. only,03 - Rear end,02 - Rain,01 - Daylight,02 - Wet,10 - No control,,3,0,0,0,,0,,,,,372748.6203,5030862.394,45.41439809,-75.63185277,5908
20--5849,2020/07/27,10:45 PM,HIGHWAY 417 btwn HWY417 IC123 RAMP62 & HWY417 IC122 RAMP16 (__3ZA2R9),__3ZA2R9,01 - Non intersection,03 - P.D. only,07 - SMV other,01 - Clear,07 - Dark,01 - Dry,10 - No control,,1,0,0,0,,0,,,,,364967.9933,5028421.491,45.39314767,-75.73155039,5909
20--6054,2020/08/04,3:19 PM,KING EDWARD AVE @ MURRAY ST (0002713),2713,02 - Intersection related,03 - P.D. only,04 - Sideswipe,02 - Rain,01 - Daylight,02 - Wet,01 - Traffic signal,01 - Functioning,2,0,0,0,,0,,,,,368291.7003,5032753.583,45.43183294,-75.68854702,5910
20--585,2020/01/14,4:55 PM,CAMPEAU DR @ TERON RD/COLCHESTER SQ (0009033),9033,02 - Intersection related,03 - P.D. only,03 - Rear end,01 - Clear,05 - Dusk,02 - Wet,01 - Traffic signal,01 - Functioning,3,0,0,0,,0,,,,,352563.7297,5020467.522,45.32253262,-75.89073275,5911
20--5850,2020/07/27,11:07 AM,EXHIBITION WAY btwn BANK ST & NO NAME (e___2HQY),e___2HQY,01 - Non intersection,02 - Non-fatal injury,07 - SMV other,01 - Clear,01 - Daylight,01 - Dry,10 - No control,,1,0,0,1,02 - Minor,1,,1,,,368618.703,5029129.484,45.39919478,-75.68483752,5912
20--5851,2020/07/27,11:33 AM,BLAIR RD @ INNES RD (0004165),4165,02 - Intersection related,03 - P.D. only,03 - Rear end,01 - Clear,01 - Daylight,01 - Dry,01 - Traffic signal,01 - Functioning,2,0,0,0,,0,,,,,375578.7333,5031439.547,45.41931046,-75.5956153,5913
20--5852,2020/07/27,Unknown,"MONTREAL RD btwn EGLISE, RUE DE L & ST. LAURENT BLVD (__3ZA3ML)",__3ZA3ML,01 - Non intersection,03 - P.D. only,06 - SMV unattended vehicle,01 - Clear,00 - Unknown,01 - Dry,10 - No control,,1,0,0,0,,0,,,,,371529.245,5033809.799,45.44103486,-75.64703105,5914
20--5853,2020/07/27,12:01 AM,REGIONAL ROAD 174 btwn CANAAN RD & END (__3ZA2U3),__3ZA2U3,01 - Non intersection,03 - P.D. only,07 - SMV other,01 - Clear,07 - Dark,01 - Dry,10 - No control,,1,0,0,0,,0,,,,,395843.209,5043439.099,45.52492249,-75.33450777,5915
20--5854,2020/07/27,12:10 PM,ALBION RD @ HUNT CLUB RD (0006974),6974,02 - Intersection related,03 - P.D. only,03 - Rear end,01 - Clear,01 - Daylight,01 - Dry,01 - Traffic signal,01 - Functioning,2,0,0,0,,0,,,,,371868.345,5024321.415,45.35562984,-75.64398711,5916
20--5855,2020/07/27,12:14 PM,ST. JOSEPH BLVD/OLD MONTREAL RD @ TRIM RD (0004118),4118,03 - At intersection,03 - P.D. only,02 - Angle,01 - Clear,01 - Daylight,01 - Dry,11 - Roundabout,01 - Functioning,2,0,0,0,,0,,,,,384682.7483,5039285.554,45.48892138,-75.47803072,5917
20--5856,2020/07/27,12:15 PM,BASELINE RD/HWY 416 RICHMOND IC75R53 @ RICHMON (0000148),148,02 - Intersection related,03 - P.D. only,99 - Other,01 - Clear,01 - Daylight,01 - Dry,01 - Traffic signal,01 - Functioning,2,0,0,0,,0,,,,,358635.6639,5021821.487,45.33427628,-75.81313807,5918
20--5857,2020/07/27,12:20 PM,MARCH RD btwn UPPER DWYER HILL RD & PETER ROBINSON RD (__3ZA2RI),__3ZA2RI,01 - Non intersection,03 - P.D. only,99 - Other,01 - Clear,01 - Daylight,01 - Dry,10 - No control,,2,0,0,0,,0,,,,,334336.8843,5014558.077,45.27035969,-76.12357715,5919
20--5858,2020/07/27,12:45 PM,COBDEN RD @ IRIS ST (0002946),2946,03 - At intersection,03 - P.D. only,02 - Angle,01 - Clear,01 - Daylight,01 - Dry,02 - Stop sign,01 - Functioning,2,0,0,0,,0,,,,,361384.5148,5023827.514,45.35211016,-75.77784015,5920
20--5859,2020/07/27,12:55 PM,HIGHWAY 417 btwn HWY417 IC118 RAMP35 & HWY417 IC117 RAMP51 (__3ZA2YP),__3ZA2YP,01 - Non intersection,03 - P.D. only,07 - SMV other,01 - Clear,01 - Daylight,01 - Dry,10 - No control,,1,0,0,0,,0,,,,,370422.2089,5031130.672,45.41703399,-75.66153724,5921
20--586,2020/01/14,5:15 PM,KENT ST @ WELLINGTON ST (0002040),2040,03 - At intersection,03 - P.D. only,05 - Turning movement,01 - Clear,05 - Dusk,01 - Dry,01 - Traffic signal,01 - Functioning,2,0,0,0,,0,,,,,367097.7025,5031526.577,45.42090012,-75.70396056,5922
20--5860,2020/07/27,12:58 PM,TERRY FOX DR S @ DIDSBURY RD/CENTRUM KANATA SC (0011820),11820,03 - At intersection,02 - Non-fatal injury,05 - Turning movement,02 - Rain,01 - Daylight,02 - Wet,01 - Traffic signal,01 - Functioning,3,0,0,0,02 - Minor,1,,1,,,350623.484,5018915.735,45.30869858,-75.91562446,5923
20--5861,2020/07/27,2:30 PM,PAGE RD btwn SILVERBIRCH ST & NATURE TRAIL CRES (__3ZA1UD),__3ZA1UD,04 - At/near private drive,03 - P.D. only,99 - Other,01 - Clear,01 - Daylight,01 - Dry,10 - No control,,2,0,0,0,,0,,,,,381117.7068,5034010.859,45.44186291,-75.52445177,5924
20--5862,2020/07/27,2:30 PM,STRANDHERD DR btwn MARAVISTA DR & KENNEVALE DR (__6NF1SR),__6NF1SR,01 - Non intersection,03 - P.D. only,03 - Rear end,01 - Clear,01 - Daylight,01 - Dry,10 - No control,,2,0,0,0,,0,,,,,361321.5563,5014506.646,45.26824586,-75.77970673,5925
20--5863,2020/07/27,2:32 PM,ABBOTT ST btwn LIFT LANE & TRIANGLE ST (e___2HWA),e___2HWA,01 - Non intersection,03 - P.D. only,99 - Other,02 - Rain,01 - Daylight,02 - Wet,10 - No control,,2,0,0,0,,0,,,,,352410.621,5015783.913,45.28039877,-75.89313546,5926
20--5864,2020/07/27,2:43 PM,400 E OF TRAINYARDS DR @ INDUSTRIAL AVE (0014364),14364,03 - At intersection,03 - P.D. only,02 - Angle,01 - Clear,01 - Daylight,01 - Dry,01 - Traffic signal,01 - Functioning,2,0,0,0,,0,,,,,372091.6332,5030434.623,45.41061269,-75.64030422,5927
20--5865,2020/07/27,2:49 PM,MCRAE AVE @ RICHMOND RD (0006867),6867,02 - Intersection related,03 - P.D. only,04 - Sideswipe,01 - Clear,01 - Daylight,01 - Dry,01 - Traffic signal,01 - Functioning,2,0,0,0,,0,,,,,363609.6892,5028538.561,45.39431644,-75.74888282,5928
20--5866,2020/07/27,2:59 PM,HIGHWAY 417 btwn HWY417 IC124 RAMP65 & HWY417 IC122 RAMP51 (__3ZA2R8),__3ZA2R8,01 - Non intersection,02 - Non-fatal injury,03 - Rear end,01 - Clear,01 - Daylight,01 - Dry,10 - No control,,2,0,0,0,01 - Minimal,2,2,,,,364753.9932,5027986.863,45.38925533,-75.73433611,5929
20--5867,2020/07/27,3:03 PM,CYRVILLE RD @ INNES RD (0009352),9352,03 - At intersection,02 - Non-fatal injury,02 - Angle,01 - Clear,01 - Daylight,01 - Dry,01 - Traffic signal,01 - Functioning,3,0,0,0,02 - Minor,1,,1,,,375047.7251,5031119.527,45.41648461,-75.60244511,5930
20--5868,2020/07/27,4:27 PM,FALLOWFIELD RD @ STRANDHERD DR (0005238),5238,02 - Intersection related,03 - P.D. only,03 - Rear end,01 - Clear,01 - Daylight,01 - Dry,01 - Traffic signal,01 - Functioning,2,0,0,0,,0,,,,,360752.2054,5014962.158,45.27239013,-75.78691047,5931
20--5869,2020/07/27,4:30 PM,RIDGEWOOD AVE btwn RIVERSIDE DR & DUPONT ST (__3ZBOQW),__3ZBOQW,01 - Non intersection,03 - P.D. only,04 - Sideswipe,01 - Clear,01 - Daylight,01 - Dry,10 - No control,,2,0,0,0,,0,,,,,368359.7972,5025619.764,45.36763887,-75.68859611,5932
20--587,2020/01/14,5:15 PM,MARCH RD btwn MARCH RD & BEACHVALE LANE (__3ZA3FO),__3ZA3FO,01 - Non intersection,03 - P.D. only,07 - SMV other,01 - Clear,05 - Dusk,01 - Dry,10 - No control,,1,0,0,0,,0,,,,,344204.4679,5023602.804,45.35126398,-75.99710806,5933
20--5870,2020/07/27,5:14 PM,HIGHWAY 417 btwn HIGHWAY 417 & HWY417 IC129 RAMP51 (__3ZA290),__3ZA290,01 - Non intersection,03 - P.D. only,03 - Rear end,01 - Clear,01 - Daylight,01 - Dry,10 - No control,,2,0,0,0,,0,,,,,360036.8716,5023221.013,45.34676032,-75.79510586,5934
20--5871,2020/07/27,6:10 PM,INNES RD @ TENTH LINE RD (0004633),4633,02 - Intersection related,02 - Non-fatal injury,03 - Rear end,01 - Clear,01 - Daylight,01 - Dry,01 - Traffic signal,01 - Functioning,2,0,0,0,01 - Minimal,1,1,,,,383951.7591,5036159.565,45.46087992,-75.48788469,5935
20--5872,2020/07/27,6:21 PM,BANK ST btwn FIRST AVE & SECOND AVE (__3ZA3O4),__3ZA3O4,01 - Non intersection,03 - P.D. only,04 - Sideswipe,01 - Clear,01 - Daylight,01 - Dry,10 - No control,,2,0,0,0,,0,,,,,368280.6965,5029687.176,45.40424345,-75.68908269,5936
20--5873,2020/07/27,6:48 AM,HWY417 IC118 RAMP35 btwn HWY417 IC118 RAMP45 & HIGHWAY 417 (__3ZAY9Q),__3ZAY9Q,01 - Non intersection,03 - P.D. only,07 - SMV other,01 - Clear,01 - Daylight,01 - Dry,10 - No control,,1,0,0,0,,0,,,,,369755.3009,5031131.196,45.41710093,-75.67005743,5937
20--5874,2020/07/27,7:11 PM,GREENBANK RD @ STRANDHERD DR (0005563),5563,03 - At intersection,03 - P.D. only,02 - Angle,01 - Clear,01 - Daylight,01 - Dry,01 - Traffic signal,01 - Functioning,2,0,0,0,,0,,,,,363933.6643,5014784.423,45.27053053,-75.74638859,5938
20--5875,2020/07/27,7:21 PM,HIGHWAY 417 btwn HWY417 IC129 RAMP25 & TRANSIT (__3ZA2SH),__3ZA2SH,01 - Non intersection,03 - P.D. only,07 - SMV other,02 - Rain,01 - Daylight,02 - Wet,10 - No control,,1,0,0,0,,0,,,,,360877.8462,5023855.36,45.35240142,-75.78430284,5939
20--5876,2020/07/27,8:56 AM,MERIVALE RD @ ROSSLAND AVE (0001757),1757,03 - At intersection,03 - P.D. only,05 - Turning movement,01 - Clear,01 - Daylight,01 - Dry,02 - Stop sign,01 - Functioning,2,0,0,0,,0,,,,,364673.6879,5024151.515,45.35475237,-75.73582649,5940
20--5877,2020/07/27,9:06 AM,LAURIER AVE   E btwn RANGE RD & CHARLOTTE ST (__3ZA2JE),__3ZA2JE,01 - Non intersection,03 - P.D. only,07 - SMV other,02 - Rain,01 - Daylight,02 - Wet,10 - No control,,1,0,0,0,,0,,,,,369433.3999,5032458.213,45.42907074,-75.67399586,5941
20--5878,2020/07/27,9:39 PM,SOUTHMORE DR @ WALKLEY RD (0006644),6644,03 - At intersection,02 - Non-fatal injury,03 - Rear end,01 - Clear,07 - Dark,01 - Dry,02 - Stop sign,00 - Unknown,2,1,0,0,03 - Major,1,,,1,,369710.7124,5025574.529,45.36710806,-75.67135807,5942
20--5879,2020/07/28,1:06 PM,BOURASSA ST @ ST. LAURENT BLVD (0007731),7731,02 - Intersection related,03 - P.D. only,03 - Rear end,01 - Clear,01 - Daylight,01 - Dry,01 - Traffic signal,01 - Functioning,3,0,0,0,,0,,,,,373236.7255,5029693.555,45.40383386,-75.62577947,5943
20--588,2020/01/14,5:28 PM,LORRY GREENBERG DR btwn HUNTER'S GLEN CRES & MARGRAVE AVE (__3ZA43X),__3ZA43X,04 - At/near private drive,02 - Non-fatal injury,07 - SMV other,01 - Clear,05 - Dusk,04 - Slush,10 - No control,,1,0,0,2,02 - Minor,1,,1,,,372587.5305,5025189.423,45.3633707,-75.63468993,5944
20--5880,2020/07/28,1:28 PM,DUMAURIER AVE btwn RAMSEY CRES & WATSON ST (__3ZAA4R),__3ZAA4R,04 - At/near private drive,02 - Non-fatal injury,02 - Angle,01 - Clear,01 - Daylight,01 - Dry,10 - No control,,2,0,0,0,02 - Minor,2,1,1,,,360182.3966,5023722.736,45.35126334,-75.79319273,5945
20--5881,2020/07/28,1:29 PM,BLANCHFIELD RD @ STAGECOACH RD (0005067),5067,02 - Intersection related,03 - P.D. only,02 - Angle,01 - Clear,01 - Daylight,01 - Dry,02 - Stop sign,01 - Functioning,2,0,0,0,,0,,,,,377997.7362,5002665.358,45.16016371,-75.56895594,5946
20--5882,2020/07/28,1:46 PM,NORICE ST btwn SULLIVAN AVE & BROOK LANE (__3ZA0GO),__3ZA0GO,01 - Non intersection,03 - P.D. only,07 - SMV other,01 - Clear,01 - Daylight,01 - Dry,10 - No control,,1,0,0,0,,0,,,,,363590.3059,5022616.661,45.34103357,-75.74983505,5947
20--5883,2020/07/28,1:56 AM,ABBEYHILL DR @ EAGLESON RD (0003404),3404,03 - At intersection,03 - P.D. only,07 - SMV other,01 - Clear,07 - Dark,01 - Dry,01 - Traffic signal,01 - Functioning,1,0,0,0,,0,,,,,353827.614,5018034.445,45.30055218,-75.87485252,5948
20--5884,2020/07/28,10:25 PM,TRIM RD @ WALL RD (0005000),5000,03 - At intersection,03 - P.D. only,07 - SMV other,01 - Clear,07 - Dark,01 - Dry,02 - Stop sign,01 - Functioning,1,0,0,0,,0,,,,,387628.7871,5034669.524,45.44704782,-75.44112529,5949
20--5885,2020/07/28,11:55 PM,HIGHWAY 417 btwn HWY417 IC163 RAMP61 & HWY417 IC155 RAMP36 (__3ZA2QB),__3ZA2QB,01 - Non intersection,03 - P.D. only,07 - SMV other,01 - Clear,07 - Dark,01 - Dry,10 - No control,,1,0,0,0,,0,,,,,332848.3816,5021095.892,45.32925166,-76.14217663,5950
20--5886,2020/07/28,12:33 PM,INNES RD @ 260 E OF BELCOURT BLVD/WALMART SC (0012533),12533,02 - Intersection related,03 - P.D. only,03 - Rear end,01 - Clear,01 - Daylight,01 - Dry,01 - Traffic signal,01 - Functioning,2,0,0,0,,0,,,,,382347.1946,5035398.959,45.45421658,-75.50851912,5951
20--5887,2020/07/28,12:41 PM,CARLING AVE @ MOODIE DR/JAMES CUMMINGS AVE W (0000158),158,03 - At intersection,03 - P.D. only,05 - Turning movement,01 - Clear,01 - Daylight,01 - Dry,01 - Traffic signal,01 - Functioning,2,0,0,0,,0,,,,,356001.6663,5023937.516,45.35351365,-75.84652263,5952
20--5888,2020/07/28,12:57 PM,HERON RD btwn JEFFERSON ST & TURN LANE (__3ZA3BI),__3ZA3BI,01 - Non intersection,03 - P.D. only,04 - Sideswipe,01 - Clear,01 - Daylight,01 - Dry,10 - No control,,3,0,0,0,,0,,,,,372073.7817,5027084.746,45.38047359,-75.64098907,5953
20--5889,2020/07/28,2:15 PM,BRONSON AVE @ CHRISTIE ST (0006349),6349,03 - At intersection,02 - Non-fatal injury,05 - Turning movement,01 - Clear,01 - Daylight,01 - Dry,01 - Traffic signal,01 - Functioning,2,0,0,0,02 - Minor,2,,2,,,367050.6994,5030280.558,45.409693,-75.7047185,5954
20--589,2020/01/14,5:35 PM,CATHERINE ST/HWY 417 O'CONN IC119BR76 @ O'CONN (0001697),1697,02 - Intersection related,03 - P.D. only,03 - Rear end,01 - Clear,05 - Dusk,02 - Wet,01 - Traffic signal,01 - Functioning,2,0,0,0,,0,,,,,368243.7121,5030392.555,45.41059358,-75.68946432,5955
20--5890,2020/07/28,2:15 PM,HIGHWAY 417 btwn HWY417 IC122 RAMP51 & HWY417 IC122 RAMP15 (__3ZA2R0),__3ZA2R0,01 - Non intersection,03 - P.D. only,03 - Rear end,01 - Clear,01 - Daylight,01 - Dry,10 - No control,,2,0,0,0,,0,,,,,365365.4935,5028896.255,45.39738523,-75.7264158,5956
20--5891,2020/07/28,2:45 PM,HIGHWAY 417 btwn HWY417 IC124 RAMP65 & HWY417 IC122 RAMP51 (__3ZA2R8),__3ZA2R8,01 - Non intersection,03 - P.D. only,03 - Rear end,01 - Clear,01 - Daylight,01 - Dry,10 - No control,,3,0,0,0,,0,,,,,364655.8926,5027820.253,45.38776459,-75.73560903,5957
20--5892,2020/07/28,3:00 PM,HIGHWAY 417 btwn HWY417 IC124 RAMP65 & HWY417 IC122 RAMP51 (__3ZA2R8),__3ZA2R8,01 - Non intersection,03 - P.D. only,03 - Rear end,01 - Clear,01 - Daylight,01 - Dry,10 - No control,,2,0,0,0,,0,,,,,365083.5738,5028593.932,45.39468932,-75.73005329,5958
20--5893,2020/07/28,3:27 PM,CENTER ST btwn MONTREAL RD & PAUL AVE (__3ZA8W2),__3ZA8W2,01 - Non intersection,03 - P.D. only,06 - SMV unattended vehicle,01 - Clear,01 - Daylight,01 - Dry,10 - No control,,1,0,0,0,,0,,,,,371859.2238,5033855.696,45.44141625,-75.6428073,5959
20--5894,2020/07/28,3:30 PM,INDUSTRIAL AVE @ RIVERSIDE DR (0011905),11905,03 - At intersection,03 - P.D. only,04 - Sideswipe,01 - Clear,01 - Daylight,01 - Dry,01 - Traffic signal,01 - Functioning,2,0,0,0,,0,,,,,370684.7152,5030592.562,45.41216762,-75.65825546,5960