Anom_ID,Accident_Date,Accident_Time,Location,Geo_ID,Accident_Location,Classification_of_Accident,Initial_Impact_Type,Environment_Condition,Light,Road_Surface_Condition,Traffic_Control,Traffic_Control_Condition,No__of_Vehicles,No__of_Bicycles,No__of_Motorcycles,No__of_Pedestrians,Max_Injury,No__of_Injuries,No__of_Minimal,No__of_Minor,No__of_Major,No__of_Fatal,X,Y,Latitude,Longitude,ObjectId
20--5895,2020/07/28,3:56 PM,CONROY RD @ WALKLEY RD (0002648),2648,02 - Intersection related,03 - P.D. only,04 - Sideswipe,01 - Clear,01 - Daylight,01 - Dry,01 - Traffic signal,01 - Functioning,2,0,0,0,,0,,,,,372903.722,5027463.535,45.38380159,-75.63034063,5961
20--5896,2020/07/28,4:20 PM,HIGHWAY 417 btwn HWY417 IC122 RAMP15 & HWY417 IC121B RAMP51 (__3ZA2RB),__3ZA2RB,01 - Non intersection,03 - P.D. only,03 - Rear end,01 - Clear,01 - Daylight,01 - Dry,10 - No control,,2,0,0,0,,0,,,,,366190.3318,5029377.188,45.40164071,-75.71582153,5962
20--5897,2020/07/28,4:37 PM,REGIONAL ROAD 174 btwn TRANSIT & OR174 IC109 RAMP54 (__3ZAZ6V),__3ZAZ6V,01 - Non intersection,03 - P.D. only,04 - Sideswipe,01 - Clear,01 - Daylight,01 - Dry,10 - No control,,2,0,0,0,,0,,,,,376133.7534,5034236.37,45.44441824,-75.58811918,5963
20--5898,2020/07/28,4:41 PM,INNES RD @ TENTH LINE RD (0004633),4633,02 - Intersection related,03 - P.D. only,04 - Sideswipe,01 - Clear,01 - Daylight,01 - Dry,01 - Traffic signal,01 - Functioning,2,0,0,0,,0,,,,,383951.7707,5036159.571,45.46087998,-75.48788454,5964
20--5899,2020/07/28,8:34 AM,O'CONNOR ST btwn ARGYLE AVE & CATHERINE ST (__3ZA3P5),__3ZA3P5,01 - Non intersection,02 - Non-fatal injury,07 - SMV other,01 - Clear,01 - Daylight,01 - Dry,10 - No control,,1,0,0,0,02 - Minor,1,,1,,,368239.3028,5030398.84,45.41065053,-75.68951983,5965
20--59,2020/01/02,9:30 PM,GREENBANK RD @ STRANDHERD DR (0005563),5563,02 - Intersection related,03 - P.D. only,03 - Rear end,01 - Clear,07 - Dark,01 - Dry,01 - Traffic signal,01 - Functioning,2,0,0,0,,0,,,,,363933.6917,5014784.422,45.27053052,-75.74638824,5966
20--590,2020/01/14,6:03 PM,HIGHWAY 417 btwn HWY417 IC124 RAMP65 & HWY417 IC122 RAMP51 (__3ZA2R8),__3ZA2R8,01 - Non intersection,03 - P.D. only,03 - Rear end,02 - Rain,07 - Dark,02 - Wet,10 - No control,,3,0,0,0,,0,,,,,365169.2786,5028724.371,45.3958556,-75.7289428,5967
20--5900,2020/07/28,8:39 AM,KELLY FARM DR @ LEITRIM RD (0017696),17696,02 - Intersection related,02 - Non-fatal injury,04 - Sideswipe,01 - Clear,01 - Daylight,01 - Dry,02 - Stop sign,01 - Functioning,2,0,0,0,01 - Minimal,1,1,,,,374359.7325,5020970.716,45.32523884,-75.61266365,5968
20--5901,2020/07/28,9:45 AM,WOODROFFE AVE @ HWY 417 WOODROFF IC127R26/HWY4 (0002355),2355,02 - Intersection related,03 - P.D. only,05 - Turning movement,01 - Clear,01 - Daylight,01 - Dry,01 - Traffic signal,01 - Functioning,2,0,0,0,,0,,,,,362082.6854,5024939.523,45.36205926,-75.76880161,5969
20--6055,2020/08/04,3:29 PM,REGIONAL ROAD 174 btwn QUIGLEY HILL RD & REGIONAL ROAD 174 DIVIDED (__3ZA2Y5),__3ZA2Y5,01 - Non intersection,02 - Non-fatal injury,07 - SMV other,02 - Rain,01 - Daylight,02 - Wet,10 - No control,,1,0,0,0,02 - Minor,1,,1,,,387874.5169,5042389.067,45.51647072,-75.43667865,5970
20--6056,2020/08/04,3:29 PM,EDGAR BRAULT ST @ ST. JOSEPH BLVD (0012414),12414,02 - Intersection related,03 - P.D. only,03 - Rear end,02 - Rain,01 - Daylight,02 - Wet,01 - Traffic signal,01 - Functioning,2,0,0,0,,0,,,,,381419.7346,5037546.583,45.47364143,-75.52004067,5971
20--6057,2020/08/04,3:31 PM,LYNDALE AVE @ PARKDALE AVE (0006504),6504,02 - Intersection related,03 - P.D. only,03 - Rear end,01 - Clear,01 - Daylight,01 - Dry,01 - Traffic signal,01 - Functioning,2,0,0,0,,0,,,,,364861.7033,5029929.579,45.40672625,-75.73272413,5972
20--6058,2020/08/04,3:41 PM,MERIVALE RD @ FAMILY BROWN LANE (0010933),10933,02 - Intersection related,03 - P.D. only,03 - Rear end,02 - Rain,01 - Daylight,02 - Wet,01 - Traffic signal,01 - Functioning,2,0,0,0,,0,,,,,365004.9453,5023385.672,45.34783306,-75.73169225,5973
20--6059,2020/08/04,4:30 PM,HIGHWAY 417 btwn HWY417 IC110 RAMP64 & HWY417 IC104 RAMP16 (__3ZA2W9),__3ZA2W9,01 - Non intersection,03 - P.D. only,07 - SMV other,02 - Rain,01 - Daylight,02 - Wet,10 - No control,,1,0,0,0,,0,,,,,378132.1314,5026400.772,45.37371165,-75.56374225,5974
20--606,2020/01/15,1:00 PM,HIGHWAY 417 btwn HIGHWAY 417 & HIGHWAY 417 (1) (__3ZA2UX),__3ZA2UX,01 - Non intersection,03 - P.D. only,99 - Other,01 - Clear,01 - Daylight,01 - Dry,10 - No control,,2,0,0,0,,0,,,,,375443.721,5029918.309,45.40563684,-75.59755825,5975
20--6060,2020/08/04,4:38 PM,MICHAEL ST btwn BELFAST RD & NEWMARKET ST (__3ZA1DR),__3ZA1DR,04 - At/near private drive,02 - Non-fatal injury,02 - Angle,02 - Rain,01 - Daylight,02 - Wet,10 - No control,,2,0,0,0,02 - Minor,1,,1,,,373143.0173,5030651.654,45.41246355,-75.62684355,5976
20--6061,2020/08/04,5:00 PM,RIDEAU ST btwn CUMBERLAND ST & KING EDWARD AVE (__3ZBOFX),__3ZBOFX,01 - Non intersection,03 - P.D. only,04 - Sideswipe,01 - Clear,01 - Daylight,01 - Dry,10 - No control,,2,0,0,0,,0,,,,,368396.5638,5032343.414,45.42813286,-75.68725993,5977
20--6062,2020/08/04,5:18 PM,MEADOWLANDS DR btwn BAYNE AVE & MERIVALE RD (__3ZA4HT),__3ZA4HT,04 - At/near private drive,02 - Non-fatal injury,02 - Angle,02 - Rain,01 - Daylight,02 - Wet,10 - No control,,2,0,0,0,01 - Minimal,1,1,,,,364793.3026,5023690.243,45.35059168,-75.73435594,5978
20--6063,2020/08/04,5:45 PM,WEST HUNT CLUB RD @ CLEOPATRA DR/LANCELOT DR (0000114),114,02 - Intersection related,03 - P.D. only,04 - Sideswipe,02 - Rain,01 - Daylight,02 - Wet,01 - Traffic signal,01 - Functioning,2,0,0,0,,0,,,,,365235.6942,5021732.494,45.33293813,-75.72894974,5979
20--6064,2020/08/04,7:10 PM,BASELINE RD/HERON RD @ PRINCE OF WALES DR (0002345),2345,02 - Intersection related,02 - Non-fatal injury,03 - Rear end,01 - Clear,01 - Daylight,01 - Dry,01 - Traffic signal,01 - Functioning,2,0,0,0,01 - Minimal,1,1,,,,366873.7185,5026438.525,45.37513909,-75.70746264,5980
20--6065,2020/08/04,9:00 PM,BANK ST btwn RIVERSIDE DR & BILLINGS TRANSIT (__3ZA3NMA),__3ZA3NMA,01 - Non intersection,02 - Non-fatal injury,07 - SMV other,01 - Clear,07 - Dark,02 - Wet,10 - No control,,1,0,0,1,01 - Minimal,1,1,,,,369398.838,5027791.843,45.38708759,-75.67504894,5981
20--6066,2020/08/04,9:29 AM,MERIVALE RD @ CAPILANO DR/WITHROW AVE (0009820),9820,02 - Intersection related,03 - P.D. only,04 - Sideswipe,01 - Clear,01 - Daylight,01 - Dry,01 - Traffic signal,01 - Functioning,2,0,0,0,,0,,,,,364642.4321,5024227.768,45.35544115,-75.73621615,5982
20--6067,2020/08/05,1:13 AM,MITCH OWENS RD btwn SALE BARN RD & HAWTHORNE RD (__3ZA2CT),__3ZA2CT,01 - Non intersection,03 - P.D. only,07 - SMV other,02 - Rain,07 - Dark,02 - Wet,10 - No control,,1,0,0,0,,0,,,,,378837.1549,5016634.095,45.28576203,-75.55620286,5983
20--6068,2020/08/05,1:53 PM,COOPER ST @ METCALFE ST (0006940),6940,03 - At intersection,03 - P.D. only,02 - Angle,01 - Clear,01 - Daylight,01 - Dry,02 - Stop sign,01 - Functioning,2,0,0,0,,0,,,,,367962.7077,5031178.533,45.41769097,-75.69295325,5984
20--6069,2020/08/05,1:53 PM,HIGHWAY 417 btwn HWY417 IC122 RAMP51 & HWY417 IC122 RAMP15 (__3ZA2R0),__3ZA2R0,01 - Non intersection,03 - P.D. only,04 - Sideswipe,01 - Clear,01 - Daylight,01 - Dry,10 - No control,,2,0,0,0,,0,,,,,365344.9866,5028882.311,45.39726153,-75.72667942,5985
20--607,2020/01/15,1:10 PM,WEST HUNT CLUB RD btwn TURN LANE & PRINCE OF WALES DR (1) (__3ZA3KJ),__3ZA3KJ,01 - Non intersection,03 - P.D. only,03 - Rear end,01 - Clear,01 - Daylight,02 - Wet,10 - No control,,2,0,0,0,,0,,,,,367407.6209,5021908.296,45.33432955,-75.7012203,5986
20--6070,2020/08/05,10:14 PM,KANATA AVE @ LORD BYNG WAY/MARITIME WAY (0009115),9115,03 - At intersection,02 - Non-fatal injury,07 - SMV other,01 - Clear,07 - Dark,01 - Dry,01 - Traffic signal,01 - Functioning,1,0,0,0,02 - Minor,1,,1,,,351429.9722,5019331.305,45.31238489,-75.90530096,5987
20--6071,2020/08/05,10:20 AM,OLD MONTREAL RD btwn GERALD ST & Continuation of OLD MONTREAL RD (__3ZA24F),__3ZA24F,01 - Non intersection,03 - P.D. only,06 - SMV unattended vehicle,01 - Clear,01 - Daylight,01 - Dry,10 - No control,,1,0,0,0,,0,,,,,385049.4971,5039561.954,45.49136608,-75.47329434,5988
20--6072,2020/08/05,10:20 AM,HIGHWAY 417 btwn HWY417 IC112 RAMP66 & HWY417 IC113 RAMP65 (__3ZA284),__3ZA284,01 - Non intersection,03 - P.D. only,04 - Sideswipe,01 - Clear,01 - Daylight,01 - Dry,10 - No control,,2,0,0,0,,0,,,,,374195.9385,5031321.424,45.41838618,-75.61329863,5989
20--6073,2020/08/05,10:25 AM,HIGHWAY 417 btwn HWY417 IC110 RAMP56 & HWY417 IC110 RAMP64 (__3ZA28Y),__3ZA28Y,01 - Non intersection,02 - Non-fatal injury,03 - Rear end,02 - Rain,01 - Daylight,02 - Wet,10 - No control,,2,0,0,0,01 - Minimal,1,1,,,,375866.5981,5028753.169,45.39511073,-75.59232475,5990
20--6074,2020/08/05,10:30 AM,WELLINGTON ST    W btwn SMIRLE AVE & JULIAN AVE (__3ZA4PE),__3ZA4PE,01 - Non intersection,03 - P.D. only,04 - Sideswipe,01 - Clear,01 - Daylight,01 - Dry,10 - No control,,2,0,0,0,,0,,,,,364685.2863,5029070.358,45.39901028,-75.73508196,5991
20--6075,2020/08/05,10:30 AM,HAZELDEAN RD @ HUNTMAR DR/IBER RD (0000075),75,02 - Intersection related,03 - P.D. only,03 - Rear end,01 - Clear,01 - Daylight,01 - Dry,01 - Traffic signal,01 - Functioning,2,0,0,0,,0,,,,,350942.5888,5016079.443,45.28315593,-75.91181912,5992
20--6076,2020/08/05,Unknown,BRIDGEPORT AVE btwn ALABASTER HTS  & CONCH WAY (__8AO8TE),__8AO8TE,01 - Non intersection,03 - P.D. only,06 - SMV unattended vehicle,01 - Clear,00 - Unknown,01 - Dry,10 - No control,,1,0,0,0,,0,,,,,369333.392,5008835.472,45.21652762,-75.67835219,5993
20--6077,2020/08/05,12:17 PM,SMYTH RD @ RIVERSIDE HOSPITAL (0009069),9069,03 - At intersection,02 - Non-fatal injury,05 - Turning movement,01 - Clear,01 - Daylight,01 - Dry,01 - Traffic signal,01 - Functioning,2,1,0,0,01 - Minimal,1,1,,,,369987.5607,5029121.027,45.39899258,-75.66735592,5994
20--6078,2020/08/05,12:28 PM,STRANDHERD DR btwn 215 W OF GREENBANK RD/BARRHAVEN MALL SC & GREENBANK (__3ZAZMMB),__3ZAZMMB,01 - Non intersection,02 - Non-fatal injury,04 - Sideswipe,01 - Clear,01 - Daylight,01 - Dry,10 - No control,,2,0,1,0,02 - Minor,1,,1,,,363898.9146,5014765.189,45.27036039,-75.74683369,5995
20--6079,2020/08/05,12:30 PM,PRINCE OF WALES DR @ WEST HUNT CLUB RD (0000567),567,02 - Intersection related,03 - P.D. only,04 - Sideswipe,01 - Clear,01 - Daylight,01 - Dry,01 - Traffic signal,00 - Unknown,2,0,0,0,,0,,,,,367458.7159,5021891.511,45.33417396,-75.7005706,5996
20--608,2020/01/15,1:10 PM,CHURCHILL AVE @ RICHMOND RD (0002361),2361,02 - Intersection related,03 - P.D. only,04 - Sideswipe,01 - Clear,01 - Daylight,02 - Wet,01 - Traffic signal,01 - Functioning,2,0,0,0,,0,,,,,363227.6873,5028292.546,45.39213481,-75.75379046,5997
20--6080,2020/08/05,12:37 PM,INNES RD @ 240 E OF TENTH LINE RD/HOME DEPOT E (0012919),12919,02 - Intersection related,03 - P.D. only,04 - Sideswipe,01 - Clear,01 - Daylight,01 - Dry,01 - Traffic signal,01 - Functioning,2,0,0,0,,0,,,,,384168.1144,5036256.414,45.46172674,-75.48510295,5998
20--6081,2020/08/05,12:41 PM,WALKLEY RD btwn DON REID DR/RYDER ST & 160 W OF CONROY RD (__3ZA2EHA),__3ZA2EHA,01 - Non intersection,03 - P.D. only,03 - Rear end,01 - Clear,01 - Daylight,01 - Dry,10 - No control,,2,0,0,0,,0,,,,,372605.0199,5027286.493,45.38223762,-75.63417882,5999
20--6082,2020/08/05,2:06 PM,ST. LAURENT BLVD @ PEEL ST (0012033),12033,02 - Intersection related,02 - Non-fatal injury,07 - SMV other,01 - Clear,01 - Daylight,01 - Dry,02 - Stop sign,01 - Functioning,1,0,0,1,02 - Minor,1,,1,,,371069.7061,5034967.621,45.45149612,-75.65274853,6000
20--6623,2020/08/26,6:25 PM,LEES AVE btwn TURN LANE & TRANSIT (__4LN2VF),__4LN2VF,01 - Non intersection,02 - Non-fatal injury,03 - Rear end,01 - Clear,01 - Daylight,01 - Dry,10 - No control,,2,0,0,0,03 - Major,1,,,1,,369274.5273,5031307.737,45.41873385,-75.6761766,6001
20--6443,2020/08/19,4:57 PM,ST. JOSEPH BLVD @ DUFORD DR/PLACE D'ORLEANS DR (0003629),3629,02 - Intersection related,03 - P.D. only,04 - Sideswipe,01 - Clear,01 - Daylight,01 - Dry,01 - Traffic signal,01 - Functioning,2,0,0,0,,0,,,,,381996.7259,5037996.579,45.47762656,-75.51259139,6002
20--6624,2020/08/26,7:50 AM,HIGHWAY 417 btwn HWY417 IC121B RAMP51 & HWY417 IC121A RAMP51 (__3ZA2YW),__3ZA2YW,01 - Non intersection,03 - P.D. only,03 - Rear end,01 - Clear,01 - Daylight,01 - Dry,10 - No control,,2,0,0,0,,0,,,,,366981.0484,5029635.315,45.40389347,-75.70568961,6003
20--6625,2020/08/26,8:00 PM,MERIVALE RD btwn 170 N OF WEST HUNT CLUB RD/COSTCO SC & WEST HUNT CLUB (__3ZA33DB),__3ZA33DB,04 - At/near private drive,03 - P.D. only,05 - Turning movement,01 - Clear,05 - Dusk,01 - Dry,10 - No control,,2,0,0,0,,0,,,,,365594.2455,5021987.641,45.33520294,-75.72434436,6004
20--6444,2020/08/19,5:05 PM,KING ST @ PERTH ST (0010389),10389,02 - Intersection related,03 - P.D. only,02 - Angle,01 - Clear,01 - Daylight,01 - Dry,02 - Stop sign,01 - Functioning,2,0,0,0,,0,,,,,357077.6146,5006558.404,45.19705386,-75.83462151,6005
20--6626,2020/08/26,8:36 PM,MONTREAL RD @ PALACE ST (0004699),4699,02 - Intersection related,03 - P.D. only,04 - Sideswipe,01 - Clear,07 - Dark,01 - Dry,10 - No control,,2,0,0,0,,0,,,,,369955.7202,5032998.595,45.43388441,-75.66724989,6006
20--6445,2020/08/19,5:29 AM,ALBION RD @ MITCH OWENS RD (0004212),4212,03 - At intersection,03 - P.D. only,05 - Turning movement,01 - Clear,03 - Dawn,01 - Dry,01 - Traffic signal,01 - Functioning,2,0,0,0,,0,,,,,375906.7509,5014804.46,45.26960216,-75.59381582,6007
20--6627,2020/08/26,8:40 PM,BANK ST @ CATHERINE ST (0002708),2708,02 - Intersection related,03 - P.D. only,04 - Sideswipe,01 - Clear,05 - Dusk,01 - Dry,01 - Traffic signal,01 - Functioning,2,0,0,0,,0,,,,,368039.7025,5030267.581,45.40948757,-75.69208645,6008
20--6446,2020/08/19,5:39 PM,WOODRIDGE CRES btwn 220 W OF BAYSHORE DR/BAYSHORE SC & TRANSITWAY LINK (__3ZAA4NA),__3ZAA4NA,04 - At/near private drive,03 - P.D. only,05 - Turning movement,01 - Clear,01 - Daylight,01 - Dry,10 - No control,,2,0,0,0,,0,,,,,358900.2655,5023231.58,45.34694399,-75.80960821,6009
20--6628,2020/08/26,9:35 AM,GREENBANK RD @ BERRIGAN DR/WESSEX RD (0004726),4726,03 - At intersection,03 - P.D. only,05 - Turning movement,02 - Rain,01 - Daylight,02 - Wet,01 - Traffic signal,01 - Functioning,2,0,0,0,,0,,,,,363723.0518,5015277.311,45.27498323,-75.74901395,6010
20--6447,2020/08/19,6:00 PM,LYNDA LANE @ SMYTH RD (0002250),2250,03 - At intersection,03 - P.D. only,02 - Angle,01 - Clear,01 - Daylight,01 - Dry,02 - Stop sign,01 - Functioning,2,0,0,0,,0,,,,,371611.7104,5029191.552,45.39947403,-75.64660331,6011
20--6629,2020/08/27,10:04 PM,WOODROFFE AVE @ CRESTHAVEN DR/PAUL METIVIER (0010547),10547,03 - At intersection,03 - P.D. only,02 - Angle,01 - Clear,07 - Dark,01 - Dry,02 - Stop sign,01 - Functioning,2,0,0,0,,0,,,,,366327.0657,5014854.533,45.27095606,-75.71588072,6012
20--6448,2020/08/19,6:00 PM,RIVERSIDE DR @ HERON RD (0002236),2236,02 - Intersection related,03 - P.D. only,03 - Rear end,01 - Clear,01 - Daylight,01 - Dry,01 - Traffic signal,01 - Functioning,2,0,0,0,,0,,,,,368121.1053,5026647.235,45.3769054,-75.69151122,6013
20--663,2020/01/15,8:37 PM,EAGLESON RD @ EMERALD MEADOWS DR (0010422),10422,03 - At intersection,03 - P.D. only,02 - Angle,01 - Clear,07 - Dark,02 - Wet,02 - Stop sign,01 - Functioning,2,0,0,0,,0,,,,,354998.6281,5015092.418,45.2739965,-75.8602196,6014
20--6449,2020/08/19,6:16 PM,BRITANNIA RD @ CASSELS ST (0003120),3120,03 - At intersection,03 - P.D. only,02 - Angle,01 - Clear,01 - Daylight,01 - Dry,02 - Stop sign,01 - Functioning,2,0,0,0,,0,,,,,359566.6563,5026048.541,45.37223925,-75.80079267,6015
20--6630,2020/08/27,10:15 AM,NAVAHO DR @ WOODROFFE AVE/TRANSITWAY N BASELIN (0010359),10359,02 - Intersection related,03 - P.D. only,03 - Rear end,02 - Rain,01 - Daylight,02 - Wet,01 - Traffic signal,01 - Functioning,2,0,0,0,,0,,,,,362706.2374,5023492.793,45.34899048,-75.76101226,6016
20--645,2020/01/15,6:45 PM,ALBION RD/COLLISTON CRES E @ WALKLEY RD (0011422),11422,02 - Intersection related,02 - Non-fatal injury,03 - Rear end,02 - Rain,07 - Dark,02 - Wet,01 - Traffic signal,01 - Functioning,2,0,0,0,01 - Minimal,2,2,,,,371033.7337,5026354.538,45.37400254,-75.6543658,6017
20--6450,2020/08/19,7:00 PM,DEERMEADOW DR btwn ELKWOOD DR & ELKWOOD DR (__3ZA1YO),__3ZA1YO,01 - Non intersection,02 - Non-fatal injury,07 - SMV other,01 - Clear,01 - Daylight,01 - Dry,10 - No control,,1,0,0,0,01 - Minimal,1,1,,,,375361.5434,5011369.942,45.23875426,-75.60125069,6018
20--6451,2020/08/19,7:39 PM,CARLING AVE @ KIRKWOOD AVE N (0002358),2358,02 - Intersection related,03 - P.D. only,03 - Rear end,01 - Clear,01 - Daylight,01 - Dry,01 - Traffic signal,01 - Functioning,2,0,0,0,,0,,,,,364275.6879,5027493.533,45.38485721,-75.74050338,6019
20--6452,2020/08/19,8:43 PM,MARAVISTA DR @ STRANDHERD DR (0013565),13565,02 - Intersection related,03 - P.D. only,03 - Rear end,01 - Clear,05 - Dusk,01 - Dry,01 - Traffic signal,01 - Functioning,2,0,0,0,,0,,,,,361288.4381,5014584.958,45.26895318,-75.78011984,6020
20--6453,2020/08/19,9:42 AM,RUSSELL RD S @ ST. LAURENT BLVD (0007734),7734,03 - At intersection,02 - Non-fatal injury,05 - Turning movement,01 - Clear,01 - Daylight,01 - Dry,01 - Traffic signal,01 - Functioning,2,0,0,0,02 - Minor,2,,2,,,373569.7282,5029260.549,45.39990524,-75.62158652,6021
20--6454,2020/08/19,9:53 AM,CHAMPLAIN BRIDGE/ISLAND PARK DR btwn BATE ISLAND & OTTAWA RIVER PKWY (__3ZA2ZEB),__3ZA2ZEB,01 - Non intersection,03 - P.D. only,03 - Rear end,01 - Clear,01 - Daylight,01 - Dry,10 - No control,,2,0,0,0,,0,,,,,363007.183,5030005.482,45.40756589,-75.75640424,6022
20--6455,2020/08/19,9:55 AM,BANTREE ST @ INNES RD (0007684),7684,02 - Intersection related,03 - P.D. only,03 - Rear end,01 - Clear,01 - Daylight,01 - Dry,01 - Traffic signal,01 - Functioning,2,0,0,0,,0,,,,,373705.7279,5030406.567,45.41020319,-75.61968942,6023
20--6456,2020/08/20,1:06 PM,FIELD ST btwn MAJOR ST & BERWICK AVE (__3ZAAXU),__3ZAAXU,01 - Non intersection,03 - P.D. only,06 - SMV unattended vehicle,01 - Clear,01 - Daylight,01 - Dry,10 - No control,,1,0,0,0,,0,,,,,362686.6651,5024438.37,45.35750032,-75.7611513,6024
20--6457,2020/08/20,1:30 PM,KING EDWARD AVE @ LAURIER AVE (0002170),2170,02 - Intersection related,03 - P.D. only,03 - Rear end,01 - Clear,01 - Daylight,01 - Dry,01 - Traffic signal,01 - Functioning,2,0,0,0,,0,,,,,368739.6295,5032034.603,45.42532302,-75.68291621,6025
20--6458,2020/08/20,1:47 PM,MOODIE DR @ ROBERTSON RD (0010545),10545,02 - Intersection related,03 - P.D. only,04 - Sideswipe,01 - Clear,01 - Daylight,01 - Dry,01 - Traffic signal,01 - Functioning,2,0,0,0,,0,,,,,357066.6502,5020455.479,45.32210343,-75.83329915,6026
20--6459,2020/08/20,10:18 AM,BASELINE RD @ CLYDE AVE (0002343),2343,03 - At intersection,03 - P.D. only,02 - Angle,01 - Clear,01 - Daylight,01 - Dry,01 - Traffic signal,01 - Functioning,2,0,0,0,,0,,,,,364358.6756,5024890.513,45.3614286,-75.73975762,6027
20--646,2020/01/15,6:53 PM,HIGHWAY 417 btwn HWY417 IC144 RAMP16 & HWY417 IC144 RAMP61 (__3ZA2QU),__3ZA2QU,01 - Non intersection,03 - P.D. only,03 - Rear end,01 - Clear,07 - Dark,02 - Wet,10 - No control,,2,0,0,0,,0,,,,,347742.6234,5016177.35,45.2842397,-75.95259876,6028
20--6460,2020/08/20,11:09 AM,HIGHWAY 417 btwn HWY417 IC142 RAMP25 & HIGHWAY 417 (__3ZA1ZP),__3ZA1ZP,01 - Non intersection,02 - Non-fatal injury,07 - SMV other,01 - Clear,01 - Daylight,01 - Dry,10 - No control,,1,0,0,0,02 - Minor,1,,1,,,349419.8809,5017645.982,45.29735045,-75.93108723,6029
20--6461,2020/08/20,11:34 AM,BANK ST @ FINDLAY CREEK SC/310 S OF FINDLAY CREEK DR (0013532),13532,03 - At intersection,02 - Non-fatal injury,05 - Turning movement,01 - Clear,01 - Daylight,01 - Dry,01 - Traffic signal,01 - Functioning,2,0,0,0,02 - Minor,1,,1,,,375967.5345,5020175.263,45.31792052,-75.59227064,6030
20--6462,2020/08/20,12:00 PM,HIGHWAY 417 btwn HWY417 IC122 RAMP15 & HWY417 IC121B RAMP51 (__3ZA2RB),__3ZA2RB,01 - Non intersection,03 - P.D. only,03 - Rear end,01 - Clear,01 - Daylight,01 - Dry,10 - No control,,3,0,0,0,,0,,,,,365785.1719,5029172.027,45.39983013,-75.72102178,6031
20--6463,2020/08/20,2:00 PM,HIGHWAY 417 btwn HWY417 IC142 RAMP35 & HWY417 IC142 RAMP25 (__3ZA1ZO),__3ZA1ZO,01 - Non intersection,03 - P.D. only,03 - Rear end,01 - Clear,01 - Daylight,01 - Dry,10 - No control,,2,0,0,0,,0,,,,,349256.2523,5017499.119,45.29603931,-75.93318659,6032
20--6464,2020/08/20,2:30 PM,LARCH ST @ PRESTON ST (0005745),5745,02 - Intersection related,03 - P.D. only,06 - SMV unattended vehicle,01 - Clear,01 - Daylight,01 - Dry,02 - Stop sign,00 - Unknown,1,0,0,0,,0,,,,,366437.6872,5029830.561,45.4056983,-75.71260553,6033
20--6465,2020/08/20,3:16 PM,BLAIR RD @ MEADOWBROOK RD (0004163),4163,02 - Intersection related,03 - P.D. only,03 - Rear end,01 - Clear,01 - Daylight,01 - Dry,01 - Traffic signal,01 - Functioning,2,0,0,0,,0,,,,,375194.6755,5032311.59,45.42719537,-75.60039743,6034
20--6466,2020/08/20,3:35 PM,WOODRIDGE CRES btwn BAYSHORE PS & TRANSITWAY LINK (__6KE4J1B),__6KE4J1B,04 - At/near private drive,03 - P.D. only,02 - Angle,01 - Clear,01 - Daylight,01 - Dry,10 - No control,,2,0,0,0,,0,,,,,358627.4982,5023397.174,45.348455,-75.81307081,6035
20--6467,2020/08/20,4:15 PM,HIGHWAY 417 btwn HWY417 IC124 RAMP65 & HWY417 IC122 RAMP51 (__3ZA2R8),__3ZA2R8,01 - Non intersection,03 - P.D. only,03 - Rear end,01 - Clear,01 - Daylight,01 - Dry,10 - No control,,2,0,0,0,,0,,,,,364978.7812,5028407.626,45.39302199,-75.73141432,6036
20--6468,2020/08/20,4:30 PM,HIGHWAY 417 btwn HWY417 IC118 RAMP67 & HWY417 IC117 RAMP36 (__3ZA2YO),__3ZA2YO,01 - Non intersection,03 - P.D. only,03 - Rear end,01 - Clear,01 - Daylight,01 - Dry,10 - No control,,3,0,0,0,,0,,,,,370106.1784,5031113.1,45.41690545,-75.66557709,6037
20--6469,2020/08/20,4:40 PM,RICHMOND RD btwn CLIFTON RD & KIRKWOOD AVE (__3ZA4OD),__3ZA4OD,01 - Non intersection,03 - P.D. only,04 - Sideswipe,01 - Clear,01 - Daylight,01 - Dry,10 - No control,,2,0,0,0,,0,,,,,363751.2978,5028624.724,45.39507981,-75.74706406,6038
20--647,2020/01/15,6:55 PM,ST. JOSEPH BLVD/OLD MONTREAL RD @ TRIM RD (0004118),4118,03 - At intersection,02 - Non-fatal injury,02 - Angle,01 - Clear,07 - Dark,02 - Wet,11 - Roundabout,01 - Functioning,2,0,0,0,03 - Major,1,,,1,,384682.7523,5039285.585,45.48892166,-75.47803067,6039
20--6470,2020/08/20,5:04 PM,BANK ST btwn MCLEOD ST & FLORA ST (__3ZA3P6),__3ZA3P6,01 - Non intersection,03 - P.D. only,04 - Sideswipe,01 - Clear,01 - Daylight,01 - Dry,10 - No control,,2,0,0,0,,0,,,,,367952.5225,5030478.457,45.41139283,-75.69317308,6040
20--6471,2020/08/20,5:11 PM,240 S OF CHARLEMAGNE BLVD/DES EPINETTES AVE @ TENTH LINE RD (0014362),14362,03 - At intersection,03 - P.D. only,05 - Turning movement,01 - Clear,01 - Daylight,01 - Dry,01 - Traffic signal,01 - Functioning,2,0,0,0,,0,,,,,383736.1826,5036677.455,45.46556382,-75.49055768,6041