Anom_ID,Accident_Date,Accident_Time,Location,Geo_ID,Accident_Location,Classification_of_Accident,Initial_Impact_Type,Environment_Condition,Light,Road_Surface_Condition,Traffic_Control,Traffic_Control_Condition,No__of_Vehicles,No__of_Bicycles,No__of_Motorcycles,No__of_Pedestrians,Max_Injury,No__of_Injuries,No__of_Minimal,No__of_Minor,No__of_Major,No__of_Fatal,X,Y,Latitude,Longitude,ObjectId
20--6472,2020/08/20,5:30 PM,HIGHWAY 417 btwn HWY417 IC113 RAMP85 & HWY417 IC112 RAMP54 (__3ZA287),__3ZA287,01 - Non intersection,03 - P.D. only,03 - Rear end,01 - Clear,01 - Daylight,01 - Dry,10 - No control,,2,0,0,0,,0,,,,,374113.9021,5031469.476,45.4197264,-75.61432589,6042
20--6473,2020/08/20,7:01 AM,HAWTHORNE AVE/ISABELLA ST @ QUEEN ELIZABETH DR (0002105),2105,03 - At intersection,03 - P.D. only,05 - Turning movement,01 - Clear,01 - Daylight,01 - Dry,01 - Traffic signal,01 - Functioning,2,0,0,0,,0,,,,,368665.7107,5030476.57,45.41131113,-75.68406267,6043
20--6474,2020/08/20,7:22 PM,BANK ST @ WALKLEY RD (0011423),11423,03 - At intersection,03 - P.D. only,05 - Turning movement,01 - Clear,01 - Daylight,01 - Dry,01 - Traffic signal,01 - Functioning,2,0,0,0,,0,,,,,370337.5453,5025947.385,45.37040456,-75.6633074,6044
20--6475,2020/08/21,1:14 PM,HIGHWAY 417 btwn HWY417 IC124 RAMP65 & HWY417 IC122 RAMP51 (__3ZA2R8),__3ZA2R8,01 - Non intersection,02 - Non-fatal injury,03 - Rear end,01 - Clear,01 - Daylight,01 - Dry,10 - No control,,3,0,0,0,02 - Minor,1,,1,,,365125.4559,5028665.086,45.39532594,-75.72950972,6045
20--6476,2020/08/21,1:23 PM,RICHMOND RD @ HOLLY ACRES RD/NANAIMO DR (0001068),1068,02 - Intersection related,03 - P.D. only,03 - Rear end,01 - Clear,01 - Daylight,01 - Dry,01 - Traffic signal,01 - Functioning,2,0,0,0,,0,,,,,359058.6777,5022748.507,45.34258505,-75.80763979,6046
20--6477,2020/08/21,1:28 PM,BLOHM DR @ FORESTGLADE CRES S/PICASSO DR (0008252),8252,02 - Intersection related,03 - P.D. only,03 - Rear end,01 - Clear,01 - Daylight,01 - Dry,02 - Stop sign,01 - Functioning,2,0,0,0,,0,,,,,375067.7438,5026322.521,45.37332156,-75.6028726,6047
20--6478,2020/08/21,1:30 PM,TRIM RD @ WATTERS RD (0012847),12847,02 - Intersection related,03 - P.D. only,03 - Rear end,01 - Clear,01 - Daylight,01 - Dry,01 - Traffic signal,01 - Functioning,2,0,0,0,,0,,,,,384964.6583,5038717.588,45.48377906,-75.47451746,6048
20--6479,2020/08/21,1:37 PM,FERNBANK RD btwn GO/KA BOUNDARY & SHEA RD (__3ZBNCF),__3ZBNCF,04 - At/near private drive,03 - P.D. only,05 - Turning movement,01 - Clear,01 - Daylight,01 - Dry,10 - No control,,2,0,0,0,,0,,,,,352536.5981,5013548.271,45.26027327,-75.89174471,6049
20--648,2020/01/15,7:02 AM,MACDONALD-CARTIER BR btwn RAMP & END (2) (__3ZA3UC),__3ZA3UC,01 - Non intersection,03 - P.D. only,03 - Rear end,01 - Clear,03 - Dawn,04 - Slush,10 - No control,,2,0,0,0,,0,,,,,367428.1737,5033209.229,45.43601056,-75.69952424,6050
20--6480,2020/08/21,1:40 PM,COACH AVE btwn HOBIN ST & BEVERLY ST (__3ZACOF),__3ZACOF,01 - Non intersection,03 - P.D. only,06 - SMV unattended vehicle,01 - Clear,01 - Daylight,01 - Dry,10 - No control,,1,0,0,0,,0,,,,,349621.3199,5013699.758,45.26182818,-75.92887533,6051
20--6481,2020/08/21,11:00 PM,BANK ST @ QUEEN ST (0003138),3138,03 - At intersection,03 - P.D. only,05 - Turning movement,01 - Clear,07 - Dark,01 - Dry,01 - Traffic signal,01 - Functioning,2,0,0,0,,0,,,,,367343.7821,5031489.525,45.42054478,-75.70082117,6052
20--6482,2020/08/21,11:50 AM,BRONSON AVE btwn RENFREW AVE & POWELL AVE (__3ZA3BZ),__3ZA3BZ,04 - At/near private drive,03 - P.D. only,02 - Angle,01 - Clear,01 - Daylight,01 - Dry,10 - No control,,2,0,0,0,,0,,,,,367365.8477,5029529.752,45.40290936,-75.700788,6053
20--6353,2020/08/16,12:30 PM,DALMENY RD @ RIVER RD (0012900),12900,03 - At intersection,02 - Non-fatal injury,02 - Angle,01 - Clear,01 - Daylight,01 - Dry,02 - Stop sign,01 - Functioning,2,0,0,0,02 - Minor,1,,1,,,374387.7105,4996968.299,45.10926701,-75.61566099,6054
20--6483,2020/08/21,Unknown,BANK ST btwn CHAMBERLAIN AVE & ROSEBERY AVE (__3ZA3PI),__3ZA3PI,01 - Non intersection,03 - P.D. only,06 - SMV unattended vehicle,01 - Clear,00 - Unknown,01 - Dry,10 - No control,,1,0,0,0,,0,,,,,368113.952,5030089.45,45.40787809,-75.69116085,6055
20--6484,2020/08/21,12:01 PM,HIGHWAY 417 btwn HWY417 IC127 RAMP67 & HWY417 IC126 RAMP16 (__3ZA2X0),__3ZA2X0,01 - Non intersection,03 - P.D. only,07 - SMV other,01 - Clear,01 - Daylight,01 - Dry,10 - No control,,1,0,0,0,,0,,,,,362603.8814,5025228.527,45.3646169,-75.76211543,6056
20--6485,2020/08/21,12:17 AM,HERON RD WB btwn HERON RD WB OFF RAMP/VINCENT MASSEY PARK & RIVERSIDE  (__3ZAZKM),__3ZAZKM,01 - Non intersection,03 - P.D. only,04 - Sideswipe,02 - Rain,07 - Dark,02 - Wet,10 - No control,,2,0,0,0,,0,,,,,368043.9353,5026639.391,45.37684179,-75.69249744,6057
20--6486,2020/08/21,12:48 PM,BESSERER ST @ WALLER ST (0008859),8859,03 - At intersection,03 - P.D. only,04 - Sideswipe,01 - Clear,01 - Daylight,01 - Dry,01 - Traffic signal,01 - Functioning,2,0,0,0,,0,,,,,368315.9432,5032191.975,45.4267776,-75.68830965,6058
20--6487,2020/08/21,2:20 PM,HIGHWAY 417 btwn HWY417 IC118 RAMP67 & HWY417 IC117 RAMP36 (__3ZA2YO),__3ZA2YO,01 - Non intersection,03 - P.D. only,03 - Rear end,01 - Clear,01 - Daylight,01 - Dry,10 - No control,,2,0,0,0,,0,,,,,370393.6141,5031142.969,45.41714731,-75.66190092,6059
20--6488,2020/08/21,2:45 PM,RIVERSIDE DR btwn MOONEY'S BAY PL & WALKLEY RD (__3ZA36Q),__3ZA36Q,01 - Non intersection,02 - Non-fatal injury,03 - Rear end,01 - Clear,01 - Daylight,01 - Dry,10 - No control,,2,0,0,0,01 - Minimal,1,1,,,,368380.6433,5025191.473,45.36378333,-75.68838513,6060
20--6489,2020/08/21,2:50 PM,PAUL METIVIER DR btwn LEAMINGTON WAY & LONGFIELDS DR (__7JQ6CT),__7JQ6CT,04 - At/near private drive,03 - P.D. only,06 - SMV unattended vehicle,01 - Clear,01 - Daylight,01 - Dry,10 - No control,,1,0,0,0,,0,,,,,365123.83,5014258.951,45.26570126,-75.73128606,6061
20--649,2020/01/15,7:03 AM,MARCH RD btwn JACOB'S GT & BEARHILL RD (__3ZA2Q0),__3ZA2Q0,01 - Non intersection,03 - P.D. only,07 - SMV other,01 - Clear,07 - Dark,02 - Wet,10 - No control,,1,0,0,0,,0,,,,,337681.4779,5017605.753,45.29763588,-76.08075224,6062
20--6490,2020/08/21,2:54 AM,LAURIER AVE @ NICHOLAS ST (0010711),10711,03 - At intersection,03 - P.D. only,07 - SMV other,01 - Clear,07 - Dark,01 - Dry,01 - Traffic signal,01 - Functioning,1,0,0,0,,0,,,,,368373.6386,5031798.271,45.42322994,-75.68762323,6063
20--6491,2020/08/21,3:12 PM,MEADOWLANDS DR @ MERIVALE RD (0000625),625,02 - Intersection related,02 - Non-fatal injury,03 - Rear end,01 - Clear,01 - Daylight,01 - Dry,01 - Traffic signal,01 - Functioning,2,0,0,0,01 - Minimal,2,2,,,,364858.6979,5023725.508,45.35090339,-75.73351715,6064
20--6492,2020/08/21,3:22 AM,RIVERSIDE DR btwn KIMBERWICK CRES & MALHOTRA CRT (__3ZA1KW),__3ZA1KW,01 - Non intersection,03 - P.D. only,07 - SMV other,01 - Clear,07 - Dark,01 - Dry,10 - No control,,1,0,0,0,,0,,,,,368198.7915,5022842.429,45.34266365,-75.69100747,6065
20--6493,2020/08/21,3:26 AM,PAUL METIVIER DR btwn CLEARBROOK DR & MOSS GROVE ST (__5A5DGI),__5A5DGI,01 - Non intersection,03 - P.D. only,06 - SMV unattended vehicle,01 - Clear,07 - Dark,02 - Wet,10 - No control,,1,0,0,0,,0,,,,,366097.3132,5014765.986,45.27017938,-75.71881941,6066
20--6494,2020/08/21,3:50 AM,HIGHWAY 417 btwn HWY417 IC124 RAMP57 & HWY417 IC124 RAMP55 (__3ZA2Y1),__3ZA2Y1,01 - Non intersection,03 - P.D. only,07 - SMV other,02 - Rain,07 - Dark,02 - Wet,10 - No control,,1,0,0,0,,0,,,,,364244.9799,5027266.803,45.38281974,-75.74092279,6067
20--6495,2020/08/21,3:52 PM,HUNT CLUB RD @ UPLANDS DR (0010844),10844,02 - Intersection related,03 - P.D. only,03 - Rear end,01 - Clear,01 - Daylight,01 - Dry,01 - Traffic signal,01 - Functioning,2,0,0,0,,0,,,,,370156.7309,5023121.49,45.34499488,-75.66598917,6068
20--6496,2020/08/21,4:06 PM,MEADOWLANDS DR @ MERIVALE RD (0000625),625,02 - Intersection related,02 - Non-fatal injury,99 - Other,01 - Clear,01 - Daylight,01 - Dry,01 - Traffic signal,01 - Functioning,2,0,0,0,01 - Minimal,1,1,,,,364858.698,5023725.501,45.35090333,-75.73351715,6069
20--6497,2020/08/21,4:10 PM,HWY417 IC117 RAMP51 btwn HIGHWAY 417 & HWY417 IC117 RAMP53 (__3ZAY9J),__3ZAY9J,01 - Non intersection,03 - P.D. only,03 - Rear end,01 - Clear,01 - Daylight,01 - Dry,10 - No control,,2,0,0,0,,0,,,,,370587.9366,5031120.58,45.41692762,-75.65942129,6070
20--6498,2020/08/21,4:21 PM,BROPHY DR btwn WILLIAM MCEWEN DR & HWY416 IC57 RAMP53 (__3ZA1XR),__3ZA1XR,01 - Non intersection,03 - P.D. only,05 - Turning movement,01 - Clear,01 - Daylight,01 - Dry,10 - No control,,2,0,0,0,,0,,,,,364314.9767,5007788.393,45.20754768,-75.74236659,6071
20--6499,2020/08/21,5:19 PM,INNES RD @ JEANNE D'ARC BLVD/MER BLEUE RD (0012475),12475,02 - Intersection related,03 - P.D. only,03 - Rear end,01 - Clear,01 - Daylight,01 - Dry,01 - Traffic signal,01 - Functioning,2,0,0,0,,0,,,,,382637.7508,5035567.551,45.45570112,-75.50477809,6072
20--65,2020/01/03,10:41 AM,JEANNE D'ARC BLVD @ SAPINIER ST (0004220),4220,03 - At intersection,02 - Non-fatal injury,03 - Rear end,01 - Clear,01 - Daylight,02 - Wet,02 - Stop sign,00 - Unknown,3,0,0,0,02 - Minor,2,1,1,,,382555.7436,5035769.59,45.45752803,-75.50579451,6073
20--650,2020/01/15,7:09 AM,MARCH RD btwn DONALD B. MUNRO DR & DONALD B. MUNRO DR (__3ZA3FK),__3ZA3FK,01 - Non intersection,03 - P.D. only,07 - SMV other,01 - Clear,07 - Dark,02 - Wet,10 - No control,,1,0,0,0,,0,,,,,343142.0279,5022637.644,45.34263803,-76.01074156,6074
20--6500,2020/08/21,5:36 PM,VICTORIA ST btwn DOW ST & BOWEN ST (__3ZA20B),__3ZA20B,04 - At/near private drive,02 - Non-fatal injury,02 - Angle,01 - Clear,01 - Daylight,01 - Dry,10 - No control,,2,0,0,0,02 - Minor,1,,1,,,385326.4918,5011090.252,45.23516855,-75.47439059,6075
20--6501,2020/08/21,5:41 PM,CAMEO DR @ MAITLAND AVE (0003215),3215,02 - Intersection related,02 - Non-fatal injury,02 - Angle,01 - Clear,01 - Daylight,01 - Dry,02 - Stop sign,01 - Functioning,2,1,0,0,03 - Major,1,,,1,,364152.9666,5025146.136,45.36374611,-75.74235248,6076
20--6502,2020/08/21,5:53 PM,CONROY RD @ HUNT CLUB RD (0002257),2257,03 - At intersection,02 - Non-fatal injury,05 - Turning movement,01 - Clear,01 - Daylight,01 - Dry,01 - Traffic signal,01 - Functioning,2,0,0,0,02 - Minor,2,,2,,,373763.6605,5025404.698,45.36519293,-75.61964832,6077
20--6503,2020/08/21,6:15 AM,RAMSAYVILLE RD @ RIDGE RD (0009270),9270,03 - At intersection,03 - P.D. only,05 - Turning movement,01 - Clear,03 - Dawn,01 - Dry,02 - Stop sign,01 - Functioning,2,0,0,0,,0,,,,,376683.7382,5028863.529,45.39602028,-75.58187335,6078
20--6504,2020/08/21,6:35 PM,TERRY FOX DR @ FERNBANK RD (0011863),11863,03 - At intersection,02 - Non-fatal injury,03 - Rear end,01 - Clear,01 - Daylight,01 - Dry,01 - Traffic signal,01 - Functioning,2,0,0,0,02 - Minor,1,,1,,,354303.5418,5015130.102,45.27438487,-75.86907416,6079
20--6505,2020/08/21,6:36 PM,BASELINE RD @ CLYDE AVE (0002343),2343,02 - Intersection related,02 - Non-fatal injury,05 - Turning movement,01 - Clear,01 - Daylight,01 - Dry,01 - Traffic signal,01 - Functioning,2,0,0,0,02 - Minor,1,,1,,,364358.7037,5024890.513,45.3614286,-75.73975727,6080
20--6506,2020/08/21,6:41 PM,JENNIFER LANE @ JOCKVALE RD (0000811),811,02 - Intersection related,03 - P.D. only,03 - Rear end,01 - Clear,01 - Daylight,01 - Dry,02 - Stop sign,01 - Functioning,2,0,0,0,,0,,,,,361590.675,5015301.432,45.27537573,-75.77618654,6081
20--6507,2020/08/21,7:12 PM,ST. JOSEPH BLVD @ JEANNE D'ARC BLVD (0012421),12421,03 - At intersection,02 - Non-fatal injury,02 - Angle,01 - Clear,01 - Daylight,01 - Dry,11 - Roundabout,01 - Functioning,2,0,1,0,02 - Minor,1,,1,,,379860.7393,5036471.853,45.46414116,-75.54014138,6082
20--6508,2020/08/21,8:30 AM,TRIOLE ST btwn BELFAST RD & END (__3ZA79Y),__3ZA79Y,04 - At/near private drive,03 - P.D. only,02 - Angle,01 - Clear,01 - Daylight,01 - Dry,10 - No control,,2,0,0,0,,0,,,,,373024.9899,5030514.934,45.41124492,-75.62837023,6083
20--6509,2020/08/21,8:30 PM,THOMAS A. DOLAN PKWY btwn CONSTANCE CREEK DR & GREENLAND RD (__3ZAZJQ),__3ZAZJQ,01 - Non intersection,03 - P.D. only,07 - SMV other,01 - Clear,07 - Dark,01 - Dry,10 - No control,,1,0,0,0,,0,,,,,344049.399,5032935.128,45.43524735,-75.99834461,6084
20--651,2020/01/15,7:13 AM,LEITRIM RD @ ALBION RD (0012479),12479,03 - At intersection,02 - Non-fatal injury,05 - Turning movement,01 - Clear,03 - Dawn,02 - Wet,01 - Traffic signal,01 - Functioning,2,0,0,0,02 - Minor,1,,1,,,373497.5829,5020419.256,45.3203619,-75.62373683,6085
20--6510,2020/08/21,8:47 AM,BESSERER ST @ WALLER ST (0008859),8859,03 - At intersection,03 - P.D. only,04 - Sideswipe,01 - Clear,01 - Daylight,01 - Dry,01 - Traffic signal,01 - Functioning,2,0,0,0,,0,,,,,368315.9424,5032191.983,45.42677767,-75.68830966,6086
20--6511,2020/08/21,9:10 PM,YOUVILLE DR btwn ST. JOSEPH BLVD & JEANNE D'ARC BLVD S (__3ZA6DC),__3ZA6DC,01 - Non intersection,02 - Non-fatal injury,07 - SMV other,01 - Clear,07 - Dark,01 - Dry,10 - No control,,1,0,0,0,02 - Minor,1,,1,,,379504.6225,5036613.451,45.46545333,-75.54467316,6087
20--6512,2020/08/21,9:11 AM,CARLING AVE @ PINECREST  RD/GREENVIEW AVE (0001630),1630,03 - At intersection,03 - P.D. only,05 - Turning movement,01 - Clear,01 - Daylight,01 - Dry,01 - Traffic signal,01 - Functioning,2,0,0,0,,0,,,,,360006.6613,5024632.534,45.35946354,-75.79533375,6088
20--6513,2020/08/21,9:11 AM,CARLING AVE @ PINECREST  RD/GREENVIEW AVE (0001630),1630,02 - Intersection related,03 - P.D. only,03 - Rear end,01 - Clear,01 - Daylight,01 - Dry,01 - Traffic signal,01 - Functioning,2,0,0,0,,0,,,,,360006.6652,5024632.532,45.35946352,-75.7953337,6089
20--6514,2020/08/22,1:39 PM,CARLING AVE @ CHURCHILL AVE (0002149),2149,02 - Intersection related,03 - P.D. only,04 - Sideswipe,01 - Clear,01 - Daylight,01 - Dry,01 - Traffic signal,01 - Functioning,2,0,0,0,,0,,,,,363775.6942,5027013.54,45.38058059,-75.74694502,6090
20--6515,2020/08/22,10:58 AM,BANTREE ST @ INNES RD (0007684),7684,02 - Intersection related,03 - P.D. only,04 - Sideswipe,01 - Clear,01 - Daylight,01 - Dry,01 - Traffic signal,01 - Functioning,2,0,0,0,,0,,,,,373705.7246,5030406.559,45.41020312,-75.61968947,6091
20--6516,2020/08/22,11:21 AM,VANIER PKWY/CRICHTON ST @ BEECHWOOD AVE/ST. PA (0001604),1604,03 - At intersection,03 - P.D. only,03 - Rear end,01 - Clear,01 - Daylight,01 - Dry,01 - Traffic signal,01 - Functioning,2,0,0,0,,0,,,,,369127.7981,5033487.132,45.43835672,-75.67776656,6092
20--6517,2020/08/22,Unknown,WELLINGTON ST    W btwn STIRLING AVE & SHERBROOKE AVE (__3ZA3Z0),__3ZA3Z0,01 - Non intersection,03 - P.D. only,06 - SMV unattended vehicle,01 - Clear,00 - Unknown,01 - Dry,10 - No control,,1,0,0,0,,0,,,,,365414.4215,5029495.345,45.40277147,-75.72571729,6093
20--6518,2020/08/22,Unknown,CHURCHILL AVE   N btwn CURRELL AVE & ROBIN LANE (__3ZA3AO),__3ZA3AO,01 - Non intersection,03 - P.D. only,06 - SMV unattended vehicle,01 - Clear,00 - Unknown,01 - Dry,10 - No control,,1,0,0,0,,0,,,,,363727.7254,5027141.057,45.381732,-75.74754226,6094
20--6519,2020/08/22,Unknown,JOSEPH CIRC btwn JOHNWOODS ST & Continuation of JOSEPH CIRC (__3ZACME),__3ZACME,01 - Non intersection,03 - P.D. only,06 - SMV unattended vehicle,01 - Clear,00 - Unknown,01 - Dry,10 - No control,,1,0,0,0,,0,,,,,350026.4973,5015639.749,45.27925895,-75.92353603,6095
20--652,2020/01/15,7:15 AM,HIGHWAY 416 btwn HWY416 IC66 RAMP62 & HWY416 IC72 RAMP24 (__3ZAZMZ),__3ZAZMZ,01 - Non intersection,03 - P.D. only,03 - Rear end,01 - Clear,03 - Dawn,02 - Wet,10 - No control,,3,0,0,0,,0,,,,,360210.2194,5017617.106,45.29632251,-75.79352088,6096
20--6520,2020/08/22,12:00 PM,KING EDWARD AVE @ LAURIER AVE (0002170),2170,02 - Intersection related,03 - P.D. only,03 - Rear end,01 - Clear,01 - Daylight,01 - Dry,01 - Traffic signal,01 - Functioning,3,0,0,0,,0,,,,,368739.7044,5032034.854,45.42532527,-75.68291522,6097
20--6521,2020/08/22,12:18 PM,GREENBANK RD @ STRANDHERD DR (0005563),5563,03 - At intersection,03 - P.D. only,04 - Sideswipe,01 - Clear,01 - Daylight,01 - Dry,01 - Traffic signal,01 - Functioning,2,1,0,0,,0,,,,,363933.6868,5014784.429,45.27053059,-75.7463883,6098
20--6522,2020/08/22,2:06 PM,PRINCE OF WALES DR btwn 187 N OF MEADOWLANDS DR & MEADOWLANDS DR/HOG'S (__3ZA36WA),__3ZA36WA,04 - At/near private drive,02 - Non-fatal injury,05 - Turning movement,01 - Clear,01 - Daylight,01 - Dry,10 - No control,,2,1,0,0,02 - Minor,1,,1,,,367330.2119,5025810.464,45.36944736,-75.70171436,6099
20--6523,2020/08/22,2:12 PM,HIGHWAY 417 btwn HWY417 IC124 RAMP65 & HWY417 IC122 RAMP51 (__3ZA2R8),__3ZA2R8,01 - Non intersection,03 - P.D. only,03 - Rear end,01 - Clear,01 - Daylight,01 - Dry,10 - No control,,3,0,0,0,,0,,,,,365143.9743,5028692.318,45.39556937,-75.72926989,6100
20--6524,2020/08/22,2:24 PM,WELLINGTON ST    W btwn MELROSE AVE & MERTON ST (__3ZA31I),__3ZA31I,01 - Non intersection,02 - Non-fatal injury,03 - Rear end,01 - Clear,01 - Daylight,01 - Dry,10 - No control,,2,1,0,0,02 - Minor,1,,1,,,365480.4224,5029582.143,45.40354674,-75.7248636,6101
20--6525,2020/08/22,2:40 PM,BRONSON AVE btwn RENFREW AVE & POWELL AVE (__3ZA3BZ),__3ZA3BZ,01 - Non intersection,03 - P.D. only,03 - Rear end,01 - Clear,01 - Daylight,01 - Dry,10 - No control,,2,0,0,0,,0,,,,,367376.1226,5029505.499,45.40269022,-75.70065984,6102
20--6526,2020/08/22,2:55 PM,HIGHWAY 417 btwn HWY417 IC124 RAMP65 & HWY417 IC122 RAMP51 (__3ZA2R8),__3ZA2R8,01 - Non intersection,03 - P.D. only,03 - Rear end,01 - Clear,01 - Daylight,01 - Dry,10 - No control,,3,0,0,0,,0,,,,,364880.3655,5028227.07,45.39140583,-75.73269312,6103
20--6527,2020/08/22,3:40 PM,GREENBANK RD btwn BANNER RD & CANFIELD RD (__3ZA4YY),__3ZA4YY,01 - Non intersection,03 - P.D. only,04 - Sideswipe,01 - Clear,01 - Daylight,01 - Dry,10 - No control,,2,0,0,0,,0,,,,,361045.9369,5021508.843,45.33127405,-75.78242452,6104
20--6528,2020/08/22,4:57 AM,TERRY FOX DR btwn KANATA AVE & Continuation of TERRY FOX DR (__4V3NPM),__4V3NPM,01 - Non intersection,03 - P.D. only,07 - SMV other,01 - Clear,07 - Dark,01 - Dry,10 - No control,,1,0,0,0,,0,,,,,349524.1106,5019092.109,45.31035651,-75.92962787,6105
20--6529,2020/08/22,5:49 AM,RIVERSIDE DR btwn KIMBERWICK CRES & MALHOTRA CRT (__3ZA1KW),__3ZA1KW,01 - Non intersection,02 - Non-fatal injury,07 - SMV other,01 - Clear,03 - Dawn,08 - Loose sand or gravel,10 - No control,,1,0,0,0,02 - Minor,1,,1,,,368198.6207,5022895.805,45.34314393,-75.69100281,6106
20--653,2020/01/15,7:20 AM,HIGHWAY 416 btwn HWY416 IC66 RAMP62 & HWY416 IC72 RAMP24 (__3ZAZMZ),__3ZAZMZ,01 - Non intersection,03 - P.D. only,03 - Rear end,01 - Clear,03 - Dawn,02 - Wet,10 - No control,,2,0,0,0,,0,,,,,360143.7606,5017528.015,45.2955261,-75.79437811,6107
20--6530,2020/08/22,6:04 PM,BANK ST @ ST. BERNARD ST (0012406),12406,03 - At intersection,03 - P.D. only,05 - Turning movement,01 - Clear,01 - Daylight,01 - Dry,01 - Traffic signal,01 - Functioning,2,0,0,0,,0,,,,,373004.4323,5023708.226,45.35000301,-75.62957315,6108
20--6531,2020/08/22,7:30 PM,COBOURG ST @ RIDEAU ST (0008860),8860,03 - At intersection,03 - P.D. only,03 - Rear end,01 - Clear,01 - Daylight,01 - Dry,01 - Traffic signal,01 - Functioning,2,0,0,0,,0,,,,,369128.799,5032787.686,45.43206329,-75.67784516,6109
20--6532,2020/08/22,8:30 AM,WOODROFFE AVE btwn MAJESTIC DR & TO BE DETERMINED (__3ZA247),__3ZA247,01 - Non intersection,02 - Non-fatal injury,04 - Sideswipe,01 - Clear,01 - Daylight,01 - Dry,10 - No control,,2,0,0,0,01 - Minimal,1,1,,,,363556.3185,5021507.994,45.33106072,-75.75040032,6110
20--6631,2020/08/27,10:45 AM,ST. JOSEPH BLVD @ JEANNE D'ARC BLVD (0012421),12421,03 - At intersection,03 - P.D. only,03 - Rear end,02 - Rain,01 - Daylight,02 - Wet,11 - Roundabout,01 - Functioning,2,0,0,0,,0,,,,,379860.7429,5036471.572,45.46413864,-75.54014138,6111
20--6632,2020/08/27,11:50 AM,CARLING AVE @ MAITLAND AVE/SHERBOURNE RD (0002641),2641,02 - Intersection related,03 - P.D. only,04 - Sideswipe,02 - Rain,01 - Daylight,02 - Wet,01 - Traffic signal,01 - Functioning,2,0,0,0,,0,,,,,362942.7001,5026488.527,45.37592622,-75.75764236,6112
20--6633,2020/08/27,2:11 PM,CROSSKEYS PL/HELENE CAMPBELL RD @ STRANDHERD DR (0015337),15337,02 - Intersection related,03 - P.D. only,03 - Rear end,01 - Clear,01 - Daylight,01 - Dry,01 - Traffic signal,01 - Functioning,2,0,0,0,,0,,,,,360982.3112,5014901.733,45.27182808,-75.78398493,6113
20--6634,2020/08/27,2:30 PM,HIGHWAY 417 btwn HWY417 IC122 RAMP15 & HWY417 IC121B RAMP51 (__3ZA2RB),__3ZA2RB,01 - Non intersection,03 - P.D. only,03 - Rear end,01 - Clear,01 - Daylight,01 - Dry,10 - No control,,3,0,0,0,,0,,,,,365682.2663,5029107.603,45.39925941,-75.72234405,6114
20--6635,2020/08/27,3:07 PM,WEST HUNT CLUB RD WB btwn MERIVALE RD & ROYDON PL (__3ZA3JR),__3ZA3JR,01 - Non intersection,03 - P.D. only,03 - Rear end,01 - Clear,01 - Daylight,01 - Dry,10 - No control,,2,0,0,0,,0,,,,,365728.2638,5022015.087,45.33543827,-75.72263124,6115
20--6636,2020/08/27,3:18 PM,BAY ST @ QUEEN ST (0006360),6360,03 - At intersection,03 - P.D. only,02 - Angle,01 - Clear,01 - Daylight,01 - Dry,01 - Traffic signal,01 - Functioning,2,0,0,0,,0,,,,,366899.5818,5031212.039,45.41808761,-75.70653154,6116
20--6637,2020/08/27,3:27 PM,BRONSON AVE @ JAMES ST (0005694),5694,02 - Intersection related,03 - P.D. only,04 - Sideswipe,01 - Clear,01 - Daylight,01 - Dry,02 - Stop sign,01 - Functioning,2,0,0,0,,0,,,,,367066.7036,5030241.564,45.40934072,-75.70451898,6117
20--6638,2020/08/27,3:29 PM,CENTRAL PARK DR S @ MERIVALE RD (0009113),9113,03 - At intersection,03 - P.D. only,05 - Turning movement,01 - Clear,01 - Daylight,01 - Dry,01 - Traffic signal,01 - Functioning,2,0,0,0,,0,,,,,364987.1957,5025598.49,45.36774518,-75.73164931,6118
20--6639,2020/08/27,3:31 PM,BASELINE RD @ FERGUSON ST (0003206),3206,02 - Intersection related,02 - Non-fatal injury,03 - Rear end,01 - Clear,01 - Daylight,01 - Dry,12 - IPS,00 - Unknown,3,0,0,0,02 - Minor,1,,1,,,363440.6949,5024315.494,45.35633203,-75.75154248,6119
20--664,2020/01/15,9:00 AM,DALHOUSIE ST btwn GUIGUES AVE & ST. PATRICK ST (__3ZA7BL),__3ZA7BL,01 - Non intersection,03 - P.D. only,05 - Turning movement,01 - Clear,01 - Daylight,02 - Wet,10 - No control,,2,0,0,0,,0,,,,,367932.7206,5032681.109,45.43121335,-75.69314378,6120
20--6640,2020/08/27,3:40 PM,MANITOU DR @ SHERBOURNE RD (0003076),3076,02 - Intersection related,03 - P.D. only,05 - Turning movement,01 - Clear,01 - Daylight,01 - Dry,02 - Stop sign,00 - Unknown,2,0,0,0,,0,,,,,362331.6896,5026638.544,45.37732649,-75.76542553,6121
20--6641,2020/08/27,3:48 PM,SECOND LINE RD btwn THOMAS A. DOLAN PKWY & MURPHY SIDE RD (__3ZBNBL),__3ZBNBL,01 - Non intersection,02 - Non-fatal injury,07 - SMV other,01 - Clear,01 - Daylight,01 - Dry,10 - No control,,1,0,0,0,02 - Minor,1,,1,,,343460.9069,5028043.405,45.39126325,-76.00624969,6122