Anom_ID,Accident_Date,Accident_Time,Location,Geo_ID,Accident_Location,Classification_of_Accident,Initial_Impact_Type,Environment_Condition,Light,Road_Surface_Condition,Traffic_Control,Traffic_Control_Condition,No__of_Vehicles,No__of_Bicycles,No__of_Motorcycles,No__of_Pedestrians,Max_Injury,No__of_Injuries,No__of_Minimal,No__of_Minor,No__of_Major,No__of_Fatal,X,Y,Latitude,Longitude,ObjectId
20--6642,2020/08/27,4:00 PM,BROOKFIELD RD btwn 200 W OF FLANNERY DR & BROOKFIELD RAMP 36 (__3ZA225B),__3ZA225B,01 - Non intersection,03 - P.D. only,04 - Sideswipe,01 - Clear,01 - Daylight,01 - Dry,10 - No control,,2,0,0,0,,0,,,,,368565.6149,5026263.519,45.37341251,-75.68588581,6123
20--6643,2020/08/27,4:00 PM,HIGHWAY 417 btwn HWY417 IC124 RAMP65 & HWY417 IC122 RAMP51 (__3ZA2R8),__3ZA2R8,01 - Non intersection,02 - Non-fatal injury,03 - Rear end,01 - Clear,01 - Daylight,01 - Dry,10 - No control,,3,0,0,0,02 - Minor,2,,2,,,365072.7412,5028574.84,45.39451846,-75.73019397,6124
20--6644,2020/08/27,4:49 PM,BRIAN COBURN BLVD @ PORTOBELLO BLVD (0013015),13015,03 - At intersection,03 - P.D. only,07 - SMV other,01 - Clear,01 - Daylight,01 - Dry,11 - Roundabout,00 - Unknown,1,0,0,0,,0,,,,,385751.352,5035489.414,45.45464436,-75.46498732,6125
20--6645,2020/08/27,5:18 PM,EARL MULLIGAN DR @ WOODROFFE AVE (0000591),591,02 - Intersection related,03 - P.D. only,03 - Rear end,01 - Clear,01 - Daylight,01 - Dry,01 - Traffic signal,01 - Functioning,2,0,0,0,,0,,,,,365250.7101,5017506.466,45.2949114,-75.72927381,6126
20--6646,2020/08/27,5:37 PM,FERNBANK RD btwn GO/KA BOUNDARY & SHEA RD (__3ZBNCF),__3ZBNCF,04 - At/near private drive,03 - P.D. only,05 - Turning movement,01 - Clear,01 - Daylight,01 - Dry,10 - No control,,2,0,0,0,,0,,,,,352163.3535,5013220.433,45.25734851,-75.89653154,6127
20--6647,2020/08/27,5:42 AM,STEWART ST @ WALLER ST (0011915),11915,03 - At intersection,03 - P.D. only,05 - Turning movement,01 - Clear,03 - Dawn,01 - Dry,02 - Stop sign,02 - Not functioning,2,0,0,0,,0,,,,,368371.6214,5032042.433,45.42542701,-75.6876175,6128
20--6648,2020/08/27,6:09 PM,WOODROFFE AVE @ CLARIDGE DR/STONEWAY DR N (0009791),9791,03 - At intersection,03 - P.D. only,02 - Angle,01 - Clear,01 - Daylight,01 - Dry,01 - Traffic signal,01 - Functioning,2,0,0,0,,0,,,,,365576.3892,5016707.403,45.28769338,-75.7252198,6129
20--6649,2020/08/27,7:10 PM,POWELL AVE btwn BRONSON AVE & PERCY ST (__3ZA927),__3ZA927,04 - At/near private drive,03 - P.D. only,06 - SMV unattended vehicle,01 - Clear,01 - Daylight,01 - Dry,10 - No control,,1,0,0,0,,0,,,,,367524.4816,5029557.621,45.40314592,-75.69875828,6130
20--665,2020/01/15,9:03 AM,LONGFIELDS DR @ MOUNTSHANNON DR E (0000028),28,03 - At intersection,03 - P.D. only,02 - Angle,01 - Clear,01 - Daylight,02 - Wet,11 - Roundabout,01 - Functioning,2,0,0,0,,0,,,,,364886.6898,5016801.444,45.28859886,-75.73399994,6131
20--6650,2020/08/27,7:36 AM,KITTIWAKE DR btwn WILDERNESS WAY & CARP RD (__4YT2ON),__4YT2ON,04 - At/near private drive,03 - P.D. only,05 - Turning movement,02 - Rain,01 - Daylight,02 - Wet,10 - No control,,2,0,0,0,,0,,,,,348535.7099,5014489.735,45.26900503,-75.94263823,6132
20--6651,2020/08/27,9:01 PM,EARL ARMSTRONG RD @ SHORELINE DR (0013041),13041,03 - At intersection,02 - Non-fatal injury,02 - Angle,01 - Clear,07 - Dark,01 - Dry,01 - Traffic signal,01 - Functioning,2,0,0,0,02 - Minor,1,,1,,,368840.0336,5015288.215,45.27463393,-75.68380197,6133
20--6652,2020/08/27,9:18 AM,UPLANDS DR @ AIRPORT PKWY RAMP 35 (0009397),9397,02 - Intersection related,03 - P.D. only,04 - Sideswipe,02 - Rain,01 - Daylight,02 - Wet,01 - Traffic signal,01 - Functioning,2,0,0,0,,0,,,,,371123.7324,5021373.489,45.32917611,-75.65388498,6134
20--6653,2020/08/27,9:19 AM,HIGHWAY 417 btwn HWY417 IC140 RAMP36 & HWY417 IC140 RAMP16 (__3ZA20N),__3ZA20N,01 - Non intersection,03 - P.D. only,07 - SMV other,02 - Rain,01 - Daylight,02 - Wet,10 - No control,,1,0,0,0,,0,,,,,350861.4821,5018549.911,45.30539123,-75.91262349,6135
20--6654,2020/08/28,1:50 PM,FALLOWFIELD RD btwn HWY416 IC66 RAMP63 & HWY416 IC66 RAMP52 (__3ZAZMY),__3ZAZMY,01 - Non intersection,03 - P.D. only,04 - Sideswipe,01 - Clear,01 - Daylight,01 - Dry,10 - No control,,2,0,0,0,,0,,,,,360078.4484,5014796.341,45.27095138,-75.79551505,6136
20--6655,2020/08/28,1:53 PM,BLACKWELL ST btwn BANTREE ST & LEEDS AVE (__3ZA783),__3ZA783,04 - At/near private drive,03 - P.D. only,05 - Turning movement,01 - Clear,01 - Daylight,01 - Dry,10 - No control,,2,0,1,0,,0,,,,,374531.9915,5029772.103,45.40441277,-75.60922444,6137
20--6656,2020/08/28,10:00 PM,LONGFIELDS DR @ WOODROFFE AVE (0000096),96,02 - Intersection related,03 - P.D. only,03 - Rear end,01 - Clear,07 - Dark,01 - Dry,01 - Traffic signal,01 - Functioning,2,0,0,0,,0,,,,,365421.2246,5017107.122,45.29130344,-75.72714882,6138
20--6657,2020/08/28,10:45 AM,DALY AVE @ WALLER ST (0008233),8233,03 - At intersection,03 - P.D. only,05 - Turning movement,01 - Clear,01 - Daylight,01 - Dry,01 - Traffic signal,01 - Functioning,2,0,0,0,,0,,,,,368341.1834,5032120.444,45.42613169,-75.68799636,6139
20--6658,2020/08/28,11:05 AM,AIRPORT PKWY @ HUNT CLUB RD (0010856),10856,03 - At intersection,03 - P.D. only,04 - Sideswipe,01 - Clear,01 - Daylight,01 - Dry,01 - Traffic signal,01 - Functioning,2,0,0,0,,0,,,,,371018.5159,5023702.996,45.35014627,-75.65491535,6140
20--6659,2020/08/28,11:24 AM,BRAMPTON RD btwn ALDERWOOD ST & ALBION RD (__3ZA9B6),__3ZA9B6,01 - Non intersection,03 - P.D. only,07 - SMV other,01 - Clear,01 - Daylight,01 - Dry,10 - No control,,1,0,0,0,,0,,,,,372157.5623,5023557.817,45.34873152,-75.64040018,6141
20--666,2020/01/15,9:05 AM,TENTH LINE RD btwn VANGUARD DR & LAKEPOINTE DR (__4V3JUE),__4V3JUE,01 - Non intersection,03 - P.D. only,04 - Sideswipe,01 - Clear,01 - Daylight,02 - Wet,10 - No control,,2,0,0,0,,0,,,,,384258.6033,5035429.133,45.45427333,-75.48407971,6142
20--6660,2020/08/28,11:45 AM,INNES RD @ TENTH LINE RD (0004633),4633,02 - Intersection related,03 - P.D. only,03 - Rear end,01 - Clear,01 - Daylight,01 - Dry,01 - Traffic signal,01 - Functioning,2,0,0,0,,0,,,,,383951.7613,5036159.561,45.46087989,-75.48788466,6143
20--6661,2020/08/28,11:58 AM,BANK ST @ FIFTH AVE (0007247),7247,02 - Intersection related,03 - P.D. only,04 - Sideswipe,01 - Clear,01 - Daylight,01 - Dry,01 - Traffic signal,01 - Functioning,2,0,0,0,,0,,,,,368398.7075,5029400.551,45.40165378,-75.6876123,6144
20--6662,2020/08/28,Unknown,LISGAR ST btwn METCALFE ST & ELGIN ST (__3ZA9U7),__3ZA9U7,01 - Non intersection,03 - P.D. only,06 - SMV unattended vehicle,01 - Clear,00 - Unknown,01 - Dry,10 - No control,,1,0,0,0,,0,,,,,368007.0746,5031305.456,45.41882898,-75.69237013,6145
20--6663,2020/08/28,12:09 PM,MARSHWOOD RD @ PANMURE RD (0006071),6071,02 - Intersection related,03 - P.D. only,03 - Rear end,01 - Clear,01 - Daylight,01 - Dry,02 - Stop sign,00 - Unknown,2,0,0,0,,0,,,,,330891.6067,5021124.571,45.3295852,-76.16713797,6146
20--6664,2020/08/28,12:10 PM,FIFTH AVE btwn BANK ST & HOWICK PL (__3ZA92S),__3ZA92S,04 - At/near private drive,03 - P.D. only,99 - Other,01 - Clear,01 - Daylight,01 - Dry,10 - No control,,2,0,0,0,,0,,,,,368466.6454,5029440.678,45.40200865,-75.6867394,6147
20--6665,2020/08/28,2:25 PM,TERRY FOX DR S @ DIDSBURY RD/CENTRUM KANATA SC (0011820),11820,03 - At intersection,03 - P.D. only,05 - Turning movement,01 - Clear,01 - Daylight,01 - Dry,01 - Traffic signal,01 - Functioning,2,0,0,0,,0,,,,,350623.4741,5018915.739,45.30869861,-75.91562459,6148
20--6666,2020/08/28,2:27 PM,CASTLEFRANK RD @ TERRY FOX DR (0011757),11757,02 - Intersection related,03 - P.D. only,03 - Rear end,01 - Clear,01 - Daylight,01 - Dry,01 - Traffic signal,01 - Functioning,2,0,0,0,,0,,,,,352993.9989,5016304.799,45.28504608,-75.88564933,6149
20--6667,2020/08/28,2:30 PM,MARAVISTA DR @ STRANDHERD DR (0013565),13565,02 - Intersection related,03 - P.D. only,04 - Sideswipe,01 - Clear,01 - Daylight,01 - Dry,01 - Traffic signal,01 - Functioning,2,0,0,0,,0,,,,,361288.4381,5014584.958,45.26895318,-75.78011984,6150
20--6668,2020/08/28,2:31 PM,INDUSTRIAL AVE btwn TRAINYARDS DR & RUSSELL RD (__3ZA3R9),__3ZA3R9,01 - Non intersection,02 - Non-fatal injury,03 - Rear end,01 - Clear,01 - Daylight,01 - Dry,10 - No control,,2,0,0,0,02 - Minor,1,,1,,,372073.1982,5030440.804,45.41067007,-75.64053887,6151
20--6669,2020/08/28,2:57 PM,MARCH RD btwn HALTON TERR/MAXWELL BRIDGE RD & KLONDIKE RD (__3ZA3CG),__3ZA3CG,01 - Non intersection,03 - P.D. only,04 - Sideswipe,01 - Clear,01 - Daylight,01 - Dry,10 - No control,,2,0,0,0,,0,,,,,349230.0448,5024097.595,45.35541583,-75.93292862,6152
20--667,2020/01/15,9:15 AM,REGIONAL ROAD 174 btwn OR174 IC105 RAMP25 & OR174 IC102 RAMP51 (__3ZA27G),__3ZA27G,01 - Non intersection,03 - P.D. only,99 - Other,01 - Clear,01 - Daylight,01 - Dry,10 - No control,,2,0,0,0,,0,,,,,380847.7666,5037815.761,45.4761258,-75.52731336,6153
20--6670,2020/08/28,3:00 PM,BASELINE RD/HERON RD @ PRINCE OF WALES DR (0002345),2345,02 - Intersection related,03 - P.D. only,04 - Sideswipe,01 - Clear,01 - Daylight,01 - Dry,01 - Traffic signal,01 - Functioning,2,0,0,0,,0,,,,,366873.7132,5026438.541,45.37513924,-75.70746271,6154
20--6671,2020/08/28,3:15 PM,HIGHWAY 417 btwn HWY417 IC113 RAMP85 & HWY417 IC112 RAMP54 (__3ZA287),__3ZA287,01 - Non intersection,03 - P.D. only,04 - Sideswipe,01 - Clear,01 - Daylight,01 - Dry,10 - No control,,2,0,0,0,,0,,,,,374148.7442,5031333.284,45.41849757,-75.61389991,6155
20--6672,2020/08/28,3:23 PM,STRANDHERD DR btwn FALLOWFIELD RD & MARAVISTA DR (__6NFZTL),__6NFZTL,01 - Non intersection,02 - Non-fatal injury,03 - Rear end,01 - Clear,01 - Daylight,01 - Dry,10 - No control,,2,0,0,0,01 - Minimal,2,2,,,,361229.0126,5014691.952,45.2699207,-75.78086493,6156
20--6673,2020/08/28,3:36 PM,BRUYERE ST @ KING EDWARD AVE (0011437),11437,02 - Intersection related,03 - P.D. only,04 - Sideswipe,01 - Clear,01 - Daylight,01 - Dry,02 - Stop sign,01 - Functioning,2,0,0,0,,0,,,,,368140.696,5033039.587,45.43442,-75.69043994,6157
20--6674,2020/08/28,3:50 PM,MARCH VALLEY RD @ RIDDELL DR (0003191),3191,03 - At intersection,03 - P.D. only,02 - Angle,01 - Clear,01 - Daylight,01 - Dry,02 - Stop sign,01 - Functioning,2,0,0,0,,0,,,,,348201.6084,5027265.546,45.38398616,-75.94577584,6158
20--6675,2020/08/28,3:54 PM,CLEROUX CRES W @ INNES RD (0004132),4132,03 - At intersection,02 - Non-fatal injury,02 - Angle,01 - Clear,01 - Daylight,01 - Dry,01 - Traffic signal,01 - Functioning,2,1,0,0,03 - Major,1,,,1,,379015.7396,5033439.568,45.43694914,-75.55140302,6159
20--6676,2020/08/28,4:15 PM,VANIER PKWY SB btwn RIVERSIDE DR & TO BE DETERMINED (__3ZA1Q9),__3ZA1Q9,01 - Non intersection,03 - P.D. only,03 - Rear end,01 - Clear,01 - Daylight,01 - Dry,10 - No control,,2,0,0,0,,0,,,,,370803.1552,5031201.589,45.41763624,-75.65666087,6160
20--6677,2020/08/28,5:00 PM,CAMERON ST @ REGIONAL RD 174 (0012883),12883,02 - Intersection related,03 - P.D. only,03 - Rear end,01 - Clear,01 - Daylight,01 - Dry,01 - Traffic signal,01 - Functioning,2,0,0,0,,0,,,,,389860.7687,5042617.552,45.51828688,-75.41122032,6161
20--6678,2020/08/28,5:00 PM,CAMERON ST @ REGIONAL RD 174 (0012883),12883,02 - Intersection related,03 - P.D. only,03 - Rear end,01 - Clear,01 - Daylight,01 - Dry,01 - Traffic signal,01 - Functioning,3,0,0,0,,0,,,,,389860.7757,5042617.578,45.51828711,-75.41122023,6162
20--6679,2020/08/28,5:19 PM,WOODKILTON RD @ KINBURN SIDE RD (0005761),5761,03 - At intersection,03 - P.D. only,02 - Angle,01 - Clear,01 - Daylight,01 - Dry,02 - Stop sign,01 - Functioning,2,0,0,0,,0,,,,,336951.5457,5034990.688,45.45410627,-76.08892695,6163
20--668,2020/01/15,9:30 AM,ELGIN ST @ WELLINGTON ST W (0002113),2113,03 - At intersection,03 - P.D. only,04 - Sideswipe,01 - Clear,01 - Daylight,04 - Slush,01 - Traffic signal,01 - Functioning,2,0,0,0,,0,,,,,367664.6902,5031877.583,45.42400764,-75.69667152,6164
20--6680,2020/08/28,5:19 PM,HIGHWAY 417 btwn HWY417 IC117 RAMP25 & HWY417 IC115 RAMP51 (__3ZA2R3),__3ZA2R3,01 - Non intersection,03 - P.D. only,07 - SMV other,01 - Clear,01 - Daylight,01 - Dry,10 - No control,,1,0,0,0,,0,,,,,371622.1561,5031407.055,45.41940719,-75.64616959,6165
20--6681,2020/08/28,5:45 PM,COLONEL BY DR/MACKENZIE AVE @ DALY AVE (0008541),8541,02 - Intersection related,03 - P.D. only,05 - Turning movement,01 - Clear,01 - Daylight,01 - Dry,01 - Traffic signal,01 - Functioning,2,0,0,0,,0,,,,,368002.7094,5031904.585,45.42422013,-75.69234904,6166
20--6682,2020/08/28,6:15 PM,HIGHWAY 417 btwn HWY417 IC124 RAMP65 & HWY417 IC122 RAMP51 (__3ZA2R8),__3ZA2R8,01 - Non intersection,03 - P.D. only,03 - Rear end,01 - Clear,01 - Daylight,01 - Dry,10 - No control,,2,0,0,0,,0,,,,,364980.7805,5028411.233,45.39305427,-75.73138834,6167
20--6683,2020/08/28,6:18 PM,MACKENZIE AVE btwn 205 N OF RIDEAU ST & RIDEAU ST (__3ZA8H8A),__3ZA8H8A,01 - Non intersection,03 - P.D. only,04 - Sideswipe,01 - Clear,01 - Daylight,01 - Dry,10 - No control,,2,0,0,0,,0,,,,,367789.9109,5032135.78,45.42631954,-75.6950385,6168
20--6684,2020/08/28,7:20 PM,HIGHWAY 417 btwn HWY417 IC122 RAMP15 & HWY417 IC121B RAMP51 (__3ZA2RB),__3ZA2RB,01 - Non intersection,03 - P.D. only,03 - Rear end,01 - Clear,01 - Daylight,01 - Dry,10 - No control,,3,0,0,0,,0,,,,,366504.2349,5029491.712,45.40264356,-75.71179789,6169
20--6685,2020/08/28,8:25 PM,HERON RD btwn TURN LANE & TO BE DETERMINED (__3ZA362),__3ZA362,06 - Underpass or tunnel,03 - P.D. only,01 - Approaching,01 - Clear,07 - Dark,01 - Dry,10 - No control,,2,0,0,0,,0,,,,,367509.0772,5026522.81,45.37584089,-75.69934068,6170
20--6686,2020/08/28,8:28 PM,RAMSAYVILLE RD btwn LEITRIM RD & LEITRIM RD (__3ZA6FG),__3ZA6FG,01 - Non intersection,03 - P.D. only,07 - SMV other,01 - Clear,07 - Dark,01 - Dry,10 - No control,,1,0,0,0,,0,,,,,378780.1071,5023743.416,45.34973416,-75.55586823,6171
20--6687,2020/08/28,8:40 AM,FRANK KENNY RD btwn FRENCH HILL RD & WALL RD (__3ZBO6S),__3ZBO6S,01 - Non intersection,03 - P.D. only,07 - SMV other,01 - Clear,01 - Daylight,01 - Dry,10 - No control,,1,0,0,0,,0,,,,,388817.1353,5035445.285,45.45388545,-75.42580374,6172
20--6688,2020/08/28,9:00 AM,CARLING AVE @ MERIVALE RD EXTENSION (0008794),8794,02 - Intersection related,03 - P.D. only,03 - Rear end,01 - Clear,01 - Daylight,01 - Dry,02 - Stop sign,01 - Functioning,2,0,0,0,,0,,,,,364950.6973,5027734.549,45.38696819,-75.73185501,6173
20--6689,2020/08/28,9:45 AM,BESSERER ST @ DALHOUSIE ST (0011452),11452,03 - At intersection,03 - P.D. only,04 - Sideswipe,01 - Clear,01 - Daylight,01 - Dry,01 - Traffic signal,01 - Functioning,2,0,0,0,,0,,,,,368252.7088,5032157.575,45.42647382,-75.6891221,6174
20--669,2020/01/15,9:37 PM,HWY417 IC118 RAMP52 btwn HWY417 IC118 RAMP57 & HWY417 IC118 RAMP62 (__6KCF0O),__6KCF0O,07 - Overpass or bridge,03 - P.D. only,03 - Rear end,01 - Clear,07 - Dark,02 - Wet,10 - No control,,2,0,0,0,,0,,,,,369469.5285,5031057.195,45.41646157,-75.67371811,6175
20--6690,2020/08/28,9:59 AM,CATHERINE ST @ METCALFE ST (0011239),11239,03 - At intersection,03 - P.D. only,02 - Angle,01 - Clear,01 - Daylight,01 - Dry,01 - Traffic signal,01 - Functioning,2,0,0,0,,0,,,,,368393.7065,5030486.585,45.41142602,-75.6875361,6176
20--6691,2020/08/29,1:18 AM,BANK ST btwn AYLMER AVE & EUCLID AVE (__3ZA3N7),__3ZA3N7,01 - Non intersection,02 - Non-fatal injury,04 - Sideswipe,01 - Clear,07 - Dark,01 - Dry,10 - No control,,2,1,0,0,03 - Major,1,,,1,,368676.5685,5028723.214,45.39553402,-75.68415108,6177
20--6692,2020/08/29,1:45 PM,CHAMPLAIN BRIDGE/ISLAND PARK DR btwn BATE ISLAND & PROVINCIAL BOUNDARY (__3ZA2ZEA),__3ZA2ZEA,01 - Non intersection,03 - P.D. only,03 - Rear end,02 - Rain,01 - Daylight,02 - Wet,10 - No control,,3,0,0,0,,0,,,,,362929.8601,5030100.946,45.40843128,-75.7573807,6178
20--6693,2020/08/29,1:45 PM,HIGHWAY 417 btwn HWY417 IC124 RAMP65 & HWY417 IC122 RAMP51 (__3ZA2R8),__3ZA2R8,01 - Non intersection,03 - P.D. only,03 - Rear end,02 - Rain,01 - Daylight,02 - Wet,10 - No control,,2,0,0,0,,0,,,,,365033.7191,5028506.03,45.39390268,-75.73070072,6179
20--6694,2020/08/29,11:37 PM,BYRON AVE @ ISLAND PARK DR (0006365),6365,03 - At intersection,03 - P.D. only,05 - Turning movement,01 - Clear,07 - Dark,01 - Dry,01 - Traffic signal,01 - Functioning,2,0,0,0,,0,,,,,364255.6899,5028603.541,45.39484656,-75.740625,6180
20--6695,2020/08/29,11:56 AM,INDUSTRIAL AVE @ NEIGHBORHOOD WAY (0002706),2706,02 - Intersection related,03 - P.D. only,03 - Rear end,02 - Rain,01 - Daylight,02 - Wet,02 - Stop sign,00 - Unknown,2,0,0,0,,0,,,,,371092.7183,5030527.562,45.41154425,-75.65305212,6181
20--6696,2020/08/29,12:03 PM,HIGHWAY 417 btwn HWY417 IC124 RAMP65 & HWY417 IC122 RAMP51 (__3ZA2R8),__3ZA2R8,01 - Non intersection,02 - Non-fatal injury,03 - Rear end,02 - Rain,01 - Daylight,02 - Wet,10 - No control,,2,0,0,0,01 - Minimal,1,1,,,,365114.0745,5028646.015,45.39515532,-75.7296574,6182
20--6697,2020/08/29,2:33 PM,IBER RD btwn HUNTMAR DR & HARRY DOUGLAS DR (__3ZA4XQ),__3ZA4XQ,01 - Non intersection,03 - P.D. only,03 - Rear end,02 - Rain,01 - Daylight,02 - Wet,10 - No control,,2,0,0,0,,0,,,,,351053.3779,5015949.964,45.28198355,-75.91041903,6183
20--6698,2020/08/29,3:00 PM,MCBEAN ST @ PERTH ST (0000124),124,03 - At intersection,02 - Non-fatal injury,07 - SMV other,02 - Rain,01 - Daylight,02 - Wet,01 - Traffic signal,01 - Functioning,1,0,0,1,01 - Minimal,1,1,,,,356743.305,5006255.314,45.19435127,-75.83890783,6184
20--6699,2020/08/29,4:15 AM,CARP RD btwn WESTHUNT RD & RICHARDSON SIDE RD (__3ZA3FT),__3ZA3FT,01 - Non intersection,03 - P.D. only,04 - Sideswipe,02 - Rain,07 - Dark,02 - Wet,10 - No control,,2,0,0,0,,0,,,,,346092.2012,5017291.082,45.29436038,-75.97354352,6185
20--67,2020/01/03,Unknown,BAYCREST DR btwn CEDARWOOD DR & SANDALWOOD DR (__3ZA9YY),__3ZA9YY,01 - Non intersection,03 - P.D. only,06 - SMV unattended vehicle,01 - Clear,00 - Unknown,01 - Dry,10 - No control,,1,0,0,0,,0,,,,,371311.8832,5026734.761,45.3773973,-75.65076373,6186
20--670,2020/01/16,1:15 PM,LIMEBANK RD @ SPRATT RD (0012970),12970,03 - At intersection,02 - Non-fatal injury,02 - Angle,01 - Clear,01 - Daylight,02 - Wet,01 - Traffic signal,01 - Functioning,2,0,0,0,02 - Minor,1,,1,,,369776.991,5016878.73,45.28885917,-75.67165334,6187
20--6700,2020/08/29,4:18 AM,FIRESIDE DR btwn DORIS CURRIE RD & WENDIGO WAY (__3ZAZ8K),__3ZAZ8K,01 - Non intersection,02 - Non-fatal injury,07 - SMV other,02 - Rain,07 - Dark,02 - Wet,10 - No control,,1,0,0,0,02 - Minor,1,,1,,,336416.4832,5041029.416,45.5084686,-76.09537904,6188
20--6701,2020/08/29,4:50 PM,ALBION RD    S btwn TURN LANE & ALBION RD (__3ZA9WD),__3ZA9WD,04 - At/near private drive,03 - P.D. only,05 - Turning movement,01 - Clear,01 - Daylight,01 - Dry,10 - No control,,2,0,0,0,,0,,,,,371912.5853,5024213.288,45.35465272,-75.6434372,6189
20--6702,2020/08/29,4:59 PM,HAWTHORNE RD @ HUNT CLUB RD (0007651),7651,03 - At intersection,02 - Non-fatal injury,05 - Turning movement,02 - Rain,01 - Daylight,02 - Wet,01 - Traffic signal,01 - Functioning,2,0,0,0,02 - Minor,1,,1,,,375507.7411,5026406.533,45.3740332,-75.59724371,6190
20--6703,2020/08/29,5:03 PM,GREENBANK RD @ STRANDHERD DR (0005563),5563,03 - At intersection,02 - Non-fatal injury,05 - Turning movement,02 - Rain,01 - Daylight,02 - Wet,01 - Traffic signal,01 - Functioning,2,0,0,0,02 - Minor,1,,1,,,363933.6837,5014784.439,45.27053068,-75.74638834,6191
20--6704,2020/08/29,5:30 PM,WERSCH LANE btwn RIVERSTONE DR & RIVERSTONE DR (__4NBCZL),__4NBCZL,01 - Non intersection,03 - P.D. only,06 - SMV unattended vehicle,01 - Clear,01 - Daylight,01 - Dry,10 - No control,,1,0,0,0,,0,,,,,365892.0844,5013887.325,45.26229107,-75.7215427,6192
20--6705,2020/08/29,5:55 PM,JOCKVALE RD @ LONGFIELDS DR (0013613),13613,03 - At intersection,02 - Non-fatal injury,02 - Angle,02 - Rain,01 - Daylight,02 - Wet,02 - Stop sign,01 - Functioning,2,0,0,0,02 - Minor,1,,1,,,364829.2929,5014001.028,45.26340567,-75.73507021,6193
20--6706,2020/08/29,6:07 AM,MONTREAL RD @ 46 E OF HILLSIDE DR/MONTREAL SQU (0008215),8215,03 - At intersection,03 - P.D. only,05 - Turning movement,02 - Rain,03 - Dawn,02 - Wet,01 - Traffic signal,01 - Functioning,2,0,0,0,,0,,,,,371749.9628,5033916.695,45.44197556,-75.64419549,6194
20--6707,2020/08/29,6:50 PM,ABERDEEN ST @ ROCHESTER ST (0002164),2164,02 - Intersection related,03 - P.D. only,04 - Sideswipe,02 - Rain,01 - Daylight,02 - Wet,01 - Traffic signal,01 - Functioning,2,0,0,0,,0,,,,,366824.7009,5029414.557,45.40192102,-75.7077144,6195
20--6708,2020/08/29,7:21 PM,BANK ST btwn CAHILL DR & TURN LANE (2) (__5AFHMD),__5AFHMD,04 - At/near private drive,03 - P.D. only,02 - Angle,02 - Rain,05 - Dusk,02 - Wet,10 - No control,,2,0,0,0,,0,,,,,371504.0905,5024149.901,45.35412136,-75.64865882,6196
20--6709,2020/08/29,7:30 PM,MARIER AVE btwn ALICE ST & STE. MONIQUE ST (__3ZA8YK),__3ZA8YK,01 - Non intersection,03 - P.D. only,07 - SMV other,01 - Clear,05 - Dusk,01 - Dry,10 - No control,,1,0,0,0,,0,,,,,369878.5778,5033763.49,45.4407738,-75.66813462,6197
20--671,2020/01/16,1:43 PM,MONTREAL RD @ VANIER PKWY (0004630),4630,02 - Intersection related,03 - P.D. only,04 - Sideswipe,01 - Clear,01 - Daylight,04 - Slush,01 - Traffic signal,01 - Functioning,2,0,0,0,,0,,,,,370072.7262,5033065.593,45.43447632,-75.66574573,6198
20--6710,2020/08/29,7:50 AM,MONTREAL RD btwn PALACE ST & VANIER PKWY (__3ZA3LL),__3ZA3LL,04 - At/near private drive,03 - P.D. only,02 - Angle,02 - Rain,01 - Daylight,02 - Wet,10 - No control,,2,0,0,0,,0,,,,,370007.1795,5033028.178,45.43414579,-75.66658835,6199
20--6711,2020/08/29,8:00 PM,SOMERSET ST    W btwn UPPER LORNE PL & LEBRETON ST N (__3ZA320),__3ZA320,01 - Non intersection,03 - P.D. only,04 - Sideswipe,01 - Clear,05 - Dusk,01 - Dry,10 - No control,,2,0,0,0,,0,,,,,366676.3948,5030316.639,45.41005084,-75.70949543,6200
20--6712,2020/08/29,8:29 PM,ISABELLA ST/HWY417 IC119AR75 @ METCALFE ST (0011380),11380,03 - At intersection,03 - P.D. only,05 - Turning movement,01 - Clear,05 - Dusk,01 - Dry,01 - Traffic signal,01 - Functioning,2,0,0,0,,0,,,,,368448.6608,5030399.805,45.4106402,-75.68684529,6201
20--7074,2020/09/14,7:18 AM,HAWTHORNE RD/RUSSELL RD @ WALKLEY RD (0002618),2618,03 - At intersection,03 - P.D. only,04 - Sideswipe,01 - Clear,01 - Daylight,01 - Dry,01 - Traffic signal,01 - Functioning,2,0,0,0,,0,,,,,374674.727,5028499.545,45.39294869,-75.60758159,6202
20--6354,2020/08/16,12:32 PM,BOOTH ST @ SIR JOHN A. MACDONALD PKWY/WELLINGTON ST (0012252),12252,02 - Intersection related,03 - P.D. only,03 - Rear end,01 - Clear,01 - Daylight,01 - Dry,01 - Traffic signal,01 - Functioning,3,0,0,0,,0,,,,,366264.258,5031006.688,45.41629602,-75.71467415,6203
20--6713,2020/08/29,9:00 AM,HIGHWAY 417 btwn HWY 417 ANDERSON IC104R61 & HWY 417 BOUNDARY IC96R16 (__3ZA2W5),__3ZA2W5,01 - Non intersection,03 - P.D. only,07 - SMV other,01 - Clear,01 - Daylight,02 - Wet,10 - No control,,1,0,0,0,,0,,,,,384855.2874,5025078.339,45.36107763,-75.47813273,6204