Anom_ID,Accident_Date,Accident_Time,Location,Geo_ID,Accident_Location,Classification_of_Accident,Initial_Impact_Type,Environment_Condition,Light,Road_Surface_Condition,Traffic_Control,Traffic_Control_Condition,No__of_Vehicles,No__of_Bicycles,No__of_Motorcycles,No__of_Pedestrians,Max_Injury,No__of_Injuries,No__of_Minimal,No__of_Minor,No__of_Major,No__of_Fatal,X,Y,Latitude,Longitude,ObjectId
20--6533,2020/08/22,8:38 AM,KERWIN RD btwn MOWBRAY ST & FIFTH LINE RD (__3ZBNC2),__3ZBNC2,01 - Non intersection,03 - P.D. only,07 - SMV other,01 - Clear,01 - Daylight,01 - Dry,10 - No control,,1,0,0,0,,0,,,,,347174.1285,5028204.184,45.39249513,-75.95881523,6205
20--7075,2020/09/14,7:30 AM,BASELINE RD @ WOODROFFE AVE (0002225),2225,02 - Intersection related,03 - P.D. only,03 - Rear end,01 - Clear,01 - Daylight,01 - Dry,01 - Traffic signal,01 - Functioning,2,0,0,0,,0,,,,,362549.6919,5023770.503,45.3515022,-75.76297746,6206
20--7076,2020/09/14,8:04 PM,TYRRELL PL @ MOODIE DR (0010386),10386,03 - At intersection,03 - P.D. only,05 - Turning movement,01 - Clear,07 - Dark,01 - Dry,01 - Traffic signal,01 - Functioning,2,0,0,0,,0,,,,,357326.025,5019854.744,45.31667859,-75.83005456,6207
20--7077,2020/09/14,8:20 AM,ST. JOSEPH BLVD/OLD MONTREAL RD @ TRIM RD (0004118),4118,03 - At intersection,03 - P.D. only,04 - Sideswipe,01 - Clear,01 - Daylight,01 - Dry,11 - Roundabout,01 - Functioning,2,0,0,0,,0,,,,,384682.7628,5039285.583,45.48892164,-75.47803053,6208
20--7078,2020/09/14,8:29 PM,TENTH LINE RD @ CHARLEMAGNE BLVD N/TOMPKINS AV (0009222),9222,03 - At intersection,02 - Non-fatal injury,05 - Turning movement,01 - Clear,07 - Dark,01 - Dry,01 - Traffic signal,01 - Functioning,2,0,0,0,02 - Minor,1,,1,,,383184.288,5037978.145,45.47732841,-75.49740678,6209
20--7079,2020/09/14,9:27 PM,RIVER RD btwn ROGER STEVENS DR & DOYLE RD (__3ZA3TW),__3ZA3TW,01 - Non intersection,02 - Non-fatal injury,07 - SMV other,01 - Clear,07 - Dark,01 - Dry,10 - No control,,1,0,0,0,03 - Major,1,,,1,,373723.1816,5003540.554,45.16846892,-75.62319907,6210
20--708,2020/01/16,5:14 PM,FOURTH LINE RD btwn COMMUNITY WAY & WILLISBROOK DR (__3ZA4KY),__3ZA4KY,04 - At/near private drive,03 - P.D. only,02 - Angle,01 - Clear,05 - Dusk,01 - Dry,10 - No control,,2,0,0,0,,0,,,,,366853.8587,4998913.668,45.127473,-75.71115235,6211
20--7080,2020/09/14,9:42 PM,AIRPORT PKWY @ HUNT CLUB RD (0010856),10856,02 - Intersection related,03 - P.D. only,03 - Rear end,01 - Clear,07 - Dark,01 - Dry,01 - Traffic signal,01 - Functioning,2,0,0,0,,0,,,,,371018.5293,5023703.004,45.35014634,-75.65491518,6212
20--7081,2020/09/14,9:44 PM,HWY417 IC113 RAMP65 btwn REGIONAL ROAD 174 & HIGHWAY 417 (__3ZAY0G),__3ZAY0G,01 - Non intersection,03 - P.D. only,07 - SMV other,01 - Clear,07 - Dark,01 - Dry,10 - No control,,1,0,0,0,,0,,,,,373921.5558,5031927.85,45.42386965,-75.61671904,6213
20--7082,2020/09/15,1:54 PM,PARKDALE AVE @ WELLINGTON ST (0002260),2260,02 - Intersection related,03 - P.D. only,03 - Rear end,01 - Clear,01 - Daylight,01 - Dry,01 - Traffic signal,01 - Functioning,2,0,0,0,,0,,,,,365149.7123,5029270.561,45.40077178,-75.72912586,6214
20--6984,2020/09/11,Unknown,HIGHWAY 417 btwn HWY417 IC123 RAMP62 & HWY417 IC122 RAMP16 (__3ZA2R9),__3ZA2R9,01 - Non intersection,03 - P.D. only,03 - Rear end,01 - Clear,07 - Dark,01 - Dry,10 - No control,,2,0,0,0,,0,,,,,364821.589,5028153.661,45.39075035,-75.73345264,6215
20--7083,2020/09/15,10:00 AM,COVENTRY RD @ VANIER PKWY (0002139),2139,02 - Intersection related,03 - P.D. only,03 - Rear end,01 - Clear,01 - Daylight,01 - Dry,01 - Traffic signal,01 - Functioning,2,0,0,0,,0,,,,,370676.373,5031611.707,45.42133826,-75.65822579,6216
20--7084,2020/09/15,10:42 AM,INNES RD btwn HWY417 IC112 RAMP65 & HWY417 IC112 RAMP56 (__3ZA3RA),__3ZA3RA,01 - Non intersection,03 - P.D. only,03 - Rear end,01 - Clear,01 - Daylight,01 - Dry,10 - No control,,2,0,0,0,,0,,,,,374465.3346,5030851.61,45.41413226,-75.60992328,6217
20--7085,2020/09/15,Unknown,CENTRAL PARK DR btwn STATEN WAY & CEDAR PARK ST (__3ZAZK3),__3ZAZK3,01 - Non intersection,03 - P.D. only,06 - SMV unattended vehicle,01 - Clear,00 - Unknown,01 - Dry,10 - No control,,1,0,0,0,,0,,,,,364529.6054,5025643.881,45.36819275,-75.7374849,6218
20--7086,2020/09/15,Unknown,OSGOODE ST btwn BLACKBURN AVE & GOULBURN AVE (__3ZA8KD),__3ZA8KD,01 - Non intersection,03 - P.D. only,06 - SMV unattended vehicle,01 - Clear,00 - Unknown,01 - Dry,10 - No control,,1,0,0,0,,0,,,,,369358.0644,5032163.59,45.42642679,-75.67499715,6219
20--7087,2020/09/15,12:20 PM,TREMBLAY RD btwn PICKERING PL & AVENUE K (__3ZA25Z),__3ZA25Z,01 - Non intersection,03 - P.D. only,04 - Sideswipe,01 - Clear,01 - Daylight,01 - Dry,10 - No control,,2,0,0,0,,0,,,,,371354.5917,5031303.316,45.4184993,-75.64960206,6220
20--7088,2020/09/15,2:57 PM,HAWTHORNE AVE @ MAIN ST (0006919),6919,03 - At intersection,03 - P.D. only,02 - Angle,01 - Clear,01 - Daylight,01 - Dry,01 - Traffic signal,01 - Functioning,2,0,0,0,,0,,,,,368971.3269,5030632.845,45.41268929,-75.68013822,6221
20--7089,2020/09/15,3:00 PM,ST. JOSEPH BLVD btwn ORLEANS BLVD & COUSINEAU ST (__3ZA2B2),__3ZA2B2,04 - At/near private drive,03 - P.D. only,02 - Angle,01 - Clear,01 - Daylight,01 - Dry,10 - No control,,2,0,0,0,,0,,,,,380696.4103,5037022.531,45.46900543,-75.52937152,6222
20--709,2020/01/16,5:18 PM,ALBION RD @ MITCH OWENS RD (0004212),4212,03 - At intersection,03 - P.D. only,05 - Turning movement,01 - Clear,05 - Dusk,03 - Loose snow,01 - Traffic signal,01 - Functioning,2,0,0,0,,0,,,,,375906.7533,5014804.449,45.26960206,-75.5938158,6223
20--7090,2020/09/15,3:10 PM,PRINCE OF WALES DR @ WEST HUNT CLUB RD (0000567),567,02 - Intersection related,03 - P.D. only,03 - Rear end,01 - Clear,01 - Daylight,01 - Dry,01 - Traffic signal,01 - Functioning,2,0,0,0,,0,,,,,367458.7129,5021891.513,45.33417398,-75.70057064,6224
20--7091,2020/09/15,3:55 PM,MCARTHUR AVE btwn LAFONTAINE AVE & EASTWOOD PL (__3ZA3W0),__3ZA3W0,04 - At/near private drive,03 - P.D. only,05 - Turning movement,01 - Clear,01 - Daylight,01 - Dry,10 - No control,,2,0,0,0,,0,,,,,371017.4682,5032778.368,45.43180317,-75.65371087,6225
20--7092,2020/09/15,4:01 PM,MONTREAL RD @ SHEFFORD RD (0012423),12423,03 - At intersection,03 - P.D. only,05 - Turning movement,01 - Clear,01 - Daylight,01 - Dry,01 - Traffic signal,01 - Functioning,2,0,0,0,,0,,,,,376125.7285,5034853.751,45.44997386,-75.58813225,6226
20--7093,2020/09/15,6:58 AM,INDUSTRIAL AVE @ RIVERSIDE DR (0011905),11905,02 - Intersection related,02 - Non-fatal injury,03 - Rear end,01 - Clear,01 - Daylight,01 - Dry,01 - Traffic signal,01 - Functioning,3,0,0,0,02 - Minor,3,,3,,,370684.7226,5030592.55,45.41216751,-75.65825537,6227
20--7094,2020/09/15,7:20 AM,LONGFIELDS DR @ WOODROFFE AVE (0000096),96,03 - At intersection,03 - P.D. only,05 - Turning movement,01 - Clear,01 - Daylight,01 - Dry,01 - Traffic signal,01 - Functioning,2,0,0,0,,0,,,,,365421.1714,5017106.941,45.29130181,-75.72714952,6228
20--7095,2020/09/15,7:31 AM,TERRY FOX DR @ EDGEWATER ST/WALTER BAKER PL (0002699),2699,02 - Intersection related,02 - Non-fatal injury,03 - Rear end,01 - Clear,01 - Daylight,01 - Dry,01 - Traffic signal,01 - Functioning,3,0,0,0,03 - Major,1,,,1,,351777.6214,5017613.449,45.29690402,-75.90103024,6229
20--7096,2020/09/15,7:53 PM,TRIM RD @ WATTERS RD (0012847),12847,03 - At intersection,02 - Non-fatal injury,05 - Turning movement,01 - Clear,07 - Dark,01 - Dry,01 - Traffic signal,01 - Functioning,2,0,0,0,02 - Minor,2,1,1,,,384964.6596,5038717.587,45.48377905,-75.47451744,6230
20--7097,2020/09/15,7:57 PM,BRIAN COBURN BLVD @ TRIM RD (0015655),15655,03 - At intersection,03 - P.D. only,02 - Angle,01 - Clear,07 - Dark,01 - Dry,11 - Roundabout,01 - Functioning,2,0,0,0,,0,,,,,387159.8738,5035824.92,45.45749831,-75.44692535,6231
20--7098,2020/09/15,8:05 AM,BRONSON AVE btwn COOPER ST & SOMERSET ST W (__3ZA33L),__3ZA33L,04 - At/near private drive,03 - P.D. only,02 - Angle,01 - Clear,01 - Daylight,01 - Dry,10 - No control,,2,0,0,0,,0,,,,,366955.4753,5030505.158,45.41172235,-75.70590659,6232
20--7099,2020/09/15,8:49 PM,GLEN PARK DR btwn INNES RD & BEDDOE LANE (__3ZA57V),__3ZA57V,01 - Non intersection,03 - P.D. only,06 - SMV unattended vehicle,01 - Clear,07 - Dark,01 - Dry,10 - No control,,1,0,0,0,,0,,,,,377607.582,5032449.333,45.42818769,-75.56954556,6233
20--71,2020/01/03,2:27 AM,MONTREAL RD @ VANIER PKWY (0004630),4630,03 - At intersection,02 - Non-fatal injury,05 - Turning movement,01 - Clear,07 - Dark,02 - Wet,01 - Traffic signal,01 - Functioning,3,0,0,0,02 - Minor,1,,1,,,370072.7201,5033065.575,45.43447616,-75.66574581,6234
20--710,2020/01/16,5:21 PM,MONTREAL RD @ FOXVIEW PL/DESLOGES PRIV (0008207),8207,03 - At intersection,03 - P.D. only,02 - Angle,01 - Clear,05 - Dusk,04 - Slush,02 - Stop sign,00 - Unknown,2,0,0,0,,0,,,,,372908.7229,5034446.585,45.4466313,-75.62931171,6235
20--7100,2020/09/15,8:50 AM,DWYER HILL RD btwn FLEWELLYN RD & FALLOWFIELD RD (__3ZA3F8),__3ZA3F8,01 - Non intersection,03 - P.D. only,07 - SMV other,01 - Clear,01 - Daylight,01 - Dry,10 - No control,,1,0,0,0,,0,,,,,344556.698,5003205.372,45.16769856,-75.99424511,6236
20--7101,2020/09/16,1:30 PM,FISHER AVE btwn BASELINE RD & MALIBU TER (__3ZA4JK),__3ZA4JK,01 - Non intersection,02 - Non-fatal injury,03 - Rear end,01 - Clear,01 - Daylight,01 - Dry,10 - No control,,3,0,0,0,02 - Minor,1,,1,,,366185.2522,5025980.266,45.37107642,-75.71630888,6237
20--7102,2020/09/16,1:33 PM,GLENMANOR DR W @ VIEWMOUNT DR W (0001942),1942,03 - At intersection,02 - Non-fatal injury,05 - Turning movement,01 - Clear,01 - Daylight,01 - Dry,02 - Stop sign,01 - Functioning,2,1,0,0,02 - Minor,1,,1,,,364748.6999,5022702.509,45.34170799,-75.73504484,6238
20--7103,2020/09/16,1:49 PM,BANK ST btwn ALTA VISTA DR & WALKLEY RD (__3ZA4TX),__3ZA4TX,01 - Non intersection,02 - Non-fatal injury,03 - Rear end,01 - Clear,01 - Daylight,01 - Dry,10 - No control,,3,0,0,0,02 - Minor,2,1,1,,,370321.9409,5025995.354,45.37083763,-75.66350023,6239
20--7104,2020/09/16,10:37 AM,BORRISOKANE RD/TARTAN DR @ STRANDHERD DR (0010634),10634,02 - Intersection related,03 - P.D. only,03 - Rear end,01 - Clear,01 - Daylight,01 - Dry,01 - Traffic signal,01 - Functioning,4,0,0,0,,0,,,,,362291.2001,5013545.414,45.25951803,-75.76746215,6240
20--7105,2020/09/16,Unknown,RIDEAUCREST DR btwn COTTINGHAM ST & NEWBOROUGH CRES (__3ZA4WM),__3ZA4WM,01 - Non intersection,03 - P.D. only,06 - SMV unattended vehicle,01 - Clear,00 - Unknown,01 - Dry,10 - No control,,1,0,0,0,,0,,,,,366050.066,5016517.666,45.28594502,-75.71920533,6241
20--7106,2020/09/16,Unknown,WOLFGANG DR btwn FIELDGATE DR & FOXFIELD DR (__3ZABLD),__3ZABLD,01 - Non intersection,03 - P.D. only,06 - SMV unattended vehicle,01 - Clear,00 - Unknown,01 - Dry,10 - No control,,1,0,0,0,,0,,,,,363610.0627,5016685.512,45.28766369,-75.75028702,6242
20--7107,2020/09/16,12:10 PM,WELLINGTON ST    W btwn MERTON ST & FAIRMONT AVE (__3ZA31M),__3ZA31M,01 - Non intersection,02 - Non-fatal injury,04 - Sideswipe,01 - Clear,01 - Daylight,01 - Dry,10 - No control,,2,0,0,0,02 - Minor,1,,1,,,365552.4567,5029693.199,45.40453974,-75.72392983,6243
20--7108,2020/09/16,12:34 PM,QUEEN MARY ST @ VANIER PKWY (0007648),7648,02 - Intersection related,03 - P.D. only,03 - Rear end,01 - Clear,01 - Daylight,01 - Dry,01 - Traffic signal,01 - Functioning,2,0,0,0,,0,,,,,370363.6978,5031957.591,45.42447976,-75.66217472,6244
20--7109,2020/09/16,2:14 PM,ST. JOSEPH BLVD @ JEANNE D'ARC BLVD (0012421),12421,03 - At intersection,03 - P.D. only,04 - Sideswipe,01 - Clear,01 - Daylight,01 - Dry,11 - Roundabout,01 - Functioning,2,0,0,0,,0,,,,,379860.7439,5036471.578,45.46413869,-75.54014136,6245
20--711,2020/01/16,5:21 PM,HOLLAND AVE @ KENILWORTH ST (0006299),6299,02 - Intersection related,03 - P.D. only,03 - Rear end,01 - Clear,05 - Dusk,01 - Dry,01 - Traffic signal,01 - Functioning,2,0,0,0,,0,,,,,365214.7088,5028496.551,45.3938018,-75.7283905,6246
20--7110,2020/09/16,2:24 PM,WALKLEY RD @ HEATHERINGTON RD (0006928),6928,03 - At intersection,02 - Non-fatal injury,07 - SMV other,01 - Clear,01 - Daylight,01 - Dry,01 - Traffic signal,01 - Functioning,1,0,0,1,02 - Minor,1,,1,,,371766.7247,5026794.524,45.3778917,-75.64494877,6247
20--7111,2020/09/16,2:39 PM,MERIVALE RD @ SLACK RD (0000110),110,03 - At intersection,03 - P.D. only,05 - Turning movement,01 - Clear,01 - Daylight,01 - Dry,01 - Traffic signal,01 - Functioning,2,0,0,0,,0,,,,,366019.6996,5020955.496,45.32587884,-75.71904427,6248
20--7112,2020/09/16,3:58 PM,TENTH LINE RD @ LAKEPOINTE DR (0013369),13369,03 - At intersection,02 - Non-fatal injury,07 - SMV other,01 - Clear,01 - Daylight,01 - Dry,01 - Traffic signal,01 - Functioning,1,0,0,1,02 - Minor,1,,1,,,384262.1302,5035420.691,45.45419698,-75.48403599,6249
20--7113,2020/09/16,4:10 PM,CEDARVIEW RD btwn LYTLE AVE & CEDARHILL DR (__3ZA4XG),__3ZA4XG,01 - Non intersection,03 - P.D. only,07 - SMV other,01 - Clear,01 - Daylight,01 - Dry,10 - No control,,1,0,0,0,,0,,,,,360515.1942,5017478.258,45.29504903,-75.78964836,6250
20--7114,2020/09/16,4:35 AM,BANK ST btwn KENNEDY RD & BELMEADE RD (__3ZBPHO),__3ZBPHO,01 - Non intersection,02 - Non-fatal injury,07 - SMV other,01 - Clear,07 - Dark,01 - Dry,10 - No control,,1,0,0,0,01 - Minimal,1,1,,,,388000.0652,5001171.889,45.14561838,-75.4419997,6251
20--7115,2020/09/16,4:49 PM,BYRON AVE @ KIRKWOOD AVE (0006296),6296,02 - Intersection related,03 - P.D. only,04 - Sideswipe,01 - Clear,01 - Daylight,01 - Dry,01 - Traffic signal,01 - Functioning,2,0,0,0,,0,,,,,363866.6924,5028431.556,45.39333199,-75.74561347,6252
20--7116,2020/09/16,5:17 PM,CARLING AVE @ FAIRLAWN AVE/WOODROFFE AVE E (0002393),2393,02 - Intersection related,03 - P.D. only,03 - Rear end,01 - Clear,01 - Daylight,01 - Dry,01 - Traffic signal,01 - Functioning,2,0,0,0,,0,,,,,361934.6841,5025830.528,45.37008852,-75.77058762,6253
20--7117,2020/09/16,6:30 AM,HIGHWAY 417 btwn HWY417 IC169 RAMP25 & HWY417 IC163 RAMP51 (__5SPOUW),__5SPOUW,01 - Non intersection,03 - P.D. only,07 - SMV other,01 - Clear,03 - Dawn,01 - Dry,10 - No control,,1,0,0,0,,0,,,,,326745.5779,5023969.586,45.35532819,-76.21990376,6254
20--7118,2020/09/16,6:33 PM,AVIATION PKWY @ OGILVIE RD (0004114),4114,02 - Intersection related,03 - P.D. only,03 - Rear end,01 - Clear,05 - Dusk,01 - Dry,01 - Traffic signal,01 - Functioning,2,0,0,0,,0,,,,,373110.7201,5032376.582,45.42798677,-75.62701698,6255
20--7119,2020/09/16,7:04 PM,BERNARD ST @ QUEEN MARY ST (0008561),8561,03 - At intersection,03 - P.D. only,05 - Turning movement,01 - Clear,01 - Daylight,01 - Dry,02 - Stop sign,01 - Functioning,2,0,0,0,,0,,,,,371916.719,5032131.583,45.42589797,-75.64230748,6256
20--712,2020/01/16,5:24 PM,WALKLEY EXTENSION RD btwn HWY417 IC110 RAMP66 & RAMSAYVILLE RD (__3ZA2LZ),__3ZA2LZ,01 - Non intersection,03 - P.D. only,01 - Approaching,05 - Drifting Snow,05 - Dusk,06 - Ice,10 - No control,,2,0,0,0,,0,,,,,376394.5805,5029397.232,45.40085187,-75.58548865,6257
20--7120,2020/09/16,7:10 PM,MERIVALE RD @ WEST HUNT CLUB RD (0000584),584,02 - Intersection related,03 - P.D. only,03 - Rear end,01 - Clear,05 - Dusk,01 - Dry,01 - Traffic signal,01 - Functioning,2,0,0,0,,0,,,,,365612.6919,5021942.5,45.33479517,-75.72411457,6258
20--7121,2020/09/16,7:30 AM,BRONSON AVE @ CATHERINE ST/RAYMOND ST (0007198),7198,02 - Intersection related,03 - P.D. only,04 - Sideswipe,01 - Clear,01 - Daylight,01 - Dry,01 - Traffic signal,01 - Functioning,2,0,0,0,,0,,,,,367252.6965,5029796.575,45.40532026,-75.70219945,6259
20--7122,2020/09/16,7:51 AM,BASELINE RD @ WOODROFFE AVE (0002225),2225,02 - Intersection related,03 - P.D. only,07 - SMV other,01 - Clear,01 - Daylight,01 - Dry,01 - Traffic signal,01 - Functioning,1,0,0,0,,0,,,,,362549.6759,5023770.5,45.35150217,-75.76297766,6260
20--6714,2020/08/30,1:30 PM,SOMERSET ST    W btwn BOOTH ST & UPPER LORNE PL (__3ZA328),__3ZA328,01 - Non intersection,03 - P.D. only,04 - Sideswipe,01 - Clear,01 - Daylight,01 - Dry,10 - No control,,2,0,0,0,,0,,,,,366622.6173,5030281.587,45.4097402,-75.71018679,6261
20--6355,2020/08/16,2:52 PM,BESSERER ST @ DALHOUSIE ST (0011452),11452,03 - At intersection,03 - P.D. only,05 - Turning movement,01 - Clear,01 - Daylight,01 - Dry,01 - Traffic signal,01 - Functioning,2,0,0,0,,0,,,,,368252.6627,5032157.595,45.426474,-75.68912268,6262
20--6534,2020/08/22,8:43 AM,BEECHWOOD AVE @ CHARLEVOIX ST/MACKAY ST (0002248),2248,02 - Intersection related,03 - P.D. only,04 - Sideswipe,01 - Clear,01 - Daylight,01 - Dry,01 - Traffic signal,01 - Functioning,2,0,0,0,,0,,,,,369185.872,5033592.355,45.43929813,-75.67701058,6263
20--7123,2020/09/16,8:15 PM,GRENFELL CRES @ SLACK RD (0000254),254,03 - At intersection,03 - P.D. only,02 - Angle,01 - Clear,07 - Dark,01 - Dry,02 - Stop sign,01 - Functioning,2,0,0,0,,0,,,,,365825.7032,5020853.146,45.3249748,-75.72153139,6264
20--7124,2020/09/16,8:16 PM,COOPER ST btwn KENT ST & BANK ST (__3ZBORC),__3ZBORC,01 - Non intersection,03 - P.D. only,99 - Other,01 - Clear,07 - Dark,01 - Dry,10 - No control,,2,0,0,0,,0,,,,,367526.5461,5030916.245,45.41537023,-75.69855903,6265
20--7125,2020/09/16,8:23 AM,RICHMOND RD @ WOODROFFE AVE (0011466),11466,02 - Intersection related,03 - P.D. only,07 - SMV other,01 - Clear,01 - Daylight,01 - Dry,01 - Traffic signal,01 - Functioning,1,0,0,0,,0,,,,,361584.6887,5026654.529,45.37753126,-75.77496075,6266
20--7126,2020/09/16,8:30 PM,THOMAS A. DOLAN PKWY btwn CARP RD & STONECREST RD (__3ZA1XZ),__3ZA1XZ,01 - Non intersection,03 - P.D. only,07 - SMV other,02 - Rain,07 - Dark,02 - Wet,10 - No control,,1,0,0,0,,0,,,,,336689.3968,5026189.456,45.37492178,-76.09284806,6267
20--7127,2020/09/17,1:00 AM,DALY AVE @ WALLER ST (0008233),8233,02 - Intersection related,02 - Non-fatal injury,07 - SMV other,01 - Clear,07 - Dark,01 - Dry,01 - Traffic signal,01 - Functioning,1,0,0,1,02 - Minor,1,,1,,,368341.179,5032120.448,45.42613173,-75.68799642,6268
20--7128,2020/09/17,1:24 PM,PAINE AVE btwn BRETTONWOOD RDG & SADDLEBACK CRES W (e___2HIN),e___2HIN,01 - Non intersection,03 - P.D. only,06 - SMV unattended vehicle,01 - Clear,01 - Daylight,01 - Dry,10 - No control,,1,0,0,0,,0,,,,,348903.38,5018506.691,45.305128,-75.93759584,6269
20--7129,2020/09/17,10:32 PM,PRINCE OF WALES DR @ WEST HUNT CLUB RD (0000567),567,02 - Intersection related,03 - P.D. only,07 - SMV other,01 - Clear,07 - Dark,01 - Dry,01 - Traffic signal,00 - Unknown,1,0,1,0,,0,,,,,367458.6991,5021891.496,45.33417383,-75.70057081,6270
20--713,2020/01/16,5:31 PM,KINBURN SIDE RD btwn FARMVIEW RD & MOHRS RD (__3ZA4RZ),__3ZA4RZ,01 - Non intersection,03 - P.D. only,07 - SMV other,03 - Snow,05 - Dusk,06 - Ice,10 - No control,,1,0,0,0,,0,,,,,327129.2879,5026238.669,45.3757345,-76.2149039,6271
20--7130,2020/09/17,11:30 AM,BANK ST btwn RANDALL AVE & 73 N OF EVANS BLVD (__3ZA3BJA),__3ZA3BJA,04 - At/near private drive,03 - P.D. only,07 - SMV other,01 - Clear,01 - Daylight,01 - Dry,10 - No control,,1,0,0,0,,0,,,,,369873.5389,5027128.215,45.38107254,-75.66907496,6272
20--7131,2020/09/17,12:10 PM,ELGIN ST @ LAURIER AVE (0002232),2232,02 - Intersection related,03 - P.D. only,03 - Rear end,01 - Clear,01 - Daylight,01 - Dry,01 - Traffic signal,01 - Functioning,2,0,0,0,,0,,,,,367948.7102,5031549.593,45.42103091,-75.69308452,6273
20--7132,2020/09/17,12:34 AM,INNES RD btwn INDUSTRIAL AVE & BANTREE ST (__3ZA2XQ),__3ZA2XQ,01 - Non intersection,03 - P.D. only,07 - SMV other,01 - Clear,07 - Dark,01 - Dry,10 - No control,,1,0,0,0,,0,,,,,373271.6411,5030107.893,45.40755847,-75.62527596,6274
20--7133,2020/09/17,12:39 AM,RIVER RD btwn KNOTT CRES & OLD MILL WAY (__3ZA39H),__3ZA39H,01 - Non intersection,02 - Non-fatal injury,07 - SMV other,01 - Clear,07 - Dark,01 - Dry,10 - No control,,1,0,0,0,02 - Minor,1,,1,,,368837.9271,5011121.785,45.23714497,-75.6843657,6275
20--7134,2020/09/17,2:45 PM,FRANK KENNY RD E @ INNES RD (0004625),4625,03 - At intersection,03 - P.D. only,02 - Angle,01 - Clear,01 - Daylight,01 - Dry,02 - Stop sign,01 - Functioning,2,0,0,0,,0,,,,,387869.7734,5037735.554,45.47460413,-75.43752704,6276
20--7135,2020/09/17,2:45 PM,HIGHWAY 417 btwn HWY417 IC124 RAMP65 & HWY417 IC122 RAMP51 (__3ZA2R8),__3ZA2R8,01 - Non intersection,03 - P.D. only,03 - Rear end,01 - Clear,01 - Daylight,01 - Dry,10 - No control,,4,0,0,0,,0,,,,,364808.4359,5028088.969,45.3901694,-75.73362847,6277
20--7136,2020/09/17,3:25 PM,HARMER AVE @ WELLINGTON ST (0005635),5635,03 - At intersection,03 - P.D. only,05 - Turning movement,01 - Clear,01 - Daylight,01 - Dry,01 - Traffic signal,01 - Functioning,2,0,0,0,,0,,,,,364774.6985,5029097.558,45.39924736,-75.73393669,6278
20--7137,2020/09/17,3:44 PM,MONTREAL RD btwn THOMSON ST & AVIATION PKWY (__3ZA3UF),__3ZA3UF,01 - Non intersection,03 - P.D. only,03 - Rear end,01 - Clear,01 - Daylight,01 - Dry,10 - No control,,2,0,0,0,,0,,,,,372093.2232,5034082.117,45.44343099,-75.63978555,6279
20--7138,2020/09/17,4:15 PM,GLADSTONE AVE btwn KENT ST & BANK ST (__3ZA3PA),__3ZA3PA,01 - Non intersection,03 - P.D. only,03 - Rear end,01 - Clear,01 - Daylight,01 - Dry,10 - No control,,2,0,0,0,,0,,,,,367886.9891,5030544.773,45.41199544,-75.69400175,6280
20--7139,2020/09/17,4:40 PM,STRANDHERD DR btwn ANDORA AVE & JOCKVALE RD (__3ZAZMN),__3ZAZMN,01 - Non intersection,03 - P.D. only,03 - Rear end,01 - Clear,01 - Daylight,01 - Dry,10 - No control,,2,0,0,0,,0,,,,,363376.3379,5014459.976,45.26765779,-75.75352893,6281
20--714,2020/01/16,5:34 AM,PRINCE OF WALES DR @ MERIVALE RD (0000564),564,02 - Intersection related,03 - P.D. only,07 - SMV other,03 - Snow,07 - Dark,04 - Slush,01 - Traffic signal,01 - Functioning,1,0,0,0,,0,,,,,367449.7073,5017616.46,45.29570849,-75.70122613,6282
20--7140,2020/09/17,4:40 PM,HAWTHORNE RD/RUSSELL RD @ WALKLEY RD (0002618),2618,02 - Intersection related,03 - P.D. only,03 - Rear end,01 - Clear,01 - Daylight,01 - Dry,01 - Traffic signal,01 - Functioning,2,0,0,0,,0,,,,,374674.7444,5028499.537,45.39294862,-75.60758137,6283
20--7141,2020/09/17,5:00 PM,EATON ST btwn LYNHAR RD & LARKSPUR DR (__3ZABQF),__3ZABQF,01 - Non intersection,03 - P.D. only,04 - Sideswipe,01 - Clear,01 - Daylight,01 - Dry,10 - No control,,2,0,0,0,,0,,,,,358322.9409,5020955.349,45.32650664,-75.81722131,6284
20--7142,2020/09/17,5:07 PM,LACASSE AVE @ MCARTHUR AVE (0009810),9810,03 - At intersection,02 - Non-fatal injury,05 - Turning movement,01 - Clear,01 - Daylight,01 - Dry,02 - Stop sign,00 - Unknown,2,1,0,0,02 - Minor,1,,1,,,370823.7147,5032756.573,45.43162539,-75.65618978,6285
20--7143,2020/09/17,5:40 PM,BANK ST btwn CAMERON AVE & CHESLEY ST (__3ZA3NV),__3ZA3NV,04 - At/near private drive,03 - P.D. only,05 - Turning movement,01 - Clear,01 - Daylight,01 - Dry,10 - No control,,2,0,0,0,,0,,,,,368985.9512,5028216.304,45.39094471,-75.68026591,6286