Anom_ID,Accident_Date,Accident_Time,Location,Geo_ID,Accident_Location,Classification_of_Accident,Initial_Impact_Type,Environment_Condition,Light,Road_Surface_Condition,Traffic_Control,Traffic_Control_Condition,No__of_Vehicles,No__of_Bicycles,No__of_Motorcycles,No__of_Pedestrians,Max_Injury,No__of_Injuries,No__of_Minimal,No__of_Minor,No__of_Major,No__of_Fatal,X,Y,Latitude,Longitude,ObjectId
20--7144,2020/09/17,6:00 PM,BANK ST btwn CAMERON AVE & CHESLEY ST (__3ZA3NV),__3ZA3NV,04 - At/near private drive,03 - P.D. only,05 - Turning movement,01 - Clear,01 - Daylight,01 - Dry,10 - No control,,2,0,0,0,,0,,,,,368985.9361,5028216.315,45.39094481,-75.6802661,6287
20--7145,2020/09/17,6:34 PM,PRINCE OF WALES DR @ FALAISE RD/KOCHAR DR N (0006962),6962,03 - At intersection,02 - Non-fatal injury,02 - Angle,01 - Clear,05 - Dusk,01 - Dry,01 - Traffic signal,01 - Functioning,2,0,0,0,01 - Minimal,1,1,,,,367460.6294,5024904.458,45.36128368,-75.70016445,6288
20--7146,2020/09/17,6:35 AM,BRONSON AVE @ SOMERSET ST (0002218),2218,02 - Intersection related,03 - P.D. only,04 - Sideswipe,01 - Clear,03 - Dawn,01 - Dry,01 - Traffic signal,01 - Functioning,2,0,0,0,,0,,,,,366967.7042,5030476.559,45.41146393,-75.70575398,6289
20--7147,2020/09/17,6:45 PM,SAUNDERSON DR @ PLEASANT PARK RD (0008313),8313,03 - At intersection,02 - Non-fatal injury,02 - Angle,01 - Clear,01 - Daylight,01 - Dry,02 - Stop sign,01 - Functioning,2,0,0,0,01 - Minimal,1,1,,,,373145.6881,5028668.579,45.39462049,-75.62708428,6290
20--7148,2020/09/17,7:00 PM,REGIONAL ROAD 174 btwn OR174 IC109 RAMP56 & OR174 IC109 RAMP86 (__3ZA28W),__3ZA28W,01 - Non intersection,03 - P.D. only,03 - Rear end,01 - Clear,05 - Dusk,01 - Dry,10 - No control,,2,0,0,0,,0,,,,,376437.1011,5034955.195,45.45085475,-75.58413723,6291
20--7149,2020/09/17,7:04 AM,OR174 IC105 RAMP51 btwn REGIONAL ROAD 174 & OR174 IC105 RAMP53 (__3ZAY8B),__3ZAY8B,01 - Non intersection,03 - P.D. only,07 - SMV other,01 - Clear,01 - Daylight,01 - Dry,10 - No control,,1,0,0,0,,0,,,,,379095.9839,5036813.859,45.46730003,-75.54986783,6292
20--715,2020/01/16,5:34 PM,ST. LAURENT BLVD/GUY ST @ RIDEAU SS (0007214),7214,02 - Intersection related,02 - Non-fatal injury,02 - Angle,01 - Clear,05 - Dusk,02 - Wet,01 - Traffic signal,01 - Functioning,2,0,0,0,02 - Minor,2,,2,,,371860.2549,5033043.784,45.43411095,-75.64290473,6293
20--7150,2020/09/17,7:28 PM,BASELINE RD btwn SOUTHWOOD DR & COBDEN RD (__3ZA4MP),__3ZA4MP,01 - Non intersection,03 - P.D. only,03 - Rear end,01 - Clear,07 - Dark,01 - Dry,10 - No control,,2,0,0,0,,0,,,,,361461.9624,5023100.858,45.34556549,-75.77693506,6294
20--7151,2020/09/17,7:50 AM,MERIVALE RD @ FAMILY BROWN LANE (0010933),10933,02 - Intersection related,03 - P.D. only,03 - Rear end,01 - Clear,01 - Daylight,01 - Dry,01 - Traffic signal,01 - Functioning,2,0,0,0,,0,,,,,365004.9638,5023385.669,45.34783303,-75.73169201,6295
20--7152,2020/09/17,8:35 PM,ALBION RD @ BANK ST (0012409),12409,03 - At intersection,02 - Non-fatal injury,02 - Angle,01 - Clear,07 - Dark,01 - Dry,01 - Traffic signal,01 - Functioning,2,0,0,0,02 - Minor,1,,1,,,371946.7219,5024129.501,45.35389556,-75.64301294,6296
20--7153,2020/09/17,8:41 PM,HUNT CLUB RD @ DOWNPATRICK RD/MCCARTHY RD (0006931),6931,03 - At intersection,02 - Non-fatal injury,05 - Turning movement,01 - Clear,07 - Dark,01 - Dry,01 - Traffic signal,01 - Functioning,2,0,0,0,02 - Minor,1,,1,,,370507.7315,5023400.519,45.34747271,-75.6614735,6297
20--7154,2020/09/18,1:00 PM,HIGHWAY 417 btwn HWY417 IC119B RAMP76 & HWY417 IC119A RAMP67 (__3ZA2YT),__3ZA2YT,01 - Non intersection,03 - P.D. only,04 - Sideswipe,01 - Clear,01 - Daylight,01 - Dry,10 - No control,,2,0,0,0,,0,,,,,368500.4827,5030483.974,45.41139281,-75.68617242,6298
20--7155,2020/09/18,1:02 AM,KIRKWOOD AVE @ SWITZER AVE (0006225),6225,02 - Intersection related,03 - P.D. only,07 - SMV other,01 - Clear,07 - Dark,01 - Dry,01 - Traffic signal,01 - Functioning,1,0,0,0,,0,,,,,364233.6871,5027587.536,45.3857066,-75.74102836,6299
20--7156,2020/09/18,1:35 PM,LARKIN DR @ OTTEN DR/ST. REMY DR (0000826),826,02 - Intersection related,03 - P.D. only,03 - Rear end,01 - Clear,01 - Daylight,01 - Dry,02 - Stop sign,01 - Functioning,2,0,0,0,,0,,,,,361755.6665,5015850.452,45.2803025,-75.77402085,6300
20--7157,2020/09/18,10:02 AM,MACDONALD-CARTIER BR RAMP NB-1 btwn MACDONALD-CARTIER BR & MACDONALD-C (__7TTREF),__7TTREF,01 - Non intersection,03 - P.D. only,04 - Sideswipe,01 - Clear,01 - Daylight,01 - Dry,10 - No control,,2,0,0,0,,0,,,,,367640.8311,5033180.609,45.43573397,-75.6968101,6301
20--7158,2020/09/18,10:30 AM,NORTHAMPTON DR @ ORCHARDVIEW AVE (0004811),4811,03 - At intersection,03 - P.D. only,02 - Angle,01 - Clear,01 - Daylight,01 - Dry,02 - Stop sign,01 - Functioning,2,0,0,0,,0,,,,,384609.767,5037107.576,45.46933438,-75.47931814,6302
20--7159,2020/09/18,11:00 AM,BRIARDALE CRES btwn Continuation of BRIARDALE CRES & Continuation of B (__33J84S),__33J84S,04 - At/near private drive,03 - P.D. only,02 - Angle,01 - Clear,01 - Daylight,01 - Dry,10 - No control,,2,0,0,0,,0,,,,,365321.6536,5025235.667,45.36445176,-75.72742444,6303
20--716,2020/01/16,5:44 AM,GALETTA SIDE RD btwn CANON SMITH DR & NEWTOWN RD (__3ZA4QF),__3ZA4QF,01 - Non intersection,03 - P.D. only,07 - SMV other,03 - Snow,07 - Dark,03 - Loose snow,10 - No control,,1,0,0,0,,0,,,,,329319.3248,5036386.791,45.46697839,-76.18643725,6304
20--7160,2020/09/18,11:17 PM,MERIVALE RD @ SLACK RD (0000110),110,03 - At intersection,03 - P.D. only,07 - SMV other,01 - Clear,07 - Dark,01 - Dry,01 - Traffic signal,01 - Functioning,1,0,0,0,,0,,,,,366019.706,5020955.5,45.32587888,-75.71904418,6305
20--7161,2020/09/18,11:30 AM,BASELINE RD @ NAVAHO DR (0003158),3158,02 - Intersection related,03 - P.D. only,02 - Angle,01 - Clear,01 - Daylight,01 - Dry,01 - Traffic signal,01 - Functioning,2,0,0,0,,0,,,,,363085.6845,5024097.54,45.3544005,-75.75609895,6306
20--7162,2020/09/18,11:50 AM,ST. JOSEPH BLVD @ JEANNE D'ARC BLVD (0012421),12421,03 - At intersection,03 - P.D. only,02 - Angle,01 - Clear,01 - Daylight,01 - Dry,11 - Roundabout,01 - Functioning,2,0,0,0,,0,,,,,379860.732,5036471.579,45.4641387,-75.54014152,6307
20--7163,2020/09/18,Unknown,BRECKENRIDGE CRES btwn WOODCHASE ST & WOODCHASE ST (__4FPAUG),__4FPAUG,01 - Non intersection,03 - P.D. only,06 - SMV unattended vehicle,01 - Clear,00 - Unknown,01 - Dry,10 - No control,,1,0,0,0,,0,,,,,349027.7556,5024215.008,45.35648513,-75.93549985,6308
20--6803,2020/09/03,10:00 AM,APPLEBY PRIV btwn FISHER AVE & MOORSIDE PRIV (__3ZA2HD),__3ZA2HD,04 - At/near private drive,03 - P.D. only,02 - Angle,01 - Clear,01 - Daylight,01 - Dry,10 - No control,,2,0,0,0,,0,,,,,367001.0509,5024120.915,45.35427445,-75.7061288,6309
20--6985,2020/09/11,12:41 PM,HARDING RD @ WALKLEY RD (0007652),7652,03 - At intersection,02 - Non-fatal injury,05 - Turning movement,01 - Clear,01 - Daylight,01 - Dry,01 - Traffic signal,01 - Functioning,3,0,0,0,02 - Minor,1,,1,,,373148.7321,5027608.534,45.38508237,-75.62719223,6310
20--6804,2020/09/03,10:17 AM,BRUYERE ST @ KING EDWARD AVE (0011437),11437,02 - Intersection related,03 - P.D. only,04 - Sideswipe,01 - Clear,01 - Daylight,01 - Dry,02 - Stop sign,01 - Functioning,2,0,0,0,,0,,,,,368140.7077,5033039.596,45.43442008,-75.69043979,6311
20--6356,2020/08/16,2:52 PM,WALLER ST btwn RIDEAU ST & BESSERER ST (__3ZAZPB),__3ZAZPB,01 - Non intersection,03 - P.D. only,04 - Sideswipe,01 - Clear,01 - Daylight,01 - Dry,10 - No control,,2,0,0,0,,0,,,,,368285.251,5032268.545,45.42746933,-75.68869197,6312
20--6805,2020/09/03,10:23 AM,RICHMOND RD btwn PIETY HILL WAY & FALLOWFIELD RD (__3ZA4Y3),__3ZA4Y3,01 - Non intersection,02 - Non-fatal injury,01 - Approaching,01 - Clear,01 - Daylight,01 - Dry,10 - No control,,2,0,0,0,02 - Minor,1,,1,,,357703.8182,5013578.017,45.26017133,-75.82590566,6313
20--6715,2020/08/30,1:34 PM,DUNNING RD @ RUSSLAND RD (0004702),4702,03 - At intersection,03 - P.D. only,02 - Angle,01 - Clear,01 - Daylight,01 - Dry,02 - Stop sign,01 - Functioning,2,0,0,0,,0,,,,,398072.8582,5023377.584,45.34414255,-75.30977162,6314
20--6986,2020/09/11,2:00 AM,HWY417 IC117 RAMP53 btwn HWY417 IC117 RAMP51 & RIVERSIDE DR (__3ZAY9H),__3ZAY9H,01 - Non intersection,03 - P.D. only,07 - SMV other,01 - Clear,07 - Dark,01 - Dry,10 - No control,,1,0,0,0,,0,,,,,370768.2619,5030991.072,45.41574538,-75.65713485,6315
20--6535,2020/08/22,9:07 PM,HUNTERSFIELD DR btwn LORRY GREENBERG DR & THORNHEDGE CRT (__3ZA8MX),__3ZA8MX,01 - Non intersection,03 - P.D. only,06 - SMV unattended vehicle,01 - Clear,07 - Dark,01 - Dry,10 - No control,,1,0,0,0,,0,,,,,373437.7259,5025548.66,45.36652023,-75.62378853,6316
20--6357,2020/08/16,3:02 PM,DEVINE RD @ FRONTIER RD (0004650),4650,03 - At intersection,02 - Non-fatal injury,02 - Angle,01 - Clear,01 - Daylight,01 - Dry,02 - Stop sign,01 - Functioning,2,0,0,0,02 - Minor,4,,4,,,389637.841,5021965.473,45.33250853,-75.41763031,6317
20--6806,2020/09/03,11:03 AM,CUMBERLAND ST @ RIDEAU ST (0007759),7759,03 - At intersection,02 - Non-fatal injury,07 - SMV other,01 - Clear,01 - Daylight,01 - Dry,01 - Traffic signal,01 - Functioning,1,0,0,1,02 - Minor,1,,1,,,368374.5111,5032329.961,45.42801382,-75.68754346,6318
20--6536,2020/08/22,9:57 AM,CARSONBY RD @ FOURTH LINE RD (0003718),3718,03 - At intersection,02 - Non-fatal injury,05 - Turning movement,01 - Clear,01 - Daylight,01 - Dry,02 - Stop sign,01 - Functioning,3,2,0,0,02 - Minor,2,,2,,,363611.6461,5002525.32,45.16024871,-75.75193982,6319
20--6358,2020/08/16,3:10 PM,HIGHWAY 417 btwn HWY417 IC104 RAMP15 & HWY417 IC96 RAMP51 (__3ZA2W4),__3ZA2W4,01 - Non intersection,03 - P.D. only,07 - SMV other,01 - Clear,01 - Daylight,01 - Dry,10 - No control,,1,0,0,0,,0,,,,,384342.2111,5025124.924,45.36155517,-75.48467336,6320
20--6807,2020/09/03,11:14 PM,ALBION RD @ HUNT CLUB RD (0006974),6974,02 - Intersection related,02 - Non-fatal injury,03 - Rear end,02 - Rain,07 - Dark,02 - Wet,01 - Traffic signal,01 - Functioning,2,0,0,0,02 - Minor,1,,1,,,371867.7327,5024320.511,45.35562176,-75.64399504,6321
20--6537,2020/08/23,1:03 AM,BORRISOKANE RD btwn CAMBRIAN RD & STRANDHERD DR (__3ZA1CC),__3ZA1CC,01 - Non intersection,02 - Non-fatal injury,07 - SMV other,01 - Clear,07 - Dark,01 - Dry,10 - No control,,1,0,0,0,02 - Minor,1,,1,,,362380.145,5013062.446,45.25516498,-75.76638489,6322
20--6359,2020/08/16,3:16 PM,STRATHCONA AVE btwn O'CONNOR ST & METCALFE ST (__3ZA97O),__3ZA97O,04 - At/near private drive,03 - P.D. only,06 - SMV unattended vehicle,01 - Clear,01 - Daylight,01 - Dry,10 - No control,,1,0,0,0,,0,,,,,368435.2206,5030204.952,45.4088882,-75.68704213,6323
20--6987,2020/09/11,2:42 PM,TERRY FOX DR @ 135 S OF HAZELDEAN RD/SOBEY'S S (0012468),12468,03 - At intersection,02 - Non-fatal injury,02 - Angle,01 - Clear,01 - Daylight,01 - Dry,01 - Traffic signal,01 - Functioning,2,1,0,0,01 - Minimal,1,1,,,,352292.208,5017139.58,45.29260543,-75.89451495,6324
20--6808,2020/09/03,Unknown,GREENCREST PL btwn ELEANOR DR & NORTHVIEW RD (__3ZAANG),__3ZAANG,01 - Non intersection,03 - P.D. only,06 - SMV unattended vehicle,01 - Clear,00 - Unknown,01 - Dry,10 - No control,,1,0,0,0,,0,,,,,365268.9129,5025070.061,45.36296622,-75.7281179,6325
20--6716,2020/08/30,1:56 PM,FORSEY ST @ ST. PATRICK ST (0002062),2062,02 - Intersection related,02 - Non-fatal injury,02 - Angle,01 - Clear,01 - Daylight,01 - Dry,02 - Stop sign,01 - Functioning,2,0,0,0,01 - Minimal,1,1,,,,368493.7015,5033165.596,45.43552172,-75.68591231,6326
20--6538,2020/08/23,10:26 PM,FRANK KENNY RD btwn INNES RD & FRENCH HILL RD (__61W6X7),__61W6X7,01 - Non intersection,02 - Non-fatal injury,07 - SMV other,02 - Rain,07 - Dark,02 - Wet,10 - No control,,1,0,0,0,02 - Minor,2,1,1,,,387635.8858,5037458.445,45.47213878,-75.4405647,6327
20--636,2020/01/15,5:10 PM,HIGHWAY 417 btwn HWY417 IC127 RAMP25 & HWY417 IC126 RAMP51 (__3ZA2XA),__3ZA2XA,01 - Non intersection,03 - P.D. only,03 - Rear end,01 - Clear,05 - Dusk,02 - Wet,10 - No control,,3,0,0,0,,0,,,,,362793.6524,5025345.367,45.36565254,-75.75967943,6328
20--6360,2020/08/16,4:03 PM,FALAISE RD @ FISHER AVE (0003207),3207,02 - Intersection related,02 - Non-fatal injury,03 - Rear end,02 - Rain,01 - Daylight,02 - Wet,02 - Stop sign,01 - Functioning,3,0,0,0,02 - Minor,1,,1,,,366775.7005,5024561.515,45.35825883,-75.70894943,6329
20--6361,2020/08/16,4:59 PM,ST. JOSEPH BLVD @ JEANNE D'ARC BLVD (0012421),12421,03 - At intersection,03 - P.D. only,04 - Sideswipe,02 - Rain,01 - Daylight,02 - Wet,11 - Roundabout,01 - Functioning,2,0,0,0,,0,,,,,379860.7565,5036471.585,45.46413875,-75.5401412,6330
20--6362,2020/08/16,5:00 PM,HIGHWAY 417 btwn HWY417 IC131 RAMP53 & HWY417 IC131 RAMP51 (__3ZA1MU),__3ZA1MU,01 - Non intersection,03 - P.D. only,04 - Sideswipe,02 - Rain,01 - Daylight,02 - Wet,10 - No control,,2,0,0,0,,0,,,,,357654.5777,5022696.587,45.34222507,-75.8255609,6331
20--6363,2020/08/16,5:03 PM,ALBION RD btwn COLLISTON CRES & LILIBET CRES (__4BSGQS),__4BSGQS,04 - At/near private drive,03 - P.D. only,07 - SMV other,02 - Rain,01 - Daylight,02 - Wet,10 - No control,,1,0,0,0,,0,,,,,371073.8529,5026258.912,45.37313833,-75.65386647,6332
20--6364,2020/08/16,5:20 PM,HIGHWAY 417 btwn HIGHWAY 417 & HWY417 IC110 RAMP54 (__3ZA2UY),__3ZA2UY,01 - Non intersection,03 - P.D. only,07 - SMV other,02 - Rain,01 - Daylight,02 - Wet,10 - No control,,1,0,0,0,,0,,,,,375522.6955,5029760.168,45.40420599,-75.5965722,6333
20--6365,2020/08/16,6:04 PM,GREENBANK RD btwn MALVERN DR & HIGHBURY PARK DR (__3ZAZK0),__3ZAZK0,01 - Non intersection,03 - P.D. only,07 - SMV other,02 - Rain,01 - Daylight,02 - Wet,10 - No control,,1,0,0,0,,0,,,,,363433.4976,5015920.986,45.28079923,-75.75262803,6334
20--6366,2020/08/16,6:49 PM,ECCLES ST btwn BOOTH ST & LEBRETON ST N (__3ZA0WH),__3ZA0WH,01 - Non intersection,02 - Non-fatal injury,07 - SMV other,02 - Rain,01 - Daylight,02 - Wet,10 - No control,,1,0,0,1,02 - Minor,1,,1,,,366654.3071,5030182.59,45.40884665,-75.7097944,6335
20--6367,2020/08/16,6:55 PM,HIGHWAY 417 btwn HWY417 IC124 RAMP65 & HWY417 IC122 RAMP51 (__3ZA2R8),__3ZA2R8,01 - Non intersection,03 - P.D. only,07 - SMV other,02 - Rain,01 - Daylight,02 - Wet,10 - No control,,1,0,0,0,,0,,,,,364627.197,5027774.51,45.38735546,-75.735981,6336
20--6368,2020/08/16,7:36 PM,ORLEANS BLVD @ ST. JOSEPH BLVD (0004144),4144,03 - At intersection,03 - P.D. only,05 - Turning movement,02 - Rain,05 - Dusk,02 - Wet,01 - Traffic signal,01 - Functioning,2,0,0,0,,0,,,,,380631.7307,5036981.171,45.46864033,-75.53020496,6337
20--6369,2020/08/16,7:37 AM,RIVER RD btwn CEDAR DR & DOYLE RD (__3ZA3TX),__3ZA3TX,01 - Non intersection,03 - P.D. only,07 - SMV other,01 - Clear,01 - Daylight,01 - Dry,10 - No control,,1,0,0,0,,0,,,,,373480.2125,5004810.227,45.179917,-75.6261149,6338
20--637,2020/01/15,5:14 PM,RICHARDSON SIDE RD @ TERRY FOX DR (0013651),13651,03 - At intersection,02 - Non-fatal injury,05 - Turning movement,01 - Clear,05 - Dusk,02 - Wet,01 - Traffic signal,01 - Functioning,2,0,0,0,01 - Minimal,2,2,,,,348803.086,5019506.072,45.31412702,-75.93878598,6339
20--6370,2020/08/16,7:37 AM,REVELSTOKE DR @ RIVERSIDE DR (0006918),6918,02 - Intersection related,03 - P.D. only,07 - SMV other,01 - Clear,01 - Daylight,01 - Dry,01 - Traffic signal,01 - Functioning,1,0,0,0,,0,,,,,368217.6919,5024423.526,45.35688829,-75.69056355,6340
20--6371,2020/08/16,7:38 PM,RICHMOND RD btwn PERTH ST & CAMBRIAN RD (__3ZAB98),__3ZAB98,01 - Non intersection,03 - P.D. only,07 - SMV other,02 - Rain,05 - Dusk,02 - Wet,10 - No control,,1,0,0,0,,0,,,,,358990.1355,5008216.05,45.21182537,-75.81010082,6341
20--6372,2020/08/16,8:24 PM,DES EPINETTES AVE @ SUNVIEW DR/WINTER ROSE LAN (0012366),12366,03 - At intersection,03 - P.D. only,02 - Angle,02 - Rain,07 - Dark,02 - Wet,02 - Stop sign,01 - Functioning,2,0,0,0,,0,,,,,382226.9465,5036033.834,45.45994198,-75.50995636,6342
20--6373,2020/08/16,9:14 PM,BRENT AVE btwn SHERRY LANE & CHERYL RD (__3ZA5EB),__3ZA5EB,01 - Non intersection,03 - P.D. only,06 - SMV unattended vehicle,02 - Rain,07 - Dark,02 - Wet,10 - No control,,1,0,0,0,,0,,,,,363458.8027,5021470.638,45.33073275,-75.75164873,6343
20--6374,2020/08/17,10:17 PM,PRINCE OF WALES DR btwn VILLA CRES & MARYLAND AVE (__3ZA3G1),__3ZA3G1,01 - Non intersection,02 - Non-fatal injury,07 - SMV other,01 - Clear,07 - Dark,01 - Dry,10 - No control,,1,0,0,0,02 - Minor,1,,1,,,366938.8195,5026012.381,45.37129898,-75.70668515,6344
20--6375,2020/08/17,10:20 PM,MAITLAND AVE btwn GARFIELD AVE & AGINCOURT RD (__3ZA4IG),__3ZA4IG,01 - Non intersection,03 - P.D. only,04 - Sideswipe,01 - Clear,07 - Dark,01 - Dry,10 - No control,,2,0,0,0,,0,,,,,363419.4025,5025479.199,45.3668047,-75.75167619,6345
20--6376,2020/08/17,10:28 AM,JOCKVALE RD @ STRANDHERD DR (0010541),10541,03 - At intersection,03 - P.D. only,02 - Angle,01 - Clear,01 - Daylight,01 - Dry,01 - Traffic signal,01 - Functioning,2,0,0,0,,0,,,,,363560.7888,5014578.113,45.26870541,-75.75116459,6346
20--6377,2020/08/17,11:11 AM,MEADOWLANDS DR @ MERIVALE RD (0000625),625,02 - Intersection related,03 - P.D. only,99 - Other,01 - Clear,01 - Daylight,01 - Dry,01 - Traffic signal,01 - Functioning,2,0,0,0,,0,,,,,364858.6949,5023725.513,45.35090344,-75.73351719,6347
20--6378,2020/08/17,11:30 AM,BASELINE RD/HWY 416 RICHMOND IC75R53 @ RICHMON (0000148),148,02 - Intersection related,03 - P.D. only,04 - Sideswipe,01 - Clear,01 - Daylight,01 - Dry,01 - Traffic signal,01 - Functioning,2,0,0,0,,0,,,,,358635.6631,5021821.497,45.33427637,-75.81313808,6348
20--6379,2020/08/17,11:39 AM,MITCH OWENS RD btwn LIMEBANK RD & DOWNEY RD (__3ZA3H4),__3ZA3H4,04 - At/near private drive,03 - P.D. only,04 - Sideswipe,01 - Clear,01 - Daylight,01 - Dry,10 - No control,,2,0,0,0,,0,,,,,371676.3393,5012110.089,45.24577369,-75.64808462,6349
20--638,2020/01/15,5:41 PM,RIOCAN AVE @ STRANDHERD DR (0010997),10997,02 - Intersection related,03 - P.D. only,99 - Other,01 - Clear,07 - Dark,01 - Dry,01 - Traffic signal,01 - Functioning,2,0,0,0,,0,,,,,364172.2142,5014944.573,45.27195147,-75.74332957,6350
20--6380,2020/08/17,12:45 AM,SMYTH RD NORTH SIDE RAMP btwn SMYTH RD & RIVERSIDE DR (__3ZAY69),__3ZAY69,01 - Non intersection,03 - P.D. only,07 - SMV other,02 - Rain,07 - Dark,02 - Wet,10 - No control,,1,0,0,0,,0,,,,,369954.4638,5029268.907,45.40032623,-75.66775909,6351
20--6381,2020/08/17,2:00 PM,DALY AVE @ NICHOLAS ST (0011451),11451,02 - Intersection related,02 - Non-fatal injury,03 - Rear end,01 - Clear,01 - Daylight,01 - Dry,01 - Traffic signal,01 - Functioning,2,0,0,0,01 - Minimal,1,1,,,,368226.7683,5032046.836,45.42547978,-75.68946782,6352
20--6382,2020/08/17,2:03 PM,WENTWORTH AVE @ CARLING AVE (0002770),2770,02 - Intersection related,03 - P.D. only,03 - Rear end,01 - Clear,01 - Daylight,01 - Dry,02 - Stop sign,01 - Functioning,2,0,0,0,,0,,,,,361329.6817,5025469.516,45.36688922,-75.7783521,6353
20--6383,2020/08/17,2:50 PM,WALKLEY RD btwn HARDING RD & HALIFAX DR (__3ZA2EK),__3ZA2EK,01 - Non intersection,02 - Non-fatal injury,03 - Rear end,01 - Clear,01 - Daylight,01 - Dry,10 - No control,,3,0,0,0,02 - Minor,2,,2,,,373212.9984,5027647.056,45.3854227,-75.62636631,6354
20--6384,2020/08/17,2:58 AM,BOUNDARY RD btwn PANA RD & CARTWRIGHT RD (__3ZA3XE),__3ZA3XE,01 - Non intersection,03 - P.D. only,07 - SMV other,01 - Clear,07 - Dark,02 - Wet,10 - No control,,1,0,0,0,,0,,,,,390217.517,5016411.67,45.28247004,-75.41119324,6355
20--6385,2020/08/17,3:27 PM,BRONSON AVE @ SUNNYSIDE AVE/UNIVERSITY RD - CA (0007209),7209,02 - Intersection related,03 - P.D. only,03 - Rear end,01 - Clear,01 - Daylight,01 - Dry,01 - Traffic signal,01 - Functioning,3,0,0,0,,0,,,,,367922.7124,5028091.545,45.38991881,-75.69385938,6356
20--6386,2020/08/17,3:30 PM,TERRY FOX DR btwn PALLADIUM DR & MAPLE GROVE RD (__3ZA3DN),__3ZA3DN,01 - Non intersection,02 - Non-fatal injury,03 - Rear end,01 - Clear,01 - Daylight,01 - Dry,10 - No control,,4,0,0,0,01 - Minimal,1,1,,,,351533.4563,5017887.411,45.29938549,-75.90411738,6357
20--6387,2020/08/17,4:42 PM,HIGHWAY 417 btwn HWY417 IC124 RAMP65 & HWY417 IC122 RAMP51 (__3ZA2R8),__3ZA2R8,01 - Non intersection,03 - P.D. only,03 - Rear end,01 - Clear,01 - Daylight,01 - Dry,10 - No control,,3,0,0,0,,0,,,,,364983.7097,5028416.52,45.39310159,-75.73135029,6358
20--6388,2020/08/17,4:50 PM,BRONSON AVE btwn OLD SUNSET BLVD & LAKESIDE AVE (__3ZA3NC),__3ZA3NC,01 - Non intersection,03 - P.D. only,04 - Sideswipe,01 - Clear,01 - Daylight,01 - Dry,10 - No control,,2,0,0,0,,0,,,,,367639.3054,5028878.063,45.39702116,-75.69737824,6359
20--6389,2020/08/17,5:08 PM,ST. JOSEPH BLVD/OLD MONTREAL RD @ TRIM RD (0004118),4118,03 - At intersection,02 - Non-fatal injury,99 - Other,01 - Clear,01 - Daylight,01 - Dry,11 - Roundabout,01 - Functioning,2,0,0,0,02 - Minor,1,,1,,,384682.7521,5039285.585,45.48892166,-75.47803067,6360
20--639,2020/01/15,5:45 PM,BLAIR RD @ OGILVIE RD (0004120),4120,02 - Intersection related,03 - P.D. only,04 - Sideswipe,01 - Clear,07 - Dark,02 - Wet,01 - Traffic signal,01 - Functioning,2,0,0,0,,0,,,,,374507.7189,5033198.579,45.43524481,-75.60904969,6361
20--6390,2020/08/17,5:14 PM,HIGHWAY 417 btwn HWY417 IC124 RAMP65 & HWY417 IC122 RAMP51 (__3ZA2R8),__3ZA2R8,01 - Non intersection,03 - P.D. only,03 - Rear end,01 - Clear,01 - Daylight,01 - Dry,10 - No control,,4,0,0,0,,0,,,,,365075.0494,5028578.917,45.39455495,-75.73016399,6362
20--6391,2020/08/17,5:15 PM,HIGHWAY 417 btwn HWY417 IC122 RAMP15 & HWY417 IC121B RAMP51 (__3ZA2RB),__3ZA2RB,01 - Non intersection,03 - P.D. only,03 - Rear end,01 - Clear,01 - Daylight,01 - Dry,10 - No control,,3,0,0,0,,0,,,,,365728.6241,5029139.456,45.39954199,-75.72174804,6363
20--6392,2020/08/17,5:30 AM,HIGHWAY 417 btwn HWY417 IC115 RAMP61 & REGIONAL ROAD 174 (__3ZA2XG),__3ZA2XG,01 - Non intersection,03 - P.D. only,07 - SMV other,02 - Rain,07 - Dark,02 - Wet,10 - No control,,1,0,0,0,,0,,,,,372937.6148,5031602.786,45.42104141,-75.62933597,6364
20--6393,2020/08/17,5:32 AM,REGIONAL ROAD 174 btwn HWY417 IC113 RAMP67 & Continuation of REGIONAL  (__3ZA28A),__3ZA28A,01 - Non intersection,03 - P.D. only,99 - Other,02 - Rain,07 - Dark,02 - Wet,10 - No control,,3,0,0,0,,0,,,,,373729.8869,5032041.567,45.42491173,-75.6191521,6365
20--6394,2020/08/17,5:45 PM,HIGHWAY 417 btwn HWY417 IC124 RAMP65 & HWY417 IC122 RAMP51 (__3ZA2R8),__3ZA2R8,01 - Non intersection,03 - P.D. only,03 - Rear end,01 - Clear,01 - Daylight,01 - Dry,10 - No control,,4,0,0,0,,0,,,,,365064.4736,5028560.257,45.39438796,-75.73030133,6366
20--6395,2020/08/17,5:46 PM,LEN PURCELL DR btwn BAYVIEW DR & WHISTLER RD (__3ZACDS),__3ZACDS,01 - Non intersection,03 - P.D. only,07 - SMV other,02 - Rain,01 - Daylight,02 - Wet,10 - No control,,1,0,0,0,,0,,,,,336175.6274,5039709.729,45.49660466,-76.09854579,6367