Anom_ID,Accident_Date,Accident_Time,Location,Geo_ID,Accident_Location,Classification_of_Accident,Initial_Impact_Type,Environment_Condition,Light,Road_Surface_Condition,Traffic_Control,Traffic_Control_Condition,No__of_Vehicles,No__of_Bicycles,No__of_Motorcycles,No__of_Pedestrians,Max_Injury,No__of_Injuries,No__of_Minimal,No__of_Minor,No__of_Major,No__of_Fatal,X,Y,Latitude,Longitude,ObjectId
20--6396,2020/08/17,6:00 AM,HIGHWAY 417 btwn HWY417 IC115 RAMP25 & REGIONAL ROAD 174 (__3ZA2RY),__3ZA2RY,01 - Non intersection,03 - P.D. only,07 - SMV other,02 - Rain,03 - Dawn,02 - Wet,10 - No control,,1,0,0,0,,0,,,,,373099.8723,5031621.55,45.42119442,-75.62726028,6368
20--6397,2020/08/17,6:30 PM,BASELINE RD/HERON RD @ PRINCE OF WALES DR (0002345),2345,02 - Intersection related,03 - P.D. only,03 - Rear end,02 - Rain,01 - Daylight,02 - Wet,01 - Traffic signal,01 - Functioning,2,0,0,0,,0,,,,,366873.6291,5026438.516,45.37513902,-75.70746379,6369
20--6398,2020/08/17,6:45 PM,ALTHA AVE @ MONTREAL RD (0009344),9344,02 - Intersection related,03 - P.D. only,07 - SMV other,01 - Clear,01 - Daylight,01 - Dry,02 - Stop sign,01 - Functioning,1,0,0,0,,0,,,,,370621.087,5033374.857,45.43720754,-75.6586965,6370
20--6399,2020/08/17,6:55 PM,HIGHWAY 417 btwn HWY417 IC110 RAMP64 & HWY417 IC104 RAMP16 (__3ZA2W9),__3ZA2W9,01 - Non intersection,03 - P.D. only,07 - SMV other,02 - Rain,01 - Daylight,02 - Wet,10 - No control,,1,0,0,0,,0,,,,,377461.301,5026727.65,45.37672259,-75.57225776,6371
20--64,2020/01/03,10:23 AM,BANK ST @ DALMENY RD/MARVELVILLE RD (0001081),1081,03 - At intersection,02 - Non-fatal injury,02 - Angle,01 - Clear,01 - Daylight,02 - Wet,02 - Stop sign,01 - Functioning,2,0,0,0,02 - Minor,1,,1,,,385828.7672,5004368.352,45.17463103,-75.46908756,6372
20--640,2020/01/15,5:53 PM,WOODROFFE AVE btwn CLARIDGE DR & QUEENSBURY DR (__3ZA4KI),__3ZA4KI,01 - Non intersection,03 - P.D. only,03 - Rear end,03 - Snow,07 - Dark,04 - Slush,10 - No control,,3,0,0,0,,0,,,,,365608.069,5016628.389,45.28697968,-75.72482567,6373
20--6400,2020/08/17,7:10 AM,MONTGOMERY ST @ MONTREAL RD (0009342),9342,02 - Intersection related,03 - P.D. only,99 - Other,01 - Clear,01 - Daylight,02 - Wet,01 - Traffic signal,01 - Functioning,2,0,0,0,,0,,,,,369813.6369,5032920.416,45.43319421,-75.66907598,6374
20--6401,2020/08/17,7:18 AM,FERNBANK RD btwn DWYER HILL RD & MUNSTER RD (__3ZAC55),__3ZAC55,01 - Non intersection,03 - P.D. only,07 - SMV other,01 - Clear,01 - Daylight,01 - Dry,10 - No control,,1,0,0,0,,0,,,,,344516.7233,5006457.245,45.19696307,-75.99449473,6375
20--6402,2020/08/17,7:30 AM,NICHOLAS ST NB btwn HWY417 IC118 RAMP52 & WALLER ST/TRANSITWAY (__6KCFNL),__6KCFNL,01 - Non intersection,03 - P.D. only,03 - Rear end,01 - Clear,01 - Daylight,01 - Dry,10 - No control,,2,0,0,0,,0,,,,,369095.2294,5031305.021,45.41872591,-75.67846769,6376
20--6403,2020/08/17,7:36 AM,LANCASTER RD @ WALKLEY RD (0003130),3130,03 - At intersection,02 - Non-fatal injury,05 - Turning movement,01 - Clear,01 - Daylight,02 - Wet,01 - Traffic signal,01 - Functioning,3,0,0,0,02 - Minor,1,,1,,,374908.896,5028602.506,45.39385168,-75.60457659,6377
20--6404,2020/08/17,9:34 AM,HUNT CLUB RD @ RIVERSIDE DR (0002237),2237,02 - Intersection related,03 - P.D. only,03 - Rear end,01 - Clear,01 - Daylight,01 - Dry,01 - Traffic signal,01 - Functioning,2,0,0,0,,0,,,,,368036.6828,5021945.509,45.33460798,-75.69319046,6378
20--6405,2020/08/17,9:47 AM,WOODROFFE AVE @ ALGONQUIN COLLEGE/TRANSITWAY S (0004682),4682,03 - At intersection,03 - P.D. only,02 - Angle,01 - Clear,01 - Daylight,01 - Dry,01 - Traffic signal,01 - Functioning,2,0,0,0,,0,,,,,362823.6872,5023270.502,45.34698061,-75.75953959,6379
20--6406,2020/08/17,9:50 AM,ARLINGTON AVE @ KENT ST (0007259),7259,02 - Intersection related,03 - P.D. only,04 - Sideswipe,01 - Clear,01 - Daylight,01 - Dry,01 - Traffic signal,01 - Functioning,2,0,0,0,,0,,,,,367868.699,5030257.566,45.40941289,-75.69427215,6380
20--6407,2020/08/18,1:15 PM,COBOURG ST @ ST. PATRICK ST (0011483),11483,02 - Intersection related,03 - P.D. only,03 - Rear end,01 - Clear,01 - Daylight,01 - Dry,01 - Traffic signal,01 - Functioning,2,0,0,0,,0,,,,,368802.1343,5033234.543,45.43611391,-75.68196159,6381
20--6408,2020/08/18,1:27 PM,"EGLISE, RUE DE L @ COLLEGE CIRC (0011556)",11556,02 - Intersection related,03 - P.D. only,03 - Rear end,01 - Clear,01 - Daylight,01 - Dry,02 - Stop sign,01 - Functioning,2,0,0,0,,0,,,,,371286.8334,5033368.067,45.43708346,-75.65018901,6382
20--6409,2020/08/18,1:30 PM,INNES RD btwn PRESTWICK DR & TENTH LINE RD (__3ZA3Y7),__3ZA3Y7,04 - At/near private drive,03 - P.D. only,02 - Angle,01 - Clear,01 - Daylight,01 - Dry,10 - No control,,2,0,0,0,,0,,,,,383822.1511,5036105.548,45.4604086,-75.48955041,6383
20--641,2020/01/15,6:00 PM,SMYTH RD @ GENERAL HOSPITAL E (0008855),8855,02 - Intersection related,03 - P.D. only,03 - Rear end,01 - Clear,07 - Dark,01 - Dry,01 - Traffic signal,01 - Functioning,2,0,0,0,,0,,,,,371516.7195,5029181.549,45.39939308,-75.64781786,6384
20--6410,2020/08/18,11:52 AM,CENTREPOINTE DR @ GEMINI WAY (0010344),10344,03 - At intersection,02 - Non-fatal injury,05 - Turning movement,01 - Clear,01 - Daylight,01 - Dry,02 - Stop sign,00 - Unknown,2,0,0,0,02 - Minor,1,,1,,,362112.6615,5023380.469,45.34802855,-75.76859974,6385
20--6411,2020/08/18,12:41 PM,WEST HUNT CLUB RD @ ANTARES DR/LASER ST (0000116),116,02 - Intersection related,03 - P.D. only,03 - Rear end,01 - Clear,01 - Daylight,01 - Dry,01 - Traffic signal,01 - Functioning,2,0,0,0,,0,,,,,367107.7204,5022081.504,45.33591474,-75.70502441,6386
20--6412,2020/08/18,2:06 PM,HANNAH ST btwn DESCHAMPS AVE & MONTREAL RD (__3ZA8TI),__3ZA8TI,01 - Non intersection,03 - P.D. only,07 - SMV other,01 - Clear,01 - Daylight,01 - Dry,10 - No control,,1,0,0,0,,0,,,,,370199.6277,5033253.05,45.43615112,-75.66409906,6387
20--6413,2020/08/18,2:30 PM,BASELINE RD @ GREENBANK RD (0002357),2357,02 - Intersection related,03 - P.D. only,04 - Sideswipe,01 - Clear,01 - Daylight,01 - Dry,01 - Traffic signal,01 - Functioning,2,0,0,0,,0,,,,,360597.6793,5022584.498,45.34098858,-75.78802158,6388
20--6414,2020/08/18,3:25 PM,RICHMOND RD btwn PERTH ST & CAMBRIAN RD (__3ZAB98),__3ZAB98,01 - Non intersection,03 - P.D. only,07 - SMV other,01 - Clear,01 - Daylight,01 - Dry,10 - No control,,1,0,0,0,,0,,,,,358778.7089,5007973.495,45.20965903,-75.8128186,6389
20--6415,2020/08/18,3:26 PM,LYON ST @ WELLINGTON ST (0002388),2388,02 - Intersection related,03 - P.D. only,03 - Rear end,01 - Clear,01 - Daylight,01 - Dry,01 - Traffic signal,01 - Functioning,2,0,0,0,,0,,,,,366934.9139,5031426.502,45.42001415,-75.70605309,6390
20--6416,2020/08/18,4:10 PM,PRINCE OF WALES DR @ MERIVALE RD (0000564),564,03 - At intersection,03 - P.D. only,05 - Turning movement,01 - Clear,01 - Daylight,01 - Dry,01 - Traffic signal,01 - Functioning,2,0,0,0,,0,,,,,367449.7141,5017616.457,45.29570846,-75.70122605,6391
20--6417,2020/08/18,4:56 PM,REGIONAL ROAD 174 btwn OR174 IC102 RAMP26 & REGIONAL ROAD 174 (__3ZA1SH),__3ZA1SH,01 - Non intersection,03 - P.D. only,99 - Other,01 - Clear,01 - Daylight,01 - Dry,10 - No control,,5,0,0,0,,0,,,,,381578.0342,5038253.727,45.47998633,-75.51790581,6392
20--6418,2020/08/18,4:59 PM,KING EDWARD AVE @ SOMERSET ST/MARIE CURIE PRIV (0001696),1696,02 - Intersection related,03 - P.D. only,03 - Rear end,01 - Clear,01 - Daylight,01 - Dry,01 - Traffic signal,01 - Functioning,3,0,0,0,,0,,,,,368957.714,5031673.574,45.42205464,-75.68017662,6393
20--6419,2020/08/18,5:35 PM,ALBERT ST @ O'CONNOR ST (0002116),2116,03 - At intersection,03 - P.D. only,05 - Turning movement,01 - Clear,01 - Daylight,02 - Wet,01 - Traffic signal,01 - Functioning,2,0,0,0,,0,,,,,367538.6962,5031521.182,45.42081217,-75.69832679,6394
20--642,2020/01/15,6:18 AM,BANK ST btwn CENOTE RD & STONE SCHOOL RD (__3ZAZBJ),__3ZAZBJ,01 - Non intersection,03 - P.D. only,07 - SMV other,01 - Clear,07 - Dark,01 - Dry,10 - No control,,1,0,0,0,,0,,,,,381650.1688,5011888.859,45.24276488,-75.52108293,6395
20--6420,2020/08/18,5:37 PM,HWY417 IC129 RAMP35 btwn HIGHWAY 417 & GREENBANK RD (__3ZAYBL),__3ZAYBL,01 - Non intersection,03 - P.D. only,07 - SMV other,01 - Clear,01 - Daylight,01 - Dry,10 - No control,,1,0,0,0,,0,,,,,360423.43,5023494.445,45.34919011,-75.7901425,6396
20--6421,2020/08/18,6:48 PM,HIGHWAY 417 btwn HWY417 IC134 RAMP35 & HWY417 IC134 RAMP25 (__3ZA29D),__3ZA29D,01 - Non intersection,03 - P.D. only,07 - SMV other,01 - Clear,01 - Daylight,01 - Dry,10 - No control,,1,0,0,0,,0,,,,,356824.5251,5022458.873,45.34014815,-75.83617688,6397
20--6422,2020/08/18,7:13 PM,CEDARVIEW RD @ HWY 416 WESTHUNT IC72R24 (0005514),5514,02 - Intersection related,03 - P.D. only,02 - Angle,01 - Clear,01 - Daylight,01 - Dry,02 - Stop sign,01 - Functioning,2,0,0,0,,0,,,,,359607.887,5019743.772,45.31550565,-75.80096487,6398
20--6423,2020/08/18,7:40 PM,BASELINE RD @ FARLANE BLVD (0002725),2725,03 - At intersection,02 - Non-fatal injury,07 - SMV other,01 - Clear,05 - Dusk,01 - Dry,01 - Traffic signal,01 - Functioning,1,0,0,1,02 - Minor,1,,1,,,365356.6818,5025517.537,45.36698496,-75.72694279,6399
20--6424,2020/08/18,8:10 PM,REGIONAL ROAD 174 btwn OR174 IC112 RAMP26 & OR174 IC112 RAMP61 (__3ZA2XF),__3ZA2XF,01 - Non intersection,03 - P.D. only,04 - Sideswipe,01 - Clear,05 - Dusk,01 - Dry,10 - No control,,2,0,0,0,,0,,,,,374932.8794,5032945.917,45.43292899,-75.60365227,6400
20--6425,2020/08/18,8:25 AM,LEITRIM RD @ LIMEBANK RD (0012318),12318,02 - Intersection related,03 - P.D. only,03 - Rear end,01 - Clear,01 - Daylight,01 - Dry,01 - Traffic signal,01 - Functioning,2,0,0,0,,0,,,,,369321.6299,5017960.093,45.29863104,-75.67731714,6401
20--6426,2020/08/18,8:42 AM,GLOUCESTER ST btwn KENT ST & BANK ST (__3ZBOR0),__3ZBOR0,04 - At/near private drive,03 - P.D. only,06 - SMV unattended vehicle,01 - Clear,01 - Daylight,01 - Dry,10 - No control,,1,0,0,0,,0,,,,,367516.1907,5031194.054,45.41787079,-75.69865597,6402
20--6427,2020/08/18,8:48 PM,LONGFIELDS DR btwn MOUNTSHANNON DR & WOODROFFE AVE (__3ZA5AN),__3ZA5AN,01 - Non intersection,03 - P.D. only,99 - Other,01 - Clear,07 - Dark,01 - Dry,10 - No control,,2,0,0,0,,0,,,,,364901.8378,5016810.09,45.28867537,-75.7338058,6403
20--6428,2020/08/18,9:02 AM,JOCKVALE RD @ LONGFIELDS DR (0013613),13613,02 - Intersection related,03 - P.D. only,03 - Rear end,01 - Clear,01 - Daylight,01 - Dry,02 - Stop sign,01 - Functioning,2,0,0,0,,0,,,,,364829.2929,5014001.028,45.26340567,-75.73507021,6404
20--6429,2020/08/19,1:57 PM,RIDEOUT CRES btwn RUSTIC DR & RUSTIC DR (__3ZABK2),__3ZABK2,04 - At/near private drive,03 - P.D. only,06 - SMV unattended vehicle,01 - Clear,01 - Daylight,01 - Dry,10 - No control,,1,0,0,0,,0,,,,,362043.7151,5023806.572,45.35186823,-75.76943021,6405
20--643,2020/01/15,6:25 AM,ALTA VISTA DR btwn DORION AVE & DALE AVE (__3ZA963),__3ZA963,04 - At/near private drive,03 - P.D. only,02 - Angle,01 - Clear,07 - Dark,04 - Slush,10 - No control,,2,0,0,0,,0,,,,,370689.0936,5030173.669,45.40839818,-75.65825552,6406
20--6430,2020/08/19,10:44 PM,HIGHWAY 417 btwn HWY417 IC119A RAMP75 & HWY417 IC118 RAMP57 (__3ZA2R2),__3ZA2R2,01 - Non intersection,03 - P.D. only,03 - Rear end,01 - Clear,07 - Dark,01 - Dry,10 - No control,,2,0,0,0,,0,,,,,368992.1945,5030725.738,45.41352319,-75.67985954,6407
20--6431,2020/08/19,11:23 PM,KING EDWARD AVE @ RIDEAU ST (0002121),2121,03 - At intersection,02 - Non-fatal injury,03 - Rear end,01 - Clear,07 - Dark,01 - Dry,01 - Traffic signal,01 - Functioning,2,0,0,0,01 - Minimal,1,1,,,,368511.7025,5032413.585,45.42875376,-75.68577957,6408
20--6432,2020/08/19,11:30 AM,BELFAST RD @ ST. LAURENT BLVD (0007658),7658,03 - At intersection,02 - Non-fatal injury,07 - SMV other,01 - Clear,01 - Daylight,01 - Dry,01 - Traffic signal,01 - Functioning,1,0,0,1,01 - Minimal,1,1,,,,372860.7243,5030578.571,45.41183349,-75.63045983,6409
20--6433,2020/08/19,11:31 PM,HWY 417 INNES IC112R57 @ INNES RD (0012298),12298,03 - At intersection,02 - Non-fatal injury,07 - SMV other,01 - Clear,07 - Dark,01 - Dry,01 - Traffic signal,01 - Functioning,1,0,1,0,02 - Minor,1,,1,,,374298.8371,5030754.953,45.41327915,-75.6120639,6410
20--6434,2020/08/19,11:40 PM,RAVENSWOOD WAY btwn ASHENVALE WAY & STORMWIND AVE (__8OJCNG),__8OJCNG,01 - Non intersection,03 - P.D. only,06 - SMV unattended vehicle,01 - Clear,07 - Dark,01 - Dry,10 - No control,,1,0,0,0,,0,,,,,385650.127,5034992.628,45.45018647,-75.46636299,6411
20--6435,2020/08/19,12:00 PM,STRANDHERD DR btwn LONGFIELDS DR & CLARIDGE DR (__4BRV9S),__4BRV9S,01 - Non intersection,03 - P.D. only,03 - Rear end,01 - Clear,01 - Daylight,01 - Dry,10 - No control,,3,0,0,0,,0,,,,,364898.0475,5015364.534,45.27566861,-75.73402917,6412
20--6436,2020/08/19,12:09 AM,VANCOUVER AVE btwn BANK ST & BANFF AVE (__3ZA9AA),__3ZA9AA,04 - At/near private drive,03 - P.D. only,06 - SMV unattended vehicle,01 - Clear,07 - Dark,01 - Dry,10 - No control,,1,0,0,0,,0,,,,,370567.7736,5025757.328,45.36867293,-75.66039378,6413
20--6437,2020/08/19,12:48 PM,MITCH OWENS RD/BRIDGE ST @ RIVER RD (0003573),3573,02 - Intersection related,03 - P.D. only,03 - Rear end,01 - Clear,01 - Daylight,01 - Dry,01 - Traffic signal,01 - Functioning,2,0,0,0,,0,,,,,369499.7045,5010770.673,45.23392519,-75.67598335,6414
20--6438,2020/08/19,2:02 PM,HUNT CLUB RD btwn NORTH BOWESVILLE RD & BILLY BISHOP PRIV (__5G43Y1),__5G43Y1,01 - Non intersection,03 - P.D. only,03 - Rear end,01 - Clear,01 - Daylight,01 - Dry,10 - No control,,2,0,0,0,,0,,,,,368801.3036,5022394.539,45.33857893,-75.6833779,6415
20--6439,2020/08/19,2:15 PM,TRENTON AVE @ MERIVALE RD (0002734),2734,03 - At intersection,03 - P.D. only,05 - Turning movement,01 - Clear,01 - Daylight,01 - Dry,02 - Stop sign,01 - Functioning,2,0,0,0,,0,,,,,364887.0838,5026361.173,45.37461627,-75.73283445,6416
20--644,2020/01/15,6:40 AM,PAUL METIVIER DR btwn GLENDORE ST & TAPESTRY DR (__6REWOM),__6REWOM,01 - Non intersection,03 - P.D. only,07 - SMV other,01 - Clear,07 - Dark,02 - Wet,10 - No control,,1,0,0,0,,0,,,,,365904.518,5014718.119,45.26976545,-75.72128208,6417
20--6440,2020/08/19,2:20 PM,HIGHWAY 417 btwn HWY417 IC124 RAMP65 & HWY417 IC122 RAMP51 (__3ZA2R8),__3ZA2R8,01 - Non intersection,03 - P.D. only,03 - Rear end,01 - Clear,01 - Daylight,01 - Dry,10 - No control,,2,0,0,0,,0,,,,,365178.2709,5028735.738,45.3959571,-75.72882657,6418
20--6441,2020/08/19,4:31 PM,HAWTHORNE RD @ STEVENAGE DR (0008802),8802,02 - Intersection related,03 - P.D. only,03 - Rear end,01 - Clear,01 - Daylight,01 - Dry,01 - Traffic signal,01 - Functioning,2,0,0,0,,0,,,,,375136.7453,5027313.537,45.38223133,-75.60185059,6419
20--6442,2020/08/19,4:36 PM,HIGHWAY 417 btwn HWY417 IC124 RAMP65 & HWY417 IC122 RAMP51 (__3ZA2R8),__3ZA2R8,01 - Non intersection,03 - P.D. only,03 - Rear end,01 - Clear,01 - Daylight,01 - Dry,10 - No control,,2,0,0,0,,0,,,,,364997.4627,5028441.287,45.39332326,-75.73117164,6420
20--6809,2020/09/03,12:26 PM,DONALD ST @ VANIER PKWY (0007644),7644,02 - Intersection related,03 - P.D. only,03 - Rear end,01 - Clear,01 - Daylight,01 - Dry,01 - Traffic signal,01 - Functioning,2,0,0,0,,0,,,,,370311.7167,5032270.58,45.42730077,-75.66279727,6421
20--681,2020/01/16,11:41 AM,RICHMOND RD btwn EDGEWOOD AVE & ATHLONE AVE (__3ZA4O2),__3ZA4O2,01 - Non intersection,03 - P.D. only,06 - SMV unattended vehicle,01 - Clear,01 - Daylight,04 - Slush,10 - No control,,1,0,0,0,,0,,,,,363405.6839,5028409.277,45.39317026,-75.75150351,6422
20--6810,2020/09/03,12:34 PM,HERON RD @ ALTA VISTA DR (0007188),7188,02 - Intersection related,03 - P.D. only,03 - Rear end,01 - Clear,01 - Daylight,01 - Dry,01 - Traffic signal,02 - Not functioning,3,0,0,0,,0,,,,,370492.7108,5026902.535,45.37898416,-75.66119962,6423
20--6811,2020/09/03,2:35 PM,ROGER STEVENS DR btwn MCKENNA RD & DWYER HILL RD (__3ZA428),__3ZA428,01 - Non intersection,03 - P.D. only,07 - SMV other,01 - Clear,01 - Daylight,01 - Dry,10 - No control,,1,0,0,0,,0,,,,,353596.2236,4988683.027,45.03645159,-75.88067171,6424
20--6812,2020/09/03,2:56 PM,ST. JOSEPH BLVD @ JEANNE D'ARC BLVD (0012421),12421,03 - At intersection,03 - P.D. only,02 - Angle,01 - Clear,01 - Daylight,01 - Dry,11 - Roundabout,01 - Functioning,2,0,0,0,,0,,,,,379860.4295,5036471.849,45.46414116,-75.54014534,6425
20--6813,2020/09/03,3:40 PM,PRINCE OF WALES DR @ WATERFORD DR (0000546),546,02 - Intersection related,03 - P.D. only,03 - Rear end,01 - Clear,01 - Daylight,01 - Dry,02 - Stop sign,00 - Unknown,2,0,0,0,,0,,,,,367362.7109,5021037.477,45.32649807,-75.70190329,6426
20--6814,2020/09/03,3:56 PM,FISHER AVE btwn ARNOT RD & DEER PARK RD (__3ZA4IF),__3ZA4IF,01 - Non intersection,03 - P.D. only,04 - Sideswipe,01 - Clear,01 - Daylight,01 - Dry,10 - No control,,2,0,0,0,,0,,,,,366362.2006,5025557.803,45.36725967,-75.71410268,6427
20--6815,2020/09/03,4:43 AM,TRIM RD @ VALIN ST (0013092),13092,02 - Intersection related,03 - P.D. only,99 - Other,01 - Clear,07 - Dark,01 - Dry,01 - Traffic signal,01 - Functioning,2,0,0,0,,0,,,,,386438.0085,5037556.559,45.47316257,-75.45586615,6428
20--6816,2020/09/03,5:00 PM,HANNAH ST @ MONTFORT ST (0010014),10014,03 - At intersection,03 - P.D. only,02 - Angle,01 - Clear,01 - Daylight,01 - Dry,02 - Stop sign,01 - Functioning,2,0,0,0,,0,,,,,370140.7109,5033529.405,45.43864315,-75.66481534,6429
20--6817,2020/09/03,5:00 PM,LEMIEUX ST @ ST. LAURENT BLVD (0002021),2021,02 - Intersection related,03 - P.D. only,03 - Rear end,01 - Clear,01 - Daylight,01 - Dry,01 - Traffic signal,00 - Unknown,2,0,0,0,,0,,,,,372391.7212,5031742.565,45.42235203,-75.63629144,6430
20--6818,2020/09/03,5:06 PM,BASELINE RD btwn MORLEY BLVD & PRINCE OF WALES DR (__3ZA4JU),__3ZA4JU,01 - Non intersection,02 - Non-fatal injury,03 - Rear end,01 - Clear,01 - Daylight,01 - Dry,10 - No control,,2,0,0,0,02 - Minor,1,,1,,,366692.1356,5026354.922,45.37440291,-75.70979129,6431
20--6819,2020/09/03,5:19 PM,BANK ST btwn JOHNSTON RD & SOUTHKEYS SC (__3ZA37TA),__3ZA37TA,04 - At/near private drive,03 - P.D. only,02 - Angle,01 - Clear,01 - Daylight,01 - Dry,10 - No control,,2,0,0,0,,0,,,,,370958.4386,5024644.331,45.35862178,-75.65555601,6432
20--682,2020/01/16,Unknown,RIDEAU VALLEY DR    S btwn WASHINGTON ST & OLD WELLINGTON ST (__3ZA39D),__3ZA39D,01 - Non intersection,03 - P.D. only,06 - SMV unattended vehicle,02 - Rain,00 - Unknown,02 - Wet,10 - No control,,1,0,0,0,,0,,,,,371844.5049,5001499.205,45.15028188,-75.64736983,6433
20--6820,2020/09/03,5:47 PM,STRANDHERD DR @ LONGFIELDS DR (0010935),10935,03 - At intersection,02 - Non-fatal injury,02 - Angle,01 - Clear,01 - Daylight,01 - Dry,01 - Traffic signal,01 - Functioning,2,0,0,0,02 - Minor,1,,1,,,364548.811,5015173.269,45.27397738,-75.73850293,6434
20--6821,2020/09/03,5:56 PM,INNES RD @ TENTH LINE RD (0004633),4633,02 - Intersection related,03 - P.D. only,04 - Sideswipe,01 - Clear,01 - Daylight,01 - Dry,01 - Traffic signal,01 - Functioning,2,0,0,0,,0,,,,,383951.7568,5036159.566,45.46087993,-75.48788472,6435
20--6822,2020/09/03,6:10 PM,HIGHWAY 417 btwn HWY417 IC124 RAMP65 & HWY417 IC122 RAMP51 (__3ZA2R8),__3ZA2R8,01 - Non intersection,03 - P.D. only,03 - Rear end,01 - Clear,01 - Daylight,01 - Dry,10 - No control,,2,0,0,0,,0,,,,,365113.2255,5028644.605,45.39514271,-75.72966842,6436
20--6823,2020/09/03,6:58 AM,ALBION RD @ DEL ZOTTO AVE (0009359),9359,03 - At intersection,03 - P.D. only,05 - Turning movement,01 - Clear,01 - Daylight,01 - Dry,02 - Stop sign,01 - Functioning,2,0,0,0,,0,,,,,373791.824,5019723.342,45.31407145,-75.62008104,6437
20--6824,2020/09/03,7:05 PM,OSGOODE ST @ SWEETLAND AVE (0008459),8459,03 - At intersection,02 - Non-fatal injury,02 - Angle,01 - Clear,01 - Daylight,01 - Dry,02 - Stop sign,01 - Functioning,2,1,0,0,02 - Minor,1,,1,,,369065.6981,5031984.577,45.42484302,-75.67875634,6438
20--6825,2020/09/03,8:44 AM,GILLESPIE CRES/RICH LITTLE DR/ @ UPLANDS DR (0007004),7004,03 - At intersection,03 - P.D. only,02 - Angle,01 - Clear,01 - Daylight,01 - Dry,02 - Stop sign,01 - Functioning,2,0,0,0,,0,,,,,368629.0715,5023195.255,45.34579928,-75.68547196,6439
20--6826,2020/09/03,8:59 AM,MEADOWLANDS DR @ VIEWMOUNT DR (0001752),1752,02 - Intersection related,02 - Non-fatal injury,03 - Rear end,01 - Clear,01 - Daylight,01 - Dry,01 - Traffic signal,01 - Functioning,3,0,0,0,02 - Minor,1,,1,,,363738.4276,5023107.009,45.34543325,-75.74788676,6440
20--6827,2020/09/03,9:45 AM,HAWTHORNE RD @ HUNT CLUB RD (0007651),7651,02 - Intersection related,03 - P.D. only,03 - Rear end,01 - Clear,01 - Daylight,01 - Dry,01 - Traffic signal,01 - Functioning,2,0,0,0,,0,,,,,375507.7525,5026406.534,45.37403321,-75.59724356,6441
20--6828,2020/09/04,10:20 AM,BRIDGE ST/MAPLE AVE @ MANOTICK MAIN ST (0008225),8225,02 - Intersection related,03 - P.D. only,05 - Turning movement,01 - Clear,01 - Daylight,01 - Dry,01 - Traffic signal,01 - Functioning,2,0,0,0,,0,,,,,368699.7018,5009932.392,45.22645543,-75.6862788,6442
20--6829,2020/09/04,10:50 AM,SHERBOURNE RD @ WINDERMERE AVE (0002564),2564,03 - At intersection,03 - P.D. only,02 - Angle,01 - Clear,01 - Daylight,01 - Dry,02 - Stop sign,01 - Functioning,2,0,0,0,,0,,,,,362647.7072,5026665.513,45.37754313,-75.76138774,6443
20--683,2020/01/16,Unknown,CUMMINGS AVE btwn GARDENVALE RD & SHANE ST (__3ZA1WG),__3ZA1WG,01 - Non intersection,03 - P.D. only,06 - SMV unattended vehicle,01 - Clear,00 - Unknown,02 - Wet,10 - No control,,1,0,0,0,,0,,,,,372433.6571,5032963.729,45.43333543,-75.63558793,6444
20--6830,2020/09/04,10:55 AM,HIGHWAY 417 btwn HWY417 IC129 RAMP25 & TRANSIT (__3ZA2SH),__3ZA2SH,01 - Non intersection,03 - P.D. only,04 - Sideswipe,01 - Clear,01 - Daylight,01 - Dry,10 - No control,,2,0,0,0,,0,,,,,361835.9522,5024599.254,45.35901766,-75.77199011,6445
20--6831,2020/09/04,11:00 AM,BANK ST @ HOLMWOOD AVE (0007225),7225,03 - At intersection,03 - P.D. only,05 - Turning movement,01 - Clear,01 - Daylight,01 - Dry,01 - Traffic signal,01 - Functioning,2,0,0,0,,0,,,,,368481.7082,5029197.561,45.39981979,-75.6865784,6446
20--6832,2020/09/04,11:07 AM,MERIVALE RD btwn 210 S OF MEADOWLANDS DR/MERIVALE PL SC & FAMILY BROWN (__3ZBPLPB),__3ZBPLPB,04 - At/near private drive,02 - Non-fatal injury,05 - Turning movement,01 - Clear,01 - Daylight,01 - Dry,10 - No control,,2,0,0,0,02 - Minor,1,,1,,,364992.1572,5023416.1,45.34810794,-75.73185173,6447
20--6539,2020/08/23,11:21 AM,RIDEAU ST btwn NELSON ST & FRIEL ST (__3ZA3WJ),__3ZA3WJ,01 - Non intersection,03 - P.D. only,05 - Turning movement,01 - Clear,01 - Daylight,01 - Dry,10 - No control,,2,0,0,0,,0,,,,,368764.1549,5032566.107,45.43010305,-75.68253381,6448
20--7164,2020/09/18,12:00 PM,RICHMOND RD @ WINONA AVE (0006990),6990,02 - Intersection related,03 - P.D. only,02 - Angle,01 - Clear,01 - Daylight,01 - Dry,02 - Stop sign,01 - Functioning,2,0,0,0,,0,,,,,363294.84,5028338.165,45.39253968,-75.75292749,6449