Anom_ID,Accident_Date,Accident_Time,Location,Geo_ID,Accident_Location,Classification_of_Accident,Initial_Impact_Type,Environment_Condition,Light,Road_Surface_Condition,Traffic_Control,Traffic_Control_Condition,No__of_Vehicles,No__of_Bicycles,No__of_Motorcycles,No__of_Pedestrians,Max_Injury,No__of_Injuries,No__of_Minimal,No__of_Minor,No__of_Major,No__of_Fatal,X,Y,Latitude,Longitude,ObjectId
20--6833,2020/09/04,11:08 PM,HERON RD RAMP 24 @ HERON RD RAMP 42 (0002520),2520,02 - Intersection related,02 - Non-fatal injury,03 - Rear end,01 - Clear,07 - Dark,01 - Dry,03 - Yield sign,00 - Unknown,2,0,0,0,02 - Minor,1,,1,,,368628.0855,5026935.501,45.37945313,-75.68500146,6450
20--6834,2020/09/04,11:45 AM,GREENBANK RD @ CANFIELD RD/CRAIG HENRY DR (0000154),154,03 - At intersection,03 - P.D. only,02 - Angle,01 - Clear,01 - Daylight,01 - Dry,01 - Traffic signal,01 - Functioning,2,0,0,0,,0,,,,,361107.3039,5021364.151,45.32996719,-75.78165813,6451
20--6835,2020/09/04,11:45 AM,HIGHWAY 417 btwn HWY417 IC123 RAMP62 & HWY417 IC122 RAMP16 (__3ZA2R9),__3ZA2R9,01 - Non intersection,02 - Non-fatal injury,03 - Rear end,01 - Clear,01 - Daylight,01 - Dry,10 - No control,,3,0,0,0,01 - Minimal,1,1,,,,364992.0833,5028465.57,45.39354221,-75.73123737,6452
20--6836,2020/09/04,Unknown,HEATHERSTONE CRES btwn SPRINGRIDGE DR & ARIA CRT (__4VGRLA),__4VGRLA,01 - Non intersection,03 - P.D. only,06 - SMV unattended vehicle,01 - Clear,00 - Unknown,01 - Dry,10 - No control,,1,0,0,0,,0,,,,,385596.7526,5038723.816,45.48376222,-75.46643187,6453
20--6837,2020/09/04,Unknown,CHAMPAGNE AVE   S btwn BEECH ST & HICKORY ST (__3ZA024),__3ZA024,01 - Non intersection,03 - P.D. only,06 - SMV unattended vehicle,01 - Clear,00 - Unknown,01 - Dry,10 - No control,,1,0,0,0,,0,,,,,366511.6579,5029071.363,45.39886072,-75.71175568,6454
20--6838,2020/09/04,Unknown,BERMUDA AVE btwn CARSON'S RD & ROANOKE ST (__3ZA7XQ),__3ZA7XQ,01 - Non intersection,03 - P.D. only,06 - SMV unattended vehicle,01 - Clear,00 - Unknown,01 - Dry,10 - No control,,1,0,0,0,,0,,,,,372950.2392,5034129.685,45.44377596,-75.62882493,6455
20--6839,2020/09/04,12:14 PM,COVENTRY RD @ VANIER PKWY (0002139),2139,02 - Intersection related,03 - P.D. only,04 - Sideswipe,01 - Clear,01 - Daylight,01 - Dry,01 - Traffic signal,01 - Functioning,2,0,0,0,,0,,,,,370676.3834,5031611.704,45.42133823,-75.65822566,6456
20--684,2020/01/16,Unknown,PRINCE ALBERT ST btwn WHITTON PL & EDITH AVE (__3ZA8HX),__3ZA8HX,01 - Non intersection,03 - P.D. only,06 - SMV unattended vehicle,03 - Snow,00 - Unknown,03 - Loose snow,10 - No control,,1,0,0,0,,0,,,,,370902.6769,5031947.338,45.42433678,-75.65528934,6457
20--6840,2020/09/04,12:16 AM,BRIAN COBURN BLVD @ NAVAN RD (0017228),17228,03 - At intersection,03 - P.D. only,07 - SMV other,01 - Clear,07 - Dark,01 - Dry,11 - Roundabout,01 - Functioning,1,0,0,0,,0,,,,,381168.997,5032906.816,45.43192398,-75.52396751,6458
20--6841,2020/09/04,2:03 PM,ST. JOSEPH BLVD @ TENTH LINE RD (0009163),9163,03 - At intersection,03 - P.D. only,02 - Angle,01 - Clear,01 - Daylight,01 - Dry,01 - Traffic signal,01 - Functioning,3,0,0,0,,0,,,,,382890.8065,5038666.453,45.48355406,-75.50105061,6459
20--6842,2020/09/04,2:32 PM,BEECHWOOD AVE @ CHARLEVOIX ST/MACKAY ST (0002248),2248,02 - Intersection related,03 - P.D. only,04 - Sideswipe,01 - Clear,01 - Daylight,01 - Dry,01 - Traffic signal,01 - Functioning,2,0,0,0,,0,,,,,369185.8728,5033592.353,45.43929812,-75.67701057,6460
20--6843,2020/09/04,2:45 PM,LONGFIELDS DR @ WOODROFFE AVE (0000096),96,03 - At intersection,02 - Non-fatal injury,02 - Angle,01 - Clear,01 - Daylight,01 - Dry,01 - Traffic signal,01 - Functioning,2,1,0,0,02 - Minor,1,,1,,,365421.1633,5017106.942,45.29130182,-75.72714962,6461
20--6844,2020/09/04,3:12 PM,BANKFIELD RD @ MANOTICK MAIN ST/RIDEAU VALLEY  (0000070),70,02 - Intersection related,03 - P.D. only,03 - Rear end,01 - Clear,01 - Daylight,01 - Dry,01 - Traffic signal,01 - Functioning,2,0,0,0,,0,,,,,368431.698,5010157.401,45.22850431,-75.68966255,6462
20--6845,2020/09/04,3:50 PM,HIGHWAY 417 btwn HWY417 IC118 RAMP35 & HWY417 IC117 RAMP51 (__3ZA2YP),__3ZA2YP,01 - Non intersection,03 - P.D. only,07 - SMV other,02 - Rain,01 - Daylight,02 - Wet,10 - No control,,1,0,0,0,,0,,,,,369831.3907,5031136.576,45.41714227,-75.66908461,6463
20--6988,2020/09/11,3:14 PM,EARL ARMSTRONG RD @ RIVER RD (0012470),12470,02 - Intersection related,03 - P.D. only,03 - Rear end,01 - Clear,01 - Daylight,01 - Dry,01 - Traffic signal,01 - Functioning,2,0,0,0,,0,,,,,367572.715,5014684.405,45.26931517,-75.70002884,6464
20--6717,2020/08/30,10:00 PM,KELLY FARM DR btwn SHEPODY CIRC & FINDLAY CREEK DR (__51MYBN),__51MYBN,01 - Non intersection,03 - P.D. only,06 - SMV unattended vehicle,02 - Rain,07 - Dark,02 - Wet,10 - No control,,1,0,0,0,,0,,,,,375240.1571,5020096.324,45.31728361,-75.60155828,6465
20--6846,2020/09/04,4:15 PM,MOODIE DR @ RICHMOND RD N (0001487),1487,03 - At intersection,03 - P.D. only,02 - Angle,01 - Clear,01 - Daylight,01 - Dry,02 - Stop sign,01 - Functioning,2,0,0,0,,0,,,,,357393.6368,5019689.474,45.31518642,-75.82920981,6466
20--6847,2020/09/04,5:00 PM,MERIVALE RD @ 110 S OF BURRIS LANE/LOBLAWS SC (0004606),4606,03 - At intersection,03 - P.D. only,01 - Approaching,01 - Clear,01 - Daylight,01 - Dry,01 - Traffic signal,01 - Functioning,2,0,0,0,,0,,,,,364814.6992,5024952.529,45.36194772,-75.73392966,6467
20--6848,2020/09/04,5:30 PM,CANTERBURY AVE btwn URBANDALE DR & HARDING RD (__3ZA73I),__3ZA73I,04 - At/near private drive,03 - P.D. only,05 - Turning movement,01 - Clear,01 - Daylight,01 - Dry,10 - No control,,2,0,0,0,,0,,,,,372626.7609,5028041.907,45.38903241,-75.63379743,6468
20--6849,2020/09/04,5:35 PM,HWY 417 MAITLAND IC126R16/HWY 417 MAITLAND IC1 (0011618),11618,02 - Intersection related,03 - P.D. only,03 - Rear end,01 - Clear,01 - Daylight,01 - Dry,03 - Yield sign,01 - Functioning,2,0,0,0,,0,,,,,363072.6904,5025953.529,45.37110157,-75.75604593,6469
20--685,2020/01/16,12:00 PM,HIGHWAY 417 btwn HWY417 IC138 RAMP61 & HWY417 IC134 RAMP36 (__3ZA20I),__3ZA20I,01 - Non intersection,03 - P.D. only,99 - Other,03 - Snow,01 - Daylight,02 - Wet,10 - No control,,2,0,0,0,,0,,,,,355835.9253,5021949.148,45.3356342,-75.84884297,6470
20--6850,2020/09/04,5:40 PM,BANK ST @ HOLMWOOD AVE (0007225),7225,02 - Intersection related,03 - P.D. only,04 - Sideswipe,01 - Clear,01 - Daylight,01 - Dry,01 - Traffic signal,01 - Functioning,2,0,0,0,,0,,,,,368481.7095,5029197.55,45.39981969,-75.68657838,6471
20--6851,2020/09/04,5:40 PM,RIVERSIDE DR @ WALKLEY RD (0002158),2158,02 - Intersection related,03 - P.D. only,03 - Rear end,01 - Clear,01 - Daylight,01 - Dry,01 - Traffic signal,01 - Functioning,2,0,0,0,,0,,,,,368418.7184,5024853.531,45.36073916,-75.68794265,6472
20--6852,2020/09/04,7:15 PM,BASELINE RD/HERON RD @ PRINCE OF WALES DR (0002345),2345,02 - Intersection related,02 - Non-fatal injury,03 - Rear end,01 - Clear,07 - Dark,01 - Dry,01 - Traffic signal,01 - Functioning,3,0,0,0,01 - Minimal,1,1,,,,366873.6824,5026438.515,45.37513901,-75.7074631,6473
20--6853,2020/09/04,8:12 AM,PARKDALE AVE @ WELLINGTON ST (0002260),2260,02 - Intersection related,03 - P.D. only,03 - Rear end,01 - Clear,01 - Daylight,01 - Dry,01 - Traffic signal,01 - Functioning,2,0,0,0,,0,,,,,365149.6984,5029270.555,45.40077173,-75.72912604,6474
20--6854,2020/09/04,8:40 AM,INNES RD btwn PRESTWICK DR & TENTH LINE RD (__3ZA3Y7),__3ZA3Y7,01 - Non intersection,03 - P.D. only,03 - Rear end,01 - Clear,01 - Daylight,01 - Dry,10 - No control,,2,0,0,0,,0,,,,,383877.1945,5036128.535,45.46060919,-75.48884299,6475
20--6855,2020/09/04,9:51 PM,CAMPEAU DR @ COUNTRY GLEN WAY (0014650),14650,03 - At intersection,03 - P.D. only,07 - SMV other,01 - Clear,07 - Dark,01 - Dry,11 - Roundabout,01 - Functioning,1,0,0,0,,0,,,,,349295.6134,5018231.375,45.30262588,-75.93261905,6476
20--6856,2020/09/05,1:21 AM,CUMMINGS AVE @ MONTREAL RD (0007748),7748,03 - At intersection,03 - P.D. only,02 - Angle,01 - Clear,07 - Dark,01 - Dry,01 - Traffic signal,01 - Functioning,2,0,0,0,,0,,,,,372007.7073,5034040.584,45.44306552,-75.64088426,6477
20--6857,2020/09/05,1:24 PM,HAZELDEAN RD @ TERRY FOX DR (0003682),3682,03 - At intersection,02 - Non-fatal injury,02 - Angle,01 - Clear,01 - Daylight,01 - Dry,01 - Traffic signal,01 - Functioning,3,0,0,0,03 - Major,2,,1,1,,352207.6113,5017242.451,45.29353681,-75.89558359,6478
20--6858,2020/09/05,11:28 AM,TALBACK PL btwn CLEMENTINE BLVD & END (__3ZA5OS),__3ZA5OS,04 - At/near private drive,03 - P.D. only,06 - SMV unattended vehicle,01 - Clear,01 - Daylight,01 - Dry,10 - No control,,1,0,0,0,,0,,,,,369433.6919,5027436.422,45.38388641,-75.67465043,6479
20--6859,2020/09/05,11:43 PM,BASELINE RD @ FERGUSON ST (0003206),3206,03 - At intersection,02 - Non-fatal injury,07 - SMV other,02 - Rain,07 - Dark,02 - Wet,12 - IPS,01 - Functioning,1,0,0,1,02 - Minor,1,,1,,,363440.6936,5024315.499,45.35633208,-75.7515425,6480
20--686,2020/01/16,12:01 AM,CITY PARK DR btwn OGILVIE RD & WILBURY RD (__3ZAZQG),__3ZAZQG,01 - Non intersection,03 - P.D. only,06 - SMV unattended vehicle,01 - Clear,07 - Dark,01 - Dry,10 - No control,,1,0,0,0,,0,,,,,373854.9649,5032744.676,45.4312256,-75.61745535,6481
20--6860,2020/09/05,2:06 PM,SAVILLE ROW @ WOODROFFE AVE (0002760),2760,02 - Intersection related,03 - P.D. only,03 - Rear end,01 - Clear,01 - Daylight,01 - Dry,01 - Traffic signal,01 - Functioning,3,0,0,0,,0,,,,,361779.6786,5026185.538,45.37329549,-75.77252539,6482
20--6861,2020/09/05,2:16 PM,WEST HUNT CLUB RD EB btwn CLEOPATRA DR & 210 W OF MERIVALE RD (__3ZA3JDA),__3ZA3JDA,01 - Non intersection,02 - Non-fatal injury,03 - Rear end,01 - Clear,01 - Daylight,01 - Dry,10 - No control,,2,0,0,0,01 - Minimal,1,1,,,,365259.3536,5021725.578,45.33287386,-75.72864876,6483
20--6862,2020/09/05,2:25 PM,MCKENNA CASEY DR btwn MOODIE DR & STRANDHERD DR (__3ZA1OJ),__3ZA1OJ,01 - Non intersection,02 - Non-fatal injury,07 - SMV other,01 - Clear,01 - Daylight,01 - Dry,10 - No control,,1,0,0,0,02 - Minor,1,,1,,,361834.1655,5013563.195,45.25971523,-75.77328305,6484
20--6863,2020/09/05,2:28 PM,BASELINE RD @ CENTREPOINTE DR E/HIGHGATE RD (0011468),11468,02 - Intersection related,03 - P.D. only,03 - Rear end,01 - Clear,01 - Daylight,01 - Dry,01 - Traffic signal,01 - Functioning,2,0,0,0,,0,,,,,362061.6772,5023465.498,45.3487978,-75.76924049,6485
20--6864,2020/09/05,3:15 PM,OGILVIE RD btwn CYRVILLE RD & MURDOCK GT (__3ZA13S),__3ZA13S,01 - Non intersection,02 - Non-fatal injury,03 - Rear end,02 - Rain,01 - Daylight,02 - Wet,10 - No control,,2,0,0,0,02 - Minor,1,,1,,,372540.7268,5032057.157,45.42516817,-75.63434435,6486
20--6865,2020/09/05,3:18 PM,HIGHWAY 417 btwn HWY417 IC127 RAMP25 & HWY417 IC126 RAMP51 (__3ZA2XA),__3ZA2XA,01 - Non intersection,03 - P.D. only,03 - Rear end,01 - Clear,01 - Daylight,01 - Dry,10 - No control,,2,0,0,0,,0,,,,,363199.327,5025875.155,45.37038583,-75.75443859,6487
20--6866,2020/09/05,3:24 PM,ARMSTRONG ST @ PARKDALE AVE (0006267),6267,03 - At intersection,02 - Non-fatal injury,07 - SMV other,02 - Rain,01 - Daylight,02 - Wet,01 - Traffic signal,01 - Functioning,1,0,0,1,02 - Minor,1,,1,,,365090.6981,5029404.553,45.4019825,-75.72986323,6488
20--6867,2020/09/05,3:28 AM,RIVERSIDE DR @ SMYTH RD NORTH SIDE RAMP (0011479),11479,02 - Intersection related,03 - P.D. only,07 - SMV other,01 - Clear,07 - Dark,01 - Dry,01 - Traffic signal,01 - Functioning,1,0,0,0,,0,,,,,369937.5635,5029316.748,45.40075826,-75.66796862,6489
20--6868,2020/09/05,3:37 PM,KING EDWARD AVE @ RIDEAU ST (0002121),2121,02 - Intersection related,03 - P.D. only,04 - Sideswipe,01 - Clear,01 - Daylight,01 - Dry,01 - Traffic signal,01 - Functioning,2,0,0,0,,0,,,,,368511.708,5032413.581,45.42875372,-75.6857795,6490
20--6869,2020/09/05,3:44 PM,BRUIN RD @ CEDARVIEW RD (0005240),5240,02 - Intersection related,02 - Non-fatal injury,07 - SMV other,02 - Rain,01 - Daylight,02 - Wet,02 - Stop sign,01 - Functioning,1,0,1,0,02 - Minor,1,,1,,,359230.5247,5020937.029,45.326272,-75.80564635,6491
20--687,2020/01/16,12:34 PM,DWYER HILL RD btwn DWYER HILL RD & O'NEIL RD (__3ZA177),__3ZA177,01 - Non intersection,02 - Non-fatal injury,07 - SMV other,03 - Snow,01 - Daylight,02 - Wet,10 - No control,,1,0,0,0,02 - Minor,1,,1,,,350892.5294,4995085.875,45.09424953,-75.91439754,6492
20--6870,2020/09/05,3:44 PM,REGIONAL RD 174 @ TRIM RD (0012835),12835,02 - Intersection related,03 - P.D. only,07 - SMV other,01 - Clear,01 - Daylight,01 - Dry,01 - Traffic signal,01 - Functioning,1,0,0,0,,0,,,,,384351.8517,5039990.341,45.49530016,-75.4821491,6493
20--6871,2020/09/05,5:06 PM,BAYSHORE DR @ WOODRIDGE CRES S (0000360),360,02 - Intersection related,03 - P.D. only,03 - Rear end,02 - Rain,01 - Daylight,02 - Wet,01 - Traffic signal,01 - Functioning,2,0,0,0,,0,,,,,359233.6673,5023509.513,45.34941904,-75.80532328,6494
20--6872,2020/09/05,6:06 PM,BASELINE RD btwn BARBARA ANN PRIV & HIGHGATE RD (__3ZA4MS),__3ZA4MS,01 - Non intersection,02 - Non-fatal injury,03 - Rear end,01 - Clear,01 - Daylight,02 - Wet,10 - No control,,2,0,0,0,02 - Minor,1,,1,,,362017.5515,5023438.936,45.3485624,-75.76980664,6495
20--6873,2020/09/05,6:13 PM,BEECH ST btwn LORETTA AVE S & CHAMPAGNE AVE S (__3ZA04Q),__3ZA04Q,04 - At/near private drive,02 - Non-fatal injury,05 - Turning movement,01 - Clear,01 - Daylight,01 - Dry,10 - No control,,2,1,0,0,02 - Minor,1,,1,,,366442.0918,5029167.008,45.39972744,-75.71263221,6496
20--6874,2020/09/05,6:19 PM,KING EDWARD AVE btwn LAURIER AVE E & THOMAS MORE PRIV (__3ZA3UU),__3ZA3UU,01 - Non intersection,03 - P.D. only,03 - Rear end,01 - Clear,05 - Dusk,01 - Dry,10 - No control,,2,0,0,0,,0,,,,,368765.5308,5031991.844,45.42493592,-75.68259081,6497
20--6875,2020/09/05,7:14 PM,KINCARDINE DR btwn TO BE DETERMINED & HALKIRK AVE (__3ZAZ87),__3ZAZ87,01 - Non intersection,03 - P.D. only,06 - SMV unattended vehicle,01 - Clear,05 - Dusk,01 - Dry,10 - No control,,1,0,0,0,,0,,,,,352104.0051,5017046.083,45.29177682,-75.89692316,6498
20--6876,2020/09/05,8:40 AM,HWY417 IC126 RAMP61 btwn HWY417 IC126 RAMP63 & HIGHWAY 417 (__3ZAY5Y),__3ZAY5Y,01 - Non intersection,03 - P.D. only,07 - SMV other,01 - Clear,01 - Daylight,01 - Dry,10 - No control,,1,0,0,0,,0,,,,,363084.4306,5025851.251,45.37018031,-75.75590812,6499
20--6877,2020/09/06,1:00 AM,ALTA VISTA DR @ BANK ST (0011318),11318,02 - Intersection related,03 - P.D. only,04 - Sideswipe,01 - Clear,07 - Dark,01 - Dry,01 - Traffic signal,01 - Functioning,2,0,0,0,,0,,,,,370248.0575,5026200.74,45.37269253,-75.66441616,6500
20--6878,2020/09/06,11:00 AM,MEADOWBREEZE DR btwn FLOWING CREEK CIR & HAWKBIRCH ST (e___1GCG),e___1GCG,04 - At/near private drive,03 - P.D. only,06 - SMV unattended vehicle,01 - Clear,01 - Daylight,01 - Dry,10 - No control,,1,0,0,0,,0,,,,,356264.379,5015275.192,45.27554964,-75.84406973,6501
20--6879,2020/09/06,Unknown,NEPEAN ST btwn KENT ST & BANK ST (__3ZA9UN),__3ZA9UN,01 - Non intersection,03 - P.D. only,06 - SMV unattended vehicle,01 - Clear,00 - Unknown,01 - Dry,10 - No control,,1,0,0,0,,0,,,,,367505.8866,5031097.543,45.41700334,-75.6987999,6502
20--688,2020/01/16,12:53 PM,WILLOW ST @ LEBRETON ST (0012099),12099,02 - Intersection related,03 - P.D. only,03 - Rear end,01 - Clear,01 - Daylight,02 - Wet,02 - Stop sign,01 - Functioning,2,0,0,0,,0,,,,,366814.7055,5030013.559,45.40731157,-75.70776673,6503
20--6880,2020/09/06,12:09 PM,KING EDWARD AVE @ LAURIER AVE (0002170),2170,02 - Intersection related,03 - P.D. only,03 - Rear end,01 - Clear,01 - Daylight,01 - Dry,01 - Traffic signal,01 - Functioning,2,0,0,0,,0,,,,,368739.7042,5032034.576,45.42532277,-75.68291526,6504
20--6881,2020/09/06,12:18 AM,YORK ST EB btwn BY WARD MARKET SQ & SUSSEX DR (__3ZA8ZZ),__3ZA8ZZ,01 - Non intersection,03 - P.D. only,02 - Angle,01 - Clear,07 - Dark,01 - Dry,10 - No control,,2,0,0,0,,0,,,,,367886.6187,5032287.56,45.42767649,-75.69378333,6505
20--6882,2020/09/06,2:21 PM,CONROY RD btwn HUNT CLUB RD & CONROY RD (__3ZA2TB),__3ZA2TB,04 - At/near private drive,03 - P.D. only,02 - Angle,01 - Clear,01 - Daylight,01 - Dry,10 - No control,,2,0,0,0,,0,,,,,373800.2284,5025325.453,45.36447632,-75.61919263,6506
20--6883,2020/09/06,2:58 AM,ST. LAURENT BLVD @ COVENTRY RD/OGILVIE RD (0002151),2151,03 - At intersection,03 - P.D. only,07 - SMV other,01 - Clear,07 - Dark,01 - Dry,01 - Traffic signal,01 - Functioning,1,0,0,0,,0,,,,,372305.7221,5031951.575,45.42424091,-75.63736159,6507
20--6884,2020/09/06,3:00 PM,MERIVALE RD @ WEST HUNT CLUB RD (0000584),584,02 - Intersection related,03 - P.D. only,03 - Rear end,01 - Clear,01 - Daylight,01 - Dry,01 - Traffic signal,01 - Functioning,3,0,0,0,,0,,,,,365612.6988,5021942.503,45.33479519,-75.72411448,6508
20--6885,2020/09/06,3:15 PM,FLEET ST btwn BOOTH ST & END (__3ZA333),__3ZA333,01 - Non intersection,03 - P.D. only,04 - Sideswipe,01 - Clear,01 - Daylight,01 - Dry,10 - No control,,2,0,0,0,,0,,,,,366461.5729,5031004.879,45.41626239,-75.71215353,6509
20--6886,2020/09/06,4:32 PM,CALDWELL AVE @ MERIVALE RD (0011432),11432,02 - Intersection related,03 - P.D. only,03 - Rear end,01 - Clear,01 - Daylight,01 - Dry,01 - Traffic signal,01 - Functioning,2,0,0,0,,0,,,,,364907.3974,5026230.412,45.37343796,-75.73259103,6510
20--6887,2020/09/06,4:48 PM,WOODRIDGE CRES btwn BAYSHORE DR & BAYSHORE PS (__6KE4J1A),__6KE4J1A,01 - Non intersection,03 - P.D. only,05 - Turning movement,01 - Clear,01 - Daylight,01 - Dry,10 - No control,,2,0,0,0,,0,,,,,359037.3047,5023853.957,45.35253356,-75.80779127,6511
20--6888,2020/09/06,6:30 PM,FERNBANK RD btwn JINKINSON RD & BLACK'S SIDE RD (__3ZACRF),__3ZACRF,01 - Non intersection,03 - P.D. only,07 - SMV other,01 - Clear,01 - Daylight,01 - Dry,10 - No control,,1,0,0,0,,0,,,,,346339.8936,5008050.439,45.2111944,-75.97115799,6512
20--6889,2020/09/06,8:25 AM,STAGECOACH RD btwn SNAKE ISLAND RD & HERBERTS CORNERS RD (__3ZA2CV),__3ZA2CV,01 - Non intersection,03 - P.D. only,07 - SMV other,01 - Clear,01 - Daylight,01 - Dry,10 - No control,,1,0,0,0,,0,,,,,377941.0149,5008121.793,45.2092652,-75.56887724,6513
20--689,2020/01/16,2:47 AM,RICHMOND RD @ WEST HUNT CLUB RD (0000598),598,02 - Intersection related,03 - P.D. only,03 - Rear end,03 - Snow,07 - Dark,03 - Loose snow,01 - Traffic signal,01 - Functioning,2,0,0,0,,0,,,,,357145.6563,5018152.482,45.3013749,-75.83253473,6514
20--6890,2020/09/06,9:40 PM,HIGHWAY 417 btwn HWY417 IC119B RAMP57 & HWY417 IC119A RAMP75 (__3ZA1QN),__3ZA1QN,01 - Non intersection,03 - P.D. only,03 - Rear end,01 - Clear,07 - Dark,01 - Dry,10 - No control,,2,0,0,0,,0,,,,,368587.5642,5030514.639,45.41166079,-75.68505602,6515
20--6891,2020/09/07,11:06 PM,HIGHWAY 417 btwn HWY417 IC122 RAMP15 & HWY417 IC121B RAMP51 (__3ZA2RB),__3ZA2RB,01 - Non intersection,02 - Non-fatal injury,07 - SMV other,01 - Clear,07 - Dark,01 - Dry,10 - No control,,1,0,0,0,02 - Minor,1,,1,,,365749.6224,5029151.777,45.39965102,-75.72147833,6516
20--6892,2020/09/07,12:35 PM,MONTREAL RD btwn BETHAMY LANE & OGILVIE RD (__3ZA2DX),__3ZA2DX,01 - Non intersection,03 - P.D. only,02 - Angle,01 - Clear,01 - Daylight,01 - Dry,10 - No control,,2,1,0,0,,0,,,,,375638.732,5034546.655,45.44726033,-75.59440172,6517
20--6893,2020/09/07,12:50 PM,BASELINE RD @ FISHER AVE (0002346),2346,02 - Intersection related,03 - P.D. only,03 - Rear end,01 - Clear,01 - Daylight,01 - Dry,01 - Traffic signal,01 - Functioning,2,0,0,0,,0,,,,,366166.6853,5026028.54,45.37151241,-75.7165399,6518
20--7165,2020/09/18,12:27 PM,CASTLEFRANK RD @ HAZELDEAN RD (0003608),3608,03 - At intersection,02 - Non-fatal injury,05 - Turning movement,01 - Clear,01 - Daylight,01 - Dry,01 - Traffic signal,01 - Functioning,2,0,0,0,02 - Minor,1,,1,,,352677.8758,5017676.769,45.29741302,-75.88954643,6519
20--7166,2020/09/18,2:22 PM,BESSERER ST @ WALLER ST (0008859),8859,02 - Intersection related,03 - P.D. only,04 - Sideswipe,01 - Clear,01 - Daylight,01 - Dry,01 - Traffic signal,01 - Functioning,2,0,0,0,,0,,,,,368315.9317,5032191.988,45.42677771,-75.6883098,6520
20--7167,2020/09/18,2:56 PM,HAWTHORNE RD @ LEITRIM RD (0009269),9269,03 - At intersection,02 - Non-fatal injury,05 - Turning movement,01 - Clear,01 - Daylight,01 - Dry,01 - Traffic signal,01 - Functioning,2,1,0,0,02 - Minor,1,,1,,,377038.7688,5022709.499,45.340613,-75.5782392,6521
20--7168,2020/09/18,3:00 PM,TOMMARY DR btwn STANMORE ST & SCOTTANNE ST (__3ZA552),__3ZA552,01 - Non intersection,03 - P.D. only,06 - SMV unattended vehicle,01 - Clear,01 - Daylight,01 - Dry,10 - No control,,1,0,0,0,,0,,,,,376668.0016,5012217.408,45.24624735,-75.58448985,6522
20--7169,2020/09/18,3:29 PM,VANIER PKWY/CRICHTON ST @ BEECHWOOD AVE/ST. PA (0001604),1604,02 - Intersection related,03 - P.D. only,03 - Rear end,01 - Clear,01 - Daylight,01 - Dry,01 - Traffic signal,01 - Functioning,2,0,0,0,,0,,,,,369127.79,5033487.138,45.43835678,-75.67776666,6523
20--717,2020/01/16,6:20 AM,HIGHWAY 417 btwn HWY417 IC126 RAMP61 & HWY417 IC124 RAMP76 (__3ZA2Y2),__3ZA2Y2,01 - Non intersection,03 - P.D. only,07 - SMV other,03 - Snow,07 - Dark,04 - Slush,10 - No control,,1,0,0,0,,0,,,,,363695.012,5026563.246,45.3765357,-75.74802887,6524
20--7170,2020/09/18,3:30 PM,WEST HUNT CLUB RD @ ROYDON PL/SUNDERLAND ST (0009775),9775,03 - At intersection,02 - Non-fatal injury,05 - Turning movement,01 - Clear,01 - Daylight,01 - Dry,01 - Traffic signal,01 - Functioning,2,0,0,0,01 - Minimal,3,3,,,,365973.7042,5022169.485,45.33680616,-75.71948093,6525
20--7171,2020/09/18,3:30 PM,HIGHWAY 417 btwn HWY417 IC110 RAMP55 & HWY417 IC104 RAMP51 (__3ZA2W8),__3ZA2W8,01 - Non intersection,02 - Non-fatal injury,07 - SMV other,01 - Clear,01 - Daylight,01 - Dry,10 - No control,,1,0,0,0,02 - Minor,1,,1,,,377106.279,5026931.543,45.37859384,-75.57676024,6526
20--7172,2020/09/18,3:55 PM,ARCH ST @ CANTERBURY AVE (0008922),8922,02 - Intersection related,03 - P.D. only,03 - Rear end,01 - Clear,01 - Daylight,01 - Dry,02 - Stop sign,01 - Functioning,2,0,0,0,,0,,,,,372876.7308,5028055.547,45.38913089,-75.6306036,6527
20--7173,2020/09/18,3:58 AM,PRETORIA AVE btwn O'CONNOR ST & METCALFE ST (__3ZA973),__3ZA973,01 - Non intersection,03 - P.D. only,06 - SMV unattended vehicle,01 - Clear,07 - Dark,01 - Dry,10 - No control,,1,0,0,0,,0,,,,,368471.5668,5030319.967,45.40991976,-75.68656299,6528
20--7174,2020/09/18,4:02 PM,HIGHWAY 417 btwn HWY417 IC122 RAMP61 & HWY417 IC121B RAMP16 (__3ZA2Y4),__3ZA2Y4,01 - Non intersection,03 - P.D. only,03 - Rear end,01 - Clear,01 - Daylight,01 - Dry,10 - No control,,3,0,0,0,,0,,,,,366093.4889,5029353.81,45.40143884,-75.71706135,6529
20--7175,2020/09/18,4:30 PM,CARLING AVE @ SCRIVENS ST (0002720),2720,02 - Intersection related,02 - Non-fatal injury,07 - SMV other,01 - Clear,01 - Daylight,01 - Dry,01 - Traffic signal,01 - Functioning,1,0,0,1,02 - Minor,1,,1,,,359423.6629,5024258.509,45.35614373,-75.80281601,6530
20--7176,2020/09/18,4:30 PM,BANK ST @ CHAMBERLAIN AVE N/ISABELLA ST (0002132),2132,02 - Intersection related,03 - P.D. only,03 - Rear end,01 - Clear,01 - Daylight,01 - Dry,01 - Traffic signal,01 - Functioning,2,0,0,0,,0,,,,,368082.7135,5030166.562,45.40857474,-75.69154998,6531