Anom_ID,Accident_Date,Accident_Time,Location,Geo_ID,Accident_Location,Classification_of_Accident,Initial_Impact_Type,Environment_Condition,Light,Road_Surface_Condition,Traffic_Control,Traffic_Control_Condition,No__of_Vehicles,No__of_Bicycles,No__of_Motorcycles,No__of_Pedestrians,Max_Injury,No__of_Injuries,No__of_Minimal,No__of_Minor,No__of_Major,No__of_Fatal,X,Y,Latitude,Longitude,ObjectId
20--7177,2020/09/18,5:41 PM,SCOTT ST @ WESTERN AVE (0006132),6132,03 - At intersection,03 - P.D. only,02 - Angle,01 - Clear,01 - Daylight,01 - Dry,02 - Stop sign,01 - Functioning,2,0,0,0,,0,,,,,364205.6873,5029269.558,45.4008435,-75.74118337,6532
20--7178,2020/09/18,5:55 PM,BLACKBURN BYPASS WB btwn NAVAN RD & 1700 W OF NAVAN RD (__3ZA3J5B),__3ZA3J5B,01 - Non intersection,03 - P.D. only,04 - Sideswipe,01 - Clear,01 - Daylight,01 - Dry,10 - No control,,2,0,0,0,,0,,,,,379603.0317,5033260.604,45.43527637,-75.54392472,6533
20--7179,2020/09/18,6:40 PM,MITCH OWENS RD btwn RIVER RD & SPRATT RD (__3ZA38F),__3ZA38F,04 - At/near private drive,03 - P.D. only,02 - Angle,01 - Clear,05 - Dusk,01 - Dry,10 - No control,,2,0,0,0,,0,,,,,369559.6211,5010804.406,45.23422321,-75.67521594,6534
20--718,2020/01/16,6:20 PM,DRYSDALE ST btwn BELLROCK DR & GRAY CRES (__4TZILD),__4TZILD,04 - At/near private drive,03 - P.D. only,06 - SMV unattended vehicle,01 - Clear,07 - Dark,05 - Packed snow,10 - No control,,1,0,0,0,,0,,,,,352102.3346,5019833.027,45.31685454,-75.89667851,6535
20--7180,2020/09/18,6:44 PM,MITCH OWENS RD btwn RIVER RD & SPRATT RD (__3ZA38F),__3ZA38F,04 - At/near private drive,03 - P.D. only,02 - Angle,01 - Clear,05 - Dusk,01 - Dry,10 - No control,,2,0,0,0,,0,,,,,369558.5895,5010803.832,45.23421814,-75.67522915,6536
20--7181,2020/09/18,7:30 AM,ST. JOSEPH BLVD @ REGIONAL RD 174/TRANSITWAY (0012428),12428,02 - Intersection related,02 - Non-fatal injury,05 - Turning movement,01 - Clear,01 - Daylight,01 - Dry,01 - Traffic signal,01 - Functioning,2,1,0,0,01 - Minimal,1,1,,,,376556.2776,5035056.392,45.45175303,-75.58259902,6537
20--7182,2020/09/18,9:20 AM,STADACONE WAY btwn CAP-DIAMANT WAY & CAP-DIAMANT WAY (e___2HK2),e___2HK2,01 - Non intersection,03 - P.D. only,06 - SMV unattended vehicle,01 - Clear,01 - Daylight,01 - Dry,10 - No control,,1,0,0,0,,0,,,,,385580.647,5040270.935,45.49768349,-75.46638327,6538
20--7183,2020/09/18,9:30 PM,HAZELDEAN RD @ HUNTMAR DR/IBER RD (0000075),75,03 - At intersection,03 - P.D. only,05 - Turning movement,01 - Clear,07 - Dark,01 - Dry,01 - Traffic signal,01 - Functioning,2,0,0,0,,0,,,,,350942.5978,5016079.431,45.28315582,-75.911819,6539
20--7184,2020/09/18,9:37 AM,HIGHWAY 417 btwn HWY417 IC110 RAMP64 & HWY417 IC104 RAMP16 (__3ZA2W9),__3ZA2W9,01 - Non intersection,03 - P.D. only,04 - Sideswipe,01 - Clear,01 - Daylight,01 - Dry,10 - No control,,2,0,0,0,,0,,,,,377357.6071,5026827.282,45.37762977,-75.57356691,6540
20--7185,2020/09/18,9:42 AM,ST. LAURENT BLVD btwn INDUSTRIAL AVE & BOURASSA ST (__3ZBOFB),__3ZBOFB,01 - Non intersection,02 - Non-fatal injury,04 - Sideswipe,01 - Clear,01 - Daylight,01 - Dry,10 - No control,,2,0,0,0,02 - Minor,1,,1,,,373107.7228,5029987.292,45.40648937,-75.62738648,6541
20--7186,2020/09/19,1:09 AM,LESTER RD btwn ALBION RD & UPLANDS DR (__3ZA2SC),__3ZA2SC,01 - Non intersection,03 - P.D. only,07 - SMV other,01 - Clear,07 - Dark,01 - Dry,10 - No control,,1,0,0,0,,0,,,,,371410.1829,5021377.279,45.32918308,-75.65023053,6542
20--7187,2020/09/19,10:00 AM,BAYCREST DR btwn HERON RD & CEDARWOOD DR (__3ZA861),__3ZA861,01 - Non intersection,03 - P.D. only,99 - Other,01 - Clear,01 - Daylight,01 - Dry,10 - No control,,2,0,0,0,,0,,,,,371155.8303,5026920.55,45.37908376,-75.65273105,6543
20--7188,2020/09/19,10:10 AM,CITIPLACE DR btwn COLONNADE RD N & Continuation of CITIPLACE DR (__5Z1V0T),__5Z1V0T,01 - Non intersection,03 - P.D. only,01 - Approaching,01 - Clear,01 - Daylight,01 - Dry,10 - No control,,2,0,0,0,,0,,,,,366886.4288,5023371.673,45.34754307,-75.70768565,6544
20--7189,2020/09/19,10:30 AM,BESSERER ST @ WALLER ST (0008859),8859,02 - Intersection related,03 - P.D. only,03 - Rear end,01 - Clear,01 - Daylight,01 - Dry,01 - Traffic signal,00 - Unknown,2,0,0,0,,0,,,,,368315.9337,5032191.974,45.42677759,-75.68830977,6545
20--719,2020/01/16,6:25 AM,BRIAN COBURN BLVD @ GERRY LALONDE DR (0014327),14327,02 - Intersection related,03 - P.D. only,07 - SMV other,03 - Snow,07 - Dark,05 - Packed snow,02 - Stop sign,01 - Functioning,1,0,0,0,,0,,,,,383523.5359,5034614.313,45.44702549,-75.49360687,6546
20--7190,2020/09/19,10:45 AM,BASELINE RD @ FISHER AVE (0002346),2346,02 - Intersection related,03 - P.D. only,03 - Rear end,01 - Clear,01 - Daylight,01 - Dry,01 - Traffic signal,01 - Functioning,2,0,0,0,,0,,,,,366166.6867,5026028.524,45.37151227,-75.71653989,6547
20--7191,2020/09/19,11:30 PM,BARNSDALE RD btwn TWIN ELM RD & MOODIE DR (__3ZAB90),__3ZAB90,01 - Non intersection,03 - P.D. only,07 - SMV other,01 - Clear,07 - Dark,01 - Dry,10 - No control,,1,0,0,0,,0,,,,,360866.5569,5008236.763,45.21186496,-75.78621144,6548
20--7192,2020/09/19,Unknown,ARGYLE AVE btwn ELGIN ST & CARTIER ST (__3ZA9TT),__3ZA9TT,01 - Non intersection,03 - P.D. only,06 - SMV unattended vehicle,01 - Clear,00 - Unknown,01 - Dry,10 - No control,,1,0,0,0,,0,,,,,368638.8488,5030723.235,45.41353299,-75.68437387,6549
20--7193,2020/09/19,Unknown,WALKLEY RD btwn HARDING RD & HALIFAX DR (__3ZA2EK),__3ZA2EK,01 - Non intersection,03 - P.D. only,07 - SMV other,01 - Clear,00 - Unknown,01 - Dry,10 - No control,,1,0,0,0,,0,,,,,373165.3296,5027618.404,45.38516955,-75.62697894,6550
20--7194,2020/09/19,Unknown,MERIVALE RD btwn CHATELAIN AVE & SHILLINGTON AVE (__3ZA30U),__3ZA30U,01 - Non intersection,03 - P.D. only,06 - SMV unattended vehicle,01 - Clear,00 - Unknown,01 - Dry,10 - No control,,1,0,0,0,,0,,,,,364844.1339,5026784.776,45.37843145,-75.73333126,6551
20--7195,2020/09/19,12:28 PM,PRINCE OF WALES DR @ FAIRCHILD PRIV (0003171),3171,02 - Intersection related,03 - P.D. only,03 - Rear end,01 - Clear,01 - Daylight,01 - Dry,10 - No control,,2,0,0,0,,0,,,,,367080.7078,5026862.538,45.37893589,-75.70476665,6552
20--7196,2020/09/19,12:30 PM,VANIER PKWY/CRICHTON ST @ BEECHWOOD AVE/ST. PA (0001604),1604,02 - Intersection related,03 - P.D. only,03 - Rear end,01 - Clear,01 - Daylight,01 - Dry,01 - Traffic signal,01 - Functioning,2,0,0,0,,0,,,,,369127.7943,5033487.137,45.43835677,-75.67776661,6553
20--7197,2020/09/19,12:30 PM,VANIER PKWY/CRICHTON ST @ BEECHWOOD AVE/ST. PA (0001604),1604,02 - Intersection related,03 - P.D. only,03 - Rear end,01 - Clear,01 - Daylight,01 - Dry,01 - Traffic signal,01 - Functioning,2,0,0,0,,0,,,,,369127.7988,5033487.121,45.43835663,-75.67776655,6554
20--7198,2020/09/19,12:33 PM,HWY 417 MAITLAND IC126R26/62 @ MAITLAND AVE (0008228),8228,02 - Intersection related,02 - Non-fatal injury,03 - Rear end,01 - Clear,01 - Daylight,01 - Dry,01 - Traffic signal,01 - Functioning,2,0,0,0,02 - Minor,1,,1,,,363145.6828,5025983.519,45.37136535,-75.75511059,6555
20--7199,2020/09/19,2:15 PM,RIVERSIDE DR @ TREMBLAY RD/HWY417 IC117 RAMP52 (0010790),10790,02 - Intersection related,03 - P.D. only,03 - Rear end,01 - Clear,01 - Daylight,01 - Dry,01 - Traffic signal,01 - Functioning,2,0,0,0,,0,,,,,370802.0724,5031015.911,45.41596569,-75.65669957,6556
20--72,2020/01/03,3:37 PM,PARKDALE AVE btwn WELLINGTON ST W & GLADSTONE AVE (__3ZA4QM),__3ZA4QM,01 - Non intersection,02 - Non-fatal injury,07 - SMV other,01 - Clear,01 - Daylight,02 - Wet,10 - No control,,1,0,0,1,02 - Minor,1,,1,,,365165.932,5029237.188,45.4004701,-75.72892278,6557
20--720,2020/01/16,6:47 PM,REGIONAL ROAD 174 btwn TRANSIT & OR174 IC105 RAMP51 (__3ZA28H),__3ZA28H,01 - Non intersection,02 - Non-fatal injury,03 - Rear end,01 - Clear,07 - Dark,03 - Loose snow,10 - No control,,2,0,0,0,01 - Minimal,1,1,,,,377298.5697,5035811.136,45.45846709,-75.57299883,6558
20--7200,2020/09/19,2:30 AM,ROGER STEVENS DR btwn DWYER HILL RD & MALAKOFF RD (__3ZA4ZQ),__3ZA4ZQ,01 - Non intersection,03 - P.D. only,07 - SMV other,01 - Clear,07 - Dark,01 - Dry,10 - No control,,1,0,0,0,,0,,,,,361950.2618,4995884.353,45.10062778,-75.77382894,6559
20--7201,2020/09/19,2:30 PM,KING EDWARD AVE btwn LAURIER AVE E & THOMAS MORE PRIV (__3ZA3UU),__3ZA3UU,01 - Non intersection,03 - P.D. only,03 - Rear end,01 - Clear,01 - Daylight,01 - Dry,10 - No control,,3,0,0,0,,0,,,,,368765.7535,5031991.5,45.4249328,-75.68258801,6560
20--7202,2020/09/19,2:41 PM,COLONNADE RD @ MERIVALE RD (0004569),4569,02 - Intersection related,03 - P.D. only,03 - Rear end,01 - Clear,01 - Daylight,01 - Dry,01 - Traffic signal,01 - Functioning,2,0,0,0,,0,,,,,365363.6968,5022544.497,45.34023339,-75.72721743,6561
20--7203,2020/09/19,2:50 PM,HIGHWAY 417 btwn RAMP & HWY417 IC129 RAMP76 (__3ZA2X8),__3ZA2X8,01 - Non intersection,03 - P.D. only,99 - Other,01 - Clear,01 - Daylight,01 - Dry,10 - No control,,2,0,0,0,,0,,,,,359907.7805,5023184.783,45.34644447,-75.79675715,6562
20--7204,2020/09/19,3:11 PM,WILHAVEN DR btwn EMMETT RD & BECKETT'S CREEK RD (__3ZA1RC),__3ZA1RC,01 - Non intersection,02 - Non-fatal injury,07 - SMV other,01 - Clear,01 - Daylight,01 - Dry,10 - No control,,1,0,1,0,02 - Minor,2,,2,,,394611.5272,5041184.225,45.50479607,-75.35068503,6563
20--7205,2020/09/19,3:28 PM,HIGHWAY 417 btwn HWY417 IC124 RAMP67 & HWY417 IC123 RAMP62 (__3ZA2YZ),__3ZA2YZ,01 - Non intersection,03 - P.D. only,03 - Rear end,01 - Clear,01 - Daylight,01 - Dry,10 - No control,,3,0,0,0,,0,,,,,364680.596,5027894.883,45.38843399,-75.73528453,6564
20--7206,2020/09/19,3:39 PM,HIGHWAY 7 btwn HAZELDEAN IC RAMP 53 & HIGHWAY 7 (__7JQ7LK),__7JQ7LK,01 - Non intersection,03 - P.D. only,04 - Sideswipe,01 - Clear,01 - Daylight,01 - Dry,10 - No control,,2,0,0,0,,0,,,,,341602.5853,5007750.322,45.2087571,-76.03148841,6565
20--7207,2020/09/19,3:58 PM,BAYCREST DR @ SANDALWOOD DR (0007085),7085,02 - Intersection related,03 - P.D. only,02 - Angle,01 - Clear,01 - Daylight,01 - Dry,03 - Yield sign,01 - Functioning,2,0,0,0,,0,,,,,371353.725,5026705.522,45.37713025,-75.65023348,6566
20--7208,2020/09/19,4:08 PM,GREENBANK RD @ HARRISON ST/ASHGROVE CRES (0000627),627,03 - At intersection,02 - Non-fatal injury,07 - SMV other,01 - Clear,01 - Daylight,01 - Dry,01 - Traffic signal,01 - Functioning,1,0,0,1,02 - Minor,1,,1,,,360839.6714,5022007.49,45.33577737,-75.78499935,6567
20--7209,2020/09/19,4:22 AM,EAGLESON RD btwn FALLOWFIELD RD & AKINS RD (__3ZA418),__3ZA418,01 - Non intersection,03 - P.D. only,07 - SMV other,01 - Clear,07 - Dark,01 - Dry,10 - No control,,1,0,0,0,,0,,,,,356422.4803,5011388.387,45.24056371,-75.84245861,6568
20--721,2020/01/16,6:51 PM,BAYSWATER AVE btwn HICKORY ST & SHERWOOD DR (__3ZA01P),__3ZA01P,01 - Non intersection,02 - Non-fatal injury,01 - Approaching,06 - Strong wind,07 - Dark,03 - Loose snow,10 - No control,,2,0,0,0,02 - Minor,1,,1,,,366296.1758,5028801.018,45.39644718,-75.71454148,6569
20--7210,2020/09/19,4:38 PM,CAMBRIAN RD @ KILBIRNIE DR/TUCANA WAY (0013607),13607,02 - Intersection related,03 - P.D. only,03 - Rear end,01 - Clear,01 - Daylight,01 - Dry,01 - Traffic signal,01 - Functioning,2,0,0,0,,0,,,,,365113.837,5013068.716,45.25499238,-75.73155788,6570
20--6718,2020/08/30,10:56 AM,CLEARVIEW AVE @ ISLAND PARK DR (0006144),6144,03 - At intersection,03 - P.D. only,02 - Angle,01 - Clear,01 - Daylight,01 - Dry,02 - Stop sign,01 - Functioning,2,0,0,0,,0,,,,,363546.6863,5029364.574,45.40175404,-75.74958905,6571
20--6989,2020/09/11,4:07 PM,BEARBROOK RD btwn ROCKCLIFFE PKWY & Continuation of BEARBROOK RD (__55RXY1),__55RXY1,01 - Non intersection,03 - P.D. only,07 - SMV other,01 - Clear,01 - Daylight,01 - Dry,10 - No control,,1,0,0,0,,0,,,,,376946.3313,5034691.371,45.44842865,-75.57766638,6572
20--654,2020/01/15,7:40 AM,BARRINGTON ST btwn SMITHERS CRES & NUGGETT DR (__3ZA6C6),__3ZA6C6,01 - Non intersection,03 - P.D. only,06 - SMV unattended vehicle,01 - Clear,03 - Dawn,06 - Ice,10 - No control,,1,0,0,0,,0,,,,,381449.4448,5035712.464,45.45713629,-75.51994675,6573
20--7211,2020/09/19,4:45 PM,WELLINGTON ST @ HAMILTON AVE (0006106),6106,03 - At intersection,03 - P.D. only,02 - Angle,01 - Clear,01 - Daylight,01 - Dry,02 - Stop sign,01 - Functioning,2,0,1,0,,0,,,,,365077.6825,5029231.563,45.40042709,-75.73005061,6574
20--7212,2020/09/19,4:45 PM,HIGHWAY 417 btwn HWY417 IC124 RAMP57 & HWY417 IC124 RAMP55 (__3ZA2Y1),__3ZA2Y1,01 - Non intersection,03 - P.D. only,03 - Rear end,01 - Clear,01 - Daylight,01 - Dry,10 - No control,,2,0,0,0,,0,,,,,364433.8636,5027512.206,45.38501178,-75.73848142,6575
20--7213,2020/09/19,4:54 PM,LYON ST @ WELLINGTON ST (0002388),2388,02 - Intersection related,02 - Non-fatal injury,03 - Rear end,01 - Clear,01 - Daylight,01 - Dry,01 - Traffic signal,01 - Functioning,2,0,0,0,02 - Minor,1,,1,,,366935.1133,5031426.436,45.42001354,-75.70605055,6576
20--7214,2020/09/19,7:25 PM,OTTAWA RIVER PKWY EB btwn TUNNEY'S PASTURE/REMIC RAPIDS ENT & ISLAND P (__3ZA24JB),__3ZA24JB,01 - Non intersection,03 - P.D. only,03 - Rear end,01 - Clear,05 - Dusk,01 - Dry,10 - No control,,2,0,0,0,,0,,,,,364369.6646,5030307.234,45.41016635,-75.73896363,6577
20--7215,2020/09/19,7:50 AM,BESSERER ST @ DALHOUSIE ST (0011452),11452,03 - At intersection,03 - P.D. only,04 - Sideswipe,01 - Clear,01 - Daylight,01 - Dry,01 - Traffic signal,01 - Functioning,2,0,0,0,,0,,,,,368252.7072,5032157.578,45.42647384,-75.68912212,6578
20--7216,2020/09/19,8:23 AM,ALPINE AVE @ CARLING AVE (0011382),11382,03 - At intersection,03 - P.D. only,02 - Angle,01 - Clear,01 - Daylight,01 - Dry,01 - Traffic signal,01 - Functioning,2,0,0,0,,0,,,,,360496.6775,5024942.52,45.36221403,-75.78904466,6579
20--7217,2020/09/19,9:06 AM,GLADSTONE AVE btwn KENT ST & BANK ST (__3ZA3PA),__3ZA3PA,04 - At/near private drive,02 - Non-fatal injury,05 - Turning movement,01 - Clear,01 - Daylight,01 - Dry,10 - No control,,2,0,0,0,02 - Minor,1,,1,,,367887.601,5030545.127,45.41199857,-75.69399389,6580
20--7218,2020/09/19,9:06 PM,DONALD ST @ VANIER PKWY (0007644),7644,02 - Intersection related,03 - P.D. only,03 - Rear end,"07 - Fog, mist, smoke, dust",07 - Dark,01 - Dry,01 - Traffic signal,01 - Functioning,3,0,0,0,,0,,,,,370311.7134,5032270.585,45.42730082,-75.66279731,6581
20--7219,2020/09/20,11:31 PM,BANK ST @ RIVERSIDE DR S (0002704),2704,03 - At intersection,03 - P.D. only,02 - Angle,01 - Clear,07 - Dark,01 - Dry,01 - Traffic signal,01 - Functioning,2,0,0,0,,0,,,,,369304.7192,5027894.548,45.38802037,-75.67623733,6582
20--722,2020/01/16,7:03 AM,PRINCE OF WALES DR btwn RIDEAU GLEN DR & FALLOWFIELD RD (__3ZA2X1),__3ZA2X1,01 - Non intersection,03 - P.D. only,01 - Approaching,03 - Snow,03 - Dawn,03 - Loose snow,10 - No control,,2,0,0,0,,0,,,,,367454.8631,5018206.384,45.3010161,-75.70108586,6583
20--7220,2020/09/20,Unknown,BANK ST btwn THIRD AVE & FOURTH AVE (__3ZA3OZ),__3ZA3OZ,01 - Non intersection,03 - P.D. only,06 - SMV unattended vehicle,01 - Clear,00 - Unknown,01 - Dry,10 - No control,,1,0,0,0,,0,,,,,368344.7372,5029532.339,45.40284447,-75.68828465,6584
20--7221,2020/09/20,Unknown,PATTERSON AVE btwn BANK ST & ALLAN PL (__3ZA95B),__3ZA95B,01 - Non intersection,03 - P.D. only,06 - SMV unattended vehicle,01 - Clear,00 - Unknown,01 - Dry,10 - No control,,1,0,0,0,,0,,,,,368273.4868,5030053.993,45.40754461,-75.68912755,6585
20--7222,2020/09/20,Unknown,EARL ARMSTRONG RD btwn BOWESVILLE RD & HIGH RD (__3ZA7ZZ),__3ZA7ZZ,01 - Non intersection,03 - P.D. only,07 - SMV other,01 - Clear,00 - Unknown,01 - Dry,10 - No control,,1,0,0,0,,0,,,,,372567.1755,5017466.584,45.29388503,-75.63600687,6586
20--7223,2020/09/20,Unknown,LEWIS ST btwn ELGIN ST & CARTIER ST (__3ZA9UJ),__3ZA9UJ,01 - Non intersection,03 - P.D. only,06 - SMV unattended vehicle,01 - Clear,00 - Unknown,01 - Dry,10 - No control,,1,0,0,0,,0,,,,,368356.8304,5031065.548,45.41663868,-75.68793251,6587
20--7224,2020/09/20,3:50 PM,CALAVERAS AVE @ LONGFIELDS DR (0010987),10987,02 - Intersection related,03 - P.D. only,03 - Rear end,01 - Clear,01 - Daylight,01 - Dry,02 - Stop sign,01 - Functioning,2,0,0,0,,0,,,,,364359.6896,5015493.669,45.27687638,-75.74087463,6588
20--7225,2020/09/20,4:10 PM,GLADSTONE AVE btwn CAMBRIDGE ST N & BRONSON AVE (__3ZBODM),__3ZBODM,01 - Non intersection,03 - P.D. only,04 - Sideswipe,01 - Clear,01 - Daylight,01 - Dry,10 - No control,,2,0,0,0,,0,,,,,367131.2111,5030079.516,45.40787691,-75.70371544,6589
20--7226,2020/09/20,4:19 PM,HIGHWAY 417 btwn HWY417 IC124 RAMP57 & HWY417 IC124 RAMP55 (__3ZA2Y1),__3ZA2Y1,01 - Non intersection,03 - P.D. only,03 - Rear end,01 - Clear,01 - Daylight,01 - Dry,10 - No control,,2,0,0,0,,0,,,,,364341.6352,5027394.532,45.38396082,-75.73967326,6590
20--7227,2020/09/20,5:33 PM,JOHN SUTHERLAND DR @ RICHMOND RD (0000578),578,03 - At intersection,03 - P.D. only,04 - Sideswipe,01 - Clear,01 - Daylight,01 - Dry,01 - Traffic signal,01 - Functioning,2,0,0,0,,0,,,,,358786.6526,5022150.487,45.33722503,-75.81117593,6591
20--7228,2020/09/20,6:24 PM,CUMBERLAND ST @ LAURIER AVE (0007751),7751,03 - At intersection,03 - P.D. only,05 - Turning movement,01 - Clear,05 - Dusk,01 - Dry,01 - Traffic signal,01 - Functioning,2,1,0,0,,0,,,,,368597.6989,5031948.585,45.42456202,-75.6847409,6592
20--7229,2020/09/21,10:08 AM,BANK ST btwn SCRIVENS DR & JOHN QUINN RD (__3ZA278),__3ZA278,01 - Non intersection,02 - Non-fatal injury,03 - Rear end,01 - Clear,01 - Daylight,01 - Dry,10 - No control,,2,0,0,0,03 - Major,1,,,1,,383259.0097,5010820.281,45.2329729,-75.50076116,6593
20--723,2020/01/16,7:10 PM,HWY 417 WOODROFF IC127R62 @ WOODROFFE AVE (0002349),2349,02 - Intersection related,03 - P.D. only,03 - Rear end,01 - Clear,07 - Dark,01 - Dry,03 - Yield sign,01 - Functioning,2,0,0,0,,0,,,,,362050.6874,5025019.519,45.36278167,-75.76920076,6594
20--7230,2020/09/21,10:15 AM,CAHILL DR @ HUNT CLUB RD (0011394),11394,02 - Intersection related,03 - P.D. only,03 - Rear end,01 - Clear,01 - Daylight,01 - Dry,01 - Traffic signal,02 - Not functioning,2,0,0,0,,0,,,,,372407.736,5024542.509,45.35756736,-75.63707325,6595
20--7231,2020/09/21,11:18 AM,KING EDWARD AVE @ MURRAY ST (0002713),2713,02 - Intersection related,03 - P.D. only,99 - Other,01 - Clear,01 - Daylight,01 - Dry,01 - Traffic signal,01 - Functioning,2,0,0,0,,0,,,,,368291.6986,5032753.577,45.43183289,-75.68854704,6596
20--7232,2020/09/21,11:22 AM,BASELINE RD @ ERINDALE DR (0003209),3209,03 - At intersection,03 - P.D. only,03 - Rear end,01 - Clear,01 - Daylight,01 - Dry,02 - Stop sign,01 - Functioning,2,0,0,0,,0,,,,,363857.6881,5024575.524,45.35863675,-75.74618961,6597
20--7233,2020/09/21,11:31 AM,ALBION RD @ MITCH OWENS RD (0004212),4212,03 - At intersection,01 - Fatal injury,05 - Turning movement,01 - Clear,01 - Daylight,01 - Dry,01 - Traffic signal,01 - Functioning,2,0,0,0,04 - Fatal,2,,1,,1,375906.7535,5014804.453,45.2696021,-75.59381579,6598
20--7234,2020/09/21,Unknown,HARDY AVE btwn PRESLAND RD & ISIDORE ST (__3ZA8HQ),__3ZA8HQ,01 - Non intersection,03 - P.D. only,06 - SMV unattended vehicle,01 - Clear,00 - Unknown,01 - Dry,10 - No control,,1,0,0,0,,0,,,,,371679.1413,5031956.101,45.42434182,-75.645367,6599
20--7235,2020/09/21,2:14 PM,HIGHWAY 417 btwn REGIONAL ROAD 174 & HWY417 IC113 RAMP85 (__3ZA289),__3ZA289,01 - Non intersection,02 - Non-fatal injury,07 - SMV other,01 - Clear,01 - Daylight,01 - Dry,10 - No control,,1,0,0,0,02 - Minor,1,,1,,,373672.4423,5031796.986,45.42271677,-75.61992029,6600
20--7236,2020/09/21,2:20 PM,HIGHWAY 417 btwn HWY417 IC120B RAMP36 & HWY417 IC119B RAMP76 (__3ZA2YU),__3ZA2YU,01 - Non intersection,03 - P.D. only,03 - Rear end,01 - Clear,01 - Daylight,01 - Dry,10 - No control,,2,0,0,0,,0,,,,,367888.0797,5030085.279,45.40786095,-75.69404663,6601
20--7237,2020/09/21,2:23 PM,MERIVALE RD @ WOODFIELD DR/ROYDON PL (0009776),9776,02 - Intersection related,03 - P.D. only,02 - Angle,01 - Clear,01 - Daylight,01 - Dry,01 - Traffic signal,01 - Functioning,2,0,0,0,,0,,,,,365462.7033,5022298.499,45.33801138,-75.7259844,6602
20--7238,2020/09/21,2:24 PM,OGILVIE RD @ MATHESON RD/PALMERSTON DR (0012348),12348,02 - Intersection related,03 - P.D. only,03 - Rear end,01 - Clear,01 - Daylight,01 - Dry,01 - Traffic signal,01 - Functioning,2,0,0,0,,0,,,,,373380.1861,5032536.256,45.42939706,-75.62355148,6603
20--7239,2020/09/21,3:46 PM,BAYVIEW DR @ BISHOP DAVIS DR (0010707),10707,02 - Intersection related,03 - P.D. only,02 - Angle,01 - Clear,01 - Daylight,01 - Dry,02 - Stop sign,01 - Functioning,2,0,0,0,,0,,,,,337833.6067,5039923.672,45.49845324,-76.07731795,6604
20--724,2020/01/16,7:17 PM,BASELINE RD @ MERIVALE RD (0002342),2342,02 - Intersection related,03 - P.D. only,03 - Rear end,05 - Drifting Snow,07 - Dark,01 - Dry,01 - Traffic signal,01 - Functioning,4,0,0,0,,0,,,,,365054.6992,5025325.504,45.3652831,-75.73082093,6605
20--7240,2020/09/21,3:50 PM,EAGLESON RD @ PERTH ST/RICHMOND RD (0009376),9376,02 - Intersection related,03 - P.D. only,04 - Sideswipe,01 - Clear,01 - Daylight,01 - Dry,01 - Traffic signal,01 - Functioning,2,0,0,0,,0,,,,,358015.6295,5007410.349,45.20464973,-75.82259252,6606
20--7241,2020/09/21,4:05 PM,MAPLE GROVE RD @ TERRY FOX DR (0003177),3177,02 - Intersection related,03 - P.D. only,02 - Angle,01 - Clear,01 - Daylight,01 - Dry,01 - Traffic signal,01 - Functioning,2,0,0,0,,0,,,,,351553.6046,5017864.475,45.29917776,-75.90386265,6607
20--7242,2020/09/21,4:10 PM,OGILVIE RD @ ELMRIDGE DR/JASMINE CRES N (0008801),8801,03 - At intersection,03 - P.D. only,02 - Angle,01 - Clear,01 - Daylight,01 - Dry,01 - Traffic signal,01 - Functioning,2,0,0,0,,0,,,,,375420.7351,5034060.577,45.44290895,-75.59725799,6608
20--7243,2020/09/21,4:13 PM,CYRVILLE RD btwn STAR TOP RD & MEADOWBROOK RD (__3ZA3SN),__3ZA3SN,01 - Non intersection,02 - Non-fatal injury,03 - Rear end,01 - Clear,01 - Daylight,01 - Dry,10 - No control,,2,0,0,0,01 - Minimal,1,1,,,,374242.022,5031332.206,45.41847861,-75.61270836,6609
20--7244,2020/09/21,4:23 PM,EDENWYLDE DR btwn COSANTI DR & HICKSTEAD WAY/ORVIETO WAY (e___2IX5),e___2IX5,01 - Non intersection,03 - P.D. only,05 - Turning movement,01 - Clear,01 - Daylight,01 - Dry,10 - No control,,2,0,0,0,,0,,,,,352163.718,5012611.758,45.25187143,-75.89658491,6610
20--7245,2020/09/21,4:30 PM,WOODROFFE AVE btwn WOODROFFE AVE & NAVAHO DR (__3ZA2TY),__3ZA2TY,01 - Non intersection,03 - P.D. only,04 - Sideswipe,01 - Clear,01 - Daylight,01 - Dry,10 - No control,,2,0,0,0,,0,,,,,362604.761,5023627.367,45.35020973,-75.76229144,6611
20--7246,2020/09/21,5:05 PM,BURRIS LANE @ MERIVALE RD (0002014),2014,03 - At intersection,02 - Non-fatal injury,07 - SMV other,01 - Clear,01 - Daylight,01 - Dry,01 - Traffic signal,01 - Functioning,1,0,0,1,02 - Minor,1,,1,,,364880.7122,5025067.524,45.36297677,-75.73307312,6612