Anom_ID,Accident_Date,Accident_Time,Location,Geo_ID,Accident_Location,Classification_of_Accident,Initial_Impact_Type,Environment_Condition,Light,Road_Surface_Condition,Traffic_Control,Traffic_Control_Condition,No__of_Vehicles,No__of_Bicycles,No__of_Motorcycles,No__of_Pedestrians,Max_Injury,No__of_Injuries,No__of_Minimal,No__of_Minor,No__of_Major,No__of_Fatal,X,Y,Latitude,Longitude,ObjectId
20--7040,2020/09/13,3:05 PM,HIGHWAY 417 btwn HWY417 IC122 RAMP15 & HWY417 IC121B RAMP51 (__3ZA2RB),__3ZA2RB,01 - Non intersection,03 - P.D. only,03 - Rear end,01 - Clear,01 - Daylight,01 - Dry,10 - No control,,3,0,0,0,,0,,,,,365878.3032,5029221.276,45.40026514,-75.71982621,6776
20--7041,2020/09/13,3:30 PM,HAZELDEAN RD @ EDGEWATER ST (0003176),3176,02 - Intersection related,03 - P.D. only,03 - Rear end,02 - Rain,01 - Daylight,02 - Wet,01 - Traffic signal,01 - Functioning,2,0,0,0,,0,,,,,352323.6082,5017351.447,45.29450974,-75.89409435,6777
20--7042,2020/09/13,3:45 AM,INNES RD btwn HWY417 IC112 RAMP66 & CYRVILLE RD (__3ZA3RCB),__3ZA3RCB,01 - Non intersection,03 - P.D. only,04 - Sideswipe,01 - Clear,07 - Dark,01 - Dry,10 - No control,,2,0,0,0,,0,,,,,375006.8074,5031090.638,45.41622879,-75.60297197,6778
20--7043,2020/09/13,4:00 PM,BLAIR RD @ REGIONAL RD 174 S/OR174 IC112 RAMP15 (0012435),12435,02 - Intersection related,03 - P.D. only,04 - Sideswipe,01 - Clear,01 - Daylight,01 - Dry,01 - Traffic signal,01 - Functioning,2,0,0,0,,0,,,,,374907.8939,5032661.529,45.43037273,-75.60401206,6779
20--7044,2020/09/13,4:43 AM,CREEK CROSSING ST btwn ORLEANS BLVD & ROLLING BROOK DR (__3ZA45X),__3ZA45X,01 - Non intersection,03 - P.D. only,07 - SMV other,01 - Clear,07 - Dark,01 - Dry,10 - No control,,1,0,0,0,,0,,,,,381112.757,5033566.237,45.43786309,-75.52458397,6780
20--7045,2020/09/13,6:10 PM,BAYSHORE DR btwn WOODRIDGE CRES S & BAYSHORE CS (__3ZAA4OB),__3ZAA4OB,04 - At/near private drive,03 - P.D. only,02 - Angle,01 - Clear,01 - Daylight,01 - Dry,10 - No control,,2,0,0,0,,0,,,,,359215.6026,5023537.735,45.34967438,-75.80555069,6781
20--7046,2020/09/13,6:30 AM,BELFAST RD @ ST. LAURENT BLVD (0007658),7658,03 - At intersection,03 - P.D. only,07 - SMV other,01 - Clear,03 - Dawn,02 - Wet,01 - Traffic signal,01 - Functioning,1,0,0,0,,0,,,,,372860.7252,5030578.562,45.41183341,-75.63045982,6782
20--7047,2020/09/13,6:30 PM,AHEARN AVE @ CROFT ST (0003008),3008,02 - Intersection related,03 - P.D. only,02 - Angle,01 - Clear,05 - Dusk,01 - Dry,03 - Yield sign,01 - Functioning,2,0,0,0,,0,,,,,359525.9899,5024720.01,45.36028834,-75.80145897,6783
20--7048,2020/09/13,7:13 AM,REGIONAL ROAD 174 btwn QUIGLEY HILL RD & REGIONAL ROAD 174 DIVIDED (__3ZA2Y5),__3ZA2Y5,01 - Non intersection,03 - P.D. only,07 - SMV other,01 - Clear,01 - Daylight,01 - Dry,10 - No control,,1,0,0,0,,0,,,,,385649.3084,5041628.278,45.5098875,-75.46528115,6784
20--7049,2020/09/13,7:20 PM,KING EDWARD AVE @ STEWART ST (0007754),7754,02 - Intersection related,03 - P.D. only,03 - Rear end,01 - Clear,05 - Dusk,01 - Dry,01 - Traffic signal,01 - Functioning,2,0,0,0,,0,,,,,368634.7224,5032205.59,45.42687108,-75.68423452,6785
20--705,2020/01/16,5:00 PM,BASELINE RD @ GREENBANK RD (0002357),2357,02 - Intersection related,03 - P.D. only,03 - Rear end,01 - Clear,05 - Dusk,01 - Dry,01 - Traffic signal,01 - Functioning,2,0,0,0,,0,,,,,360597.704,5022584.494,45.34098854,-75.78802127,6786
20--7050,2020/09/13,7:35 PM,CAMPEAU DR @ KANATA AVE (0012003),12003,03 - At intersection,02 - Non-fatal injury,05 - Turning movement,01 - Clear,05 - Dusk,01 - Dry,01 - Traffic signal,01 - Functioning,2,0,0,0,02 - Minor,2,1,1,,,350594.8679,5019401.938,45.31307543,-75.91594444,6787
20--7051,2020/09/13,7:50 AM,HIGHWAY 417 btwn HWY417 IC122 RAMP15 & HWY417 IC121B RAMP51 (__3ZA2RB),__3ZA2RB,01 - Non intersection,03 - P.D. only,07 - SMV other,02 - Rain,01 - Daylight,02 - Wet,10 - No control,,1,0,0,0,,0,,,,,366555.0178,5029507.015,45.40277678,-75.71114734,6788
20--7052,2020/09/13,8:05 PM,SMYTH RD E/LANCASTER RD @ ST. LAURENT BLVD N/R (0002256),2256,03 - At intersection,03 - P.D. only,02 - Angle,01 - Clear,07 - Dark,02 - Wet,01 - Traffic signal,01 - Functioning,2,0,0,0,,0,,,,,373364.7371,5029424.545,45.40140091,-75.62418182,6789
20--7053,2020/09/13,8:10 PM,BLAIR RD @ OGILVIE RD (0004120),4120,02 - Intersection related,03 - P.D. only,03 - Rear end,01 - Clear,05 - Dusk,01 - Dry,01 - Traffic signal,01 - Functioning,2,0,0,0,,0,,,,,374507.7186,5033198.583,45.43524485,-75.60904969,6790
20--7054,2020/09/13,8:40 AM,CRESTHAVEN DR btwn GROVEMONT DR & HARBOUR VIEW ST (__44Z9X1),__44Z9X1,01 - Non intersection,03 - P.D. only,07 - SMV other,02 - Rain,01 - Daylight,02 - Wet,10 - No control,,1,0,0,0,,0,,,,,366563.0023,5014877.022,45.27113773,-75.71287136,6791
20--7055,2020/09/13,9:00 PM,OTTAWA RIVER PKWY EB btwn TRANSIT & TRANSIT (1) (__3ZA23N),__3ZA23N,01 - Non intersection,03 - P.D. only,07 - SMV other,01 - Clear,07 - Dark,01 - Dry,10 - No control,,1,0,0,0,,0,,,,,362644.817,5028258.698,45.39187864,-75.76123794,6792
20--7056,2020/09/13,9:14 PM,ROUNCEY RD btwn ABBOTT ST & ENTEGRA ST (e___2HYW),e___2HYW,01 - Non intersection,03 - P.D. only,06 - SMV unattended vehicle,01 - Clear,07 - Dark,01 - Dry,10 - No control,,1,0,0,0,,0,,,,,352846.788,5015917.376,45.28157003,-75.88756329,6793
20--7057,2020/09/14,1:02 AM,BRONSON AVE btwn PLYMOUTH ST & RENFREW AVE (__3ZA3B1),__3ZA3B1,04 - At/near private drive,03 - P.D. only,03 - Rear end,01 - Clear,07 - Dark,01 - Dry,10 - No control,,2,0,0,0,,0,,,,,367354.3654,5029557.238,45.4031577,-75.70093117,6794
20--7058,2020/09/14,1:33 PM,BOOTH ST btwn FLEET ST & END (__3ZBODJ),__3ZBODJ,07 - Overpass or bridge,03 - P.D. only,04 - Sideswipe,01 - Clear,01 - Daylight,01 - Dry,10 - No control,,2,0,0,0,,0,,,,,366353.7975,5030788.067,45.41432106,-75.71355752,6795
20--7059,2020/09/14,1:45 PM,HIGHWAY 417 btwn HWY417 IC163 RAMP15 & HWY417 IC155 RAMP51 (__3ZAZNS),__3ZAZNS,01 - Non intersection,03 - P.D. only,07 - SMV other,01 - Clear,01 - Daylight,01 - Dry,10 - No control,,1,0,0,0,,0,,,,,336051.7724,5020212.428,45.32116648,-76.10136652,6796
20--706,2020/01/16,5:05 PM,SHEFFIELD RD @ WALKLEY RD (0005156),5156,02 - Intersection related,03 - P.D. only,03 - Rear end,03 - Snow,05 - Dusk,04 - Slush,01 - Traffic signal,01 - Functioning,2,0,0,0,,0,,,,,375257.7389,5028784.546,45.39545457,-75.60009576,6797
20--7060,2020/09/14,10:04 AM,HUBBLE HGTS btwn ATRIUM RDG & HERMES AVE (e___2KAT),e___2KAT,01 - Non intersection,03 - P.D. only,06 - SMV unattended vehicle,01 - Clear,01 - Daylight,08 - Loose sand or gravel,10 - No control,,1,0,0,0,,0,,,,,367874.077,5013629.23,45.25979383,-75.69632266,6798
20--7061,2020/09/14,10:17 AM,BRIDGE ST/MAPLE AVE @ MANOTICK MAIN ST (0008225),8225,02 - Intersection related,03 - P.D. only,04 - Sideswipe,01 - Clear,01 - Daylight,01 - Dry,01 - Traffic signal,01 - Functioning,2,0,0,0,,0,,,,,368699.6983,5009932.382,45.22645534,-75.68627885,6799
20--7062,2020/09/14,10:28 AM,BLOHM DR btwn TED GRANT PRIV & WOODBURY CRES (__3ZA5M1),__3ZA5M1,01 - Non intersection,03 - P.D. only,05 - Turning movement,01 - Clear,01 - Daylight,01 - Dry,10 - No control,,2,0,0,0,,0,,,,,374009.5191,5025788.089,45.36861829,-75.61645649,6800
20--7063,2020/09/14,11:21 AM,MERIVALE RD @ COLDREY AVE/CRERAR AVE (0006176),6176,02 - Intersection related,03 - P.D. only,99 - Other,01 - Clear,01 - Daylight,01 - Dry,01 - Traffic signal,01 - Functioning,2,0,0,0,,0,,,,,364894.7037,5027392.546,45.38389572,-75.73261164,6801
20--7064,2020/09/14,11:25 AM,CONROY RD @ HUNT CLUB RD (0002257),2257,02 - Intersection related,02 - Non-fatal injury,03 - Rear end,01 - Clear,01 - Daylight,01 - Dry,01 - Traffic signal,01 - Functioning,2,0,0,0,01 - Minimal,2,2,,,,373763.6564,5025404.56,45.36519169,-75.61964839,6802
20--7065,2020/09/14,11:58 AM,BANK ST @ HUNT CLUB RD (0002119),2119,02 - Intersection related,03 - P.D. only,04 - Sideswipe,01 - Clear,01 - Daylight,01 - Dry,01 - Traffic signal,01 - Functioning,2,0,0,0,,0,,,,,371608.7376,5024096.511,45.35363101,-75.64733057,6803
20--7066,2020/09/14,12:30 PM,WALKLEY RD @ SPRINGLAND DR/OTTERSON DR (0006968),6968,03 - At intersection,02 - Non-fatal injury,05 - Turning movement,01 - Clear,01 - Daylight,01 - Dry,01 - Traffic signal,01 - Functioning,2,1,0,0,02 - Minor,1,,1,,,368721.7189,5024982.508,45.3618721,-75.68405873,6804
20--7067,2020/09/14,2:00 PM,REGIONAL ROAD 174 btwn OR174 IC105 RAMP25 & OR174 IC102 RAMP51 (__3ZA27G),__3ZA27G,01 - Non intersection,03 - P.D. only,07 - SMV other,01 - Clear,01 - Daylight,01 - Dry,10 - No control,,1,0,0,0,,0,,,,,380292.6396,5037501.538,45.47335891,-75.53446096,6805
20--7068,2020/09/14,2:21 PM,EAGLE LANE @ MEADOWLANDS DR (0001748),1748,03 - At intersection,03 - P.D. only,02 - Angle,01 - Clear,01 - Daylight,01 - Dry,02 - Stop sign,01 - Functioning,2,0,0,0,,0,,,,,365279.5755,5024421.311,45.35712795,-75.72806119,6806
20--7069,2020/09/14,4:00 PM,WARRIOR ST btwn BACKBEND TERR & TRIANGLE ST (__0FLB2G),__0FLB2G,04 - At/near private drive,03 - P.D. only,06 - SMV unattended vehicle,01 - Clear,01 - Daylight,01 - Dry,10 - No control,,1,0,0,0,,0,,,,,352247.037,5015856.92,45.28106676,-75.89521347,6807
20--707,2020/01/16,5:08 PM,MARCH RD btwn HERZBERG RD & CORKSTOWN RD (__3ZA2XV),__3ZA2XV,01 - Non intersection,02 - Non-fatal injury,03 - Rear end,01 - Clear,05 - Dusk,02 - Wet,10 - No control,,2,0,0,0,01 - Minimal,2,2,,,,352634.0184,5020937.634,45.326758,-75.88979079,6808
20--7070,2020/09/14,4:20 PM,CARLING AVE @ MERIVALE RD (0002148),2148,02 - Intersection related,03 - P.D. only,03 - Rear end,01 - Clear,01 - Daylight,01 - Dry,01 - Traffic signal,01 - Functioning,2,0,0,0,,0,,,,,364894.6955,5027700.541,45.386667,-75.73257424,6809
20--7071,2020/09/14,5:27 PM,BRONSON AVE @ FIRST AVE (0007719),7719,03 - At intersection,02 - Non-fatal injury,02 - Angle,01 - Clear,01 - Daylight,01 - Dry,02 - Stop sign,01 - Functioning,2,0,0,0,02 - Minor,1,,1,,,367489.7066,5029236.565,45.40026027,-75.69924326,6810
20--7072,2020/09/14,6:00 PM,CARLING AVE EB btwn ALPINE AVE & FOREST ST (__3ZA4V3),__3ZA4V3,01 - Non intersection,03 - P.D. only,04 - Sideswipe,01 - Clear,01 - Daylight,01 - Dry,10 - No control,,2,0,0,0,,0,,,,,360518.9184,5024936.473,45.36215785,-75.78876146,6811
20--7073,2020/09/14,6:50 PM,SOLARIS DR btwn SOLARIS DR & SOLARIS DR (e___2HSS),e___2HSS,01 - Non intersection,02 - Non-fatal injury,07 - SMV other,01 - Clear,05 - Dusk,01 - Dry,10 - No control,,1,0,0,1,01 - Minimal,1,1,,,,356697.638,5015819.515,45.28041572,-75.83849116,6812
20--6724,2020/08/30,3:08 PM,JEANNE D'ARC BLVD @ ORLEANS BLVD N (0003792),3792,02 - Intersection related,03 - P.D. only,03 - Rear end,01 - Clear,01 - Daylight,01 - Dry,01 - Traffic signal,01 - Functioning,2,0,0,0,,0,,,,,380028.7271,5038105.592,45.47882219,-75.53774337,6813
20--6725,2020/08/30,3:31 PM,HIGHWAY 417 btwn HWY417 IC124 RAMP65 & HWY417 IC122 RAMP51 (__3ZA2R8),__3ZA2R8,01 - Non intersection,03 - P.D. only,03 - Rear end,01 - Clear,01 - Daylight,01 - Dry,10 - No control,,2,0,0,0,,0,,,,,364981.2189,5028412.021,45.39306132,-75.73138265,6814
20--6726,2020/08/30,3:32 PM,HIGHWAY 417 btwn HWY417 IC121A RAMP61 & HWY417 IC120B RAMP36 (__3ZA2YV),__3ZA2YV,01 - Non intersection,03 - P.D. only,03 - Rear end,01 - Clear,01 - Daylight,01 - Dry,10 - No control,,2,0,0,0,,0,,,,,367670.7651,5029955.241,45.40671047,-75.69683914,6815
20--6727,2020/08/30,3:35 PM,CARLING AVE/STATION RD @ MARCH RD (0002681),2681,02 - Intersection related,03 - P.D. only,03 - Rear end,01 - Clear,01 - Daylight,01 - Dry,01 - Traffic signal,01 - Functioning,2,0,0,0,,0,,,,,350907.6274,5022246.499,45.33865099,-75.91169091,6816
20--6728,2020/08/30,3:55 PM,FISHER AVE @ DEER PARK RD/DYNES RD (0002341),2341,02 - Intersection related,02 - Non-fatal injury,03 - Rear end,01 - Clear,01 - Daylight,01 - Dry,01 - Traffic signal,01 - Functioning,2,0,0,0,01 - Minimal,4,4,,,,366407.6974,5025455.503,45.36633519,-75.71353469,6817
20--6729,2020/08/30,4:10 PM,HIGHWAY 417 btwn HWY417 IC124 RAMP67 & HWY417 IC123 RAMP62 (__3ZA2YZ),__3ZA2YZ,01 - Non intersection,03 - P.D. only,03 - Rear end,01 - Clear,01 - Daylight,01 - Dry,10 - No control,,3,0,0,0,,0,,,,,364775.8571,5028067.3,45.38997721,-75.73404714,6818
20--673,2020/01/16,10:00 AM,ST. LAURENT BLVD btwn PLEASANT PARK RD & CONNERY AVE (__3ZA76H),__3ZA76H,04 - At/near private drive,03 - P.D. only,02 - Angle,01 - Clear,01 - Daylight,04 - Slush,10 - No control,,2,0,0,0,,0,,,,,373610.5831,5028763.651,45.39543037,-75.62113405,6819
20--6730,2020/08/30,4:28 PM,HIGHWAY 417 btwn HWY417 IC124 RAMP65 & HWY417 IC122 RAMP51 (__3ZA2R8),__3ZA2R8,01 - Non intersection,03 - P.D. only,03 - Rear end,01 - Clear,01 - Daylight,01 - Dry,10 - No control,,2,0,0,0,,0,,,,,365149.7236,5028699.585,45.39563426,-75.72919558,6820
20--6731,2020/08/30,4:45 PM,GREENBANK RD @ STRANDHERD DR (0005563),5563,03 - At intersection,03 - P.D. only,05 - Turning movement,01 - Clear,01 - Daylight,01 - Dry,01 - Traffic signal,01 - Functioning,2,0,0,0,,0,,,,,363933.6828,5014784.42,45.27053051,-75.74638835,6821
20--6732,2020/08/30,5:00 PM,BRUYERE ST @ KING EDWARD AVE (0011437),11437,02 - Intersection related,03 - P.D. only,04 - Sideswipe,01 - Clear,01 - Daylight,01 - Dry,02 - Stop sign,00 - Unknown,2,0,0,0,,0,,,,,368140.7019,5033039.594,45.43442006,-75.69043986,6822
20--6733,2020/08/30,5:20 PM,HIGHWAY 417 btwn HWY417 IC122 RAMP15 & HWY417 IC121B RAMP51 (__3ZA2RB),__3ZA2RB,01 - Non intersection,03 - P.D. only,03 - Rear end,01 - Clear,01 - Daylight,01 - Dry,10 - No control,,2,0,0,0,,0,,,,,365882.3929,5029223.369,45.40028362,-75.71977371,6823
20--6734,2020/08/30,5:41 PM,HIGHWAY 417 btwn HWY417 IC126 RAMP25 & HWY417 IC124 RAMP57 (__3ZA2R5),__3ZA2R5,01 - Non intersection,03 - P.D. only,03 - Rear end,01 - Clear,01 - Daylight,01 - Dry,10 - No control,,2,0,0,0,,0,,,,,363673.17,5026508.85,45.37604809,-75.74831421,6824
20--6735,2020/08/30,6:58 AM,HUNTERSFIELD DR btwn NEWPORT CRES & NEWPORT CRES (__3ZA458),__3ZA458,01 - Non intersection,03 - P.D. only,06 - SMV unattended vehicle,01 - Clear,01 - Daylight,01 - Dry,10 - No control,,1,0,0,0,,0,,,,,373146.3518,5025164.132,45.36308888,-75.62756089,6825
20--6736,2020/08/30,7:35 AM,MONTEROSSA ST btwn EVELYN POWERS PRIV & HARTSMERE DR (__4BBC22),__4BBC22,01 - Non intersection,03 - P.D. only,06 - SMV unattended vehicle,01 - Clear,01 - Daylight,01 - Dry,10 - No control,,1,0,0,0,,0,,,,,351047.9897,5011820.444,45.24482511,-75.91087217,6826
20--6737,2020/08/30,8:53 PM,MARCH RD btwn CORKERY RD & GREY FOX DR (__3ZA2LC),__3ZA2LC,01 - Non intersection,03 - P.D. only,07 - SMV other,01 - Clear,07 - Dark,01 - Dry,10 - No control,,1,0,0,0,,0,,,,,336155.1211,5016309.187,45.28603845,-76.10029518,6827
20--6738,2020/08/31,1:01 PM,BRONSON AVE btwn FLORENCE ST & GLADSTONE AVE (__3ZA1WP),__3ZA1WP,01 - Non intersection,03 - P.D. only,04 - Sideswipe,01 - Clear,01 - Daylight,01 - Dry,10 - No control,,2,0,0,0,,0,,,,,367125.4358,5030101.414,45.40807446,-75.70378645,6828
20--6739,2020/08/31,1:59 PM,ARLINGTON AVE @ BOOTH ST (0006499),6499,03 - At intersection,03 - P.D. only,02 - Angle,01 - Clear,01 - Daylight,01 - Dry,02 - Stop sign,01 - Functioning,2,0,0,0,,0,,,,,366832.6703,5029703.555,45.40452064,-75.70757625,6829
20--674,2020/01/16,10:14 AM,HAWTHORNE RD btwn HAWTHORNE RD & WHYTE SIDE RD (__3ZA2PE),__3ZA2PE,01 - Non intersection,03 - P.D. only,07 - SMV other,03 - Snow,01 - Daylight,02 - Wet,10 - No control,,1,0,0,0,,0,,,,,376190.7912,5024733.125,45.35890745,-75.5887658,6830
20--6740,2020/08/31,10:02 PM,ORLEANS BLVD btwn JEANNE D'ARC BLVD S & BEAUSEJOUR DR (__3ZA2BJ),__3ZA2BJ,01 - Non intersection,03 - P.D. only,04 - Sideswipe,01 - Clear,07 - Dark,01 - Dry,10 - No control,,2,0,0,0,,0,,,,,380943.4151,5036241.27,45.46194939,-75.5263341,6831
20--6741,2020/08/31,10:05 AM,BANK ST btwn WALKLEY RD & SURREY AVE (__3ZA4TW),__3ZA4TW,01 - Non intersection,03 - P.D. only,04 - Sideswipe,01 - Clear,01 - Daylight,01 - Dry,10 - No control,,2,0,0,0,,0,,,,,370367.6229,5025857.693,45.36959473,-75.66293535,6832
20--6742,2020/08/31,10:50 AM,HUNT CLUB RD @ PAUL ANKA DR (0008224),8224,03 - At intersection,02 - Non-fatal injury,02 - Angle,01 - Clear,01 - Daylight,01 - Dry,01 - Traffic signal,01 - Functioning,2,0,0,0,02 - Minor,2,,2,,,369777.6482,5022897.434,45.3430141,-75.67085553,6833
20--6743,2020/08/31,11:57 AM,HOLLY LANE @ WALKLEY RD (0006400),6400,03 - At intersection,03 - P.D. only,02 - Angle,01 - Clear,01 - Daylight,01 - Dry,02 - Stop sign,01 - Functioning,2,0,0,0,,0,,,,,372176.7313,5027032.535,45.37999393,-75.6396818,6834
20--6744,2020/08/31,12:20 PM,HWY 417 TERRYFO IC140R52 @ TERRY FOX DR (0003180),3180,02 - Intersection related,03 - P.D. only,03 - Rear end,01 - Clear,01 - Daylight,01 - Dry,01 - Traffic signal,01 - Functioning,2,0,0,0,,0,,,,,351052.6078,5018433.448,45.3043307,-75.91019725,6835
20--6745,2020/08/31,2:55 AM,HWY417 IC118 RAMP52 btwn HWY417 IC118 RAMP57 & HWY417 IC118 RAMP62 (__6KCF0O),__6KCF0O,01 - Non intersection,03 - P.D. only,07 - SMV other,01 - Clear,07 - Dark,01 - Dry,10 - No control,,1,0,0,0,,0,,,,,369313.9794,5030891.91,45.41498875,-75.67572699,6836
20--6746,2020/08/31,3:44 PM,RICHMOND RD btwn BERKLEY AVE & ROOSEVELT AVE (__3ZA307),__3ZA307,01 - Non intersection,03 - P.D. only,03 - Rear end,01 - Clear,01 - Daylight,01 - Dry,10 - No control,,3,0,0,0,,0,,,,,362956.4993,5028101.059,45.39043441,-75.75727622,6837
20--6747,2020/08/31,3:55 PM,CAMPEAU DR @ HUNTMAR DR (0011612),11612,03 - At intersection,03 - P.D. only,04 - Sideswipe,01 - Clear,01 - Daylight,01 - Dry,11 - Roundabout,01 - Functioning,2,0,0,0,,0,,,,,349053.6082,5018056.464,45.30106727,-75.93572042,6838
20--6748,2020/08/31,4:46 PM,MARCH RD @ DIAMONDVIEW RD (0010764),10764,02 - Intersection related,03 - P.D. only,03 - Rear end,01 - Clear,01 - Daylight,01 - Dry,02 - Stop sign,00 - Unknown,3,0,0,0,,0,,,,,340133.5233,5019865.49,45.317851,-76.04932782,6839
20--6749,2020/08/31,5:00 PM,REVELSTOKE DR @ RIVERSIDE DR (0006918),6918,02 - Intersection related,03 - P.D. only,03 - Rear end,01 - Clear,01 - Daylight,01 - Dry,01 - Traffic signal,01 - Functioning,2,0,0,0,,0,,,,,368217.7121,5024423.51,45.35688815,-75.6905633,6840
20--675,2020/01/16,10:30 PM,TERRY FOX DR @ PALLADIUM DR/KATIMAVIK RD (0011858),11858,02 - Intersection related,03 - P.D. only,03 - Rear end,01 - Clear,07 - Dark,01 - Dry,01 - Traffic signal,01 - Functioning,2,0,0,0,,0,,,,,351269.7048,5018181.779,45.30205179,-75.90745262,6841
20--6750,2020/08/31,6:00 PM,ISLAND PARK DR btwn RICHMOND RD & BASSETT LANE (__3ZA235),__3ZA235,01 - Non intersection,03 - P.D. only,03 - Rear end,01 - Clear,01 - Daylight,01 - Dry,10 - No control,,3,0,0,0,,0,,,,,364211.0682,5028702.787,45.39574335,-75.74118291,6842
20--6751,2020/08/31,6:23 AM,CARLING AVE btwn MOODIE DR & TURN LANE (__3ZA4ZE),__3ZA4ZE,01 - Non intersection,03 - P.D. only,07 - SMV other,01 - Clear,01 - Daylight,01 - Dry,10 - No control,,1,0,0,0,,0,,,,,356095.4495,5023896.247,45.35313546,-75.84533005,6843
20--6752,2020/08/31,6:28 PM,CHARTWELL AVE W @ CRAIG HENRY DR (0010448),10448,03 - At intersection,02 - Non-fatal injury,02 - Angle,01 - Clear,01 - Daylight,01 - Dry,02 - Stop sign,01 - Functioning,2,1,0,0,01 - Minimal,1,1,,,,361963.7842,5021704.494,45.33296035,-75.77069314,6844
20--6753,2020/08/31,6:30 PM,MERIVALE RD btwn EMERALD PLAZA SC & MEADOWLANDS DR (__3ZA4HZB),__3ZA4HZB,01 - Non intersection,02 - Non-fatal injury,03 - Rear end,01 - Clear,01 - Daylight,01 - Dry,10 - No control,,2,0,0,0,02 - Minor,1,,1,,,364835.3798,5023779.256,45.35138901,-75.73380819,6845
20--6754,2020/08/31,6:49 PM,WELLINGTON ST @ LETT ST (0012269),12269,03 - At intersection,03 - P.D. only,02 - Angle,01 - Clear,01 - Daylight,01 - Dry,01 - Traffic signal,01 - Functioning,2,0,0,0,,0,,,,,366355.1472,5031111.188,45.4172283,-75.71349992,6846
20--6755,2020/08/31,8:06 AM,BASELINE RD @ CLYDE AVE (0002343),2343,02 - Intersection related,03 - P.D. only,03 - Rear end,01 - Clear,01 - Daylight,01 - Dry,01 - Traffic signal,01 - Functioning,2,0,0,0,,0,,,,,364358.71,5024890.501,45.36142849,-75.73975719,6847
20--6756,2020/08/31,8:52 AM,OLD MILL WAY E @ RIVER RD (0009328),9328,02 - Intersection related,02 - Non-fatal injury,03 - Rear end,01 - Clear,01 - Daylight,01 - Dry,02 - Stop sign,00 - Unknown,2,0,0,0,02 - Minor,1,,1,,,369352.7147,5010844.405,45.23460211,-75.67784565,6848
20--6757,2020/08/31,8:59 AM,WOODROFFE AVE btwn FALLOWFIELD RD & EARL MULLIGAN DR (__3ZA3IL),__3ZA3IL,04 - At/near private drive,03 - P.D. only,05 - Turning movement,01 - Clear,01 - Daylight,01 - Dry,10 - No control,,2,0,0,0,,0,,,,,365120.4176,5017821.561,45.29775781,-75.73089652,6849
20--6758,2020/08/31,9:20 AM,HARCOURT AVE btwn BYRON AVE & MIDWAY AVE (__3ZAACY),__3ZAACY,01 - Non intersection,03 - P.D. only,06 - SMV unattended vehicle,01 - Clear,01 - Daylight,01 - Dry,10 - No control,,1,0,0,0,,0,,,,,361495.5176,5026106.739,45.37260951,-75.77616211,6850
20--6759,2020/09/01,1:09 PM,SHEFFIELD RD @ SHEFFIELD RD EXTENSION (0013792),13792,03 - At intersection,02 - Non-fatal injury,05 - Turning movement,01 - Clear,01 - Daylight,01 - Dry,02 - Stop sign,00 - Unknown,2,0,0,0,02 - Minor,1,,1,,,375130.1951,5029016.143,45.39755119,-75.60169156,6851
20--676,2020/01/16,10:42 PM,BARNSDALE RD btwn TWIN ELM RD & MOODIE DR (__3ZAB90),__3ZAB90,01 - Non intersection,02 - Non-fatal injury,07 - SMV other,05 - Drifting Snow,07 - Dark,06 - Ice,10 - No control,,1,0,0,0,02 - Minor,1,,1,,,360357.0585,5007934.153,45.20918236,-75.79273116,6852
20--6760,2020/09/01,10:00 AM,FLEWELLYN RD btwn NO NAME & BLACK'S SIDE RD (__3ZACRE),__3ZACRE,04 - At/near private drive,02 - Non-fatal injury,02 - Angle,01 - Clear,01 - Daylight,01 - Dry,10 - No control,,2,0,0,0,02 - Minor,1,,1,,,349773.5852,5009301.252,45.22223898,-75.927333,6853
20--6761,2020/09/01,10:00 PM,GOTH AVE btwn ALBION RD & GOTHWOOD PL (__3ZA8O8),__3ZA8O8,01 - Non intersection,03 - P.D. only,06 - SMV unattended vehicle,01 - Clear,07 - Dark,01 - Dry,10 - No control,,1,0,0,0,,0,,,,,372476.6333,5023282.112,45.34622011,-75.63636647,6854
20--6762,2020/09/01,11:21 AM,BANK ST btwn RIVERSIDE DR & BILLINGS TRANSIT (__3ZA3NMA),__3ZA3NMA,04 - At/near private drive,03 - P.D. only,05 - Turning movement,01 - Clear,01 - Daylight,01 - Dry,10 - No control,,2,0,0,0,,0,,,,,369379.7361,5027813.679,45.38728582,-75.67529,6855
20--6763,2020/09/01,Unknown,GOULBOURN ST btwn BELL ST & CORDUKES ST (__3ZACNX),__3ZACNX,01 - Non intersection,03 - P.D. only,06 - SMV unattended vehicle,01 - Clear,00 - Unknown,01 - Dry,10 - No control,,1,0,0,0,,0,,,,,350443.7595,5012631.175,45.25215981,-75.91849429,6856
20--6764,2020/09/01,2:00 PM,HIGHWAY 417 btwn RAMP & HWY417 IC129 RAMP76 (__3ZA2X8),__3ZA2X8,01 - Non intersection,03 - P.D. only,04 - Sideswipe,01 - Clear,01 - Daylight,01 - Dry,10 - No control,,2,0,0,0,,0,,,,,359858.5179,5023171.115,45.34632536,-75.79738727,6857