Anom_ID,Accident_Date,Accident_Time,Location,Geo_ID,Accident_Location,Classification_of_Accident,Initial_Impact_Type,Environment_Condition,Light,Road_Surface_Condition,Traffic_Control,Traffic_Control_Condition,No__of_Vehicles,No__of_Bicycles,No__of_Motorcycles,No__of_Pedestrians,Max_Injury,No__of_Injuries,No__of_Minimal,No__of_Minor,No__of_Major,No__of_Fatal,X,Y,Latitude,Longitude,ObjectId
20--6765,2020/09/01,2:15 PM,HAZELDEAN RD @ TERRY FOX DR (0003682),3682,02 - Intersection related,03 - P.D. only,05 - Turning movement,01 - Clear,01 - Daylight,01 - Dry,01 - Traffic signal,01 - Functioning,2,0,0,0,,0,,,,,352207.5343,5017242.317,45.29353561,-75.89558459,6858
20--6766,2020/09/01,2:25 PM,PINECREST RD @ RICHMOND RD (0002353),2353,02 - Intersection related,03 - P.D. only,04 - Sideswipe,01 - Clear,01 - Daylight,01 - Dry,01 - Traffic signal,01 - Functioning,2,0,0,0,,0,,,,,360072.5914,5024471.688,45.35801106,-75.79451026,6859
20--6767,2020/09/01,2:45 PM,BEECHWOOD AVE @ LOYER ST (0014718),14718,03 - At intersection,03 - P.D. only,02 - Angle,01 - Clear,01 - Daylight,01 - Dry,02 - Stop sign,01 - Functioning,2,1,0,0,,0,,,,,369300.7049,5033688.596,45.44015349,-75.67553031,6860
20--6768,2020/09/01,4:01 PM,HIGHWAY 417 btwn HWY417 IC124 RAMP67 & HWY417 IC123 RAMP62 (__3ZA2YZ),__3ZA2YZ,01 - Non intersection,03 - P.D. only,03 - Rear end,01 - Clear,01 - Daylight,01 - Dry,10 - No control,,3,0,0,0,,0,,,,,364751.2708,5028020.905,45.38956186,-75.73436674,6861
20--6769,2020/09/01,4:33 PM,AIRPORT PKWY @ HUNT CLUB RD (0010856),10856,02 - Intersection related,03 - P.D. only,04 - Sideswipe,01 - Clear,01 - Daylight,01 - Dry,01 - Traffic signal,01 - Functioning,2,0,0,0,,0,,,,,371018.5276,5023702.996,45.35014627,-75.6549152,6862
20--677,2020/01/16,11:00 PM,HUNT CLUB RD @ RIVERSIDE DR (0002237),2237,03 - At intersection,03 - P.D. only,04 - Sideswipe,01 - Clear,07 - Dark,01 - Dry,01 - Traffic signal,01 - Functioning,2,0,0,0,,0,,,,,368036.7058,5021945.503,45.33460792,-75.69319016,6863
20--6770,2020/09/01,5:30 PM,HWY416 IC57 RAMP43 btwn BROPHY DR & HIGHWAY 416 (__3ZAY6J),__3ZAY6J,01 - Non intersection,03 - P.D. only,07 - SMV other,01 - Clear,01 - Daylight,01 - Dry,10 - No control,,1,0,0,0,,0,,,,,364546.9249,5008117.878,45.21049279,-75.7393746,6864
20--6771,2020/09/01,6:06 PM,NAVAN RD btwn RENAUD RD & MER BLEUE RD (__3ZA3Y1),__3ZA3Y1,04 - At/near private drive,03 - P.D. only,03 - Rear end,01 - Clear,01 - Daylight,01 - Dry,10 - No control,,3,0,0,0,,0,,,,,383959.9847,5032276.101,45.425939,-75.48840422,6865
20--6772,2020/09/01,6:20 PM,ACCEPTANCE PL @ HOPE SIDE RD (0015272),15272,02 - Intersection related,03 - P.D. only,03 - Rear end,01 - Clear,01 - Daylight,01 - Dry,02 - Stop sign,01 - Functioning,2,0,0,0,,0,,,,,356552.335,5015257.147,45.27536613,-75.84040176,6866
20--6773,2020/09/01,6:35 AM,HIGHWAY 417 btwn HWY417 IC124 RAMP65 & HWY417 IC122 RAMP51 (__3ZA2R8),__3ZA2R8,01 - Non intersection,02 - Non-fatal injury,03 - Rear end,01 - Clear,03 - Dawn,01 - Dry,10 - No control,,3,0,0,0,02 - Minor,1,,1,,,364939.429,5028336.732,45.39238748,-75.73192551,6867
20--6774,2020/09/01,9:31 PM,PLEASANT PARK RD btwn CABOT ST & LESLIE AVE (__3ZA9HD),__3ZA9HD,04 - At/near private drive,03 - P.D. only,06 - SMV unattended vehicle,01 - Clear,07 - Dark,01 - Dry,10 - No control,,1,0,0,0,,0,,,,,369724.3833,5028428.767,45.39278831,-75.67080825,6868
20--6775,2020/09/01,9:32 PM,CHALMERS RD btwn NEIL WAY & END (__3ZA9TQ),__3ZA9TQ,01 - Non intersection,03 - P.D. only,06 - SMV unattended vehicle,01 - Clear,07 - Dark,01 - Dry,10 - No control,,1,0,0,0,,0,,,,,369475.8086,5028043.269,45.38934273,-75.67403316,6869
20--6776,2020/09/02,1:00 PM,HIGHWAY 417 btwn HWY417 IC124 RAMP65 & HWY417 IC122 RAMP51 (__3ZA2R8),__3ZA2R8,01 - Non intersection,03 - P.D. only,03 - Rear end,01 - Clear,01 - Daylight,01 - Dry,10 - No control,,2,0,0,0,,0,,,,,365133.3574,5028678.32,45.39544434,-75.72940719,6870
20--6777,2020/09/02,1:29 PM,COVENTRY RD @ VANIER PKWY (0002139),2139,02 - Intersection related,03 - P.D. only,03 - Rear end,01 - Clear,01 - Daylight,01 - Dry,01 - Traffic signal,01 - Functioning,2,0,0,0,,0,,,,,370676.3895,5031611.698,45.42133818,-75.65822558,6871
20--6778,2020/09/02,11:19 AM,LEITRIM RD @ LIMEBANK RD (0012318),12318,02 - Intersection related,03 - P.D. only,03 - Rear end,01 - Clear,01 - Daylight,01 - Dry,01 - Traffic signal,01 - Functioning,2,0,0,0,,0,,,,,369321.624,5017960.093,45.29863104,-75.67731722,6872
20--6779,2020/09/02,11:20 AM,RIVER RD btwn ROYAL PALM CRES & RIDEAU FOREST DR (__3ZA381),__3ZA381,01 - Non intersection,03 - P.D. only,05 - Turning movement,01 - Clear,01 - Daylight,01 - Dry,10 - No control,,2,0,0,0,,0,,,,,370473.1577,5009205.89,45.2197553,-75.66379322,6873
20--678,2020/01/16,11:09 AM,LAURIER AVE   E btwn LAURIER AVE W & NICHOLAS ST (__3E4JGF),__3E4JGF,01 - Non intersection,02 - Non-fatal injury,07 - SMV other,01 - Clear,01 - Daylight,02 - Wet,10 - No control,,1,0,0,0,02 - Minor,1,,1,,,368356.3518,5031787.847,45.42313772,-75.68784546,6874
20--6780,2020/09/02,Unknown,DAVIDSON DR btwn DAVIDSON CRES & BECKENHAM LANE (__3ZA79B),__3ZA79B,01 - Non intersection,03 - P.D. only,06 - SMV unattended vehicle,01 - Clear,00 - Unknown,01 - Dry,10 - No control,,1,0,0,0,,0,,,,,374429.4338,5034746.748,45.44918217,-75.6098311,6875
20--6781,2020/09/02,12:50 PM,HIGHWAY 417 btwn HWY417 IC122 RAMP51 & HWY417 IC122 RAMP15 (__3ZA2R0),__3ZA2R0,01 - Non intersection,03 - P.D. only,03 - Rear end,01 - Clear,01 - Daylight,01 - Dry,10 - No control,,2,0,0,0,,0,,,,,365446.6005,5028951.374,45.39787415,-75.72537317,6876
20--6782,2020/09/02,2:00 PM,ST. JOSEPH BLVD btwn OR174 IC101 RAMP63 & OR174 IC101 RAMP45 (__3ZA1V2),__3ZA1V2,01 - Non intersection,03 - P.D. only,04 - Sideswipe,01 - Clear,01 - Daylight,01 - Dry,10 - No control,,2,0,0,0,,0,,,,,383125.8823,5038791.036,45.48464861,-75.49802407,6877
20--6783,2020/09/02,2:20 PM,ALBION RD @ BANK ST (0012409),12409,03 - At intersection,03 - P.D. only,02 - Angle,01 - Clear,01 - Daylight,01 - Dry,01 - Traffic signal,01 - Functioning,2,0,0,0,,0,,,,,371946.7314,5024129.511,45.35389565,-75.64301281,6878
20--6784,2020/09/02,2:43 PM,GREENBANK RD @ STRANDHERD DR (0005563),5563,02 - Intersection related,02 - Non-fatal injury,03 - Rear end,01 - Clear,01 - Daylight,01 - Dry,01 - Traffic signal,01 - Functioning,2,0,0,0,01 - Minimal,1,1,,,,363933.6728,5014784.423,45.27053053,-75.74638848,6879
20--6785,2020/09/02,3:00 PM,HIGHWAY 417 btwn HWY417 IC126 RAMP25 & HWY417 IC124 RAMP57 (__3ZA2R5),__3ZA2R5,01 - Non intersection,03 - P.D. only,03 - Rear end,01 - Clear,01 - Daylight,01 - Dry,10 - No control,,2,0,0,0,,0,,,,,363634.9711,5026459.078,45.37560345,-75.74880781,6880
20--6786,2020/09/02,3:21 PM,HIGHWAY 7 btwn RAMP & DWYER HILL RD (__7JQ7LW),__7JQ7LW,01 - Non intersection,03 - P.D. only,99 - Other,01 - Clear,01 - Daylight,01 - Dry,10 - No control,,3,0,0,0,,0,,,,,340631.0092,5006617.397,45.1986124,-76.04393803,6881
20--6787,2020/09/02,3:28 PM,BRIAN COBURN BLVD @ MER BLEUE RD (0014363),14363,02 - Intersection related,02 - Non-fatal injury,03 - Rear end,01 - Clear,01 - Daylight,01 - Dry,11 - Roundabout,00 - Unknown,4,0,0,0,01 - Minimal,3,3,,,,383150.8189,5034441.164,45.44550953,-75.49839849,6882
20--6788,2020/09/02,3:30 PM,REGIONAL ROAD 174 btwn OR174 IC105 RAMP35 & OR174 IC105 RAMP25 (__3ZA27E),__3ZA27E,01 - Non intersection,02 - Non-fatal injury,03 - Rear end,01 - Clear,01 - Daylight,01 - Dry,10 - No control,,2,0,0,0,01 - Minimal,1,1,,,,379540.1855,5037075.404,45.46960582,-75.54414819,6883
20--6789,2020/09/02,3:32 PM,DALHOUSIE ST btwn RIDEAU ST & BESSERER ST (__3ZBOX9),__3ZBOX9,01 - Non intersection,03 - P.D. only,04 - Sideswipe,01 - Clear,01 - Daylight,01 - Dry,10 - No control,,2,0,0,0,,0,,,,,368227.3769,5032196.541,45.42682672,-75.68944077,6884
20--679,2020/01/16,11:22 AM,BANK ST @ WALKLEY RD (0011423),11423,02 - Intersection related,03 - P.D. only,04 - Sideswipe,01 - Clear,01 - Daylight,02 - Wet,01 - Traffic signal,01 - Functioning,2,0,0,0,,0,,,,,370337.8569,5025947.729,45.37040763,-75.66330337,6885
20--6790,2020/09/02,5:10 PM,WINDWAYS CRES btwn BRIDGESTONE DR & BRIDGESTONE DR (__3ZAZ16),__3ZAZ16,01 - Non intersection,03 - P.D. only,06 - SMV unattended vehicle,01 - Clear,01 - Daylight,01 - Dry,10 - No control,,1,0,0,0,,0,,,,,355123.9592,5015416.623,45.27690482,-75.85858949,6886
20--6791,2020/09/02,5:15 PM,REGIONAL ROAD 174 btwn OR174 IC112 RAMP36 & OR174 IC112 RAMP26 (__3ZAZFK),__3ZAZFK,01 - Non intersection,03 - P.D. only,04 - Sideswipe,01 - Clear,01 - Daylight,01 - Dry,10 - No control,,2,0,0,0,,0,,,,,374729.7339,5032792.022,45.43156467,-75.60627016,6887
20--6792,2020/09/02,6:21 PM,BRIAN COBURN BLVD btwn FERN CASEY ST & NAVAN RD (e___2IA8),e___2IA8,01 - Non intersection,03 - P.D. only,07 - SMV other,02 - Rain,01 - Daylight,02 - Wet,10 - No control,,1,0,0,0,,0,,,,,381454.137,5033181.271,45.43436212,-75.52028109,6888
20--6793,2020/09/02,6:24 PM,RICHMOND RD btwn PERTH ST & CAMBRIAN RD (__3ZAB98),__3ZAB98,01 - Non intersection,03 - P.D. only,07 - SMV other,02 - Rain,01 - Daylight,02 - Wet,10 - No control,,1,0,0,0,,0,,,,,358994.7893,5008236.81,45.21201182,-75.81003932,6889
20--6794,2020/09/02,6:30 AM,HIGHWAY 417 btwn HWY417 IC124 RAMP65 & HWY417 IC122 RAMP51 (__3ZA2R8),__3ZA2R8,01 - Non intersection,03 - P.D. only,03 - Rear end,01 - Clear,03 - Dawn,01 - Dry,10 - No control,,2,0,0,0,,0,,,,,364976.2398,5028403.053,45.39298106,-75.73144733,6890
20--6795,2020/09/02,6:50 AM,ST. LAURENT BLVD btwn TO BE DETERMINED & RUSSELL RD (__3ZA776),__3ZA776,04 - At/near private drive,03 - P.D. only,02 - Angle,01 - Clear,03 - Dawn,01 - Dry,10 - No control,,2,0,0,0,,0,,,,,373517.9725,5029183.142,45.39921385,-75.62225832,6891
20--6796,2020/09/02,7:15 AM,HIGHWAY 417 btwn HWY417 IC124 RAMP76 & HWY417 IC124 RAMP67 (__3ZA2R7),__3ZA2R7,01 - Non intersection,03 - P.D. only,04 - Sideswipe,01 - Clear,01 - Daylight,01 - Dry,10 - No control,,2,0,0,0,,0,,,,,364157.5559,5027186.288,45.3821027,-75.74204873,6892
20--6797,2020/09/02,7:53 AM,ECHO DR btwn BANK ST & RIVERDALE AVE (__3ZA9K2),__3ZA9K2,01 - Non intersection,03 - P.D. only,07 - SMV other,01 - Clear,01 - Daylight,01 - Dry,10 - No control,,1,0,0,0,,0,,,,,369096.3952,5029047.942,45.39841739,-75.67874717,6893
20--6798,2020/09/02,9:07 AM,BRONSON AVE @ SOMERSET ST (0002218),2218,02 - Intersection related,03 - P.D. only,04 - Sideswipe,01 - Clear,01 - Daylight,01 - Dry,01 - Traffic signal,01 - Functioning,2,0,0,0,,0,,,,,366967.6936,5030476.576,45.41146409,-75.70575411,6894
20--6799,2020/09/02,9:30 PM,MARCH RD btwn HERZBERG RD & CORKSTOWN RD (__3ZA2XV),__3ZA2XV,01 - Non intersection,03 - P.D. only,07 - SMV other,01 - Clear,07 - Dark,01 - Dry,10 - No control,,1,0,0,0,,0,,,,,352469.7244,5021320.474,45.33021404,-75.89184968,6895
20--68,2020/01/03,Unknown,OWL VALLEY DR btwn Continuation of OWL VALLEY DR & Continuation of OWL (__3ZA1JD),__3ZA1JD,01 - Non intersection,03 - P.D. only,06 - SMV unattended vehicle,01 - Clear,00 - Unknown,01 - Dry,10 - No control,,1,0,0,0,,0,,,,,368418.9761,5015856.099,45.2797819,-75.68909508,6896
20--680,2020/01/16,11:34 AM,BOURASSA ST @ ST. LAURENT BLVD (0007731),7731,02 - Intersection related,03 - P.D. only,04 - Sideswipe,01 - Clear,01 - Daylight,02 - Wet,01 - Traffic signal,01 - Functioning,3,0,0,0,,0,,,,,373236.7326,5029693.554,45.40383385,-75.62577938,6897
20--6800,2020/09/03,1:14 PM,MUNSTER RD btwn FALLOWFIELD RD & BILTMORE CRES (__4LVLPX),__4LVLPX,01 - Non intersection,03 - P.D. only,07 - SMV other,01 - Clear,01 - Daylight,01 - Dry,10 - No control,,1,0,0,0,,0,,,,,347437.5467,5004612.259,45.18019033,-75.95747852,6898
20--6801,2020/09/03,1:17 PM,BRIAN COBURN BLVD @ MER BLEUE RD (0014363),14363,03 - At intersection,03 - P.D. only,02 - Angle,01 - Clear,01 - Daylight,01 - Dry,11 - Roundabout,01 - Functioning,2,0,0,0,,0,,,,,383150.8189,5034441.164,45.44550953,-75.49839849,6899
20--6802,2020/09/03,1:51 PM,MARAVISTA DR @ STRANDHERD DR (0013565),13565,02 - Intersection related,03 - P.D. only,03 - Rear end,01 - Clear,01 - Daylight,01 - Dry,01 - Traffic signal,01 - Functioning,2,0,0,0,,0,,,,,361288.4381,5014584.958,45.26895318,-75.78011984,6900
20--6894,2020/09/07,2:00 PM,INNES RD btwn INDUSTRIAL AVE & BANTREE ST (__3ZA2XQ),__3ZA2XQ,01 - Non intersection,03 - P.D. only,07 - SMV other,01 - Clear,01 - Daylight,01 - Dry,10 - No control,,1,0,0,0,,0,,,,,373223.577,5030077.81,45.4072925,-75.62589409,6901
20--6895,2020/09/07,3:59 PM,SLATER ST btwn ALBERT ST & COMMISSIONER ST (__3ZA33W),__3ZA33W,01 - Non intersection,03 - P.D. only,04 - Sideswipe,02 - Rain,01 - Daylight,02 - Wet,10 - No control,,2,0,0,0,,0,,,,,366720.7217,5030880.011,45.41511598,-75.7088584,6902
20--6896,2020/09/07,4:20 PM,HWY417 IC118 RAMP52 btwn HWY417 IC118 RAMP57 & HWY417 IC118 RAMP62 (__6KCF0O),__6KCF0O,01 - Non intersection,03 - P.D. only,03 - Rear end,01 - Clear,01 - Daylight,01 - Dry,10 - No control,,2,0,1,0,,0,,,,,369208.9419,5031252.095,45.41823924,-75.6770218,6903
20--6897,2020/09/07,5:34 PM,CARLING AVE @ MERIVALE RD (0002148),2148,02 - Intersection related,03 - P.D. only,03 - Rear end,01 - Clear,01 - Daylight,02 - Wet,01 - Traffic signal,01 - Functioning,2,0,0,0,,0,,,,,364894.6948,5027700.541,45.386667,-75.73257425,6904
20--6898,2020/09/07,9:29 PM,BANK ST @ CHAMBERLAIN AVE N/ISABELLA ST (0002132),2132,03 - At intersection,02 - Non-fatal injury,02 - Angle,01 - Clear,07 - Dark,01 - Dry,01 - Traffic signal,01 - Functioning,2,0,0,0,02 - Minor,2,,2,,,368082.7027,5030166.564,45.40857476,-75.69155012,6905
20--6899,2020/09/08,10:05 AM,HIGHWAY 417 btwn Continuation of HIGHWAY 417 & HWY417 IC134 RAMP51 (__3ZA29B),__3ZA29B,01 - Non intersection,03 - P.D. only,04 - Sideswipe,01 - Clear,01 - Daylight,01 - Dry,10 - No control,,2,0,0,0,,0,,,,,355043.1955,5021435.176,45.33106663,-75.85900878,6906
20--69,2020/01/03,12:00 PM,TERRY FOX DR btwn 329 N OF CAMPEAU DR/SIGNATURE CENTRE & CAMPEAU DR (__49GU9G),__49GU9G,04 - At/near private drive,02 - Non-fatal injury,02 - Angle,01 - Clear,01 - Daylight,02 - Wet,10 - No control,,2,0,0,0,01 - Minimal,1,1,,,,350280.2669,5019037.615,45.3098176,-75.91999001,6907
20--690,2020/01/16,3:05 PM,HIGHWAY 416 btwn HWY416 IC66 RAMP62 & HWY416 IC72 RAMP24 (__3ZAZMZ),__3ZAZMZ,01 - Non intersection,03 - P.D. only,07 - SMV other,01 - Clear,01 - Daylight,01 - Dry,10 - No control,,1,0,0,0,,0,,,,,359421.8299,5015835.568,45.28035378,-75.80376823,6908
20--6900,2020/09/08,10:45 AM,RIVERSIDE DR @ HERON RD (0002236),2236,02 - Intersection related,03 - P.D. only,03 - Rear end,01 - Clear,01 - Daylight,01 - Dry,01 - Traffic signal,01 - Functioning,2,0,0,0,,0,,,,,368121.1154,5026647.224,45.3769053,-75.6915111,6909
20--6901,2020/09/08,11:00 AM,INNES RD @ JEANNE D'ARC BLVD/MER BLEUE RD (0012475),12475,02 - Intersection related,03 - P.D. only,03 - Rear end,01 - Clear,01 - Daylight,01 - Dry,01 - Traffic signal,01 - Functioning,2,0,0,0,,0,,,,,382637.7504,5035567.554,45.45570115,-75.50477809,6910
20--6902,2020/09/08,11:00 AM,HWY 417 ST.LAURE IC115R51 @ ST. LAURENT BLVD (0002712),2712,03 - At intersection,03 - P.D. only,03 - Rear end,01 - Clear,01 - Daylight,01 - Dry,01 - Traffic signal,01 - Functioning,2,0,0,0,,0,,,,,372530.7234,5031410.559,45.41935135,-75.63456107,6911
20--6903,2020/09/08,11:44 AM,MERIVALE RD btwn CLYDE AVE & GILBEY DR (__3ZA4HD),__3ZA4HD,01 - Non intersection,03 - P.D. only,04 - Sideswipe,01 - Clear,01 - Daylight,01 - Dry,10 - No control,,2,0,0,0,,0,,,,,364583.8391,5024551.709,45.35836092,-75.73692474,6912
20--6904,2020/09/08,Unknown,WELLINGTON ST    W btwn GRANVILLE AVE & GILCHRIST AVE (__3ZA4P3),__3ZA4P3,01 - Non intersection,03 - P.D. only,06 - SMV unattended vehicle,01 - Clear,00 - Unknown,01 - Dry,10 - No control,,1,0,0,0,,0,,,,,364399.5785,5028985.822,45.39827402,-75.73874121,6913
20--6905,2020/09/08,Unknown,D'AOUST AVE btwn CHILLIWACK WAY & TIMBERMILL ST (__3ZA8PO),__3ZA8PO,01 - Non intersection,03 - P.D. only,06 - SMV unattended vehicle,01 - Clear,00 - Unknown,01 - Dry,10 - No control,,1,0,0,0,,0,,,,,372341.0818,5023541.235,45.34856468,-75.63806068,6914
20--6906,2020/09/08,12:30 PM,HANNAH ST btwn CARILLON ST & DESCHAMPS AVE (__3ZA8UZ),__3ZA8UZ,04 - At/near private drive,03 - P.D. only,02 - Angle,01 - Clear,01 - Daylight,01 - Dry,10 - No control,,2,0,0,0,,0,,,,,370158.6626,5033364.367,45.43715653,-75.66460782,6915
20--6907,2020/09/08,12:45 PM,BELFAST RD @ ST. LAURENT BLVD (0007658),7658,02 - Intersection related,03 - P.D. only,05 - Turning movement,01 - Clear,01 - Daylight,01 - Dry,01 - Traffic signal,01 - Functioning,2,0,0,0,,0,,,,,372860.7256,5030578.559,45.41183338,-75.63045981,6916
20--6908,2020/09/08,2:15 PM,CHAPMAN MILLS DR btwn LEAMINGTON WAY & TEMAGAMI DR (__61W6PK),__61W6PK,01 - Non intersection,03 - P.D. only,06 - SMV unattended vehicle,01 - Clear,01 - Daylight,01 - Dry,10 - No control,,1,0,0,0,,0,,,,,365251.9041,5014791.348,45.27048076,-75.72958934,6917
20--6909,2020/09/08,2:35 PM,GREENBANK RD btwn JOCKVALE RD & CAMBRIAN RD (__3ZA2WE),__3ZA2WE,01 - Non intersection,03 - P.D. only,03 - Rear end,01 - Clear,01 - Daylight,01 - Dry,10 - No control,,2,0,0,0,,0,,,,,364291.5112,5013942.774,45.26292718,-75.74192933,6918
20--691,2020/01/16,3:23 AM,FRANK KENNY RD btwn GIROUX RD & COLONIAL RD (__3ZA6T8),__3ZA6T8,01 - Non intersection,03 - P.D. only,07 - SMV other,03 - Snow,07 - Dark,03 - Loose snow,10 - No control,,1,0,0,0,,0,,,,,390124.6621,5032236.245,45.42485562,-75.40964574,6919
20--6910,2020/09/08,2:50 PM,9TH LINE RD @ MARVELVILLE RD (0001710),1710,03 - At intersection,02 - Non-fatal injury,02 - Angle,01 - Clear,01 - Daylight,01 - Dry,02 - Stop sign,01 - Functioning,2,0,0,0,02 - Minor,3,,3,,,389436.797,5006525.372,45.19361493,-75.42282532,6920
20--6911,2020/09/08,3:09 PM,WEST HUNT CLUB RD @ 545 E OF ROYDON PL/SUNDERLAND ST (0010375),10375,02 - Intersection related,03 - P.D. only,02 - Angle,02 - Rain,01 - Daylight,02 - Wet,01 - Traffic signal,01 - Functioning,2,0,0,0,,0,,,,,366352.7087,5022407.507,45.3389147,-75.71461603,6921
20--6912,2020/09/08,3:30 PM,EASTVALE DR S @ OGILVIE RD (0009416),9416,02 - Intersection related,03 - P.D. only,04 - Sideswipe,01 - Clear,01 - Daylight,01 - Dry,01 - Traffic signal,01 - Functioning,2,0,0,0,,0,,,,,375466.7406,5035025.595,45.45158695,-75.59653137,6922
20--6913,2020/09/08,3:30 PM,BRONSON AVE btwn PLYMOUTH ST & RENFREW AVE (__3ZA3B1),__3ZA3B1,04 - At/near private drive,03 - P.D. only,04 - Sideswipe,01 - Clear,01 - Daylight,01 - Dry,10 - No control,,2,0,0,0,,0,,,,,367332.4197,5029610.069,45.40363502,-75.70120478,6923
20--6914,2020/09/08,3:49 PM,GREENBANK RD @ 220 N OF STRANDHERD DR (0010452),10452,02 - Intersection related,03 - P.D. only,03 - Rear end,01 - Clear,01 - Daylight,01 - Dry,01 - Traffic signal,01 - Functioning,2,0,0,0,,0,,,,,363848.3943,5014984.384,45.27233695,-75.74745141,6924
20--6915,2020/09/08,4:00 PM,RICHMOND RD @ HOLLY ACRES RD/NANAIMO DR (0001068),1068,02 - Intersection related,03 - P.D. only,03 - Rear end,02 - Rain,01 - Daylight,02 - Wet,01 - Traffic signal,01 - Functioning,2,0,0,0,,0,,,,,359058.669,5022748.507,45.34258505,-75.8076399,6925
20--6916,2020/09/08,4:00 PM,ALTA VISTA DR @ RANDALL AVE (0008072),8072,02 - Intersection related,03 - P.D. only,03 - Rear end,01 - Clear,01 - Daylight,01 - Dry,01 - Traffic signal,01 - Functioning,2,0,0,0,,0,,,,,370408.7173,5027366.553,45.38316711,-75.66221032,6926
20--6917,2020/09/08,4:06 PM,RUSSELL AVE @ TEMPLETON ST (0007310),7310,03 - At intersection,02 - Non-fatal injury,02 - Angle,02 - Rain,01 - Daylight,02 - Wet,02 - Stop sign,01 - Functioning,2,0,0,0,02 - Minor,1,,1,,,369360.7102,5031686.579,45.42213458,-75.67502587,6927
20--6918,2020/09/08,4:10 PM,LIMEBANK RD btwn EARL ARMSTRONG RD & RIDEAU RD (__3ZA6L5),__3ZA6L5,04 - At/near private drive,03 - P.D. only,03 - Rear end,02 - Rain,01 - Daylight,02 - Wet,10 - No control,,2,0,0,0,,0,,,,,370585.7772,5014829.285,45.27034339,-75.66161542,6928
20--6919,2020/09/08,4:15 PM,WOODROFFE AVE @ HWY 417 WOODROFF IC127R26/HWY4 (0002355),2355,02 - Intersection related,03 - P.D. only,03 - Rear end,02 - Rain,01 - Daylight,02 - Wet,01 - Traffic signal,00 - Unknown,2,0,0,0,,0,,,,,362082.6866,5024939.517,45.3620592,-75.7688016,6929
20--692,2020/01/16,3:30 PM,HAMILTON AVE @ TYNDALL ST (0005623),5623,03 - At intersection,03 - P.D. only,02 - Angle,01 - Clear,01 - Daylight,01 - Dry,02 - Stop sign,01 - Functioning,2,0,0,0,,0,,,,,365186.7032,5028981.56,45.39816822,-75.72868879,6930
20--6920,2020/09/08,4:25 PM,INNES RD @ STAR TOP RD/WINDMILL LANE (0008734),8734,02 - Intersection related,03 - P.D. only,03 - Rear end,01 - Clear,01 - Daylight,01 - Dry,01 - Traffic signal,01 - Functioning,2,0,0,0,,0,,,,,374147.7266,5030666.564,45.41249886,-75.61400673,6931
20--6921,2020/09/08,4:29 PM,SEGUIN ST @ BLAIR RD (0009284),9284,02 - Intersection related,03 - P.D. only,07 - SMV other,01 - Clear,01 - Daylight,01 - Dry,02 - Stop sign,00 - Unknown,1,0,0,0,,0,,,,,374079.7083,5034284.604,45.44505881,-75.61436666,6932
20--6922,2020/09/08,5:00 PM,PRINCE OF WALES DR btwn RIDEAU SHORE CRT & COLONNADE RD (__3ZBPHP),__3ZBPHP,01 - Non intersection,03 - P.D. only,03 - Rear end,02 - Rain,01 - Daylight,02 - Wet,10 - No control,,2,0,0,0,,0,,,,,367349.9616,5023367.014,45.34745996,-75.70177146,6933
20--6923,2020/09/08,5:04 PM,PRINCE OF WALES DR @ FAIRCHILD PRIV (0003171),3171,03 - At intersection,03 - P.D. only,02 - Angle,02 - Rain,01 - Daylight,02 - Wet,02 - Stop sign,01 - Functioning,2,0,0,0,,0,,,,,367080.3944,5026862.787,45.37893816,-75.70477062,6934
20--6924,2020/09/08,5:04 PM,STRANDHERD BRIDGE (VIMY MEMORIAL BRIDGE) btwn PRINCE OF WALES DR & RIVER RD (e___2H44),e___2H44,07 - Overpass or bridge,03 - P.D. only,03 - Rear end,02 - Rain,01 - Daylight,02 - Wet,10 - No control,,2,0,0,0,,0,,,,,367364.03,5014758.258,45.26999829,-75.70267874,6935
20--6925,2020/09/08,5:19 PM,BEARBROOK RD btwn Continuation of BEARBROOK RD & WESTPARK DR (__3ZA2AA),__3ZA2AA,01 - Non intersection,03 - P.D. only,07 - SMV other,02 - Rain,01 - Daylight,02 - Wet,10 - No control,,1,0,0,0,,0,,,,,377269.3649,5033903.563,45.44130705,-75.57365322,6936
20--6926,2020/09/08,5:28 PM,RICHARDSON SIDE RD btwn CARP RD & OAK CREEK RD (__3ZAC40),__3ZAC40,01 - Non intersection,02 - Non-fatal injury,07 - SMV other,02 - Rain,01 - Daylight,02 - Wet,10 - No control,,1,0,0,0,02 - Minor,1,,1,,,347039.3366,5017937.508,45.30012086,-75.96141345,6937
20--6927,2020/09/08,5:34 PM,NIXON DR btwn BUCKLES ST & DALMENY RD (__3ZA726),__3ZA726,01 - Non intersection,03 - P.D. only,07 - SMV other,02 - Rain,01 - Daylight,02 - Wet,10 - No control,,1,0,0,0,,0,,,,,374981.6475,4999131.086,45.12866896,-75.60781075,6938
20--6928,2020/09/08,5:42 PM,RICHMOND RD btwn PERTH ST & CAMBRIAN RD (__3ZAB98),__3ZAB98,01 - Non intersection,03 - P.D. only,07 - SMV other,02 - Rain,01 - Daylight,02 - Wet,10 - No control,,1,0,0,0,,0,,,,,359024.6729,5008470.017,45.21410797,-75.8096335,6939