Anom_ID,Accident_Date,Accident_Time,Location,Geo_ID,Accident_Location,Classification_of_Accident,Initial_Impact_Type,Environment_Condition,Light,Road_Surface_Condition,Traffic_Control,Traffic_Control_Condition,No__of_Vehicles,No__of_Bicycles,No__of_Motorcycles,No__of_Pedestrians,Max_Injury,No__of_Injuries,No__of_Minimal,No__of_Minor,No__of_Major,No__of_Fatal,X,Y,Latitude,Longitude,ObjectId
20--8081,2020/10/26,7:45 AM,GREENBANK RD @ BELLMAN DR/BATEMAN DR (0000153),153,02 - Intersection related,03 - P.D. only,03 - Rear end,01 - Clear,01 - Daylight,01 - Dry,01 - Traffic signal,01 - Functioning,2,0,0,0,,0,,,,,361256.6729,5021017.493,45.32683596,-75.77979224,7020
20--8082,2020/10/26,8:00 AM,BARROW CRES E @ KAKULU RD E (0003980),3980,02 - Intersection related,03 - P.D. only,03 - Rear end,02 - Rain,01 - Daylight,02 - Wet,02 - Stop sign,01 - Functioning,2,0,0,0,,0,,,,,353067.6158,5019053.465,45.30977418,-75.8844434,7021
20--8083,2020/10/26,8:04 AM,HIGHWAY 417 btwn HWY417 IC124 RAMP65 & HWY417 IC122 RAMP51 (__3ZA2R8),__3ZA2R8,01 - Non intersection,03 - P.D. only,03 - Rear end,02 - Rain,03 - Dawn,02 - Wet,10 - No control,,2,0,0,0,,0,,,,,364919.0552,5028300.025,45.39205895,-75.73219016,7022
20--8084,2020/10/26,8:27 AM,FOSTER ST btwn PARKDALE AVE & BEVERLEY AVE (__3ZA03B),__3ZA03B,01 - Non intersection,03 - P.D. only,07 - SMV other,02 - Rain,01 - Daylight,02 - Wet,10 - No control,,1,0,0,0,,0,,,,,365323.9077,5029093.473,45.39916335,-75.72692272,7023
20--7614,2020/10/06,8:34 AM,ST. JOSEPH BLVD @ FOREST VALLEY DR/YOUVILLE DR (0004440),4440,03 - At intersection,02 - Non-fatal injury,05 - Turning movement,01 - Clear,01 - Daylight,01 - Dry,01 - Traffic signal,01 - Functioning,2,0,0,0,02 - Minor,3,1,2,,,379164.7441,5036156.591,45.46137911,-75.54908805,7024
20--7434,2020/09/28,7:15 AM,BANK ST @ HUNT CLUB RD (0002119),2119,02 - Intersection related,02 - Non-fatal injury,03 - Rear end,01 - Clear,01 - Daylight,01 - Dry,01 - Traffic signal,01 - Functioning,2,0,0,0,02 - Minor,1,,1,,,371608.7242,5024096.507,45.35363098,-75.64733075,7025
20--7254,2020/09/21,8:32 PM,CARLING AVE WB btwn COLE AVE & CHURCHILL AVE N (__3ZA4T0),__3ZA4T0,01 - Non intersection,03 - P.D. only,03 - Rear end,01 - Clear,07 - Dark,01 - Dry,10 - No control,,2,0,0,0,,0,,,,,363767.376,5027008.222,45.38053344,-75.74705186,7026
20--8085,2020/10/26,8:40 AM,HIGHWAY 417 btwn HWY417 IC127 RAMP35 & HWY417 IC127 RAMP25 (__3ZA2RE),__3ZA2RE,01 - Non intersection,03 - P.D. only,04 - Sideswipe,02 - Rain,01 - Daylight,02 - Wet,10 - No control,,2,0,0,0,,0,,,,,362346.1025,5024999.402,45.36257647,-75.76543247,7027
20--8086,2020/10/26,9:16 AM,FOSTER ST btwn PARKDALE AVE & BEVERLEY AVE (__3ZA03B),__3ZA03B,01 - Non intersection,03 - P.D. only,07 - SMV other,02 - Rain,01 - Daylight,02 - Wet,10 - No control,,1,0,0,0,,0,,,,,365377.5337,5029116.817,45.39936875,-75.72623495,7028
20--8087,2020/10/26,9:17 PM,RICHMOND RD @ ROBERTSON RD (0000639),639,03 - At intersection,03 - P.D. only,05 - Turning movement,01 - Clear,07 - Dark,01 - Dry,01 - Traffic signal,01 - Functioning,2,0,0,0,,0,,,,,357577.6363,5020749.489,45.32471073,-75.82675025,7029
20--8088,2020/10/26,9:18 PM,REGIONAL ROAD 174 btwn TRANSIT & OR174 IC105 RAMP51 (__3ZA28H),__3ZA28H,01 - Non intersection,03 - P.D. only,07 - SMV other,01 - Clear,07 - Dark,01 - Dry,10 - No control,,1,0,0,0,,0,,,,,377148.9568,5035726.797,45.45772378,-75.57492401,7030
20--8089,2020/10/26,9:25 PM,GOLDENEYE WAY @ NORTH BLUFF DR (0013174),13174,03 - At intersection,02 - Non-fatal injury,02 - Angle,02 - Rain,07 - Dark,02 - Wet,02 - Stop sign,01 - Functioning,2,0,0,0,01 - Minimal,1,1,,,,369487.5572,5016302.472,45.28370079,-75.67541787,7031
20--809,2020/01/18,1:00 PM,MONTREAL RD @ ST. LAURENT BLVD (0002604),2604,02 - Intersection related,03 - P.D. only,03 - Rear end,01 - Clear,01 - Daylight,01 - Dry,01 - Traffic signal,01 - Functioning,2,0,0,0,,0,,,,,371545.7121,5033817.595,45.44110344,-75.64681952,7032
20--8090,2020/10/26,9:25 PM,REGIONAL ROAD 174 btwn OR174 IC109 RAMP64 & OR174 IC105 RAMP16 (__3ZA2XD),__3ZA2XD,01 - Non intersection,03 - P.D. only,07 - SMV other,02 - Rain,07 - Dark,02 - Wet,10 - No control,,1,0,0,0,,0,,,,,376639.7063,5035362.436,45.45449804,-75.58148782,7033
20--8091,2020/10/26,9:30 PM,KING EDWARD AVE @ SUSSEX DR (0002653),2653,02 - Intersection related,03 - P.D. only,07 - SMV other,01 - Clear,07 - Dark,02 - Wet,01 - Traffic signal,01 - Functioning,1,0,0,0,,0,,,,,367663.6944,5033503.603,45.4386381,-75.69647665,7034
20--8092,2020/10/26,9:35 AM,BELFAST RD @ ST. LAURENT BLVD (0007658),7658,02 - Intersection related,03 - P.D. only,04 - Sideswipe,02 - Rain,01 - Daylight,02 - Wet,01 - Traffic signal,01 - Functioning,2,0,0,0,,0,,,,,372860.7208,5030578.564,45.41183343,-75.63045987,7035
20--8093,2020/10/26,9:53 AM,HAZELDEAN RD btwn JOHNWOODS ST & SAVAGE DR (__3ZA3D1),__3ZA3D1,04 - At/near private drive,02 - Non-fatal injury,03 - Rear end,02 - Rain,01 - Daylight,02 - Wet,10 - No control,,2,0,0,0,02 - Minor,3,,3,,,350190.2044,5015399.669,45.27708808,-75.92147146,7036
20--8094,2020/10/27,1:18 PM,BAYCREST DR btwn HERON RD & CEDARWOOD DR (__3ZA861),__3ZA861,01 - Non intersection,03 - P.D. only,01 - Approaching,01 - Clear,01 - Daylight,01 - Dry,10 - No control,,2,0,0,0,,0,,,,,371207.6023,5026827.922,45.37824542,-75.65208253,7037
20--8095,2020/10/27,1:48 PM,BLACKBURN BYPASS @ NAVAN RD (0004201),4201,02 - Intersection related,03 - P.D. only,03 - Rear end,01 - Clear,01 - Daylight,01 - Dry,01 - Traffic signal,01 - Functioning,2,0,0,0,,0,,,,,379617.7431,5033274.56,45.43540036,-75.54373459,7038
20--8096,2020/10/27,10:11 AM,BANK ST btwn SOUTHKEYS SC & CAHILL DR/DAZE ST (__3ZA37TB),__3ZA37TB,01 - Non intersection,02 - Non-fatal injury,04 - Sideswipe,01 - Clear,01 - Daylight,01 - Dry,10 - No control,,2,0,0,0,02 - Minor,1,,1,,,371296.4914,5024326.009,45.35572564,-75.65128442,7039
20--8097,2020/10/27,11:34 AM,CHARLOTTE ST @ RIDEAU ST (0002622),2622,03 - At intersection,03 - P.D. only,07 - SMV other,01 - Clear,01 - Daylight,01 - Dry,01 - Traffic signal,01 - Functioning,1,0,0,0,,0,,,,,369249.7096,5032859.591,45.43269913,-75.67629061,7040
20--8098,2020/10/27,11:59 AM,CARLING AVE @ CLYDE AVE/COLE AVE (0006984),6984,03 - At intersection,02 - Non-fatal injury,05 - Turning movement,01 - Clear,01 - Daylight,01 - Dry,01 - Traffic signal,01 - Functioning,2,0,0,0,02 - Minor,1,,1,,,363520.6888,5026850.538,45.37913534,-75.75022027,7041
20--7344,2020/09/24,9:52 AM,INNES RD @ JEANNE D'ARC BLVD/MER BLEUE RD (0012475),12475,03 - At intersection,02 - Non-fatal injury,05 - Turning movement,01 - Clear,01 - Daylight,01 - Dry,01 - Traffic signal,01 - Functioning,2,0,0,0,02 - Minor,1,,1,,,382637.7547,5035567.551,45.45570112,-75.50477804,7042
20--8099,2020/10/27,Unknown,BAY ST btwn FLORENCE ST & GLADSTONE AVE (__3ZA970),__3ZA970,01 - Non intersection,03 - P.D. only,06 - SMV unattended vehicle,01 - Clear,00 - Unknown,01 - Dry,10 - No control,,1,0,0,0,,0,,,,,367452.8745,5030304.499,45.40987252,-75.69957799,7043
20--81,2020/01/03,6:32 PM,INDUSTRIAL AVE btwn RIVERSIDE DR & SANDFORD FLEMING AVE (__3ZA3PG),__3ZA3PG,01 - Non intersection,03 - P.D. only,04 - Sideswipe,01 - Clear,07 - Dark,01 - Dry,10 - No control,,2,0,0,0,,0,,,,,370808.5754,5030570.904,45.41196108,-75.6566761,7044
20--810,2020/01/18,1:30 PM,TENTH LINE RD @ CHARLEMAGNE BLVD S/DES EPINETT (0003686),3686,02 - Intersection related,03 - P.D. only,04 - Sideswipe,01 - Clear,01 - Daylight,01 - Dry,01 - Traffic signal,01 - Functioning,2,0,0,0,,0,,,,,383640.9751,5036900.456,45.46758093,-75.49173924,7045
20--8100,2020/10/27,Unknown,DORSET DR btwn PLAYFAIR DR & BEAUMONT RD (__3ZBOT3),__3ZBOT3,01 - Non intersection,03 - P.D. only,06 - SMV unattended vehicle,03 - Snow,00 - Unknown,02 - Wet,10 - No control,,1,0,0,0,,0,,,,,371479.6808,5027957.977,45.38838739,-75.64845627,7046
20--8101,2020/10/27,12:43 PM,HIGHWAY 417 btwn HWY417 IC113 RAMP85 & HWY417 IC112 RAMP54 (__3ZA287),__3ZA287,01 - Non intersection,03 - P.D. only,04 - Sideswipe,01 - Clear,01 - Daylight,01 - Dry,10 - No control,,2,0,0,0,,0,,,,,374159.3904,5031279.232,45.41801018,-75.61377151,7047
20--8102,2020/10/27,2:02 PM,KENT ST @ SLATER ST (0002114),2114,02 - Intersection related,03 - P.D. only,04 - Sideswipe,01 - Clear,01 - Daylight,01 - Dry,01 - Traffic signal,01 - Functioning,2,0,0,0,,0,,,,,367261.6921,5031252.592,45.41842026,-75.70190004,7048
20--8103,2020/10/27,2:15 PM,CONROY RD @ HUNT CLUB RD (0002257),2257,02 - Intersection related,03 - P.D. only,03 - Rear end,01 - Clear,01 - Daylight,01 - Dry,01 - Traffic signal,01 - Functioning,2,0,0,0,,0,,,,,373763.7383,5025404.524,45.36519136,-75.61964735,7049
20--8104,2020/10/27,3:30 PM,POINT PRIM CRES btwn HORSESHOE FALLS WAY & TWIN PEAK LANE (e___2LJ7),e___2LJ7,01 - Non intersection,03 - P.D. only,99 - Other,01 - Clear,01 - Daylight,01 - Dry,10 - No control,,2,0,0,0,,0,,,,,363636.219,5013877.455,45.26239455,-75.7502864,7050
20--8105,2020/10/27,3:40 PM,FALLOWFIELD RD @ HWY 416 FALLOWFI IC66R34 (0005504),5504,02 - Intersection related,03 - P.D. only,03 - Rear end,01 - Clear,01 - Daylight,01 - Dry,01 - Traffic signal,01 - Functioning,2,0,0,0,,0,,,,,359823.4702,5014725.694,45.27033568,-75.79877215,7051
20--8106,2020/10/27,4:35 PM,BASELINE RD @ CENTREPOINTE DR E/HIGHGATE RD (0011468),11468,02 - Intersection related,03 - P.D. only,03 - Rear end,01 - Clear,01 - Daylight,01 - Dry,01 - Traffic signal,01 - Functioning,2,0,0,0,,0,,,,,362061.6994,5023465.502,45.34879783,-75.7692402,7052
20--8107,2020/10/27,6:00 PM,HIGHWAY 416 btwn HWY416 IC42 RAMP43 & END (__3ZAZJE),__3ZAZJE,01 - Non intersection,03 - P.D. only,07 - SMV other,01 - Clear,07 - Dark,01 - Dry,10 - No control,,1,0,0,0,,0,,,,,372503.6145,4994041.789,45.08311698,-75.63999722,7053
20--8108,2020/10/27,6:22 AM,PARKDALE AVE btwn GRANT ST & WELLINGTON ST W (__3ZA3ZQ),__3ZA3ZQ,04 - At/near private drive,03 - P.D. only,04 - Sideswipe,01 - Clear,07 - Dark,01 - Dry,10 - No control,,2,0,0,0,,0,,,,,365134.3356,5029304.26,45.40107632,-75.72931813,7054
20--8109,2020/10/27,6:22 PM,HAWTHORNE AVE/ISABELLA ST @ QUEEN ELIZABETH DR (0002105),2105,03 - At intersection,02 - Non-fatal injury,05 - Turning movement,01 - Clear,07 - Dark,01 - Dry,01 - Traffic signal,01 - Functioning,2,0,0,0,02 - Minor,1,,1,,,368665.7087,5030476.575,45.41131118,-75.68406269,7055
20--811,2020/01/18,1:40 PM,BRIDGESTONE DR/STEEPLE CHASE DR @ STONEHAVEN D (0002781),2781,02 - Intersection related,03 - P.D. only,03 - Rear end,01 - Clear,01 - Daylight,01 - Dry,11 - Roundabout,01 - Functioning,2,0,0,0,,0,,,,,355105.645,5016984.438,45.29101366,-75.85866396,7056
20--8110,2020/10/27,6:48 PM,250 N OF KLONDIKE RD @ MARCH RD (0013528),13528,02 - Intersection related,03 - P.D. only,03 - Rear end,01 - Clear,05 - Dusk,01 - Dry,01 - Traffic signal,01 - Functioning,3,0,0,0,,0,,,,,349101.815,5024237.589,45.35668364,-75.93455262,7057
20--8111,2020/10/27,6:50 AM,BANTREE ST @ INNES RD (0007684),7684,03 - At intersection,02 - Non-fatal injury,05 - Turning movement,01 - Clear,03 - Dawn,01 - Dry,01 - Traffic signal,01 - Functioning,2,0,0,0,02 - Minor,1,,1,,,373705.7146,5030406.559,45.41020312,-75.61968959,7058
20--8112,2020/10/27,7:07 AM,ST. LAURENT BLVD @ MCARTHUR AVE (0008246),8246,02 - Intersection related,03 - P.D. only,03 - Rear end,01 - Clear,07 - Dark,01 - Dry,01 - Traffic signal,01 - Functioning,2,0,0,0,,0,,,,,371921.7161,5032887.847,45.43270201,-75.64214055,7059
20--8113,2020/10/27,7:36 AM,COOPER ST @ LYON ST (0010861),10861,03 - At intersection,03 - P.D. only,05 - Turning movement,01 - Clear,03 - Dawn,01 - Dry,02 - Stop sign,01 - Functioning,2,0,0,0,,0,,,,,367321.708,5030792.564,45.41427571,-75.70119163,7060
20--8114,2020/10/27,7:40 AM,CHAMPLAIN ST btwn OR174 IC102 RAMP36 & PLACE D'ORLEANS DR (__6K6SZ2),__6K6SZ2,01 - Non intersection,03 - P.D. only,99 - Other,01 - Clear,01 - Daylight,02 - Wet,10 - No control,,3,0,0,0,,0,,,,,381577.992,5038227.977,45.47975466,-75.51791037,7061
20--8115,2020/10/27,7:45 PM,OR174 IC109 RAMP65 @ MONTREAL RD (0004119),4119,02 - Intersection related,03 - P.D. only,03 - Rear end,01 - Clear,07 - Dark,01 - Dry,01 - Traffic signal,01 - Functioning,2,0,0,0,,0,,,,,376402.7232,5034982.601,45.45110485,-75.58457269,7062
20--8116,2020/10/27,7:58 AM,HIGHWAY 417 btwn HWY417 IC124 RAMP65 & HWY417 IC122 RAMP51 (__3ZA2R8),__3ZA2R8,01 - Non intersection,03 - P.D. only,03 - Rear end,01 - Clear,01 - Daylight,01 - Dry,10 - No control,,3,0,0,0,,0,,,,,365165.0011,5028718.954,45.39580722,-75.72899809,7063
20--8117,2020/10/27,8:00 PM,VANIER PKWY/CRICHTON ST @ BEECHWOOD AVE/ST. PA (0001604),1604,03 - At intersection,03 - P.D. only,05 - Turning movement,01 - Clear,07 - Dark,01 - Dry,01 - Traffic signal,01 - Functioning,2,0,0,0,,0,,,,,369127.7974,5033487.133,45.43835673,-75.67776657,7064
20--8118,2020/10/27,8:11 AM,BRIAN COBURN BLVD @ STRASBOURG ST (0013501),13501,03 - At intersection,03 - P.D. only,03 - Rear end,01 - Clear,01 - Daylight,01 - Dry,11 - Roundabout,01 - Functioning,2,0,0,0,,0,,,,,384046.5521,5034850.028,45.44908715,-75.48688377,7065
20--8119,2020/10/27,8:40 AM,HARDING RD @ WALKLEY RD (0007652),7652,02 - Intersection related,03 - P.D. only,03 - Rear end,01 - Clear,01 - Daylight,01 - Dry,01 - Traffic signal,01 - Functioning,2,0,0,0,,0,,,,,373148.7326,5027608.541,45.38508243,-75.62719222,7066
20--812,2020/01/18,10:02 PM,MCLEOD ST @ LYON ST (0007470),7470,03 - At intersection,03 - P.D. only,02 - Angle,03 - Snow,07 - Dark,05 - Packed snow,02 - Stop sign,00 - Unknown,2,0,0,0,,0,,,,,367625.5595,5030292.507,45.40974914,-75.69737359,7067
20--8120,2020/10/27,8:50 AM,BRONSON AVE @ CATHERINE ST/RAYMOND ST (0007198),7198,02 - Intersection related,03 - P.D. only,03 - Rear end,01 - Clear,01 - Daylight,01 - Dry,01 - Traffic signal,01 - Functioning,2,0,0,0,,0,,,,,367252.7077,5029796.557,45.4053201,-75.70219931,7068
20--8121,2020/10/27,9:27 AM,HWY 417 INNES IC112R68 @ INNES RD (0012300),12300,02 - Intersection related,03 - P.D. only,04 - Sideswipe,01 - Clear,01 - Daylight,01 - Dry,01 - Traffic signal,00 - Unknown,2,0,0,0,,0,,,,,374641.7129,5030921.572,45.41474416,-75.60766015,7069
20--8122,2020/10/27,9:35 AM,PIETY HILL WAY btwn RICHMOND RD & SARA CRT (__3ZAB5X),__3ZAB5X,01 - Non intersection,03 - P.D. only,06 - SMV unattended vehicle,01 - Clear,01 - Daylight,01 - Dry,10 - No control,,1,0,0,0,,0,,,,,357631.6313,5014109.008,45.26495471,-75.82676892,7070
20--8123,2020/10/27,9:35 AM,CARP RD @ WESTBROOK RD (0001681),1681,02 - Intersection related,03 - P.D. only,99 - Other,01 - Clear,01 - Daylight,01 - Dry,01 - Traffic signal,01 - Functioning,2,0,0,0,,0,,,,,347736.3243,5015442.085,45.2776239,-75.95274266,7071
20--8124,2020/10/28,1:24 PM,CARLING AVE @ SCHNEIDER RD (0003192),3192,02 - Intersection related,03 - P.D. only,04 - Sideswipe,01 - Clear,01 - Daylight,01 - Dry,02 - Stop sign,01 - Functioning,2,0,0,0,,0,,,,,351624.6186,5022236.502,45.33851355,-75.90254392,7072
20--8125,2020/10/28,1:45 PM,WOODROFFE AVE @ GEORGINA DR/LENESTER AVE (0002351),2351,03 - At intersection,02 - Non-fatal injury,05 - Turning movement,01 - Clear,01 - Daylight,01 - Dry,01 - Traffic signal,01 - Functioning,2,0,1,0,02 - Minor,1,,1,,,361909.6863,5025370.518,45.36595143,-75.77095991,7073
20--8126,2020/10/28,10:39 AM,BLAIR RD btwn SWANS WAY & SWANS WAY S (__3ZA7TT),__3ZA7TT,04 - At/near private drive,03 - P.D. only,03 - Rear end,01 - Clear,01 - Daylight,01 - Dry,10 - No control,,2,0,0,0,,0,,,,,373721.0536,5035196.709,45.45330088,-75.61882317,7074
20--8127,2020/10/28,11:51 AM,BARRETTE ST @ ST. CHARLES ST (0010059),10059,02 - Intersection related,03 - P.D. only,03 - Rear end,01 - Clear,01 - Daylight,01 - Dry,02 - Stop sign,01 - Functioning,2,0,0,0,,0,,,,,369470.7044,5033730.609,45.4405158,-75.67335202,7075
20--8128,2020/10/28,Unknown,CLARENCE ST btwn WILLIAM ST & DALHOUSIE ST (__3ZA82W),__3ZA82W,01 - Non intersection,03 - P.D. only,06 - SMV unattended vehicle,01 - Clear,00 - Unknown,01 - Dry,10 - No control,,1,0,0,0,,0,,,,,368019.1505,5032489.076,45.42947769,-75.69206394,7076
20--8129,2020/10/28,12:20 PM,DU GRAND BOIS AVE @ INNES RD (0004107),4107,03 - At intersection,02 - Non-fatal injury,02 - Angle,01 - Clear,01 - Daylight,01 - Dry,02 - Stop sign,01 - Functioning,2,1,0,0,01 - Minimal,1,1,,,,383109.7574,5035762.564,45.45740294,-75.49871295,7077
20--813,2020/01/18,10:05 PM,REGIONAL ROAD 174 btwn HIGHWAY 417 & HWY417 IC113 RAMP67 (__3ZA2YK),__3ZA2YK,01 - Non intersection,02 - Non-fatal injury,07 - SMV other,03 - Snow,07 - Dark,03 - Loose snow,10 - No control,,1,0,0,0,02 - Minor,1,,1,,,373348.8094,5031778.137,45.42257896,-75.62405794,7078
20--8130,2020/10/28,12:52 PM,GREENBANK RD @ HIGHBURY PARK DR (0005310),5310,03 - At intersection,03 - P.D. only,05 - Turning movement,01 - Clear,01 - Daylight,01 - Dry,01 - Traffic signal,01 - Functioning,2,0,0,0,,0,,,,,363615.9329,5015523.055,45.27720341,-75.75034997,7079
20--8131,2020/10/28,3:04 PM,INNES RD btwn BLAIR RD & ANDERSON RD (__3ZA3JZ),__3ZA3JZ,01 - Non intersection,03 - P.D. only,03 - Rear end,01 - Clear,01 - Daylight,01 - Dry,10 - No control,,2,0,0,0,,0,,,,,375864.7322,5031619.372,45.42089943,-75.59193544,7080
20--8132,2020/10/28,3:07 PM,MCARTHUR AVE btwn IRWIN MILLER ST & BRANT ST (__3ZA3WB),__3ZA3WB,01 - Non intersection,03 - P.D. only,07 - SMV other,01 - Clear,01 - Daylight,01 - Dry,10 - No control,,1,0,0,0,,0,,,,,371217.6047,5032800.244,45.43198102,-75.65115037,7081
20--8133,2020/10/28,3:45 PM,HIGHWAY 417 btwn HWY417 IC117 RAMP25 & HWY417 IC115 RAMP51 (__3ZA2R3),__3ZA2R3,01 - Non intersection,03 - P.D. only,99 - Other,01 - Clear,01 - Daylight,01 - Dry,10 - No control,,2,0,0,0,,0,,,,,371528.0481,5031396.556,45.41932171,-75.64737335,7082
20--8134,2020/10/28,4:04 PM,MACKENZIE KING BR/WALLER ST @ NICHOLAS ST/WALL (0011251),11251,02 - Intersection related,03 - P.D. only,04 - Sideswipe,01 - Clear,01 - Daylight,01 - Dry,01 - Traffic signal,01 - Functioning,2,0,0,0,,0,,,,,368372.1411,5031992.642,45.42497896,-75.68761728,7083
20--8135,2020/10/28,4:15 PM,HIGHWAY 417 btwn HWY417 IC126 RAMP61 & HWY417 IC124 RAMP76 (__3ZA2Y2),__3ZA2Y2,01 - Non intersection,03 - P.D. only,03 - Rear end,01 - Clear,01 - Daylight,01 - Dry,10 - No control,,3,0,0,0,,0,,,,,364083.737,5027089.235,45.38123568,-75.74300291,7084
20--8136,2020/10/28,4:17 PM,HIGHWAY 417 btwn HWY417 IC129 RAMP61 & TRANSIT (__3ZA2SI),__3ZA2SI,01 - Non intersection,03 - P.D. only,03 - Rear end,01 - Clear,01 - Daylight,01 - Dry,10 - No control,,2,0,0,0,,0,,,,,361284.5095,5024204.236,45.35550795,-75.77907333,7085
20--8137,2020/10/28,4:39 PM,RIVERSIDE DR @ 175 S OF HUNT CLUB  RD/RUNWAY C (0011890),11890,03 - At intersection,03 - P.D. only,05 - Turning movement,01 - Clear,01 - Daylight,01 - Dry,01 - Traffic signal,01 - Functioning,2,0,0,0,,0,,,,,368028.4993,5021766.301,45.33299624,-75.69331775,7086
20--8138,2020/10/28,6:32 PM,BASELINE RD @ MERIVALE RD (0002342),2342,03 - At intersection,03 - P.D. only,02 - Angle,01 - Clear,07 - Dark,01 - Dry,01 - Traffic signal,01 - Functioning,2,0,0,0,,0,,,,,365054.6996,5025325.523,45.36528327,-75.73082092,7087
20--8139,2020/10/28,6:38 AM,ANALDEA DR/ WHITE ALDER AVE @ BANK ST (0009265),9265,03 - At intersection,03 - P.D. only,02 - Angle,03 - Snow,03 - Dawn,02 - Wet,01 - Traffic signal,01 - Functioning,2,0,0,0,,0,,,,,375697.7439,5020813.483,45.32369026,-75.59561998,7088
20--814,2020/01/18,10:11 AM,TERRY FOX DR btwn 135 S OF HAZELDEAN RD/SOBEY'S SC & HALKIRK AVE (__3ZBPL2B),__3ZBPL2B,01 - Non intersection,02 - Non-fatal injury,03 - Rear end,01 - Clear,01 - Daylight,01 - Dry,10 - No control,,4,0,0,0,02 - Minor,1,,1,,,352479.9736,5016908.652,45.29051477,-75.89214343,7089
20--8140,2020/10/28,6:45 PM,HIGHWAY 417 btwn HWY417 IC110 RAMP64 & HWY417 IC104 RAMP16 (__3ZA2W9),__3ZA2W9,01 - Non intersection,03 - P.D. only,03 - Rear end,01 - Clear,07 - Dark,01 - Dry,10 - No control,,2,0,0,0,,0,,,,,376452.508,5027631.491,45.38495877,-75.58500523,7090
20--8141,2020/10/28,6:58 AM,OLD INNES RD @ BANTREE ST (0007674),7674,03 - At intersection,03 - P.D. only,02 - Angle,03 - Snow,07 - Dark,04 - Slush,02 - Stop sign,01 - Functioning,2,0,0,0,,0,,,,,373727.7423,5030352.542,45.40971493,-75.61941576,7091
20--8142,2020/10/28,7:10 AM,PRINCE OF WALES DR @ STRANDHERD DR (0013339),13339,03 - At intersection,03 - P.D. only,03 - Rear end,03 - Snow,01 - Daylight,02 - Wet,01 - Traffic signal,01 - Functioning,3,0,0,0,,0,,,,,367175.3031,5014824.205,45.27060844,-75.70507538,7092
20--8143,2020/10/28,7:38 PM,RIDEAU ST btwn CUMBERLAND ST & KING EDWARD AVE (__3ZBOFX),__3ZBOFX,04 - At/near private drive,03 - P.D. only,03 - Rear end,01 - Clear,07 - Dark,01 - Dry,10 - No control,,2,0,0,0,,0,,,,,368435.7675,5032367.309,45.4283443,-75.68675588,7093
20--8144,2020/10/28,7:50 AM,HIGHWAY 417 btwn HWY417 IC180 RAMP35 & HWY417 IC169 RAMP51 (__5SO6CL),__5SO6CL,01 - Non intersection,03 - P.D. only,07 - SMV other,01 - Clear,01 - Daylight,02 - Wet,10 - No control,,1,0,0,0,,0,,,,,323070.3742,5027502.35,45.38722339,-76.26668009,7094
20--8145,2020/10/28,7:59 AM,ABBOTT ST @ METRIC CIRC (0018094),18094,02 - Intersection related,03 - P.D. only,99 - Other,01 - Clear,01 - Daylight,02 - Wet,02 - Stop sign,01 - Functioning,2,0,0,0,,0,,,,,352843.2446,5016171.587,45.28385773,-75.88758385,7095
20--8146,2020/10/28,9:00 AM,WEYBRIDGE DR btwn RADCLIFFE GT & MANNINGTON CRT (__3ZA4DR),__3ZA4DR,01 - Non intersection,03 - P.D. only,04 - Sideswipe,02 - Rain,01 - Daylight,02 - Wet,10 - No control,,2,0,0,0,,0,,,,,362246.7432,5014890.841,45.27162791,-75.76787295,7096
20--8147,2020/10/28,9:00 AM,HIGHWAY 417 btwn HWY417 IC118 RAMP67 & HWY417 IC117 RAMP36 (__3ZA2YO),__3ZA2YO,01 - Non intersection,02 - Non-fatal injury,07 - SMV other,01 - Clear,01 - Daylight,02 - Wet,10 - No control,,1,0,0,0,02 - Minor,1,,1,,,370215.3781,5031117.644,45.41693613,-75.66418139,7097
20--8148,2020/10/28,9:02 AM,ANDERSON RD btwn HWY417 IC104 RAMP16 & HWY417 IC104 RAMP15 (__3ZA2BG),__3ZA2BG,01 - Non intersection,02 - Non-fatal injury,07 - SMV other,01 - Clear,01 - Daylight,01 - Dry,10 - No control,,1,0,0,1,02 - Minor,1,,1,,,380107.3801,5025808.707,45.36817513,-75.53861733,7098
20--8149,2020/10/28,9:22 AM,WAVERLEY ST @ O'CONNOR ST (0007269),7269,02 - Intersection related,03 - P.D. only,05 - Turning movement,03 - Snow,01 - Daylight,02 - Wet,02 - Stop sign,01 - Functioning,2,0,0,0,,0,,,,,368008.7067,5030765.568,45.41397109,-75.69241853,7099
20--815,2020/01/18,10:29 PM,HWY417 IC117 RAMP26 btwn HIGHWAY 417 & VANIER PKWY (__3ZAY6W),__3ZAY6W,01 - Non intersection,03 - P.D. only,04 - Sideswipe,03 - Snow,07 - Dark,05 - Packed snow,10 - No control,,2,0,0,0,,0,,,,,370896.4211,5031267.612,45.41822148,-75.65546046,7100
20--8150,2020/10/29,1:05 PM,MEADOWLANDS DR @ MERIVALE RD (0000625),625,02 - Intersection related,03 - P.D. only,03 - Rear end,01 - Clear,01 - Daylight,01 - Dry,01 - Traffic signal,01 - Functioning,2,0,0,0,,0,,,,,364858.0824,5023725.158,45.3509003,-75.73352505,7101