Anom_ID,Accident_Date,Accident_Time,Location,Geo_ID,Accident_Location,Classification_of_Accident,Initial_Impact_Type,Environment_Condition,Light,Road_Surface_Condition,Traffic_Control,Traffic_Control_Condition,No__of_Vehicles,No__of_Bicycles,No__of_Motorcycles,No__of_Pedestrians,Max_Injury,No__of_Injuries,No__of_Minimal,No__of_Minor,No__of_Major,No__of_Fatal,X,Y,Latitude,Longitude,ObjectId
20--8151,2020/10/29,1:07 PM,LEITRIM RD btwn HIGH RD & ALBION RD (__4B2G24),__4B2G24,01 - Non intersection,03 - P.D. only,03 - Rear end,01 - Clear,01 - Daylight,01 - Dry,10 - No control,,3,0,0,0,,0,,,,,372851.3148,5020007.999,45.31672448,-75.63203576,7102
20--8152,2020/10/29,1:23 PM,ALBION RD/COLLISTON CRES E @ WALKLEY RD (0011422),11422,02 - Intersection related,02 - Non-fatal injury,03 - Rear end,01 - Clear,01 - Daylight,01 - Dry,01 - Traffic signal,01 - Functioning,2,0,0,0,01 - Minimal,1,1,,,,371033.7296,5026354.542,45.37400257,-75.65436585,7103
20--8153,2020/10/29,1:30 PM,BROOKFIELD RD btwn RIVERSIDE DR/HOG'S BACK RD & 200 W OF FLANNERY DR (__3ZA225A),__3ZA225A,04 - At/near private drive,02 - Non-fatal injury,02 - Angle,01 - Clear,01 - Daylight,01 - Dry,10 - No control,,2,1,0,0,02 - Minor,1,,1,,,368206.0235,5026226.122,45.37310865,-75.69048116,7104
20--8154,2020/10/29,11:04 AM,BLAIR RD @ OGILVIE RD (0004120),4120,02 - Intersection related,03 - P.D. only,03 - Rear end,01 - Clear,01 - Daylight,01 - Dry,01 - Traffic signal,01 - Functioning,2,0,0,0,,0,,,,,374507.7255,5033198.578,45.4352448,-75.60904961,7105
20--7345,2020/09/25,1:32 PM,WOODROFFE AVE btwn ANTHONY AVE & SAVILLE ROW (__3ZA4NP),__3ZA4NP,01 - Non intersection,03 - P.D. only,04 - Sideswipe,01 - Clear,01 - Daylight,01 - Dry,10 - No control,,2,0,0,0,,0,,,,,361749.505,5026257.685,45.37394712,-75.77290228,7106
20--7975,2020/10/22,5:50 PM,INNES RD btwn BANTREE ST & STAR TOP RD (__3ZA2XP),__3ZA2XP,01 - Non intersection,03 - P.D. only,03 - Rear end,01 - Clear,01 - Daylight,01 - Dry,10 - No control,,2,0,0,0,,0,,,,,373708.5633,5030408.154,45.41021719,-75.61965298,7107
20--7435,2020/09/28,7:45 AM,HWY417 IC138 RAMP61 btwn HWY417 IC138 RAMP62 & HIGHWAY 417 (__3ZAYB2),__3ZAYB2,01 - Non intersection,02 - Non-fatal injury,07 - SMV other,01 - Clear,01 - Daylight,01 - Dry,10 - No control,,1,0,0,0,02 - Minor,1,,1,,,353401.7737,5020542.841,45.32315283,-75.88003601,7108
20--7255,2020/09/21,8:51 PM,BRONSON AVE @ CARLING AVE/GLEBE AVE (0002134),2134,02 - Intersection related,03 - P.D. only,04 - Sideswipe,01 - Clear,07 - Dark,01 - Dry,01 - Traffic signal,01 - Functioning,2,0,0,0,,0,,,,,367447.7023,5029335.57,45.40115485,-75.69976717,7109
20--7346,2020/09/25,10:12 PM,CLARKE AVE @ ST. LAURENT BLVD (0007702),7702,03 - At intersection,02 - Non-fatal injury,03 - Rear end,01 - Clear,07 - Dark,01 - Dry,01 - Traffic signal,01 - Functioning,2,0,1,0,02 - Minor,1,,1,,,371734.7197,5033353.592,45.43691049,-75.64446689,7110
20--7885,2020/10/18,Unknown,HUNTERSFIELD DR btwn BURLINGTON CRES & BURLINGTON CRES (__3ZA8MO),__3ZA8MO,01 - Non intersection,03 - P.D. only,06 - SMV unattended vehicle,01 - Clear,00 - Unknown,01 - Dry,10 - No control,,1,0,0,0,,0,,,,,373362.4296,5025298.796,45.36427943,-75.6247843,7111
20--7704,2020/10/09,9:39 PM,GREENBANK RD btwn BERRIGAN DR/WESSEX RD & 220 N OF STRANDHERD DR (__3ZA4JFA),__3ZA4JFA,01 - Non intersection,03 - P.D. only,03 - Rear end,01 - Clear,07 - Dark,01 - Dry,10 - No control,,2,0,0,0,,0,,,,,363762.3621,5015183.975,45.27414009,-75.74852406,7112
20--7976,2020/10/22,6:25 PM,BASELINE RD/HERON RD @ PRINCE OF WALES DR (0002345),2345,02 - Intersection related,03 - P.D. only,04 - Sideswipe,01 - Clear,05 - Dusk,01 - Dry,01 - Traffic signal,01 - Functioning,2,0,0,0,,0,,,,,366873.6933,5026438.535,45.37513918,-75.70746296,7113
20--7615,2020/10/06,8:48 AM,STONEWAY DR btwn CLARIDGE DR & WITTINGHAM DR (__3ZAYG1),__3ZAYG1,01 - Non intersection,03 - P.D. only,03 - Rear end,01 - Clear,01 - Daylight,01 - Dry,10 - No control,,2,0,0,0,,0,,,,,365695.0366,5016765.196,45.28820313,-75.72370032,7114
20--7705,2020/10/10,10:13 AM,ALTA VISTA DR btwn BANK ST & EDGE HILL PL (__3ZA0TQ),__3ZA0TQ,04 - At/near private drive,03 - P.D. only,02 - Angle,01 - Clear,01 - Daylight,01 - Dry,10 - No control,,2,0,0,0,,0,,,,,370332.105,5026256.44,45.37318585,-75.66333584,7115
20--7256,2020/09/21,8:54 PM,HIGHWAY 417 btwn HWY417 IC127 RAMP25 & HWY417 IC126 RAMP51 (__3ZA2XA),__3ZA2XA,01 - Non intersection,02 - Non-fatal injury,03 - Rear end,01 - Clear,07 - Dark,01 - Dry,10 - No control,,2,0,0,0,01 - Minimal,1,1,,,,362388.2296,5025030.896,45.36285639,-75.76489109,7116
20--7436,2020/09/28,7:55 PM,RAMSAYVILLE RD @ RIDGE RD (0009270),9270,03 - At intersection,02 - Non-fatal injury,05 - Turning movement,01 - Clear,07 - Dark,01 - Dry,02 - Stop sign,01 - Functioning,2,0,0,0,02 - Minor,2,,2,,,376683.7457,5028863.54,45.39602038,-75.58187326,7117
20--7886,2020/10/18,12:19 AM,BARNSDALE RD @ PRINCE OF WALES DR (0001082),1082,03 - At intersection,02 - Non-fatal injury,07 - SMV other,01 - Clear,07 - Dark,01 - Dry,11 - Roundabout,00 - Unknown,1,0,0,0,02 - Minor,1,,1,,,366646.0716,5011532.68,45.24103815,-75.712229,7118
20--7347,2020/09/25,10:20 AM,MONTREAL RD @ OGILVIE RD (0009279),9279,02 - Intersection related,03 - P.D. only,03 - Rear end,01 - Clear,01 - Daylight,01 - Dry,01 - Traffic signal,01 - Functioning,2,0,0,0,,0,,,,,375654.727,5034556.595,45.44734814,-75.59419583,7119
20--7616,2020/10/06,9:07 AM,BOOTH ST @ SIR JOHN A. MACDONALD PKWY/WELLINGTON ST (0012252),12252,02 - Intersection related,02 - Non-fatal injury,03 - Rear end,01 - Clear,01 - Daylight,01 - Dry,01 - Traffic signal,01 - Functioning,2,0,0,0,02 - Minor,1,,1,,,366264.2557,5031006.687,45.41629602,-75.71467417,7120
20--7525,2020/10/02,12:00 PM,PRINCE OF WALES DR @ 187 N OF HOG'S BACK RD/CH (0011574),11574,02 - Intersection related,03 - P.D. only,03 - Rear end,02 - Rain,01 - Daylight,02 - Wet,01 - Traffic signal,01 - Functioning,2,0,0,0,,0,,,,,367286.1863,5025856.891,45.36986903,-75.70227048,7121
20--7706,2020/10/10,11:21 AM,BESSERER ST @ WALLER ST (0008859),8859,03 - At intersection,03 - P.D. only,04 - Sideswipe,01 - Clear,01 - Daylight,01 - Dry,01 - Traffic signal,01 - Functioning,2,0,0,0,,0,,,,,368315.9399,5032191.981,45.42677765,-75.68830969,7122
20--7257,2020/09/21,9:39 AM,HUNT CLUB RD @ PAUL ANKA DR (0008224),8224,03 - At intersection,03 - P.D. only,05 - Turning movement,01 - Clear,01 - Daylight,01 - Dry,01 - Traffic signal,01 - Functioning,2,0,0,0,,0,,,,,369777.7332,5022897.492,45.34301462,-75.67085444,7123
20--7887,2020/10/18,12:38 PM,CYRVILLE RD @ INNES RD (0009352),9352,02 - Intersection related,02 - Non-fatal injury,03 - Rear end,01 - Clear,01 - Daylight,01 - Dry,01 - Traffic signal,01 - Functioning,2,0,0,0,01 - Minimal,2,2,,,,375047.7216,5031119.565,45.41648496,-75.60244515,7124
20--7617,2020/10/07,1:40 PM,OLD TENTH LINE RD/OR174 IC101 RAMP63 @ ST. JOS (0009233),9233,03 - At intersection,03 - P.D. only,05 - Turning movement,02 - Rain,01 - Daylight,02 - Wet,01 - Traffic signal,01 - Functioning,2,0,0,0,,0,,,,,383119.7497,5038785.602,45.48460041,-75.49810338,7125
20--7618,2020/10/07,10:12 AM,DONALD ST @ ST. LAURENT BLVD (0008630),8630,02 - Intersection related,03 - P.D. only,04 - Sideswipe,02 - Rain,01 - Daylight,02 - Wet,01 - Traffic signal,01 - Functioning,2,0,0,0,,0,,,,,372093.7122,5032472.588,45.42894917,-75.63999932,7126
20--7619,2020/10/07,10:24 PM,COLONEL BY DR @ HAWTHORNE AVE/PRETORIA BRIDGE (0002122),2122,03 - At intersection,03 - P.D. only,02 - Angle,01 - Clear,07 - Dark,01 - Dry,01 - Traffic signal,01 - Functioning,2,0,0,0,,0,,,,,368767.6958,5030525.604,45.41174301,-75.68275349,7127
20--762,2020/01/17,3:08 PM,CAMPEAU DR btwn TERRY FOX DR & HERLIHEY WAY (__5ZYNI8),__5ZYNI8,04 - At/near private drive,03 - P.D. only,05 - Turning movement,01 - Clear,01 - Daylight,02 - Wet,10 - No control,,2,0,0,0,,0,,,,,350475.5088,5019085.299,45.310234,-75.91749582,7128
20--7620,2020/10/07,11:00 AM,MERIVALE RD @ 170 N OF HUNTCLUB RD/COSTCO/CANA (0004681),4681,03 - At intersection,03 - P.D. only,05 - Turning movement,02 - Rain,01 - Daylight,02 - Wet,01 - Traffic signal,01 - Functioning,2,0,0,0,,0,,,,,365548.5258,5022100.097,45.33621876,-75.72491382,7129
20--7621,2020/10/07,11:04 AM,INNES RD @ TRIM RD (0012870),12870,03 - At intersection,03 - P.D. only,02 - Angle,02 - Rain,01 - Daylight,02 - Wet,01 - Traffic signal,01 - Functioning,2,0,0,0,,0,,,,,386566.1571,5037273.202,45.47059822,-75.45427458,7130
20--7622,2020/10/07,11:33 AM,CARLING AVE @ CLYDE AVE/COLE AVE (0006984),6984,02 - Intersection related,02 - Non-fatal injury,03 - Rear end,01 - Clear,01 - Daylight,01 - Dry,01 - Traffic signal,01 - Functioning,2,0,0,0,02 - Minor,1,,1,,,363520.6905,5026850.542,45.37913538,-75.75022024,7131
20--7623,2020/10/07,11:38 AM,HIGHWAY 7 btwn HWY 7 HAZELDEAN RD IC RAMP 52 & HAZELDEAN RD (__7JQ7LI),__7JQ7LI,01 - Non intersection,03 - P.D. only,07 - SMV other,02 - Rain,01 - Daylight,02 - Wet,10 - No control,,1,0,0,0,,0,,,,,346264.3797,5011882.541,45.24568194,-75.97180003,7132
20--7624,2020/10/07,12:30 PM,STATION RD btwn MARCH RD & END (__3ZA2UD),__3ZA2UD,04 - At/near private drive,03 - P.D. only,02 - Angle,01 - Clear,01 - Daylight,01 - Dry,10 - No control,,2,0,0,0,,0,,,,,350468.8176,5022023.431,45.33667247,-75.91731019,7133
20--7625,2020/10/07,2:10 PM,BLAIR RD @ OGILVIE RD (0004120),4120,02 - Intersection related,03 - P.D. only,03 - Rear end,01 - Clear,01 - Daylight,01 - Dry,01 - Traffic signal,01 - Functioning,2,0,0,0,,0,,,,,374507.7267,5033198.573,45.43524476,-75.60904959,7134
20--7626,2020/10/07,2:41 PM,JEANNE D'ARC BLVD @ VORLAGE DR W/VOYAGEUR WAY (0004394),4394,02 - Intersection related,03 - P.D. only,04 - Sideswipe,01 - Clear,01 - Daylight,02 - Wet,01 - Traffic signal,01 - Functioning,2,0,0,0,,0,,,,,379267.7291,5037741.592,45.47562877,-75.54753118,7135
20--7627,2020/10/07,3:02 PM,VIEWMOUNT DR btwn GLENMANOR DR & MERIVALE RD (__3ZAASQ),__3ZAASQ,04 - At/near private drive,03 - P.D. only,02 - Angle,02 - Rain,01 - Daylight,02 - Wet,10 - No control,,2,0,0,0,,0,,,,,365110.9254,5022902.304,45.34347467,-75.73039884,7136
20--7628,2020/10/07,4:08 PM,JOCKVALE RD @ EXETER DR/TARTAN DR (0010065),10065,02 - Intersection related,02 - Non-fatal injury,03 - Rear end,01 - Clear,01 - Daylight,02 - Wet,11 - Roundabout,01 - Functioning,2,0,0,0,01 - Minimal,1,1,,,,363323.6714,5014773.409,45.27048246,-75.75416309,7137
20--7629,2020/10/07,4:29 PM,ISABELLA ST/HWY417 IC119AR75 @ METCALFE ST (0011380),11380,02 - Intersection related,02 - Non-fatal injury,03 - Rear end,02 - Rain,01 - Daylight,02 - Wet,01 - Traffic signal,01 - Functioning,2,0,0,0,02 - Minor,1,,1,,,368448.6992,5030399.57,45.41063808,-75.68684483,7138
20--763,2020/01/17,3:15 PM,CARLING AVE @ CIVIC HOSPITAL (0008793),8793,03 - At intersection,03 - P.D. only,05 - Turning movement,01 - Clear,01 - Daylight,01 - Dry,01 - Traffic signal,01 - Functioning,2,0,0,0,,0,,,,,365791.6008,5028278.061,45.39178587,-75.7210502,7139
20--7437,2020/09/28,8:30 PM,HIGHWAY 417 btwn HWY417 IC124 RAMP65 & HWY417 IC122 RAMP51 (__3ZA2R8),__3ZA2R8,01 - Non intersection,03 - P.D. only,04 - Sideswipe,01 - Clear,07 - Dark,01 - Dry,10 - No control,,3,0,0,0,,0,,,,,364692.9624,5027879.335,45.38829303,-75.7351285,7140
20--7795,2020/10/14,2:41 PM,BASELINE RD/HERON RD @ PRINCE OF WALES DR (0002345),2345,02 - Intersection related,02 - Non-fatal injury,03 - Rear end,01 - Clear,01 - Daylight,01 - Dry,01 - Traffic signal,01 - Functioning,2,0,0,0,01 - Minimal,1,1,,,,366873.7095,5026438.531,45.37513915,-75.70746276,7141
20--7977,2020/10/22,6:59 AM,NICHOLAS ST SB btwn RAMP & LAURIER AVE E (__3ZAZP6),__3ZAZP6,01 - Non intersection,03 - P.D. only,03 - Rear end,01 - Clear,03 - Dawn,01 - Dry,10 - No control,,2,0,0,0,,0,,,,,368325.8144,5031885.476,45.42401893,-75.68822305,7142
20--7630,2020/10/07,4:30 PM,HAWTHORNE RD @ HUNT CLUB RD (0007651),7651,02 - Intersection related,03 - P.D. only,04 - Sideswipe,01 - Clear,01 - Daylight,01 - Dry,01 - Traffic signal,01 - Functioning,2,0,0,0,,0,,,,,375507.7538,5026406.529,45.37403317,-75.59724354,7143
20--7631,2020/10/07,4:55 PM,REGIONAL ROAD 174 btwn OR174 IC105 RAMP51 & OR174 IC105 RAMP35 (__3ZA2XC),__3ZA2XC,01 - Non intersection,03 - P.D. only,04 - Sideswipe,01 - Clear,01 - Daylight,01 - Dry,10 - No control,,2,0,0,0,,0,,,,,379231.123,5036901.345,45.46807278,-75.5481266,7144
20--7632,2020/10/07,5:21 PM,HIGHWAY 417 btwn HWY417 IC127 RAMP67 & HWY417 IC126 RAMP16 (__3ZA2X0),__3ZA2X0,01 - Non intersection,03 - P.D. only,04 - Sideswipe,02 - Rain,01 - Daylight,02 - Wet,10 - No control,,2,0,0,0,,0,,,,,362917.01,5025525.522,45.36726334,-75.75808365,7145
20--7633,2020/10/07,5:45 AM,HIGHWAY 417 btwn Continuation of HIGHWAY 417 & HWY417 IC134 RAMP51 (__3ZA29B),__3ZA29B,01 - Non intersection,03 - P.D. only,07 - SMV other,01 - Clear,07 - Dark,01 - Dry,10 - No control,,1,0,0,0,,0,,,,,355869.1434,5021919.573,45.33536567,-75.84842223,7146
20--7634,2020/10/07,5:47 PM,ALBERT ST @ BOOTH ST (0002162),2162,02 - Intersection related,03 - P.D. only,03 - Rear end,02 - Rain,01 - Daylight,02 - Wet,01 - Traffic signal,01 - Functioning,2,0,0,0,,0,,,,,366428.6971,5030626.568,45.41286135,-75.71262085,7147
20--7635,2020/10/07,6:09 PM,CAMPEAU DR btwn TERRY FOX DR & HERLIHEY WAY (__5ZYNI8),__5ZYNI8,04 - At/near private drive,03 - P.D. only,02 - Angle,02 - Rain,01 - Daylight,02 - Wet,10 - No control,,2,0,0,0,,0,,,,,350476.432,5019088.19,45.31025995,-75.91748378,7148
20--7636,2020/10/07,7:39 AM,BASELINE RD @ CENTREPOINTE DR W/COBDEN RD (0002108),2108,02 - Intersection related,02 - Non-fatal injury,03 - Rear end,02 - Rain,01 - Daylight,02 - Wet,01 - Traffic signal,01 - Functioning,2,0,0,0,02 - Minor,2,1,1,,,361633.6819,5023207.511,45.34651126,-75.77473166,7149
20--7637,2020/10/07,7:48 AM,HOPEWELL AVE btwn SENECA ST & LEONARD AVE (__3ZA8GX),__3ZA8GX,01 - Non intersection,03 - P.D. only,06 - SMV unattended vehicle,01 - Clear,03 - Dawn,01 - Dry,10 - No control,,1,0,0,0,,0,,,,,368355.8137,5028258.76,45.39138419,-75.68830726,7150
20--7638,2020/10/07,8:00 PM,EIGHTH LINE RD @ FARMERS WAY (0004353),4353,02 - Intersection related,03 - P.D. only,07 - SMV other,02 - Rain,07 - Dark,02 - Wet,02 - Stop sign,01 - Functioning,1,0,0,0,,0,,,,,383016.632,5023978.61,45.3513906,-75.50177265,7151
20--7639,2020/10/07,8:32 AM,PALLADIUM DR btwn HUNTMAR DR & HWY417 IC142 RAMP25 (__3ZAZW2),__3ZAZW2,04 - At/near private drive,03 - P.D. only,02 - Angle,02 - Rain,01 - Daylight,02 - Wet,10 - No control,,2,0,0,0,,0,,,,,349640.7222,5017329.412,45.2944878,-75.92830022,7152
20--764,2020/01/17,3:27 PM,CARLING AVE @ PINECREST  RD/GREENVIEW AVE (0001630),1630,02 - Intersection related,03 - P.D. only,03 - Rear end,01 - Clear,01 - Daylight,03 - Loose snow,01 - Traffic signal,01 - Functioning,2,0,0,0,,0,,,,,360006.6845,5024632.524,45.35946345,-75.79533346,7153
20--7640,2020/10/07,8:51 AM,PRINCE OF WALES DR @ STRANDHERD DR (0013339),13339,02 - Intersection related,03 - P.D. only,03 - Rear end,02 - Rain,01 - Daylight,02 - Wet,01 - Traffic signal,00 - Unknown,2,0,0,0,,0,,,,,367175.2886,5014824.191,45.27060832,-75.70507556,7154
20--7641,2020/10/07,9:03 AM,BRONSON AVE @ FIRST AVE (0007719),7719,03 - At intersection,03 - P.D. only,02 - Angle,01 - Clear,01 - Daylight,01 - Dry,02 - Stop sign,01 - Functioning,2,0,0,0,,0,,,,,367489.6985,5029236.565,45.40026027,-75.69924336,7155
20--7642,2020/10/07,9:20 AM,CARLING AVE @ BAYSHORE DR/BIRCHDALE AVE (0000021),21,03 - At intersection,03 - P.D. only,05 - Turning movement,02 - Rain,01 - Daylight,02 - Wet,01 - Traffic signal,01 - Functioning,2,0,0,0,,0,,,,,359004.871,5023990.601,45.3537656,-75.8081902,7156
20--7643,2020/10/08,1:45 PM,TENTH LINE RD @ VANGUARD DR (0004632),4632,03 - At intersection,03 - P.D. only,05 - Turning movement,01 - Clear,01 - Daylight,01 - Dry,01 - Traffic signal,01 - Functioning,2,0,0,0,,0,,,,,384072.8394,5035874.663,45.45830291,-75.48638261,7157
20--7644,2020/10/08,11:09 AM,BLAIR RD @ MONTREAL RD (0009277),9277,03 - At intersection,03 - P.D. only,05 - Turning movement,01 - Clear,01 - Daylight,01 - Dry,01 - Traffic signal,01 - Functioning,2,0,0,0,,0,,,,,374019.4092,5034439.68,45.44646007,-75.61511558,7158
20--7645,2020/10/08,11:23 PM,WEST HUNT CLUB RD WB btwn CEDARVIEW RD & GREENBANK RD (__3ZA199),__3ZA199,01 - Non intersection,03 - P.D. only,07 - SMV other,01 - Clear,07 - Dark,01 - Dry,10 - No control,,1,0,0,0,,0,,,,,361042.5228,5020253.566,45.31997933,-75.78261066,7159
20--7646,2020/10/08,11:40 AM,FRASER FIELDS WAY @ STRANDHERD DR (0013567),13567,03 - At intersection,03 - P.D. only,02 - Angle,01 - Clear,01 - Daylight,01 - Dry,02 - Stop sign,01 - Functioning,2,0,0,0,,0,,,,,362949.5871,5013991.964,45.26348201,-75.75902158,7160
20--7647,2020/10/08,Unknown,CHAMPAGNE AVE   S btwn BEECH ST & HICKORY ST (__3ZA024),__3ZA024,01 - Non intersection,03 - P.D. only,06 - SMV unattended vehicle,01 - Clear,00 - Unknown,01 - Dry,10 - No control,,1,0,0,0,,0,,,,,366500.3109,5029098.173,45.39910295,-75.71189724,7161
20--7648,2020/10/08,12:25 PM,ARTHUR ST @ SOMERSET ST (0005109),5109,03 - At intersection,02 - Non-fatal injury,07 - SMV other,01 - Clear,01 - Daylight,01 - Dry,01 - Traffic signal,01 - Functioning,1,0,0,1,02 - Minor,1,,1,,,366829.7111,5030391.56,45.41071138,-75.70752749,7162
20--7649,2020/10/08,12:28 PM,MONTREAL RD @ SHEFFORD RD (0012423),12423,02 - Intersection related,03 - P.D. only,04 - Sideswipe,01 - Clear,01 - Daylight,01 - Dry,01 - Traffic signal,01 - Functioning,2,0,0,0,,0,,,,,376125.7223,5034853.579,45.44997232,-75.58813235,7163
20--765,2020/01/17,3:35 PM,DALMENY RD @ RIVER RD (0012900),12900,03 - At intersection,02 - Non-fatal injury,02 - Angle,01 - Clear,01 - Daylight,01 - Dry,02 - Stop sign,01 - Functioning,2,0,0,0,02 - Minor,1,,1,,,374387.7041,4996968.279,45.10926683,-75.61566108,7164
20--7650,2020/10/08,12:30 PM,TERRY FOX DR btwn 240 S OF EDGEWATER ST & HAZELDEAN RD (__3ZA3DKB),__3ZA3DKB,01 - Non intersection,03 - P.D. only,04 - Sideswipe,01 - Clear,01 - Daylight,01 - Dry,10 - No control,,2,0,0,0,,0,,,,,352122.6587,5017350.031,45.29451057,-75.89665636,7165
20--7651,2020/10/08,12:40 PM,HIGHWAY 417 btwn HWY417 IC124 RAMP67 & HWY417 IC123 RAMP62 (__3ZA2YZ),__3ZA2YZ,01 - Non intersection,03 - P.D. only,03 - Rear end,01 - Clear,01 - Daylight,01 - Dry,10 - No control,,2,0,0,0,,0,,,,,364608.0892,5027780.874,45.38741435,-75.73622422,7166
20--7652,2020/10/08,12:46 AM,HIGHWAY 416 btwn HWY416 IC66 RAMP34 & HWY416 IC72 RAMP53 (__3ZAZM6),__3ZAZM6,01 - Non intersection,02 - Non-fatal injury,07 - SMV other,01 - Clear,07 - Dark,01 - Dry,10 - No control,,1,0,0,0,01 - Minimal,1,1,,,,360291.0721,5017981.038,45.29959082,-75.79244936,7167
20--7653,2020/10/08,2:00 PM,WALKLEY RD btwn MARTHA AVE & AUDREY AVE (__3ZBOFD),__3ZBOFD,01 - Non intersection,03 - P.D. only,03 - Rear end,01 - Clear,01 - Daylight,01 - Dry,10 - No control,,2,0,0,0,,0,,,,,373989.1697,5028097.59,45.38940016,-75.61639262,7168
20--7654,2020/10/08,2:02 PM,ST. LAURENT BLVD @ COVENTRY RD/OGILVIE RD (0002151),2151,02 - Intersection related,03 - P.D. only,04 - Sideswipe,01 - Clear,01 - Daylight,01 - Dry,01 - Traffic signal,01 - Functioning,2,0,0,0,,0,,,,,372305.7221,5031951.575,45.42424091,-75.63736159,7169
20--7655,2020/10/08,2:23 PM,TERRY FOX DR @ EDGEWATER ST/WALTER BAKER PL (0002699),2699,03 - At intersection,03 - P.D. only,05 - Turning movement,01 - Clear,01 - Daylight,01 - Dry,01 - Traffic signal,01 - Functioning,2,0,0,0,,0,,,,,351777.6085,5017613.413,45.2969037,-75.90103041,7170
20--7656,2020/10/08,2:30 PM,MERIVALE RD @ BASIL MACDONALD WAY/MERIVALE MAL (0010301),10301,02 - Intersection related,03 - P.D. only,03 - Rear end,01 - Clear,01 - Daylight,01 - Dry,01 - Traffic signal,01 - Functioning,3,0,0,0,,0,,,,,365097.2779,5023171.232,45.34589562,-75.73054019,7171
20--7657,2020/10/08,2:35 PM,HIGHWAY 417 btwn REGIONAL ROAD 174 & HWY417 IC113 RAMP85 (__3ZA289),__3ZA289,01 - Non intersection,03 - P.D. only,04 - Sideswipe,01 - Clear,01 - Daylight,01 - Dry,10 - No control,,2,0,0,0,,0,,,,,373912.0534,5031722.632,45.42202414,-75.61686924,7172
20--7658,2020/10/08,2:41 PM,HIGHWAY 417 btwn HWY417 IC124 RAMP65 & HWY417 IC122 RAMP51 (__3ZA2R8),__3ZA2R8,01 - Non intersection,03 - P.D. only,03 - Rear end,01 - Clear,01 - Daylight,01 - Dry,10 - No control,,2,0,0,0,,0,,,,,364669.023,5027841.185,45.38795181,-75.73543883,7173
20--7659,2020/10/08,2:41 PM,HIGHWAY 417 btwn HWY417 IC124 RAMP57 & HWY417 IC124 RAMP55 (__3ZA2Y1),__3ZA2Y1,01 - Non intersection,03 - P.D. only,03 - Rear end,01 - Clear,01 - Daylight,01 - Dry,10 - No control,,2,0,0,0,,0,,,,,364405.1968,5027475.105,45.38468039,-75.73885194,7174
20--766,2020/01/17,3:40 PM,WALKLEY RD @ HEATHERINGTON RD (0006928),6928,02 - Intersection related,03 - P.D. only,04 - Sideswipe,01 - Clear,01 - Daylight,01 - Dry,01 - Traffic signal,01 - Functioning,2,0,0,0,,0,,,,,371766.7237,5026794.522,45.37789168,-75.64494878,7175
20--7660,2020/10/08,3:30 PM,METCALFE ST btwn LISGAR ST & COOPER ST (__3ZA345),__3ZA345,01 - Non intersection,03 - P.D. only,04 - Sideswipe,01 - Clear,01 - Daylight,01 - Dry,10 - No control,,2,0,0,0,,0,,,,,367949.2216,5031199.52,45.41788102,-75.69312285,7176
20--7661,2020/10/08,3:54 PM,HIGHWAY 417 btwn HWY417 IC124 RAMP57 & HWY417 IC124 RAMP55 (__3ZA2Y1),__3ZA2Y1,01 - Non intersection,03 - P.D. only,03 - Rear end,01 - Clear,01 - Daylight,01 - Dry,10 - No control,,2,0,0,0,,0,,,,,364312.9876,5027358.355,45.38363774,-75.74004341,7177
20--7662,2020/10/08,3:57 PM,MEADOWLANDS DR/TALLWOOD DR @ WOODROFFE AVE (0000095),95,02 - Intersection related,03 - P.D. only,04 - Sideswipe,01 - Clear,01 - Daylight,01 - Dry,01 - Traffic signal,00 - Unknown,2,0,0,0,,0,,,,,363056.6983,5022730.503,45.34210243,-75.7566299,7178
20--7663,2020/10/08,4:00 PM,INVERNESS AVE btwn GOODWIN AVE & NORMANDY CRES (__3ZAALI),__3ZAALI,04 - At/near private drive,03 - P.D. only,99 - Other,01 - Clear,01 - Daylight,01 - Dry,10 - No control,,2,0,0,0,,0,,,,,366523.0574,5024660.739,45.35917392,-75.71216144,7179
20--7664,2020/10/08,4:30 PM,STITTSVILLE MAIN ST btwn ORVILLE ST & ELM CRES (__3ZA3DW),__3ZA3DW,04 - At/near private drive,03 - P.D. only,07 - SMV other,01 - Clear,01 - Daylight,01 - Dry,10 - No control,,1,0,0,0,,0,,,,,350427.567,5013119.309,45.25655327,-75.91865576,7180
20--7665,2020/10/08,4:34 PM,HIGHWAY 417 btwn HWY417 IC124 RAMP65 & HWY417 IC122 RAMP51 (__3ZA2R8),__3ZA2R8,01 - Non intersection,03 - P.D. only,03 - Rear end,01 - Clear,01 - Daylight,01 - Dry,10 - No control,,2,0,0,0,,0,,,,,364891.705,5028248.839,45.39160073,-75.73254567,7181
20--7666,2020/10/08,4:40 PM,REGIONAL ROAD 174 btwn OR174 IC109 RAMP54 & OR174 IC109 RAMP55 (__3ZA28X),__3ZA28X,01 - Non intersection,03 - P.D. only,03 - Rear end,01 - Clear,01 - Daylight,01 - Dry,10 - No control,,3,0,0,0,,0,,,,,376428.254,5034891.589,45.45028337,-75.58425958,7182