Anom_ID,Accident_Date,Accident_Time,Location,Geo_ID,Accident_Location,Classification_of_Accident,Initial_Impact_Type,Environment_Condition,Light,Road_Surface_Condition,Traffic_Control,Traffic_Control_Condition,No__of_Vehicles,No__of_Bicycles,No__of_Motorcycles,No__of_Pedestrians,Max_Injury,No__of_Injuries,No__of_Minimal,No__of_Minor,No__of_Major,No__of_Fatal,X,Y,Latitude,Longitude,ObjectId
20--7460,2020/09/29,9:39 PM,WOODROFFE AVE @ CRESTHAVEN DR/PAUL METIVIER (0010547),10547,03 - At intersection,02 - Non-fatal injury,02 - Angle,02 - Rain,07 - Dark,02 - Wet,02 - Stop sign,01 - Functioning,2,0,0,0,02 - Minor,1,,1,,,366326.9585,5014853.52,45.27094695,-75.71588221,7264
20--7461,2020/09/30,10:00 PM,CLARKE AVE @ ST. LAURENT BLVD (0007702),7702,02 - Intersection related,03 - P.D. only,03 - Rear end,01 - Clear,07 - Dark,01 - Dry,01 - Traffic signal,01 - Functioning,2,0,0,0,,0,,,,,371734.7238,5033353.584,45.43691041,-75.64446684,7265
20--7462,2020/09/30,10:56 AM,BLAIR RD @ REGIONAL RD 174 N/OR174 IC112 RAMP61 (0003617),3617,02 - Intersection related,03 - P.D. only,03 - Rear end,02 - Rain,01 - Daylight,02 - Wet,01 - Traffic signal,01 - Functioning,2,0,0,0,,0,,,,,374634.73,5032991.578,45.43336966,-75.60745589,7266
20--7463,2020/09/30,11:00 AM,WELLINGTON ST    W btwn SHERBROOKE AVE & PINHEY ST (__3ZA3ZC),__3ZA3ZC,01 - Non intersection,03 - P.D. only,06 - SMV unattended vehicle,02 - Rain,01 - Daylight,02 - Wet,10 - No control,,1,0,0,0,,0,,,,,365445.7179,5029535.073,45.40312622,-75.72531267,7267
20--7464,2020/09/30,11:36 AM,VANIER PKWY NB btwn QUEEN MARY ST & PRESLAND RD (__3ZA4TMA),__3ZA4TMA,01 - Non intersection,03 - P.D. only,04 - Sideswipe,02 - Rain,01 - Daylight,02 - Wet,10 - No control,,2,0,0,0,,0,,,,,370444.9658,5031762.733,45.42271888,-75.66116229,7268
20--7465,2020/09/30,12:23 PM,ALBION RD @ TULLAMORE ST (0013154),13154,03 - At intersection,03 - P.D. only,02 - Angle,01 - Clear,01 - Daylight,01 - Dry,02 - Stop sign,01 - Functioning,2,0,0,0,,0,,,,,375646.9172,5015401.324,45.27499877,-75.59704157,7269
20--7466,2020/09/30,12:40 PM,LOCHELAND CRES btwn WITTINGHAM DR & DEIGHTON CRES (__3ZA1AA),__3ZA1AA,04 - At/near private drive,03 - P.D. only,05 - Turning movement,01 - Clear,01 - Daylight,01 - Dry,10 - No control,,2,0,0,0,,0,,,,,365816.8035,5016491.411,45.28572907,-75.72218183,7270
20--7467,2020/09/30,2:04 PM,STRANDHERD DR @ ANDORA AVE (0010895),10895,02 - Intersection related,02 - Non-fatal injury,03 - Rear end,01 - Clear,01 - Daylight,01 - Dry,01 - Traffic signal,01 - Functioning,2,0,0,0,02 - Minor,1,,1,,,363229.3151,5014304.033,45.26626684,-75.75542071,7271
20--7468,2020/09/30,2:30 PM,TENTH LINE RD @ CHARLEMAGNE BLVD S/DES EPINETT (0003686),3686,02 - Intersection related,03 - P.D. only,04 - Sideswipe,01 - Clear,01 - Daylight,01 - Dry,01 - Traffic signal,01 - Functioning,2,0,0,0,,0,,,,,383640.9751,5036900.456,45.46758093,-75.49173924,7272
20--7469,2020/09/30,2:50 PM,ELGIN ST @ SLATER ST (0002228),2228,03 - At intersection,02 - Non-fatal injury,02 - Angle,02 - Rain,01 - Daylight,02 - Wet,01 - Traffic signal,01 - Functioning,2,0,0,0,03 - Major,1,,,1,,367890.5651,5031646.524,45.42190831,-75.69381501,7273
20--747,2020/01/17,Unknown,BEECH ST btwn LYNWOOD AVE & BAYSWATER PL (__3ZBPIB),__3ZBPIB,01 - Non intersection,03 - P.D. only,06 - SMV unattended vehicle,01 - Clear,00 - Unknown,05 - Packed snow,10 - No control,,1,0,0,0,,0,,,,,366053.578,5028999.921,45.39825813,-75.71761506,7274
20--7470,2020/09/30,3:05 PM,BARRAN ST @ FALLOWFIELD RD (0000626),626,02 - Intersection related,03 - P.D. only,03 - Rear end,01 - Clear,01 - Daylight,01 - Dry,02 - Stop sign,01 - Functioning,2,0,0,0,,0,,,,,362292.6745,5016244.43,45.28380382,-75.76713085,7275
20--7471,2020/09/30,3:10 PM,INNES RD @ TENTH LINE RD (0004633),4633,02 - Intersection related,03 - P.D. only,03 - Rear end,02 - Rain,01 - Daylight,02 - Wet,01 - Traffic signal,01 - Functioning,3,0,0,0,,0,,,,,383951.7601,5036159.555,45.46087983,-75.48788468,7276
20--7472,2020/09/30,3:13 PM,HIGHWAY 417 btwn HWY417 IC115 RAMP61 & REGIONAL ROAD 174 (__3ZA2XG),__3ZA2XG,01 - Non intersection,03 - P.D. only,07 - SMV other,02 - Rain,01 - Daylight,02 - Wet,10 - No control,,1,0,0,0,,0,,,,,373256.6161,5031718.614,45.42205243,-75.62524415,7277
20--7473,2020/09/30,3:26 PM,ELGIN ST @ QUEEN ST (0007144),7144,03 - At intersection,03 - P.D. only,07 - SMV other,02 - Rain,01 - Daylight,02 - Wet,01 - Traffic signal,01 - Functioning,1,0,0,0,,0,,,,,367804.6981,5031779.58,45.42311324,-75.69489511,7278
20--7474,2020/09/30,3:35 PM,REGIONAL ROAD 174 btwn OR174 IC109 RAMP54 & OR174 IC109 RAMP55 (__3ZA28X),__3ZA28X,01 - Non intersection,03 - P.D. only,03 - Rear end,02 - Rain,01 - Daylight,02 - Wet,10 - No control,,2,0,0,0,,0,,,,,376448.2401,5034935.266,45.4506743,-75.58399774,7279
20--7475,2020/09/30,3:39 PM,REGIONAL ROAD 174 btwn OR174 IC112 RAMP36 & OR174 IC112 RAMP26 (__3ZAZFK),__3ZAZFK,01 - Non intersection,03 - P.D. only,03 - Rear end,02 - Rain,01 - Daylight,02 - Wet,10 - No control,,3,0,0,0,,0,,,,,374612.5726,5032702.307,45.43076917,-75.60778006,7280
20--7476,2020/09/30,3:40 PM,REGIONAL ROAD 174 btwn HWY417 IC113 RAMP67 & Continuation of REGIONAL  (__3ZA28A),__3ZA28A,01 - Non intersection,03 - P.D. only,03 - Rear end,01 - Clear,01 - Daylight,01 - Dry,10 - No control,,2,0,0,0,,0,,,,,373586.8412,5031935.817,45.42397432,-75.62099462,7281
20--7477,2020/09/30,3:42 PM,ALBERT ST @ ELGIN ST/MACKENZIE KING BRIDGE (0002226),2226,02 - Intersection related,03 - P.D. only,03 - Rear end,01 - Clear,01 - Daylight,01 - Dry,01 - Traffic signal,01 - Functioning,2,0,0,0,,0,,,,,367850.7024,5031711.568,45.42249715,-75.69431601,7282
20--7478,2020/09/30,3:49 PM,CARLING AVE @ MOODIE DR/JAMES CUMMINGS AVE W (0000158),158,03 - At intersection,03 - P.D. only,05 - Turning movement,01 - Clear,01 - Daylight,01 - Dry,01 - Traffic signal,01 - Functioning,2,0,0,0,,0,,,,,356001.4201,5023937.763,45.35351589,-75.84652575,7283
20--7479,2020/09/30,4:22 PM,BRADY AVE btwn HUNTERBROOK ST N & STATEWOOD DR (__5GN1MP),__5GN1MP,01 - Non intersection,03 - P.D. only,06 - SMV unattended vehicle,01 - Clear,01 - Daylight,01 - Dry,10 - No control,,1,0,0,0,,0,,,,,348622.2684,5022828.448,45.34403399,-75.94079791,7284
20--748,2020/01/17,Unknown,PARKDALE AVE btwn RUSKIN ST & INGLEWOOD PL (__3ZBOD1),__3ZBOD1,01 - Non intersection,03 - P.D. only,06 - SMV unattended vehicle,01 - Clear,00 - Unknown,01 - Dry,10 - No control,,1,0,0,0,,0,,,,,365525.1121,5028411.016,45.39300533,-75.72443696,7285
20--7480,2020/09/30,5:00 PM,WOODROFFE AVE btwn FIRESTATION & BASELINE RD (__3ZA34KB),__3ZA34KB,01 - Non intersection,03 - P.D. only,04 - Sideswipe,01 - Clear,01 - Daylight,01 - Dry,10 - No control,,2,0,0,0,,0,,,,,362528.0717,5023826.269,45.35200576,-75.76324685,7286
20--7481,2020/09/30,5:15 PM,JEANNE D'ARC BLVD @ OR174 IC105 RAMP52 (0012417),12417,02 - Intersection related,03 - P.D. only,03 - Rear end,01 - Clear,01 - Daylight,01 - Dry,01 - Traffic signal,00 - Unknown,2,0,0,0,,0,,,,,379455.7382,5036917.581,45.46819488,-75.54525201,7287
20--7482,2020/09/30,6:52 PM,ST. JOSEPH BLVD btwn ST. JEAN ST & BELCOURT BLVD (__3ZA2AP),__3ZA2AP,04 - At/near private drive,03 - P.D. only,03 - Rear end,01 - Clear,05 - Dusk,01 - Dry,10 - No control,,2,0,0,0,,0,,,,,381110.0101,5037293.139,45.47139507,-75.5240408,7288
20--7483,2020/09/30,7:10 PM,HERON RD @ ALTA VISTA DR (0007188),7188,03 - At intersection,03 - P.D. only,05 - Turning movement,01 - Clear,05 - Dusk,01 - Dry,01 - Traffic signal,01 - Functioning,2,0,0,0,,0,,,,,370493.3401,5026902.816,45.37898663,-75.66119155,7289
20--7484,2020/09/30,7:17 PM,HIGHWAY 417 btwn HWY417 IC110 RAMP64 & HWY417 IC104 RAMP16 (__3ZA2W9),__3ZA2W9,01 - Non intersection,03 - P.D. only,07 - SMV other,01 - Clear,07 - Dark,02 - Wet,10 - No control,,1,0,0,0,,0,,,,,379567.0957,5026066.778,45.37055494,-75.54547463,7290
20--7485,2020/09/30,7:45 PM,REGIONAL ROAD 174 btwn OR174 IC105 RAMP51 & OR174 IC105 RAMP35 (__3ZA2XC),__3ZA2XC,01 - Non intersection,03 - P.D. only,07 - SMV other,01 - Clear,05 - Dusk,01 - Dry,10 - No control,,1,0,0,0,,0,,,,,379276.3388,5036926.838,45.46829732,-75.54754457,7291
20--7486,2020/09/30,9:31 PM,REGIONAL ROAD 174 btwn OR174 IC112 RAMP51 & OR174 IC112 RAMP15 (__3ZA2XE),__3ZA2XE,01 - Non intersection,02 - Non-fatal injury,07 - SMV other,01 - Clear,07 - Dark,01 - Dry,10 - No control,,1,0,0,0,03 - Major,1,,,1,,374947.5707,5032933.736,45.43281792,-75.60346627,7292
20--7487,2020/10/01,1:34 PM,HAWTHORNE RD/RUSSELL RD @ WALKLEY RD (0002618),2618,02 - Intersection related,03 - P.D. only,03 - Rear end,02 - Rain,01 - Daylight,02 - Wet,01 - Traffic signal,01 - Functioning,2,0,0,0,,0,,,,,374674.7472,5028499.547,45.39294871,-75.60758133,7293
20--7488,2020/10/01,1:53 PM,POULIN AVE @ RICHMOND RD (0002748),2748,03 - At intersection,02 - Non-fatal injury,05 - Turning movement,01 - Clear,01 - Daylight,01 - Dry,01 - Traffic signal,01 - Functioning,2,0,0,0,01 - Minimal,2,2,,,,360325.6724,5024900.502,45.36184952,-75.79123205,7294
20--7489,2020/10/01,10:48 PM,STAGECOACH RD btwn SNAKE ISLAND RD & HERBERTS CORNERS RD (__3ZA2CV),__3ZA2CV,01 - Non intersection,03 - P.D. only,07 - SMV other,01 - Clear,07 - Dark,01 - Dry,10 - No control,,1,0,0,0,,0,,,,,377902.0906,5007718.453,45.2056401,-75.56943189,7295
20--749,2020/01/17,12:00 PM,CARP RD btwn NEIL AVE & MCCOOEYE LANE (__3ZA3EK),__3ZA3EK,01 - Non intersection,03 - P.D. only,04 - Sideswipe,01 - Clear,01 - Daylight,01 - Dry,10 - No control,,2,0,0,0,,0,,,,,349081.475,5014348.284,45.26769805,-75.93569602,7296
20--7490,2020/10/01,11:15 PM,BANKFIELD RD btwn HWY416 IC57 RAMP24 & HWY416 IC57 RAMP62 (__3ZA1XS),__3ZA1XS,01 - Non intersection,03 - P.D. only,07 - SMV other,01 - Clear,07 - Dark,01 - Dry,10 - No control,,1,0,0,0,,0,,,,,365086.9363,5008239.912,45.21154487,-75.73248568,7297
20--7491,2020/10/01,11:26 AM,FALLOWFIELD RD @ STRANDHERD DR (0005238),5238,02 - Intersection related,03 - P.D. only,03 - Rear end,01 - Clear,01 - Daylight,01 - Dry,01 - Traffic signal,01 - Functioning,2,0,0,0,,0,,,,,360752.2305,5014962.138,45.27238995,-75.78691016,7298
20--7492,2020/10/01,11:30 PM,EARL ARMSTRONG RD @ BOWESVILLE RD (0009411),9411,02 - Intersection related,03 - P.D. only,03 - Rear end,02 - Rain,07 - Dark,02 - Wet,02 - Stop sign,01 - Functioning,2,0,0,0,,0,,,,,372560.7441,5017440.466,45.29365064,-75.63609243,7299
20--7493,2020/10/01,11:50 AM,MERIVALE RD btwn CALDWELL AVE & CENTRAL PARK DR (__3ZA3GW),__3ZA3GW,04 - At/near private drive,03 - P.D. only,02 - Angle,01 - Clear,01 - Daylight,01 - Dry,10 - No control,,2,0,0,0,,0,,,,,364925.612,5026087.516,45.37215064,-75.73237589,7300
20--7494,2020/10/01,Unknown,BELL ST    S btwn POWELL AVE & MACLEAN ST (__3ZA0PJ),__3ZA0PJ,01 - Non intersection,03 - P.D. only,06 - SMV unattended vehicle,01 - Clear,00 - Unknown,01 - Dry,10 - No control,,1,0,0,0,,0,,,,,367209.9156,5029364.316,45.40143473,-75.70280061,7301
20--7495,2020/10/01,Unknown,SCOTT ST btwn TRANSIT & MCRAE AVE (__3ZA4PM),__3ZA4PM,01 - Non intersection,03 - P.D. only,06 - SMV unattended vehicle,01 - Clear,00 - Unknown,01 - Dry,10 - No control,,1,0,0,0,,0,,,,,363422.5364,5028791.635,45.39660925,-75.75124286,7302
20--7496,2020/10/01,12:30 PM,BANK ST @ BLAIS RD (0009264),9264,02 - Intersection related,03 - P.D. only,03 - Rear end,01 - Clear,01 - Daylight,01 - Dry,01 - Traffic signal,01 - Functioning,2,0,0,0,,0,,,,,376154.9114,5019727.498,45.31387269,-75.58994548,7303
20--7497,2020/10/01,3:16 PM,BRONSON AVE @ LAKEVIEW TER (0007216),7216,03 - At intersection,02 - Non-fatal injury,02 - Angle,01 - Clear,01 - Daylight,01 - Dry,02 - Stop sign,01 - Functioning,3,0,0,0,02 - Minor,2,,2,,,367687.7061,5028761.549,45.39596846,-75.69677496,7304
20--7498,2020/10/01,4:20 PM,HAWTHORNE RD @ HUNT CLUB RD (0007651),7651,02 - Intersection related,03 - P.D. only,03 - Rear end,01 - Clear,01 - Daylight,02 - Wet,01 - Traffic signal,01 - Functioning,2,0,0,0,,0,,,,,375507.7458,5026406.532,45.37403319,-75.59724365,7305
20--7499,2020/10/01,4:26 PM,WEST HUNT CLUB RD @ WOODROFFE AVE (0000576),576,02 - Intersection related,03 - P.D. only,04 - Sideswipe,01 - Clear,01 - Daylight,01 - Dry,01 - Traffic signal,01 - Functioning,2,0,0,0,,0,,,,,363670.6838,5021246.489,45.32869813,-75.7489725,7306
20--75,2020/01/03,5:33 AM,MEADOWLANDS DR @ MERIVALE RD (0000625),625,02 - Intersection related,02 - Non-fatal injury,03 - Rear end,01 - Clear,07 - Dark,02 - Wet,01 - Traffic signal,01 - Functioning,2,0,0,0,02 - Minor,2,,2,,,364858.7021,5023725.506,45.35090338,-75.7335171,7307
20--750,2020/01/17,12:20 PM,MCKENNA CASEY DR @ STRANDHERD DR (0009659),9659,02 - Intersection related,03 - P.D. only,03 - Rear end,01 - Clear,01 - Daylight,01 - Dry,02 - Stop sign,01 - Functioning,3,0,0,0,,0,,,,,361911.8079,5013611.349,45.26014223,-75.77228829,7308
20--7500,2020/10/01,4:28 PM,ALBERT ST btwn KENT ST & BANK ST (__3ZA3CA),__3ZA3CA,01 - Non intersection,03 - P.D. only,04 - Sideswipe,01 - Clear,01 - Daylight,01 - Dry,10 - No control,,2,0,0,0,,0,,,,,367342.2431,5031396.017,45.41970356,-75.7008527,7309
20--7501,2020/10/01,5:00 PM,HIGHWAY 417 btwn HWY417 IC124 RAMP57 & HWY417 IC124 RAMP55 (__3ZA2Y1),__3ZA2Y1,01 - Non intersection,03 - P.D. only,03 - Rear end,01 - Clear,01 - Daylight,01 - Dry,10 - No control,,3,0,0,0,,0,,,,,364068.7854,5027034.888,45.38074794,-75.74320033,7310
20--7502,2020/10/01,5:28 PM,COLONIAL RD btwn ROCKDALE RD & HEUVELMANS RD (__3ZA3K5),__3ZA3K5,01 - Non intersection,02 - Non-fatal injury,03 - Rear end,01 - Clear,01 - Daylight,01 - Dry,10 - No control,,2,0,0,0,02 - Minor,1,,1,,,392555.0826,5033115.16,45.43246239,-75.37843696,7311
20--7503,2020/10/01,5:34 PM,ST. LAURENT BLVD btwn MONTREAL RD & CAMIL ST (__3ZA3MQ),__3ZA3MQ,04 - At/near private drive,02 - Non-fatal injury,02 - Angle,01 - Clear,01 - Daylight,01 - Dry,10 - No control,,2,1,0,0,01 - Minimal,1,1,,,,371566.648,5033768.183,45.44065685,-75.64655864,7312
20--7504,2020/10/01,6:15 AM,REGIONAL ROAD 174 EB btwn OR174 IC109 RAMP55 & TRANSIT (__3ZA28V),__3ZA28V,01 - Non intersection,03 - P.D. only,07 - SMV other,01 - Clear,03 - Dawn,01 - Dry,10 - No control,,1,0,0,0,,0,,,,,376473.6418,5034988.005,45.4511462,-75.58366534,7313
20--7505,2020/10/01,6:30 PM,ORTONA AVE btwn FALAISE RD & STORMONT ST (__3ZAA02),__3ZAA02,01 - Non intersection,03 - P.D. only,06 - SMV unattended vehicle,01 - Clear,07 - Dark,01 - Dry,10 - No control,,1,0,0,0,,0,,,,,366951.7774,5024578.571,45.35839671,-75.70670008,7314
20--7506,2020/10/01,6:55 AM,MARCH RD btwn SOLANDT RD & STATION RD (__3ZA3CD),__3ZA3CD,01 - Non intersection,03 - P.D. only,04 - Sideswipe,01 - Clear,03 - Dawn,01 - Dry,10 - No control,,2,0,0,0,,0,,,,,350779.1629,5022387.534,45.33992848,-75.91331685,7315
20--7507,2020/10/01,7:05 PM,CAMBRIAN RD/GOLFLINKS DR W @ LONGFIELDS DR (0009702),9702,03 - At intersection,03 - P.D. only,04 - Sideswipe,01 - Clear,07 - Dark,01 - Dry,11 - Roundabout,01 - Functioning,2,0,0,0,,0,,,,,365382.6891,5013223.41,45.25636122,-75.72811396,7316
20--7508,2020/10/01,7:06 AM,ALBION RD @ LESTER RD (0004175),4175,03 - At intersection,02 - Non-fatal injury,05 - Turning movement,01 - Clear,01 - Daylight,01 - Dry,01 - Traffic signal,01 - Functioning,3,0,0,0,02 - Minor,1,,1,,,372694.7377,5022332.49,45.33765466,-75.63371384,7317
20--7509,2020/10/01,7:30 AM,CONROY RD @ DAVIDSON RD N (0009364),9364,02 - Intersection related,03 - P.D. only,02 - Angle,01 - Clear,01 - Daylight,02 - Wet,02 - Stop sign,01 - Functioning,2,0,0,0,,0,,,,,374573.7521,5023515.454,45.34811415,-75.60957504,7318
20--751,2020/01/17,12:30 PM,HIGHWAY 417 btwn HWY417 IC124 RAMP65 & HWY417 IC122 RAMP51 (__3ZA2R8),__3ZA2R8,01 - Non intersection,03 - P.D. only,03 - Rear end,01 - Clear,01 - Daylight,01 - Dry,10 - No control,,2,0,0,0,,0,,,,,364618.0112,5027759.513,45.3872213,-75.73610012,7319
20--7510,2020/10/01,7:54 AM,BLAIR RD @ MEADOWBROOK RD (0004163),4163,03 - At intersection,03 - P.D. only,05 - Turning movement,01 - Clear,01 - Daylight,01 - Dry,01 - Traffic signal,01 - Functioning,2,0,0,0,,0,,,,,375194.6576,5032311.513,45.42719468,-75.60039767,7320
20--7511,2020/10/01,8:00 AM,HIGHWAY 417 btwn HWY417 IC124 RAMP65 & HWY417 IC122 RAMP51 (__3ZA2R8),__3ZA2R8,01 - Non intersection,03 - P.D. only,04 - Sideswipe,01 - Clear,01 - Daylight,01 - Dry,10 - No control,,2,0,0,0,,0,,,,,364779.4848,5028033.35,45.38967143,-75.73400494,7321
20--7512,2020/10/01,8:13 AM,MERIVALE RD @ EMERALD PLAZA SC (0005311),5311,03 - At intersection,02 - Non-fatal injury,05 - Turning movement,01 - Clear,01 - Daylight,01 - Dry,01 - Traffic signal,01 - Functioning,2,0,0,0,02 - Minor,1,,1,,,364737.3838,5024005.925,45.35343693,-75.73503126,7322
20--7513,2020/10/01,8:13 PM,HIGHWAY 417 btwn HWY417 IC120B RAMP36 & HWY417 IC119B RAMP76 (__3ZA2YU),__3ZA2YU,01 - Non intersection,03 - P.D. only,04 - Sideswipe,01 - Clear,07 - Dark,01 - Dry,10 - No control,,2,0,0,0,,0,,,,,368124.125,5030247.268,45.40929716,-75.69101063,7323
20--7514,2020/10/01,8:30 AM,GALETTA SIDE RD btwn HARBOUR ST & CANON SMITH DR (__3ZA4QE),__3ZA4QE,01 - Non intersection,03 - P.D. only,07 - SMV other,01 - Clear,01 - Daylight,01 - Dry,10 - No control,,1,0,0,0,,0,,,,,329016.7799,5036120.456,45.46459237,-76.19031938,7324
20--7515,2020/10/01,9:00 AM,LAURIER AVE @ QUEEN ELIZABETH DRWY/LAURIER AVE (0011416),11416,02 - Intersection related,03 - P.D. only,03 - Rear end,01 - Clear,01 - Daylight,01 - Dry,01 - Traffic signal,01 - Functioning,2,0,0,0,,0,,,,,368075.7817,5031624.52,45.4216936,-75.69145134,7325
20--7516,2020/10/02,10:00 AM,FALAISE RD @ FISHER AVE (0003207),3207,02 - Intersection related,03 - P.D. only,03 - Rear end,02 - Rain,01 - Daylight,02 - Wet,02 - Stop sign,01 - Functioning,2,0,0,0,,0,,,,,366775.7192,5024561.525,45.35825892,-75.70894919,7326
20--7517,2020/10/02,10:00 PM,HAZELDEAN RD @ HUNTMAR DR/IBER RD (0000075),75,02 - Intersection related,03 - P.D. only,03 - Rear end,01 - Clear,07 - Dark,01 - Dry,01 - Traffic signal,01 - Functioning,3,0,0,0,,0,,,,,350942.5966,5016079.436,45.28315586,-75.91181902,7327
20--7518,2020/10/02,10:10 PM,LIMEBANK RD @ SPRATT RD (0012970),12970,02 - Intersection related,03 - P.D. only,03 - Rear end,01 - Clear,07 - Dark,01 - Dry,01 - Traffic signal,01 - Functioning,2,0,0,0,,0,,,,,369776.9984,5016878.726,45.28885913,-75.67165324,7328
20--7519,2020/10/02,10:13 PM,INDUSTRIAL AVE @ RIVERSIDE DR (0011905),11905,02 - Intersection related,03 - P.D. only,03 - Rear end,01 - Clear,07 - Dark,01 - Dry,01 - Traffic signal,01 - Functioning,2,0,0,0,,0,,,,,370684.7173,5030592.557,45.41216758,-75.65825544,7329
20--752,2020/01/17,12:45 PM,KENT ST @ LISGAR ST (0007733),7733,02 - Intersection related,03 - P.D. only,04 - Sideswipe,01 - Clear,01 - Daylight,03 - Loose snow,02 - Stop sign,00 - Unknown,2,0,0,0,,0,,,,,367437.7015,5030963.572,45.41580402,-75.69968805,7330
20--7520,2020/10/02,10:17 PM,PRINCE OF WALES DR @ WEST HUNT CLUB RD (0000567),567,02 - Intersection related,02 - Non-fatal injury,03 - Rear end,01 - Clear,07 - Dark,01 - Dry,01 - Traffic signal,01 - Functioning,4,0,0,0,02 - Minor,1,,1,,,367458.7106,5021891.507,45.33417393,-75.70057067,7331
20--7521,2020/10/02,10:55 AM,INNES RD @ ORLEANS BLVD (0003611),3611,02 - Intersection related,03 - P.D. only,03 - Rear end,02 - Rain,01 - Daylight,02 - Wet,01 - Traffic signal,01 - Functioning,2,0,0,0,,0,,,,,380460.8072,5034296.409,45.44450347,-75.53280362,7332
20--7522,2020/10/02,Unknown,HARTSMERE DR btwn Continuation of HARTSMERE DR & Continuation of HARTS (__49NTU0),__49NTU0,01 - Non intersection,03 - P.D. only,06 - SMV unattended vehicle,02 - Rain,00 - Unknown,02 - Wet,10 - No control,,1,0,0,0,,0,,,,,351527.1117,5012117.033,45.24746228,-75.90474135,7333
20--7523,2020/10/02,Unknown,PARKDALE AVE btwn GRANT ST & WELLINGTON ST W (__3ZA3ZQ),__3ZA3ZQ,04 - At/near private drive,03 - P.D. only,02 - Angle,01 - Clear,00 - Unknown,01 - Dry,10 - No control,,2,0,0,0,,0,,,,,365143.0441,5029285.525,45.400907,-75.7292092,7334
20--7349,2020/09/25,10:45 AM,BRIDGEPORT AVE btwn CONCH WAY & JETTY DR/OFFLEY RD (e___2K1L),e___2K1L,04 - At/near private drive,03 - P.D. only,02 - Angle,01 - Clear,01 - Daylight,01 - Dry,10 - No control,,2,0,0,0,,0,,,,,369244.437,5008774.316,45.21598548,-75.67949257,7335
20--7260,2020/09/22,1:55 PM,GREENBANK RD @ BERRIGAN DR/WESSEX RD (0004726),4726,02 - Intersection related,03 - P.D. only,03 - Rear end,01 - Clear,01 - Daylight,01 - Dry,01 - Traffic signal,01 - Functioning,2,0,0,0,,0,,,,,363723.6786,5015276.423,45.27497519,-75.74900607,7336
20--7709,2020/10/10,12:28 PM,BANK ST @ RIVERSIDE DR S (0002704),2704,02 - Intersection related,03 - P.D. only,03 - Rear end,01 - Clear,01 - Daylight,01 - Dry,01 - Traffic signal,01 - Functioning,2,0,0,0,,0,,,,,369304.7193,5027894.552,45.3880204,-75.67623733,7337
20--7261,2020/09/22,10:40 AM,PRINCE OF WALES DR @ MERIVALE RD (0000564),564,02 - Intersection related,03 - P.D. only,03 - Rear end,01 - Clear,01 - Daylight,01 - Dry,01 - Traffic signal,01 - Functioning,2,0,0,0,,0,,,,,367449.7102,5017616.471,45.29570859,-75.7012261,7338
20--7797,2020/10/14,3:00 PM,CASCADES AVE btwn KEHOE ST & END (__3ZA5YH),__3ZA5YH,01 - Non intersection,03 - P.D. only,06 - SMV unattended vehicle,01 - Clear,01 - Daylight,01 - Dry,10 - No control,,1,0,0,0,,0,,,,,359665.3753,5025475.712,45.36707723,-75.79959603,7339
20--735,2020/01/16,8:50 PM,CENTREPOINTE DR btwn HEMMINGWOOD WAY & Continuation of CENTREPOINTE DR (__3ZA0AP),__3ZA0AP,01 - Non intersection,02 - Non-fatal injury,06 - SMV unattended vehicle,01 - Clear,07 - Dark,05 - Packed snow,10 - No control,,1,0,0,0,01 - Minimal,1,1,,,,362362.1655,5023147.457,45.34591149,-75.76544306,7340
20--7890,2020/10/18,8:52 PM,UPPER DWYER HILL RD btwn VAUGHAN SIDE RD & CARROLL SIDE RD (__3ZA4QD),__3ZA4QD,01 - Non intersection,03 - P.D. only,07 - SMV other,01 - Clear,07 - Dark,01 - Dry,10 - No control,,1,0,0,0,,0,,,,,332470.0983,5016017.504,45.28356844,-76.14728595,7341
20--771,2020/01/17,4:30 PM,HERON RD btwn SANDALWOOD DR & JEFFERSON ST (__3ZA3AG),__3ZA3AG,01 - Non intersection,03 - P.D. only,99 - Other,01 - Clear,01 - Daylight,01 - Dry,10 - No control,,2,0,0,0,,0,,,,,371564.8154,5027024.765,45.37998259,-75.64749539,7342
20--7529,2020/10/02,2:23 PM,BATHGATE DR btwn DEN HAAG DR & DES PIONNIERS PRIV (__3ZAZZQ),__3ZAZZQ,01 - Non intersection,03 - P.D. only,06 - SMV unattended vehicle,01 - Clear,01 - Daylight,01 - Dry,10 - No control,,1,0,0,0,,0,,,,,373435.0104,5033861.263,45.44131341,-75.62266619,7343
20--7350,2020/09/25,11:20 AM,CATHERINE ST @ METCALFE ST (0011239),11239,02 - Intersection related,03 - P.D. only,03 - Rear end,01 - Clear,01 - Daylight,01 - Dry,01 - Traffic signal,01 - Functioning,2,0,0,0,,0,,,,,368393.7141,5030486.562,45.41142581,-75.68753601,7344