Anom_ID,Accident_Date,Accident_Time,Location,Geo_ID,Accident_Location,Classification_of_Accident,Initial_Impact_Type,Environment_Condition,Light,Road_Surface_Condition,Traffic_Control,Traffic_Control_Condition,No__of_Vehicles,No__of_Bicycles,No__of_Motorcycles,No__of_Pedestrians,Max_Injury,No__of_Injuries,No__of_Minimal,No__of_Minor,No__of_Major,No__of_Fatal,X,Y,Latitude,Longitude,ObjectId
20--799,2020/01/17,9:10 AM,HUNT CLUB RD @ LORRY GREENBERG DR/SABLE RIDGE  (0008203),8203,02 - Intersection related,03 - P.D. only,03 - Rear end,01 - Clear,01 - Daylight,06 - Ice,01 - Traffic signal,01 - Functioning,2,0,0,0,,0,,,,,372823.7226,5024807.517,45.35991157,-75.63172785,7917
20--7990,2020/10/23,2:50 PM,HIGHWAY 417 btwn HWY417 IC124 RAMP57 & HWY417 IC124 RAMP55 (__3ZA2Y1),__3ZA2Y1,01 - Non intersection,03 - P.D. only,03 - Rear end,01 - Clear,01 - Daylight,01 - Dry,10 - No control,,3,0,0,0,,0,,,,,364387.4849,5027452.171,45.38447554,-75.73908087,7918
20--7991,2020/10/23,3:33 PM,FISHER AVE @ TUNIS AVE (0006208),6208,03 - At intersection,03 - P.D. only,02 - Angle,01 - Clear,01 - Daylight,01 - Dry,01 - Traffic signal,01 - Functioning,2,0,0,0,,0,,,,,365496.6831,5027596.54,45.38567931,-75.72490019,7919
20--7992,2020/10/23,3:48 PM,NAVAHO DR btwn NAVAHO DR & DEERFIELD DR (__3ZBOKA),__3ZBOKA,04 - At/near private drive,03 - P.D. only,05 - Turning movement,01 - Clear,01 - Daylight,01 - Dry,10 - No control,,2,0,0,1,,0,,,,,363122.7851,5024030.864,45.35379747,-75.75563334,7920
20--7993,2020/10/23,3:56 PM,AHEARN AVE btwn DOANE ST & RITCHIE ST (__3ZABVE),__3ZABVE,01 - Non intersection,03 - P.D. only,06 - SMV unattended vehicle,01 - Clear,01 - Daylight,01 - Dry,10 - No control,,1,0,0,0,,0,,,,,359391.4433,5024534.554,45.35863009,-75.80319672,7921
20--7994,2020/10/23,4:00 PM,COVENTRY RD @ VANIER PKWY (0002139),2139,02 - Intersection related,03 - P.D. only,04 - Sideswipe,01 - Clear,01 - Daylight,01 - Dry,01 - Traffic signal,01 - Functioning,2,0,0,0,,0,,,,,370676.3835,5031611.702,45.42133821,-75.65822566,7922
20--7995,2020/10/23,4:00 PM,CARP RD btwn RICHARDSON SIDE RD & HWY417 IC144 RAMP62 (__3ZA3FS),__3ZA3FS,01 - Non intersection,03 - P.D. only,03 - Rear end,01 - Clear,01 - Daylight,01 - Dry,10 - No control,,2,0,0,0,,0,,,,,347102.1153,5016146.43,45.28400031,-75.96076576,7923
20--7996,2020/10/23,4:22 PM,PRINCE OF WALES DR btwn WELLSMERE CRT & TURN LANE (__3ZA2Y6),__3ZA2Y6,01 - Non intersection,02 - Non-fatal injury,04 - Sideswipe,01 - Clear,01 - Daylight,01 - Dry,10 - No control,,2,1,0,0,02 - Minor,1,,1,,,367396.3211,5022276.386,45.33764257,-75.7013179,7924
20--7997,2020/10/23,4:51 PM,ST. LAURENT BLVD btwn BELFAST RD & INDUSTRIAL AVE (__3ZA3R8),__3ZA3R8,01 - Non intersection,02 - Non-fatal injury,03 - Rear end,01 - Clear,01 - Daylight,01 - Dry,10 - No control,,2,0,0,0,02 - Minor,1,,1,,,373022.1759,5030190.88,45.40832951,-75.62845102,7925
20--7998,2020/10/23,4:57 PM,HUNT CLUB RD @ RIVERSIDE DR (0002237),2237,02 - Intersection related,03 - P.D. only,03 - Rear end,01 - Clear,01 - Daylight,01 - Dry,01 - Traffic signal,01 - Functioning,2,0,0,0,,0,,,,,368036.6977,5021945.495,45.33460785,-75.69319027,7926
20--7999,2020/10/23,5:00 PM,HIGHWAY 417 btwn HWY417 IC126 RAMP25 & HWY417 IC124 RAMP57 (__3ZA2R5),__3ZA2R5,01 - Non intersection,03 - P.D. only,03 - Rear end,01 - Clear,01 - Daylight,01 - Dry,10 - No control,,4,0,0,0,,0,,,,,363802.8849,5026679.685,45.37757432,-75.74663775,7927
20--80,2020/01/03,6:30 PM,TRENTON AVE @ MERIVALE RD (0002734),2734,03 - At intersection,03 - P.D. only,03 - Rear end,01 - Clear,07 - Dark,02 - Wet,02 - Stop sign,01 - Functioning,2,0,0,0,,0,,,,,364887.705,5026361.516,45.3746193,-75.73282647,7928
20--800,2020/01/17,9:13 AM,PRESTONE DR @ ST. JOSEPH BLVD (0003551),3551,03 - At intersection,02 - Non-fatal injury,07 - SMV other,01 - Clear,01 - Daylight,01 - Dry,01 - Traffic signal,01 - Functioning,1,0,0,1,01 - Minimal,1,1,,,,382325.7405,5038273.58,45.48008232,-75.50833994,7929
20--8000,2020/10/23,5:02 PM,CALAVERAS AVE @ LONGFIELDS DR (0010987),10987,03 - At intersection,02 - Non-fatal injury,02 - Angle,01 - Clear,01 - Daylight,01 - Dry,02 - Stop sign,01 - Functioning,2,1,0,0,01 - Minimal,1,1,,,,364360.3121,5015493.944,45.2768788,-75.74086666,7930
20--8001,2020/10/23,5:05 PM,BANK ST btwn PARKWAY RD & MEADOW DR (__3ZA28M),__3ZA28M,04 - At/near private drive,03 - P.D. only,02 - Angle,01 - Clear,01 - Daylight,01 - Dry,10 - No control,,2,0,0,0,,0,,,,,378925.5764,5014111.506,45.26305555,-75.55545248,7931
20--8002,2020/10/23,5:31 PM,CYRVILLE RD @ INNES RD (0009352),9352,03 - At intersection,03 - P.D. only,02 - Angle,01 - Clear,01 - Daylight,01 - Dry,01 - Traffic signal,01 - Functioning,2,0,0,0,,0,,,,,375047.7335,5031119.568,45.41648498,-75.602445,7932
20--8003,2020/10/23,6:04 PM,CASTLEFRANK RD @ TERRY FOX DR (0011757),11757,02 - Intersection related,03 - P.D. only,03 - Rear end,01 - Clear,01 - Daylight,01 - Dry,01 - Traffic signal,01 - Functioning,2,0,0,0,,0,,,,,352994.0066,5016304.812,45.2850462,-75.88564923,7933
20--8004,2020/10/23,6:35 AM,BOUNDARY RD @ THUNDER RD (0004215),4215,02 - Intersection related,03 - P.D. only,02 - Angle,01 - Clear,03 - Dawn,01 - Dry,02 - Stop sign,01 - Functioning,2,0,0,0,,0,,,,,387598.8386,5023364.501,45.34533935,-75.4434055,7934
20--8005,2020/10/23,6:43 AM,ALBION RD @ HUNT CLUB RD (0006974),6974,02 - Intersection related,03 - P.D. only,03 - Rear end,01 - Clear,03 - Dawn,01 - Dry,01 - Traffic signal,01 - Functioning,2,0,0,0,,0,,,,,371867.7371,5024320.524,45.35562188,-75.64399499,7935
20--8006,2020/10/23,7:23 PM,FERNBANK RD @ SHEA RD (0000399),399,03 - At intersection,03 - P.D. only,03 - Rear end,01 - Clear,07 - Dark,01 - Dry,11 - Roundabout,01 - Functioning,2,0,0,0,,0,,,,,352117.5963,5013181.434,45.25700066,-75.89711823,7936
20--8007,2020/10/23,7:32 PM,FAUBERT ST @ REGIONAL RD 174 (0012886),12886,02 - Intersection related,02 - Non-fatal injury,03 - Rear end,01 - Clear,07 - Dark,01 - Dry,02 - Stop sign,01 - Functioning,4,0,0,0,02 - Minor,1,,1,,,390281.7785,5042682.57,45.51882035,-75.40582103,7937
20--8008,2020/10/23,7:34 PM,GREENBANK RD @ MEADOWBANK DR (0001123),1123,02 - Intersection related,03 - P.D. only,04 - Sideswipe,01 - Clear,07 - Dark,01 - Dry,02 - Stop sign,00 - Unknown,2,0,0,0,,0,,,,,360765.6763,5022186.505,45.33739406,-75.78592312,7938
20--8009,2020/10/23,7:51 PM,BASELINE RD @ GREENBANK RD (0002357),2357,02 - Intersection related,02 - Non-fatal injury,04 - Sideswipe,01 - Clear,07 - Dark,01 - Dry,01 - Traffic signal,01 - Functioning,2,0,0,0,02 - Minor,1,,1,,,360597.6775,5022584.503,45.34098862,-75.7880216,7939
20--801,2020/01/17,9:14 PM,HIGHWAY 416 btwn HWY416 IC66 RAMP34 & HWY416 IC72 RAMP53 (__3ZAZM6),__3ZAZM6,01 - Non intersection,03 - P.D. only,07 - SMV other,01 - Clear,07 - Dark,01 - Dry,10 - No control,,1,0,0,0,,0,,,,,359631.9953,5017056.953,45.29132757,-75.8009546,7940
20--8010,2020/10/23,8:00 AM,ORLEANS BLVD btwn DU SOMMET PL & JEANNE D'ARC BLVD S (__3ZBOGL),__3ZBOGL,01 - Non intersection,03 - P.D. only,04 - Sideswipe,01 - Clear,01 - Daylight,01 - Dry,10 - No control,,2,0,0,0,,0,,,,,380912.9471,5036335.429,45.46279988,-75.52670906,7941
20--8011,2020/10/23,8:05 PM,HALIFAX DR btwn CANTERBURY AVE & BINGHAM ST (__3ZA73Q),__3ZA73Q,01 - Non intersection,03 - P.D. only,06 - SMV unattended vehicle,01 - Clear,07 - Dark,01 - Dry,10 - No control,,1,0,0,0,,0,,,,,373289.4343,5028097.422,45.38946742,-75.62532784,7942
20--8012,2020/10/23,8:20 PM,KING EDWARD AVE @ ST. PATRICK ST (0002714),2714,02 - Intersection related,02 - Non-fatal injury,04 - Sideswipe,01 - Clear,07 - Dark,01 - Dry,01 - Traffic signal,01 - Functioning,2,0,0,0,02 - Minor,1,,1,,,368248.6983,5032823.588,45.43246673,-75.68908753,7943
20--8013,2020/10/23,8:35 AM,ST. JOSEPH BLVD/OLD MONTREAL RD @ TRIM RD (0004118),4118,03 - At intersection,03 - P.D. only,02 - Angle,01 - Clear,01 - Daylight,01 - Dry,11 - Roundabout,01 - Functioning,2,0,0,0,,0,,,,,384682.7609,5039285.577,45.48892158,-75.47803056,7944
20--8014,2020/10/23,8:43 PM,MCARTHUR AVE @ VANIER PKWY (0004626),4626,02 - Intersection related,03 - P.D. only,03 - Rear end,01 - Clear,07 - Dark,01 - Dry,01 - Traffic signal,01 - Functioning,2,0,0,0,,0,,,,,370218.7024,5032690.578,45.43108845,-75.66393002,7945
20--8015,2020/10/23,8:49 PM,HIGHWAY 417 btwn HWY417 IC155 RAMP25 & RAMP (__3ZAZN1),__3ZAZN1,01 - Non intersection,03 - P.D. only,03 - Rear end,01 - Clear,07 - Dark,01 - Dry,10 - No control,,2,0,0,0,,0,,,,,340281.2624,5019117.902,45.31111642,-76.04749704,7946
20--8016,2020/10/23,9:30 AM,EAGLEHEAD CRES btwn KIMPTON DR & KIMPTON DR/GERANIUM WALK (e___2JK1),e___2JK1,01 - Non intersection,03 - P.D. only,06 - SMV unattended vehicle,01 - Clear,01 - Daylight,01 - Dry,10 - No control,,1,0,0,0,,0,,,,,348815.878,5014949.774,45.27312715,-75.9390272,7947
20--8017,2020/10/24,1:20 AM,FRANK KENNY RD btwn INNES RD & FRENCH HILL RD (__61W6X7),__61W6X7,01 - Non intersection,03 - P.D. only,07 - SMV other,01 - Clear,07 - Dark,01 - Dry,10 - No control,,1,0,0,0,,0,,,,,387612.9708,5037481.882,45.47235236,-75.44085377,7948
20--8018,2020/10/24,10:03 PM,ALBION RD @ RIDEAU RD (0009356),9356,02 - Intersection related,03 - P.D. only,03 - Rear end,01 - Clear,07 - Dark,01 - Dry,01 - Traffic signal,01 - Functioning,2,0,0,0,,0,,,,,375092.7509,5016674.458,45.28650964,-75.60392335,7949
20--8019,2020/10/24,10:24 PM,CHECKERS RD btwn CALDER AVE & FIELD ST (__3ZBOMJ),__3ZBOMJ,01 - Non intersection,03 - P.D. only,06 - SMV unattended vehicle,01 - Clear,07 - Dark,01 - Dry,10 - No control,,1,0,0,0,,0,,,,,362418.3656,5024366.537,45.35687607,-75.76458389,7950
20--802,2020/01/17,9:20 AM,BEAVERBROOK RD btwn WESLOCK WAY & COADY WAY (__3ZBO9D),__3ZBO9D,01 - Non intersection,02 - Non-fatal injury,01 - Approaching,01 - Clear,01 - Daylight,01 - Dry,10 - No control,,2,0,0,0,02 - Minor,1,,1,,,350961.4625,5020914.406,45.32666098,-75.91112827,7951
20--8020,2020/10/24,10:24 PM,CHECKERS RD btwn CALDER AVE & FIELD ST (__3ZBOMJ),__3ZBOMJ,01 - Non intersection,03 - P.D. only,06 - SMV unattended vehicle,01 - Clear,07 - Dark,01 - Dry,10 - No control,,1,0,0,0,,0,,,,,362503.1044,5024155.414,45.35496943,-75.76352705,7952
20--8021,2020/10/24,10:24 PM,FIELD ST btwn MAJOR ST & BERWICK AVE (__3ZAAXU),__3ZAAXU,01 - Non intersection,03 - P.D. only,06 - SMV unattended vehicle,01 - Clear,07 - Dark,01 - Dry,10 - No control,,1,0,0,0,,0,,,,,362686.8536,5024437.936,45.35749639,-75.76114895,7953
20--8022,2020/10/24,10:24 PM,FIELD ST btwn IRIS ST & CALDER AVE (__3ZAAL4),__3ZAAL4,01 - Non intersection,03 - P.D. only,06 - SMV unattended vehicle,01 - Clear,07 - Dark,01 - Dry,10 - No control,,1,0,0,0,,0,,,,,362613.2862,5024618.819,45.35913003,-75.76206671,7954
20--8023,2020/10/24,10:26 PM,FIELD ST btwn IRIS ST & CALDER AVE (__3ZAAL4),__3ZAAL4,01 - Non intersection,03 - P.D. only,06 - SMV unattended vehicle,01 - Clear,07 - Dark,01 - Dry,10 - No control,,1,0,0,0,,0,,,,,362610.3542,5024626.693,45.35920113,-75.76210321,7955
20--8024,2020/10/24,11:22 AM,WEST HUNT CLUB RD EB btwn ROYDON PL/SUNDERLAND ST & 545 E OF ROYDON PL (__3ZA3JPA),__3ZA3JPA,04 - At/near private drive,02 - Non-fatal injury,07 - SMV other,01 - Clear,01 - Daylight,01 - Dry,10 - No control,,1,0,0,0,02 - Minor,1,,1,,,366147.9214,5022265.897,45.33765845,-75.71724633,7956
20--8025,2020/10/24,Unknown,FAIRLEA CRES btwn HEATHERINGTON RD & GORE PRIV (__3ZBORS),__3ZBORS,01 - Non intersection,03 - P.D. only,06 - SMV unattended vehicle,01 - Clear,00 - Unknown,01 - Dry,10 - No control,,1,0,0,0,,0,,,,,372077.2837,5026589.985,45.37602159,-75.64101177,7957
20--8026,2020/10/24,Unknown,BLASDELL AVE btwn MARTIN AVE & CRISPIN PRIV (__3ZA853),__3ZA853,01 - Non intersection,03 - P.D. only,06 - SMV unattended vehicle,01 - Clear,00 - Unknown,01 - Dry,10 - No control,,1,0,0,0,,0,,,,,371328.2216,5035315.315,45.45459994,-75.64939677,7958
20--8027,2020/10/24,2:15 PM,INNES RD @ LANTHIER DR/PRESTWICK DR (0004251),4251,02 - Intersection related,03 - P.D. only,03 - Rear end,01 - Clear,01 - Daylight,01 - Dry,01 - Traffic signal,00 - Unknown,2,0,0,0,,0,,,,,383540.7682,5035988.552,45.45938774,-75.49316661,7959
20--8028,2020/10/24,2:15 PM,JEANNE D'ARC BLVD @ ORLEANS BLVD S (0004154),4154,02 - Intersection related,03 - P.D. only,04 - Sideswipe,01 - Clear,01 - Daylight,01 - Dry,01 - Traffic signal,01 - Functioning,2,0,0,0,,0,,,,,380940.7504,5036250.569,45.46203335,-75.52636673,7960
20--8029,2020/10/24,2:16 PM,SULLIVAN AVE @ VIEWMOUNT DR (0001047),1047,02 - Intersection related,03 - P.D. only,99 - Other,01 - Clear,01 - Daylight,01 - Dry,02 - Stop sign,00 - Unknown,2,0,0,0,,0,,,,,364025.6989,5022604.507,45.34088759,-75.74428137,7961
20--803,2020/01/17,9:31 AM,FISHER AVE @ MEADOWLANDS DR (0002120),2120,02 - Intersection related,03 - P.D. only,03 - Rear end,03 - Snow,01 - Daylight,04 - Slush,01 - Traffic signal,01 - Functioning,2,0,0,0,,0,,,,,366575.0538,5025045.447,45.36263086,-75.71144973,7962
20--8030,2020/10/24,3:30 AM,ALBION RD btwn 118 S OF BRENDA CR & CAHILL DR (__3ZA9EVB),__3ZA9EVB,01 - Non intersection,03 - P.D. only,06 - SMV unattended vehicle,02 - Rain,07 - Dark,02 - Wet,10 - No control,,1,0,0,0,,0,,,,,371722.0644,5024677.854,45.35885093,-75.64580567,7963
20--8031,2020/10/24,3:53 AM,ALBION RD @ FINDLAY CREEK DR (0013587),13587,02 - Intersection related,03 - P.D. only,07 - SMV other,02 - Rain,07 - Dark,02 - Wet,01 - Traffic signal,01 - Functioning,1,0,0,0,,0,,,,,374010.0249,5019208.054,45.30941359,-75.61737042,7964
20--8032,2020/10/24,4:12 PM,FOXFIELD DR @ KADEER WAY (0001256),1256,03 - At intersection,03 - P.D. only,02 - Angle,01 - Clear,01 - Daylight,01 - Dry,02 - Stop sign,01 - Functioning,2,0,0,0,,0,,,,,363383.6758,5016224.435,45.28353383,-75.75322721,7965
20--8033,2020/10/24,6:08 AM,WALKLEY RD @ 160 W OF CONROY RD  (0011391),11391,03 - At intersection,02 - Non-fatal injury,05 - Turning movement,02 - Rain,07 - Dark,02 - Wet,01 - Traffic signal,01 - Functioning,2,0,0,0,02 - Minor,2,,2,,,372768.6443,5027383.475,45.38309436,-75.63207635,7966
20--8034,2020/10/24,6:20 PM,DWYER HILL RD btwn GILROY RD & PADEN RD (__3ZAZXG),__3ZAZXG,01 - Non intersection,03 - P.D. only,07 - SMV other,01 - Clear,07 - Dark,01 - Dry,10 - No control,,1,0,0,0,,0,,,,,357885.7143,4985222.686,45.00500527,-75.82659764,7967
20--8035,2020/10/24,7:04 PM,MELANIE CRES btwn SUMNER ST & MCKITRICK DR (1) (__3ZAB1T),__3ZAB1T,01 - Non intersection,03 - P.D. only,06 - SMV unattended vehicle,01 - Clear,05 - Dusk,01 - Dry,10 - No control,,1,0,0,0,,0,,,,,353003.1003,5017305.213,45.29404744,-75.8854361,7968
20--8036,2020/10/24,7:08 PM,HAWTHORNE AVE/ISABELLA ST @ QUEEN ELIZABETH DR (0002105),2105,03 - At intersection,03 - P.D. only,05 - Turning movement,01 - Clear,05 - Dusk,01 - Dry,01 - Traffic signal,01 - Functioning,2,0,0,0,,0,,,,,368665.7087,5030476.572,45.41131115,-75.68406269,7969
20--8037,2020/10/24,8:20 PM,CARLING AVE EB btwn IVANHOE AVE & ALPINE AVE (__3ZA4V2),__3ZA4V2,01 - Non intersection,03 - P.D. only,04 - Sideswipe,01 - Clear,07 - Dark,01 - Dry,10 - No control,,2,0,0,0,,0,,,,,360466.9679,5024903.889,45.36186879,-75.78942822,7970
20--8038,2020/10/24,9:18 PM,TENTH LINE RD @ CHARLEMAGNE BLVD S/DES EPINETT (0003686),3686,03 - At intersection,02 - Non-fatal injury,05 - Turning movement,01 - Clear,07 - Dark,01 - Dry,01 - Traffic signal,01 - Functioning,2,0,0,0,01 - Minimal,2,2,,,,383640.9751,5036900.456,45.46758093,-75.49173924,7971
20--8039,2020/10/24,9:40 PM,BLAIR RD @ INNES RD (0004165),4165,02 - Intersection related,03 - P.D. only,03 - Rear end,01 - Clear,07 - Dark,01 - Dry,01 - Traffic signal,01 - Functioning,3,0,0,0,,0,,,,,375578.7387,5031439.547,45.41931046,-75.59561523,7972
20--804,2020/01/17,9:32 AM,HAZELDEAN RD @ WEST RIDGE DR (0010365),10365,03 - At intersection,03 - P.D. only,07 - SMV other,01 - Clear,01 - Daylight,01 - Dry,01 - Traffic signal,01 - Functioning,1,0,0,0,,0,,,,,348492.576,5013885.427,45.26356992,-75.94324106,7973
20--8040,2020/10/25,1:35 PM,BLACKBURN BYPASS @ INNES RD E (0009245),9245,02 - Intersection related,02 - Non-fatal injury,02 - Angle,01 - Clear,01 - Daylight,01 - Dry,01 - Traffic signal,01 - Functioning,2,0,0,0,02 - Minor,1,,1,,,379791.7482,5033781.577,45.43994349,-75.54143366,7974
20--8041,2020/10/25,1:36 AM,GARDNER ST btwn SELKIRK ST & END (__3ZBOXK),__3ZBOXK,01 - Non intersection,03 - P.D. only,05 - Turning movement,01 - Clear,07 - Dark,01 - Dry,10 - No control,,2,0,0,0,,0,,,,,370114.8666,5032888.4,45.43287807,-75.66523069,7975
20--8042,2020/10/25,1:37 AM,HIGHWAY 417 btwn HWY417 IC110 RAMP55 & HWY417 IC104 RAMP51 (__3ZA2W8),__3ZA2W8,01 - Non intersection,02 - Non-fatal injury,07 - SMV other,01 - Clear,07 - Dark,01 - Dry,10 - No control,,1,0,0,0,02 - Minor,1,,1,,,377582.4386,5026476.846,45.37445343,-75.57074824,7976
20--8043,2020/10/25,1:41 AM,WEST HUNT CLUB RD btwn MOODIE DR & HWY416 IC72 RAMP53 (__3ZA4YJ),__3ZA4YJ,01 - Non intersection,03 - P.D. only,03 - Rear end,01 - Clear,07 - Dark,01 - Dry,10 - No control,,2,0,0,0,,0,,,,,358763.6313,5019002.804,45.30890375,-75.81181265,7977
20--8044,2020/10/25,10:03 PM,GREENBANK RD @ PRINCE OF WALES DR (0001083),1083,02 - Intersection related,02 - Non-fatal injury,07 - SMV other,01 - Clear,07 - Dark,01 - Dry,02 - Stop sign,01 - Functioning,1,0,0,0,02 - Minor,1,,1,,,366201.6893,5009543.388,45.22317736,-75.71813432,7978
20--8045,2020/10/25,10:41 PM,COVENTRY RD btwn ST. LAURENT SC WEST & ST. LAURENT SC EAST (__3ZA2CAB),__3ZA2CAB,01 - Non intersection,03 - P.D. only,07 - SMV other,01 - Clear,07 - Dark,01 - Dry,10 - No control,,1,0,0,0,,0,,,,,371912.7252,5031927.578,45.42406281,-75.6423863,7979
20--8046,2020/10/25,11:32 PM,HIGHWAY 7 btwn RAMP & DWYER HILL RD (__7JQ7LW),__7JQ7LW,01 - Non intersection,03 - P.D. only,07 - SMV other,01 - Clear,07 - Dark,01 - Dry,10 - No control,,1,0,0,0,,0,,,,,340625.1608,5006601.252,45.19846742,-76.04401362,7980
20--8047,2020/10/25,Unknown,AVIATION PKWY @ OGILVIE RD (0004114),4114,02 - Intersection related,03 - P.D. only,03 - Rear end,01 - Clear,00 - Unknown,01 - Dry,01 - Traffic signal,01 - Functioning,2,0,0,0,,0,,,,,373110.7084,5032376.59,45.42798684,-75.62701713,7981
20--8048,2020/10/25,Unknown,FOURTH AVE btwn BANK ST & O'CONNOR ST (__3ZA924),__3ZA924,01 - Non intersection,03 - P.D. only,06 - SMV unattended vehicle,01 - Clear,00 - Unknown,01 - Dry,10 - No control,,1,0,0,0,,0,,,,,368576.2195,5029600.589,45.40343751,-75.68531919,7982
20--8049,2020/10/25,12:20 PM,MANOTICK MAIN ST btwn HIGHCROFT DR & MAPLE AVE (__3ZA387),__3ZA387,04 - At/near private drive,03 - P.D. only,02 - Angle,01 - Clear,01 - Daylight,01 - Dry,10 - No control,,2,0,0,0,,0,,,,,368643.5132,5009969.415,45.22679365,-75.68698951,7983
20--805,2020/01/17,9:37 AM,HAWTHORNE AVE @ MAIN ST (0006919),6919,02 - Intersection related,03 - P.D. only,04 - Sideswipe,03 - Snow,01 - Daylight,02 - Wet,01 - Traffic signal,01 - Functioning,2,0,0,0,,0,,,,,368970.7236,5030632.566,45.41268683,-75.68014596,7984
20--8050,2020/10/25,2:00 PM,MIRAMICHI ST @ WOODROFFE AVE (0002702),2702,02 - Intersection related,02 - Non-fatal injury,03 - Rear end,01 - Clear,01 - Daylight,01 - Dry,02 - Stop sign,01 - Functioning,2,0,0,0,01 - Minimal,3,3,,,,362331.6889,5024318.316,45.3564493,-75.76569572,7985
20--8051,2020/10/25,3:05 PM,BANKFIELD RD btwn FIRST LINE RD & LOCKMASTER CRES (__3ZA2XX),__3ZA2XX,01 - Non intersection,03 - P.D. only,99 - Other,01 - Clear,01 - Daylight,01 - Dry,10 - No control,,3,0,0,0,,0,,,,,367232.1995,5009473.491,45.22245784,-75.70502222,7986
20--8052,2020/10/25,5:20 PM,PLEASANT PARK RD btwn CABOT ST & LESLIE AVE (__3ZA9HD),__3ZA9HD,01 - Non intersection,03 - P.D. only,07 - SMV other,01 - Clear,01 - Daylight,01 - Dry,10 - No control,,1,0,0,0,,0,,,,,369772.7315,5028433.908,45.39283009,-75.67019015,7987
20--8053,2020/10/25,6:32 PM,INDUSTRIAL AVE @ ALTA VISTA DR/SANDFORD FLEMIN (0006979),6979,03 - At intersection,03 - P.D. only,05 - Turning movement,01 - Clear,07 - Dark,01 - Dry,01 - Traffic signal,01 - Functioning,2,0,0,0,,0,,,,,370884.7292,5030557.571,45.41183393,-75.65570505,7988
20--8054,2020/10/25,6:43 PM,INNES RD @ JEANNE D'ARC BLVD/MER BLEUE RD (0012475),12475,03 - At intersection,03 - P.D. only,05 - Turning movement,01 - Clear,07 - Dark,01 - Dry,01 - Traffic signal,01 - Functioning,2,0,0,0,,0,,,,,382637.7445,5035567.556,45.45570117,-75.50477816,7989
20--8055,2020/10/25,7:00 AM,HIGHWAY 416 btwn HWY416 IC75A RAMP26 & HWY416 IC72 RAMP62 (__3ZAZLF),__3ZAZLF,01 - Non intersection,03 - P.D. only,07 - SMV other,01 - Clear,03 - Dawn,01 - Dry,10 - No control,,1,0,0,0,,0,,,,,359091.2555,5021159.85,45.32828774,-75.8073984,7990
20--8056,2020/10/25,8:27 PM,AIRPORT PKWY btwn RAMP & RAMP (4) (__3ZA22T),__3ZA22T,01 - Non intersection,03 - P.D. only,07 - SMV other,01 - Clear,07 - Dark,01 - Dry,10 - No control,,1,0,0,0,,0,,,,,371085.7564,5022715.725,45.34125675,-75.65418963,7991
20--8057,2020/10/25,8:38 PM,HIGHWAY 417 btwn HWY417 IC163 RAMP61 & HWY417 IC155 RAMP36 (__3ZA2QB),__3ZA2QB,01 - Non intersection,03 - P.D. only,07 - SMV other,01 - Clear,07 - Dark,01 - Dry,10 - No control,,1,0,0,0,,0,,,,,334896.3297,5020558.991,45.32433552,-76.11608342,7992
20--8058,2020/10/25,8:51 PM,RUSSELL RD btwn CLAYTON RD & RUISSELLET RD (__3ZA3KR),__3ZA3KR,01 - Non intersection,03 - P.D. only,07 - SMV other,01 - Clear,07 - Dark,01 - Dry,10 - No control,,1,0,0,0,,0,,,,,398784.5544,5028913.226,45.39384988,-75.29963877,7993
20--8059,2020/10/25,9:38 PM,DUNROBIN RD btwn VANCES SIDE RD & PORCUPINE TR (__3ZA3H0),__3ZA3H0,01 - Non intersection,03 - P.D. only,07 - SMV other,01 - Clear,07 - Dark,01 - Dry,10 - No control,,1,0,0,0,,0,,,,,341105.2482,5032740.074,45.43365127,-76.03598756,7994
20--806,2020/01/17,9:40 AM,HIGHWAY 417 btwn HWY417 IC118 RAMP67 & HWY417 IC117 RAMP36 (__3ZA2YO),__3ZA2YO,01 - Non intersection,03 - P.D. only,03 - Rear end,01 - Clear,01 - Daylight,01 - Dry,10 - No control,,3,0,0,0,,0,,,,,370325.5911,5031132.934,45.41706339,-75.6627713,7995
20--8060,2020/10/26,1:00 PM,CONSTANCE BAY RD btwn WOODS RD & MACMILLAN LANE (__3ZAC78),__3ZAC78,01 - Non intersection,03 - P.D. only,07 - SMV other,02 - Rain,01 - Daylight,02 - Wet,10 - No control,,1,0,0,0,,0,,,,,338063.1063,5038491.377,45.48555426,-76.07447853,7996
20--8061,2020/10/26,1:30 PM,KING EDWARD AVE @ MURRAY ST (0002713),2713,03 - At intersection,03 - P.D. only,02 - Angle,01 - Clear,01 - Daylight,02 - Wet,01 - Traffic signal,01 - Functioning,2,0,0,0,,0,,,,,368291.6986,5032753.569,45.43183282,-75.68854705,7997
20--8062,2020/10/26,1:37 PM,GILLIGAN RD @ LEITRIM RD (0013707),13707,02 - Intersection related,03 - P.D. only,03 - Rear end,01 - Clear,01 - Daylight,01 - Dry,01 - Traffic signal,01 - Functioning,2,0,0,0,,0,,,,,372980.2,5020083.566,45.31739191,-75.63038168,7998