Anom_ID,Accident_Date,Accident_Time,Location,Geo_ID,Accident_Location,Classification_of_Accident,Initial_Impact_Type,Environment_Condition,Light,Road_Surface_Condition,Traffic_Control,Traffic_Control_Condition,No__of_Vehicles,No__of_Bicycles,No__of_Motorcycles,No__of_Pedestrians,Max_Injury,No__of_Injuries,No__of_Minimal,No__of_Minor,No__of_Major,No__of_Fatal,X,Y,Latitude,Longitude,ObjectId
20--8063,2020/10/26,1:49 PM,O'CONNOR ST @ SLATER ST (0002230),2230,02 - Intersection related,03 - P.D. only,03 - Rear end,01 - Clear,01 - Daylight,02 - Wet,01 - Traffic signal,01 - Functioning,2,0,0,0,,0,,,,,367579.6951,5031450.572,45.42017316,-75.69781195,7999
20--8064,2020/10/26,10:58 AM,EDISON AVE @ KENWOOD AVE (0006254),6254,03 - At intersection,03 - P.D. only,04 - Sideswipe,01 - Clear,01 - Daylight,01 - Dry,02 - Stop sign,01 - Functioning,2,0,0,0,,0,,,,,363311.8407,5027898.343,45.38858081,-75.75276253,8000
20--8696,2020/11/16,8:00 PM,HIGHWAY 417 btwn HWY417 IC138 RAMP61 & HWY417 IC134 RAMP36 (__3ZA20I),__3ZA20I,01 - Non intersection,03 - P.D. only,99 - Other,01 - Clear,07 - Dark,01 - Dry,10 - No control,,3,0,0,0,,0,,,,,354575.9774,5021209.354,45.32906794,-75.86499178,8001
20--8515,2020/11/10,11:49 AM,BRONSON AVE @ SOMERSET ST (0002218),2218,02 - Intersection related,02 - Non-fatal injury,03 - Rear end,01 - Clear,01 - Daylight,01 - Dry,01 - Traffic signal,01 - Functioning,2,0,0,0,02 - Minor,1,,1,,,366967.693,5030476.58,45.41146412,-75.70575412,8002
20--8697,2020/11/16,8:11 AM,CHAMPLAIN BRIDGE/ISLAND PARK DR btwn BATE ISLAND & OTTAWA RIVER PKWY (__3ZA2ZEB),__3ZA2ZEB,01 - Non intersection,03 - P.D. only,03 - Rear end,01 - Clear,01 - Daylight,06 - Ice,10 - No control,,2,0,0,0,,0,,,,,363139.1467,5029594.308,45.40385523,-75.7547672,8003
20--8698,2020/11/16,9:45 AM,MERIVALE RD btwn EMERALD PLAZA SC & MEADOWLANDS DR (__3ZA4HZB),__3ZA4HZB,01 - Non intersection,03 - P.D. only,99 - Other,01 - Clear,01 - Daylight,01 - Dry,10 - No control,,2,0,0,0,,0,,,,,364825.6806,5023802.816,45.35160183,-75.7339291,8004
20--8876,2020/11/22,5:29 PM,HIGHWAY 417 btwn HWY417 IC96 RAMP61 & HWY417 IC88 RAMP16 (__3ZA27Z),__3ZA27Z,01 - Non intersection,03 - P.D. only,07 - SMV other,03 - Snow,07 - Dark,03 - Loose snow,10 - No control,,1,0,0,0,,0,,,,,388310.9067,5023744.37,45.34867266,-75.43425625,8005
20--8516,2020/11/10,12:13 PM,DALHOUSIE ST btwn ST. PATRICK ST & MURRAY ST (__3ZA7A8),__3ZA7A8,01 - Non intersection,03 - P.D. only,06 - SMV unattended vehicle,01 - Clear,01 - Daylight,01 - Dry,10 - No control,,1,0,0,0,,0,,,,,367968.4199,5032623.886,45.43069525,-75.69269492,8006
20--8699,2020/11/17,1:06 PM,CARRIERE ST @ ORLEANS BLVD (0008769),8769,02 - Intersection related,03 - P.D. only,03 - Rear end,01 - Clear,01 - Daylight,01 - Dry,01 - Traffic signal,01 - Functioning,2,0,0,0,,0,,,,,380793.7436,5036609.578,45.46527943,-75.52819077,8007
20--8877,2020/11/22,5:30 PM,GREENBANK RD @ IRIS ST/HWY 417 IC129 RAMP51 (0009073),9073,02 - Intersection related,03 - P.D. only,03 - Rear end,03 - Snow,07 - Dark,04 - Slush,01 - Traffic signal,01 - Functioning,2,0,0,0,,0,,,,,360531.3073,5023312.492,45.34754433,-75.7887864,8008
20--8517,2020/11/10,12:48 PM,FITZGERALD RD @ ROBERTSON RD (0005301),5301,02 - Intersection related,03 - P.D. only,03 - Rear end,01 - Clear,01 - Daylight,01 - Dry,01 - Traffic signal,01 - Functioning,2,0,0,0,,0,,,,,356789.5759,5020289.293,45.32062864,-75.83685065,8009
20--87,2020/01/03,7:54 PM,GILMOUR ST @ O'CONNOR ST (0007286),7286,02 - Intersection related,03 - P.D. only,04 - Sideswipe,01 - Clear,07 - Dark,01 - Dry,01 - Traffic signal,01 - Functioning,2,0,0,0,,0,,,,,367943.702,5030868.6,45.41490401,-75.69323578,8010
20--8878,2020/11/22,5:43 PM,EAGLESON RD @ MICHAEL COWPLAND DR/STONEHAVEN D (0003544),3544,02 - Intersection related,03 - P.D. only,03 - Rear end,03 - Snow,07 - Dark,03 - Loose snow,01 - Traffic signal,01 - Functioning,2,0,0,0,,0,,,,,354382.6203,5016623.443,45.28781673,-75.86791717,8011
20--8879,2020/11/22,5:45 PM,INNES RD @ ORLEANS BLVD (0003611),3611,02 - Intersection related,03 - P.D. only,07 - SMV other,03 - Snow,07 - Dark,06 - Ice,01 - Traffic signal,01 - Functioning,1,0,0,0,,0,,,,,380460.8051,5034296.408,45.44450347,-75.53280365,8012
20--888,2020/01/19,11:20 AM,DON ST btwn POULIN AVE & REGINA ST (__3ZABXA),__3ZABXA,01 - Non intersection,03 - P.D. only,06 - SMV unattended vehicle,01 - Clear,01 - Daylight,05 - Packed snow,10 - No control,,1,0,0,0,,0,,,,,360329.3356,5025283.081,45.36529166,-75.7911423,8013
20--8880,2020/11/22,5:45 PM,MARCH RD @ TERRY FOX DR (0003173),3173,02 - Intersection related,03 - P.D. only,07 - SMV other,03 - Snow,07 - Dark,03 - Loose snow,01 - Traffic signal,01 - Functioning,1,0,0,0,,0,,,,,349864.5993,5023399.495,45.34909368,-75.92489368,8014
20--8881,2020/11/22,5:50 PM,UPLANDS DR btwn CHATSWORTH CRES & GILLESPIE CRES (__3ZA9ZR),__3ZA9ZR,01 - Non intersection,03 - P.D. only,06 - SMV unattended vehicle,03 - Snow,07 - Dark,03 - Loose snow,10 - No control,,1,0,0,0,,0,,,,,368446.9896,5022876.099,45.34294413,-75.68783635,8015
20--8882,2020/11/22,5:50 PM,JOCKVALE RD @ STRANDHERD DR (0010541),10541,02 - Intersection related,03 - P.D. only,03 - Rear end,03 - Snow,07 - Dark,05 - Packed snow,01 - Traffic signal,01 - Functioning,2,0,0,0,,0,,,,,363560.486,5014577.837,45.26870295,-75.75116848,8016
20--8883,2020/11/22,5:57 PM,MARCH RD btwn HALTON TERR/MAXWELL BRIDGE RD & MAXWELL RD (__3ZA2GD),__3ZA2GD,01 - Non intersection,03 - P.D. only,07 - SMV other,03 - Snow,07 - Dark,03 - Loose snow,10 - No control,,1,0,0,0,,0,,,,,348027.7577,5025414.512,45.36734091,-75.94815778,8017
20--8884,2020/11/22,6:00 PM,AVIATION PKWY @ MONTREAL RD (0008799),8799,02 - Intersection related,03 - P.D. only,03 - Rear end,03 - Snow,07 - Dark,04 - Slush,01 - Traffic signal,01 - Functioning,2,0,0,0,,0,,,,,372146.7255,5034108.582,45.44366396,-75.63909808,8018
20--8885,2020/11/22,6:00 PM,MAITLAND AVE btwn TARA DR & ERINDALE DR (__3ZA4I7),__3ZA4I7,01 - Non intersection,03 - P.D. only,03 - Rear end,03 - Snow,07 - Dark,04 - Slush,10 - No control,,2,0,0,0,,0,,,,,363590.4334,5025292.68,45.3651121,-75.74951523,8019
20--8886,2020/11/22,6:05 PM,HIGHWAY 417 btwn HWY 417 ANDERSON IC104R61 & HWY 417 BOUNDARY IC96R16 (__3ZA2W5),__3ZA2W5,01 - Non intersection,03 - P.D. only,07 - SMV other,03 - Snow,07 - Dark,03 - Loose snow,10 - No control,,1,0,0,0,,0,,,,,381063.8801,5025718.899,45.36726367,-75.52642216,8020
20--8887,2020/11/22,6:10 PM,HIGHWAY 417 btwn HWY417 IC110 RAMP64 & HWY417 IC104 RAMP16 (__3ZA2W9),__3ZA2W9,01 - Non intersection,03 - P.D. only,07 - SMV other,03 - Snow,07 - Dark,03 - Loose snow,10 - No control,,1,0,0,0,,0,,,,,378473.7582,5026320.5,45.37295357,-75.55939314,8021
20--8888,2020/11/22,6:15 PM,GREENBANK RD @ 207 S OF BELLMAN DR/GREENBANK S (0004604),4604,02 - Intersection related,03 - P.D. only,03 - Rear end,03 - Snow,07 - Dark,04 - Slush,01 - Traffic signal,01 - Functioning,2,0,0,0,,0,,,,,361337.6808,5020827.481,45.32511972,-75.77878061,8022
20--8889,2020/11/22,6:19 PM,BRONSON AVE @ COMMISSIONER ST/SLATER ST (0001679),1679,02 - Intersection related,03 - P.D. only,03 - Rear end,03 - Snow,07 - Dark,03 - Loose snow,01 - Traffic signal,01 - Functioning,2,0,0,0,,0,,,,,366768.7046,5030948.569,45.41572859,-75.70823678,8023
20--889,2020/01/19,11:32 AM,RAMSAYVILLE RD @ RUSSELL RD N (0004146),4146,02 - Intersection related,03 - P.D. only,07 - SMV other,03 - Snow,01 - Daylight,05 - Packed snow,02 - Stop sign,01 - Functioning,1,0,0,0,,0,,,,,377777.7659,5026758.53,45.37696755,-75.5682131,8024
20--8890,2020/11/22,6:30 PM,BRONSON AVE @ LAURIER AVE (0006342),6342,02 - Intersection related,03 - P.D. only,02 - Angle,03 - Snow,07 - Dark,03 - Loose snow,01 - Traffic signal,01 - Functioning,2,0,0,0,,0,,,,,366804.6904,5030861.575,45.41494266,-75.70778799,8025
20--8891,2020/11/22,6:39 PM,OGILVIE RD btwn JASMINE CRES & ELMRIDGE DR (__3ZA2DT),__3ZA2DT,01 - Non intersection,02 - Non-fatal injury,01 - Approaching,05 - Drifting Snow,07 - Dark,03 - Loose snow,10 - No control,,2,0,0,0,02 - Minor,1,,1,,,375416.4138,5033912.087,45.44157336,-75.59733453,8026
20--8892,2020/11/22,6:45 PM,PARKDALE AVE @ HWY 417 PARKDAL IC122R15/HWY 41 (0002363),2363,02 - Intersection related,03 - P.D. only,03 - Rear end,03 - Snow,07 - Dark,06 - Ice,01 - Traffic signal,01 - Functioning,2,0,0,0,,0,,,,,365336.6969,5028845.557,45.39693155,-75.7267898,8027
20--8893,2020/11/22,6:45 PM,BANK ST @ JOHNSTON RD (0006967),6967,02 - Intersection related,03 - P.D. only,07 - SMV other,03 - Snow,07 - Dark,05 - Packed snow,01 - Traffic signal,01 - Functioning,1,0,0,0,,0,,,,,370851.7246,5024839.532,45.36038819,-75.65689187,8028
20--8894,2020/11/22,7:06 PM,SOMERSET ST    W btwn BRONSON AVE & PERCY ST (__3ZA33M),__3ZA33M,01 - Non intersection,03 - P.D. only,06 - SMV unattended vehicle,03 - Snow,07 - Dark,06 - Ice,10 - No control,,1,0,0,0,,0,,,,,367111.6312,5030566.068,45.41225651,-75.70390405,8029
20--8895,2020/11/22,7:06 PM,BANK ST btwn PARKWAY RD & MEADOW DR (__3ZA28M),__3ZA28M,01 - Non intersection,03 - P.D. only,07 - SMV other,03 - Snow,07 - Dark,03 - Loose snow,10 - No control,,1,0,0,0,,0,,,,,378824.9927,5014165.469,45.26355168,-75.55672596,8030
20--8896,2020/11/22,7:07 PM,HIGHWAY 416 btwn HWY416 IC75A RAMP26 & HWY416 IC72 RAMP62 (__3ZAZLF),__3ZAZLF,01 - Non intersection,03 - P.D. only,04 - Sideswipe,03 - Snow,07 - Dark,03 - Loose snow,10 - No control,,2,0,0,0,,0,,,,,359323.2839,5019902.452,45.31695562,-75.80457704,8031
20--8897,2020/11/22,7:15 PM,BASELINE RD @ MERIVALE RD (0002342),2342,03 - At intersection,03 - P.D. only,05 - Turning movement,03 - Snow,07 - Dark,03 - Loose snow,01 - Traffic signal,01 - Functioning,2,0,0,0,,0,,,,,365054.699,5025325.513,45.36528318,-75.73082093,8032
20--8898,2020/11/22,7:19 PM,OTTAWA RIVER PKWY @ PORTAGE BRIDGE (0009072),9072,02 - Intersection related,03 - P.D. only,07 - SMV other,03 - Snow,07 - Dark,03 - Loose snow,01 - Traffic signal,00 - Unknown,1,0,0,0,,0,,,,,366516.205,5031314.642,45.41904473,-75.71141677,8033
20--8899,2020/11/22,7:20 PM,LEES AVE btwn TRANSIT & CHAPEL CRES (2) (__3ZA5XBB),__3ZA5XBB,01 - Non intersection,03 - P.D. only,07 - SMV other,03 - Snow,07 - Dark,03 - Loose snow,10 - No control,,1,0,0,0,,0,,,,,369699.3728,5030977.867,45.41572652,-75.67079215,8034
20--89,2020/01/03,8:16 AM,MCCARTHY RD btwn PLANTE DR & PAUL ANKA DR (__3ZA9C9),__3ZA9C9,01 - Non intersection,03 - P.D. only,06 - SMV unattended vehicle,01 - Clear,01 - Daylight,02 - Wet,10 - No control,,1,0,0,0,,0,,,,,369614.6703,5023998.869,45.3529396,-75.67279063,8035
20--890,2020/01/19,Unknown,CHAMPAGNE AVE   S btwn YOUNG ST & BEECH ST (__3ZBONO),__3ZBONO,01 - Non intersection,03 - P.D. only,06 - SMV unattended vehicle,03 - Snow,00 - Unknown,05 - Packed snow,10 - No control,,1,0,0,0,,0,,,,,366443.0659,5029230.865,45.40030192,-75.71261179,8036
20--8900,2020/11/22,7:40 PM,EARL ARMSTRONG RD @ RIVER RD (0012470),12470,03 - At intersection,03 - P.D. only,05 - Turning movement,03 - Snow,07 - Dark,03 - Loose snow,01 - Traffic signal,01 - Functioning,2,0,0,0,,0,,,,,367572.7211,5014684.39,45.26931504,-75.70002876,8037
20--8901,2020/11/22,7:40 PM,HIGHWAY 417 btwn HWY417 IC117 RAMP25 & HWY417 IC115 RAMP51 (__3ZA2R3),__3ZA2R3,01 - Non intersection,03 - P.D. only,03 - Rear end,03 - Snow,07 - Dark,03 - Loose snow,10 - No control,,2,0,0,0,,0,,,,,371740.5784,5031421.656,45.41952725,-75.64465461,8038
20--8902,2020/11/22,7:40 PM,HIGHWAY 417 btwn HWY417 IC115 RAMP61 & REGIONAL ROAD 174 (__3ZA2XG),__3ZA2XG,01 - Non intersection,03 - P.D. only,07 - SMV other,03 - Snow,07 - Dark,03 - Loose snow,10 - No control,,1,0,0,0,,0,,,,,372900.8154,5031594.189,45.42096764,-75.62980733,8039
20--8903,2020/11/22,7:41 AM,PRINCE OF WALES DR btwn 187 N OF MEADOWLANDS DR & MEADOWLANDS DR/HOG'S (__3ZA36WA),__3ZA36WA,04 - At/near private drive,03 - P.D. only,99 - Other,03 - Snow,01 - Daylight,04 - Slush,10 - No control,,2,0,0,0,,0,,,,,367312.8208,5025834.031,45.36966096,-75.70193338,8040
20--8904,2020/11/22,7:48 PM,MCCARTHY RD @ WALKLEY RD (0006969),6969,02 - Intersection related,03 - P.D. only,02 - Angle,03 - Snow,07 - Dark,04 - Slush,01 - Traffic signal,01 - Functioning,2,0,0,0,,0,,,,,369249.7183,5025300.523,45.36468517,-75.6772782,8041
20--8905,2020/11/22,8:00 PM,HIGHWAY 417 btwn HWY417 IC118 RAMP35 & HWY417 IC117 RAMP51 (__3ZA2YP),__3ZA2YP,01 - Non intersection,03 - P.D. only,04 - Sideswipe,03 - Snow,07 - Dark,03 - Loose snow,10 - No control,,2,0,0,0,,0,,,,,370236.816,5031105.465,45.41682455,-75.66390912,8042
20--8906,2020/11/22,8:01 PM,OR174 IC105 RAMP63 btwn TRANSIT & REGIONAL ROAD 174 (__3ZAY00),__3ZAY00,01 - Non intersection,03 - P.D. only,03 - Rear end,03 - Snow,07 - Dark,03 - Loose snow,10 - No control,,2,0,0,0,,0,,,,,379556.4535,5037152.501,45.47029774,-75.54392844,8043
20--8907,2020/11/22,8:02 PM,HIGHWAY 417 btwn HWY417 IC113 RAMP62 & HWY417 IC113 RAMP65 (__3ZA288),__3ZA288,01 - Non intersection,03 - P.D. only,07 - SMV other,03 - Snow,07 - Dark,03 - Loose snow,10 - No control,,1,0,0,0,,0,,,,,374042.127,5031721.893,45.42200463,-75.61520743,8044
20--8908,2020/11/22,8:30 PM,HIGHWAY 417 btwn HWY417 IC118 RAMP76 & HWY417 IC118 RAMP67 (__3ZA2YR),__3ZA2YR,01 - Non intersection,03 - P.D. only,03 - Rear end,03 - Snow,07 - Dark,03 - Loose snow,10 - No control,,2,0,0,0,,0,,,,,369250.3327,5030920.599,45.41525275,-75.67653634,8045
20--8909,2020/11/22,8:31 PM,STRANDHERD DR btwn FALLOWFIELD RD & MARAVISTA DR (__6NFZTL),__6NFZTL,01 - Non intersection,03 - P.D. only,07 - SMV other,03 - Snow,07 - Dark,03 - Loose snow,10 - No control,,1,0,0,0,,0,,,,,361210.2752,5014717.967,45.27015628,-75.78110075,8046
20--891,2020/01/19,Unknown,HUNTER'S POINT CRES btwn FARRIERS LANE & BRIDLE PATH DR (__3ZA9BR),__3ZA9BR,01 - Non intersection,03 - P.D. only,06 - SMV unattended vehicle,03 - Snow,00 - Unknown,05 - Packed snow,10 - No control,,1,0,0,0,,0,,,,,371631.4478,5023392.83,45.34729736,-75.64713586,8047
20--8910,2020/11/22,8:48 PM,HWY417 IC118 RAMP35 btwn HWY417 IC118 RAMP45 & MANN AVE OVERPASS (__3ZAYAW),__3ZAYAW,01 - Non intersection,03 - P.D. only,04 - Sideswipe,03 - Snow,07 - Dark,03 - Loose snow,10 - No control,,2,0,0,0,,0,,,,,369408.0977,5030982.206,45.41579252,-75.67451276,8048
20--8911,2020/11/22,8:50 PM,HOLLAND AVE @ ISLAND PARK DR/N.C.C. DRIVEWAY (0010787),10787,02 - Intersection related,02 - Non-fatal injury,03 - Rear end,03 - Snow,07 - Dark,02 - Wet,01 - Traffic signal,01 - Functioning,2,0,0,0,01 - Minimal,1,1,,,,365425.6935,5027917.545,45.3885738,-75.72576722,8049
20--8912,2020/11/22,8:55 PM,HIGHWAY 417 btwn HWY417 IC134 RAMP25 & HWY417 IC131 RAMP53 (__3ZA2LE),__3ZA2LE,01 - Non intersection,03 - P.D. only,07 - SMV other,03 - Snow,07 - Dark,03 - Loose snow,10 - No control,,1,0,0,0,,0,,,,,357416.0615,5022631.504,45.34165738,-75.82861114,8050
20--8913,2020/11/22,8:59 PM,RIDEAU RD btwn DOWNEY RD & BOWESVILLE RD (__3ZA6L7),__3ZA6L7,01 - Non intersection,03 - P.D. only,07 - SMV other,03 - Snow,07 - Dark,04 - Slush,10 - No control,,1,0,0,0,,0,,,,,371894.0347,5014618.171,45.26832024,-75.64497314,8051
20--8914,2020/11/22,9:00 PM,BLAIR RD @ OGILVIE RD (0004120),4120,02 - Intersection related,03 - P.D. only,03 - Rear end,03 - Snow,07 - Dark,06 - Ice,01 - Traffic signal,01 - Functioning,2,0,0,0,,0,,,,,374507.7194,5033198.568,45.43524471,-75.60904968,8052
20--8915,2020/11/22,9:00 PM,RIVERGATE WAY @ RIVERSIDE DR (0007177),7177,02 - Intersection related,03 - P.D. only,04 - Sideswipe,03 - Snow,07 - Dark,03 - Loose snow,01 - Traffic signal,01 - Functioning,2,0,0,0,,0,,,,,368116.7143,5023242.517,45.34627097,-75.69200349,8053
20--8916,2020/11/22,9:21 PM,HIGHWAY 417 btwn HWY417 IC126 RAMP25 & HWY417 IC124 RAMP57 (__3ZA2R5),__3ZA2R5,01 - Non intersection,03 - P.D. only,07 - SMV other,03 - Snow,07 - Dark,03 - Loose snow,10 - No control,,1,0,0,0,,0,,,,,363689.7152,5026528.891,45.37622702,-75.74810059,8054
20--8917,2020/11/22,9:30 PM,HIGHWAY 417 btwn Continuation of HIGHWAY 417 & HWY417 IC134 RAMP51 (__3ZA29B),__3ZA29B,01 - Non intersection,03 - P.D. only,04 - Sideswipe,03 - Snow,07 - Dark,03 - Loose snow,10 - No control,,2,0,0,0,,0,,,,,355562.8066,5021739.868,45.33377089,-75.85234888,8055
20--8918,2020/11/22,9:30 PM,HIGHWAY 416 btwn HWY416 IC49 RAMP42 & HWY416 IC49 RAMP24 (__3ZAZGH),__3ZAZGH,01 - Non intersection,03 - P.D. only,04 - Sideswipe,03 - Snow,07 - Dark,03 - Loose snow,10 - No control,,2,0,0,0,,0,,,,,369243.7073,5001010.838,45.14612965,-75.68050466,8056
20--8919,2020/11/22,9:56 PM,HIGHWAY 417 btwn HWY417 IC134 RAMP61 & HWY417 IC131 RAMP66 (__3ZA297),__3ZA297,01 - Non intersection,03 - P.D. only,07 - SMV other,03 - Snow,07 - Dark,03 - Loose snow,10 - No control,,1,0,0,0,,0,,,,,357020.4596,5022570.807,45.34114078,-75.83366514,8057
20--8605,2020/11/12,5:27 PM,MERIVALE RD/LOTTA AVE @ CLYDE AVE (0001112),1112,02 - Intersection related,02 - Non-fatal injury,03 - Rear end,01 - Clear,07 - Dark,01 - Dry,01 - Traffic signal,01 - Functioning,3,0,0,0,01 - Minimal,2,2,,,,364521.7009,5024507.537,45.35796877,-75.73772313,8058
20--892,2020/01/19,Unknown,GERRY LALONDE DR btwn BLUESTONE PRIV & BLUESTONE PRIV (__86L67K),__86L67K,01 - Non intersection,03 - P.D. only,06 - SMV unattended vehicle,03 - Snow,00 - Unknown,03 - Loose snow,10 - No control,,1,0,0,0,,0,,,,,384167.958,5035382.143,45.45386086,-75.48524606,8059
20--8920,2020/11/23,1:10 AM,HIGHWAY 417 btwn HWY417 IC126 RAMP25 & HWY417 IC124 RAMP57 (__3ZA2R5),__3ZA2R5,01 - Non intersection,03 - P.D. only,07 - SMV other,04 - Freezing Rain,07 - Dark,04 - Slush,10 - No control,,1,0,0,0,,0,,,,,363831.5288,5026717.216,45.37790961,-75.74626757,8060
20--8921,2020/11/23,1:35 PM,BASELINE RD @ CORDOVA ST (0003208),3208,02 - Intersection related,03 - P.D. only,03 - Rear end,01 - Clear,01 - Daylight,01 - Dry,01 - Traffic signal,01 - Functioning,2,0,0,0,,0,,,,,363593.6851,5024409.535,45.35716539,-75.74957878,8061
20--8922,2020/11/23,1:40 PM,HIGHWAY 7 btwn OVERPASS RD & RAMP (__7JQ7LY),__7JQ7LY,01 - Non intersection,03 - P.D. only,07 - SMV other,01 - Clear,01 - Daylight,01 - Dry,10 - No control,,1,0,0,0,,0,,,,,340493.5841,5005483.176,45.18841293,-76.04576834,8062
20--8923,2020/11/23,10:30 AM,HIGHWAY 417 btwn HWY417 IC127 RAMP67 & HWY417 IC126 RAMP16 (__3ZA2X0),__3ZA2X0,01 - Non intersection,03 - P.D. only,99 - Other,01 - Clear,01 - Daylight,04 - Slush,10 - No control,,2,0,0,0,,0,,,,,362635.3613,5025252.399,45.36482911,-75.76171082,8063
20--8924,2020/11/23,10:43 PM,HIGHWAY 417 btwn HWY417 IC134 RAMP61 & HWY417 IC131 RAMP66 (__3ZA297),__3ZA297,01 - Non intersection,03 - P.D. only,04 - Sideswipe,01 - Clear,07 - Dark,02 - Wet,10 - No control,,2,0,0,0,,0,,,,,357230.2868,5022632.905,45.3416839,-75.83098134,8064
20--8925,2020/11/23,11:00 AM,DATA CENTRE RD @ RIVERSIDE DR (0010863),10863,02 - Intersection related,03 - P.D. only,02 - Angle,01 - Clear,01 - Daylight,02 - Wet,01 - Traffic signal,01 - Functioning,2,0,0,0,,0,,,,,368897.4472,5027671.904,45.38605447,-75.68146681,8065
20--8926,2020/11/23,11:35 AM,CARLING AVE @ ISLAND PARK DR (0010785),10785,02 - Intersection related,03 - P.D. only,03 - Rear end,01 - Clear,01 - Daylight,04 - Slush,01 - Traffic signal,01 - Functioning,2,0,0,0,,0,,,,,365348.6915,5027997.542,45.38930025,-75.72674068,8066
20--8927,2020/11/23,12:03 PM,WEST HUNT CLUB RD @ ROYDON PL/SUNDERLAND ST (0009775),9775,03 - At intersection,03 - P.D. only,05 - Turning movement,01 - Clear,01 - Daylight,02 - Wet,01 - Traffic signal,01 - Functioning,2,0,0,0,,0,,,,,365973.697,5022169.491,45.33680622,-75.71948102,8067
20--8928,2020/11/23,12:10 PM,ST. JOSEPH BLVD btwn GREY NUNS DR & BOYER RD (__3ZA2BW),__3ZA2BW,04 - At/near private drive,03 - P.D. only,02 - Angle,01 - Clear,01 - Daylight,01 - Dry,10 - No control,,2,0,0,0,,0,,,,,380297.4689,5036761.273,45.46669807,-75.53451293,8068
20--8929,2020/11/23,12:22 PM,BESSERER ST @ DALHOUSIE ST (0011452),11452,02 - Intersection related,03 - P.D. only,04 - Sideswipe,03 - Snow,01 - Daylight,04 - Slush,01 - Traffic signal,01 - Functioning,2,0,0,0,,0,,,,,368252.6986,5032157.584,45.4264739,-75.68912222,8069
20--893,2020/01/19,Unknown,CLIO ST btwn VIVERA PL & VIVERA PL (e___2KKZ),e___2KKZ,01 - Non intersection,03 - P.D. only,06 - SMV unattended vehicle,03 - Snow,00 - Unknown,05 - Packed snow,10 - No control,,1,0,0,0,,0,,,,,350341.564,5015819.918,45.28085983,-75.91950382,8070
20--8930,2020/11/23,12:43 PM,MARCH RD btwn MARCH RD & BEACHVALE LANE (__3ZA3FO),__3ZA3FO,01 - Non intersection,03 - P.D. only,07 - SMV other,01 - Clear,01 - Daylight,02 - Wet,10 - No control,,1,0,0,0,,0,,,,,344732.9954,5024086.058,45.35558255,-75.99032406,8071
20--8931,2020/11/23,2:46 PM,KELLY FARM DR @ PAAKANAAK AVE/RALLIDALE ST (0019507),19507,02 - Intersection related,03 - P.D. only,06 - SMV unattended vehicle,03 - Snow,01 - Daylight,02 - Wet,10 - No control,,1,0,0,0,,0,,,,,375965.7243,5018895.195,45.30640316,-75.59247758,8072
20--8932,2020/11/23,2:55 PM,KIMPTON DR btwn OVERLAND DR & END (__6NGPMX),__6NGPMX,01 - Non intersection,03 - P.D. only,07 - SMV other,03 - Snow,01 - Daylight,04 - Slush,10 - No control,,1,0,0,0,,0,,,,,349034.3379,5015108.184,45.27453887,-75.936229,8073
20--8933,2020/11/23,3:21 PM,BANK ST btwn GREY'S CREEK RD & CENOTE RD (__3ZA28I),__3ZA28I,01 - Non intersection,03 - P.D. only,03 - Rear end,01 - Clear,01 - Daylight,01 - Dry,10 - No control,,2,0,0,0,,0,,,,,380601.5174,5012695.042,45.25013226,-75.53431582,8074
20--8934,2020/11/23,4:15 PM,MAITLAND AVE btwn HWY417 IC126 RAMP63 & HWY417 IC126 RAMP52 (__3ZA3GY),__3ZA3GY,01 - Non intersection,03 - P.D. only,03 - Rear end,01 - Clear,05 - Dusk,01 - Dry,10 - No control,,2,0,0,0,,0,,,,,363188.0566,5025874.772,45.37038332,-75.75458251,8075
20--8935,2020/11/23,4:35 PM,MITCH OWENS RD @ STAGECOACH RD (0003576),3576,02 - Intersection related,03 - P.D. only,03 - Rear end,01 - Clear,05 - Dusk,01 - Dry,01 - Traffic signal,01 - Functioning,4,0,0,0,,0,,,,,375399.7534,5014484.449,45.26677388,-75.60032169,8076
20--8936,2020/11/23,5:05 PM,FLEWELLYN RD btwn DWYER HILL RD & MUNSTER RD (__3ZAC6O),__3ZAC6O,01 - Non intersection,03 - P.D. only,07 - SMV other,01 - Clear,07 - Dark,02 - Wet,10 - No control,,1,0,0,0,,0,,,,,344576.833,5004671.811,45.18089332,-75.9938721,8077
20--8937,2020/11/23,5:40 AM,HIGHWAY 416 btwn HWY416 IC66 RAMP62 & HWY416 IC72 RAMP24 (__3ZAZMZ),__3ZAZMZ,01 - Non intersection,03 - P.D. only,07 - SMV other,03 - Snow,07 - Dark,05 - Packed snow,10 - No control,,1,0,0,0,,0,,,,,360272.1361,5018259.808,45.3021007,-75.7926596,8078
20--8938,2020/11/23,5:50 AM,HIGHWAY 417 btwn HWY417 IC126 RAMP25 & HWY417 IC124 RAMP57 (__3ZA2R5),__3ZA2R5,01 - Non intersection,03 - P.D. only,07 - SMV other,03 - Snow,07 - Dark,04 - Slush,10 - No control,,1,0,0,0,,0,,,,,363430.7743,5026182.363,45.37313072,-75.75144758,8079
20--8939,2020/11/23,6:10 AM,HIGHWAY 417 btwn HWY417 IC180 RAMP35 & HWY417 IC169 RAMP51 (__5SO6CL),__5SO6CL,01 - Non intersection,03 - P.D. only,07 - SMV other,03 - Snow,07 - Dark,03 - Loose snow,10 - No control,,1,0,0,0,,0,,,,,323868.2493,5026626.636,45.37932197,-76.25652483,8080