Anom_ID,Accident_Date,Accident_Time,Location,Geo_ID,Accident_Location,Classification_of_Accident,Initial_Impact_Type,Environment_Condition,Light,Road_Surface_Condition,Traffic_Control,Traffic_Control_Condition,No__of_Vehicles,No__of_Bicycles,No__of_Motorcycles,No__of_Pedestrians,Max_Injury,No__of_Injuries,No__of_Minimal,No__of_Minor,No__of_Major,No__of_Fatal,X,Y,Latitude,Longitude,ObjectId
20--894,2020/01/19,Unknown,COVINGTON PL btwn HEMMINGWOOD WAY & HEMMINGWOOD WAY (__3ZA59A),__3ZA59A,01 - Non intersection,03 - P.D. only,06 - SMV unattended vehicle,01 - Clear,00 - Unknown,05 - Packed snow,10 - No control,,1,0,0,0,,0,,,,,361785.4884,5023136.1,45.34585639,-75.77280281,8081
20--8940,2020/11/23,6:15 AM,HIGHWAY 417 btwn HWY417 IC110 RAMP55 & HWY417 IC104 RAMP51 (__3ZA2W8),__3ZA2W8,01 - Non intersection,03 - P.D. only,07 - SMV other,03 - Snow,07 - Dark,02 - Wet,10 - No control,,1,0,0,0,,0,,,,,376887.9776,5027216.063,45.38117629,-75.57950571,8082
20--8941,2020/11/23,6:15 AM,HIGHWAY 417 btwn HWY417 IC110 RAMP55 & HWY417 IC104 RAMP51 (__3ZA2W8),__3ZA2W8,01 - Non intersection,03 - P.D. only,07 - SMV other,03 - Snow,07 - Dark,02 - Wet,10 - No control,,1,0,0,0,,0,,,,,377198.1829,5026802.013,45.37741891,-75.57560592,8083
20--8942,2020/11/23,6:30 AM,HIGHWAY 417 btwn HWY417 IC169 RAMP25 & HWY417 IC163 RAMP51 (__5SPOUW),__5SPOUW,01 - Non intersection,03 - P.D. only,07 - SMV other,03 - Snow,03 - Dawn,05 - Packed snow,10 - No control,,1,0,0,0,,0,,,,,327652.6373,5023404.068,45.35021037,-76.20835305,8084
20--8943,2020/11/23,6:45 AM,SHEFFIELD RD @ WALKLEY RD (0005156),5156,02 - Intersection related,02 - Non-fatal injury,03 - Rear end,03 - Snow,07 - Dark,04 - Slush,01 - Traffic signal,01 - Functioning,3,0,0,0,01 - Minimal,1,1,,,,375257.7317,5028784.539,45.39545451,-75.60009585,8085
20--8944,2020/11/23,6:58 AM,ANDERSON RD btwn RIDGE RD & RUSSELL RD (__3ZA2B4),__3ZA2B4,01 - Non intersection,03 - P.D. only,07 - SMV other,03 - Snow,03 - Dawn,03 - Loose snow,10 - No control,,1,0,0,0,,0,,,,,379718.5896,5026854.756,45.3776285,-75.54342131,8086
20--8945,2020/11/23,7:00 AM,HIGHWAY 417 btwn HWY 417 ANDERSON IC104R61 & HWY 417 BOUNDARY IC96R16 (__3ZA2W5),__3ZA2W5,01 - Non intersection,03 - P.D. only,07 - SMV other,01 - Clear,03 - Dawn,03 - Loose snow,10 - No control,,1,0,0,0,,0,,,,,383597.8037,5025355.961,45.36371794,-75.49413713,8087
20--8946,2020/11/23,7:16 AM,KINBURN SIDE RD btwn STONECREST RD & TORBOLTON RIDGE RD (__3ZA4Q7),__3ZA4Q7,01 - Non intersection,03 - P.D. only,07 - SMV other,03 - Snow,01 - Daylight,04 - Slush,10 - No control,,1,0,0,0,,0,,,,,335627.0193,5033681.547,45.4423859,-76.10594328,8088
20--8947,2020/11/23,7:39 AM,PRINCE OF WALES DR btwn SECOND LINE RD S & BANKFIELD RD (__3ZA295),__3ZA295,01 - Non intersection,03 - P.D. only,99 - Other,03 - Snow,01 - Daylight,03 - Loose snow,10 - No control,,2,0,0,0,,0,,,,,366491.8819,5008590.502,45.2145779,-75.71455753,8089
20--8948,2020/11/23,8:00 AM,EAGLESON RD btwn FAULKNER TR & FALLOWFIELD RD (__3ZA410),__3ZA410,01 - Non intersection,03 - P.D. only,03 - Rear end,01 - Clear,01 - Daylight,04 - Slush,10 - No control,,2,0,0,0,,0,,,,,355809.6644,5012980.863,45.25493788,-75.85010046,8090
20--8949,2020/11/23,8:30 AM,HIGHWAY 417 btwn HWY417 IC129 RAMP76 & HWY417 IC129 RAMP26 (__3ZA2RG),__3ZA2RG,01 - Non intersection,03 - P.D. only,07 - SMV other,03 - Snow,01 - Daylight,04 - Slush,10 - No control,,1,0,0,0,,0,,,,,360266.6595,5023407.289,45.34841829,-75.79215281,8091
20--895,2020/01/19,Unknown,QUEEN MARY ST btwn VANIER PKWY & VERA ST (__3ZA8J1),__3ZA8J1,01 - Non intersection,03 - P.D. only,06 - SMV unattended vehicle,03 - Snow,00 - Unknown,06 - Ice,10 - No control,,1,0,0,0,,0,,,,,370404.2199,5031961.656,45.42451253,-75.66165641,8092
20--8950,2020/11/23,8:40 AM,HIGHWAY 417 btwn HWY417 IC140 RAMP51 & HWY417 IC140 RAMP35 (__3ZAZEY),__3ZAZEY,01 - Non intersection,03 - P.D. only,07 - SMV other,01 - Clear,01 - Daylight,04 - Slush,10 - No control,,1,0,0,0,,0,,,,,350451.9495,5018267.452,45.30287632,-75.91787159,8093
20--8951,2020/11/23,8:55 AM,BASELINE RD @ MERIVALE RD (0002342),2342,02 - Intersection related,03 - P.D. only,04 - Sideswipe,03 - Snow,01 - Daylight,06 - Ice,01 - Traffic signal,00 - Unknown,2,0,0,0,,0,,,,,365054.6951,5025325.521,45.36528325,-75.73082098,8094
20--8952,2020/11/23,9:00 AM,DUNDONALD DR btwn ANDRE AUDET AVE & RIVER MIST RD (__8UZZ38),__8UZZ38,04 - At/near private drive,03 - P.D. only,03 - Rear end,01 - Clear,01 - Daylight,04 - Slush,10 - No control,,2,0,0,0,,0,,,,,364835.636,5011976.455,45.24518797,-75.73523395,8095
20--8953,2020/11/23,9:00 AM,HIGHWAY 417 btwn HIGHWAY 417 & HWY417 IC140 RAMP36 (__3ZA20M),__3ZA20M,01 - Non intersection,03 - P.D. only,07 - SMV other,01 - Clear,01 - Daylight,02 - Wet,10 - No control,,1,0,0,0,,0,,,,,350027.0427,5018091.007,45.3013161,-75.92330559,8096
20--8954,2020/11/23,9:00 PM,EAGLESON RD @ KAKULU RD (0003188),3188,02 - Intersection related,03 - P.D. only,03 - Rear end,01 - Clear,07 - Dark,01 - Dry,01 - Traffic signal,01 - Functioning,2,0,0,0,,0,,,,,353381.6158,5019151.482,45.3106345,-75.88042958,8097
20--8955,2020/11/23,9:10 AM,BEAVERBROOK RD @ LEACOCK DR W/VARLEY DR E (0002574),2574,02 - Intersection related,03 - P.D. only,03 - Rear end,03 - Snow,01 - Daylight,03 - Loose snow,02 - Stop sign,01 - Functioning,2,0,0,0,,0,,,,,351440.6285,5020991.493,45.32732295,-75.90500872,8098
20--8956,2020/11/23,9:20 AM,MCVAGH RD btwn DEVINE RD & BURTON RD (__3ZA6HA),__3ZA6HA,01 - Non intersection,02 - Non-fatal injury,07 - SMV other,03 - Snow,01 - Daylight,04 - Slush,10 - No control,,1,0,0,0,02 - Minor,1,,1,,,392403.3932,5022561.566,45.33753179,-75.38224824,8099
20--8957,2020/11/23,9:39 AM,HARDING RD @ WALKLEY RD (0007652),7652,02 - Intersection related,03 - P.D. only,04 - Sideswipe,01 - Clear,01 - Daylight,02 - Wet,01 - Traffic signal,00 - Unknown,2,0,0,0,,0,,,,,373148.7299,5027608.535,45.38508238,-75.62719226,8100
20--8958,2020/11/23,9:45 AM,PRINCE OF WALES DR btwn WELLSMERE CRT & TURN LANE (__3ZA2Y6),__3ZA2Y6,01 - Non intersection,03 - P.D. only,07 - SMV other,01 - Clear,01 - Daylight,03 - Loose snow,10 - No control,,1,0,0,0,,0,,,,,367391.0919,5022314.087,45.33798226,-75.70137984,8101
20--8959,2020/11/23,9:52 PM,BASELINE RD @ WOODROFFE AVE (0002225),2225,02 - Intersection related,03 - P.D. only,04 - Sideswipe,01 - Clear,07 - Dark,02 - Wet,01 - Traffic signal,01 - Functioning,2,0,0,0,,0,,,,,362549.6862,5023770.516,45.35150231,-75.76297753,8102
20--896,2020/01/19,Unknown,WELLINGTON ST    W btwn MELROSE AVE & MERTON ST (__3ZA31I),__3ZA31I,01 - Non intersection,03 - P.D. only,06 - SMV unattended vehicle,03 - Snow,00 - Unknown,04 - Slush,10 - No control,,1,0,0,0,,0,,,,,365479.6595,5029581.01,45.40353661,-75.72487348,8103
20--8960,2020/11/24,1:20 PM,AIRPORT PKWY @ HUNT CLUB RD (0010856),10856,02 - Intersection related,03 - P.D. only,03 - Rear end,01 - Clear,01 - Daylight,01 - Dry,01 - Traffic signal,01 - Functioning,2,0,0,0,,0,,,,,371018.5276,5023702.996,45.35014627,-75.6549152,8104
20--8961,2020/11/24,1:30 PM,LOLA ST btwn PRESLAND RD & COVENTRY RD (__3ZA9OQ),__3ZA9OQ,04 - At/near private drive,03 - P.D. only,02 - Angle,01 - Clear,01 - Daylight,05 - Packed snow,10 - No control,,2,0,0,0,,0,,,,,371248.3457,5031725.72,45.42231001,-75.6509025,8105
20--8962,2020/11/24,10:48 AM,CENTRAL PARK DR S @ MERIVALE RD (0009113),9113,03 - At intersection,03 - P.D. only,05 - Turning movement,01 - Clear,01 - Daylight,01 - Dry,01 - Traffic signal,01 - Functioning,2,0,0,0,,0,,,,,364987.1935,5025598.493,45.36774521,-75.73164933,8106
20--8963,2020/11/24,10:50 AM,GILMOUR ST @ O'CONNOR ST (0007286),7286,02 - Intersection related,03 - P.D. only,04 - Sideswipe,01 - Clear,01 - Daylight,01 - Dry,01 - Traffic signal,01 - Functioning,2,0,0,0,,0,,,,,367943.7189,5030868.566,45.4149037,-75.69323556,8107
20--8964,2020/11/24,Unknown,ST. LAURENT BLVD @ WALKLEY RD (0007653),7653,02 - Intersection related,03 - P.D. only,03 - Rear end,01 - Clear,00 - Unknown,01 - Dry,01 - Traffic signal,01 - Functioning,2,0,0,0,,0,,,,,373902.7426,5028046.841,45.38895208,-75.61750335,8108
20--8965,2020/11/24,12:18 PM,CONROY RD @ JOHNSTON RD (0011908),11908,02 - Intersection related,03 - P.D. only,03 - Rear end,01 - Clear,01 - Daylight,01 - Dry,01 - Traffic signal,01 - Functioning,2,0,0,0,,0,,,,,373396.7965,5026308.476,45.37336075,-75.62420545,8109
20--8966,2020/11/24,12:36 PM,RIVERSIDE DR @ HERON RD (0002236),2236,02 - Intersection related,03 - P.D. only,03 - Rear end,01 - Clear,01 - Daylight,01 - Dry,01 - Traffic signal,01 - Functioning,2,0,0,0,,0,,,,,368121.0954,5026647.211,45.37690518,-75.69151135,8110
20--8786,2020/11/20,10:16 AM,SILVER SEVEN RD @ 280 N OF PALLADIUM DR/COSTCO (0012579),12579,02 - Intersection related,02 - Non-fatal injury,03 - Rear end,02 - Rain,01 - Daylight,02 - Wet,01 - Traffic signal,01 - Functioning,2,0,0,0,02 - Minor,1,,1,,,350866.3859,5018097.096,45.30131635,-75.91260304,8111
20--8518,2020/11/10,2:12 PM,HUNT CLUB RD @ CANADAIR PRIV (0010852),10852,02 - Intersection related,02 - Non-fatal injury,03 - Rear end,01 - Clear,01 - Daylight,01 - Dry,01 - Traffic signal,01 - Functioning,2,0,0,0,02 - Minor,1,,1,,,368662.7087,5022311.512,45.3378445,-75.68515684,8112
20--8519,2020/11/10,3:15 PM,INDUSTRIAL AVE @ TRAINYARDS DR (0011906),11906,02 - Intersection related,03 - P.D. only,03 - Rear end,01 - Clear,01 - Daylight,01 - Dry,01 - Traffic signal,01 - Functioning,2,0,0,0,,0,,,,,371685.9659,5030539.477,45.411595,-75.64547209,8113
20--870,2020/01/18,8:30 PM,CARLING AVE EB btwn PINECREST RD & RICHMOND RD (__3ZA4VV),__3ZA4VV,01 - Non intersection,03 - P.D. only,99 - Other,03 - Snow,07 - Dark,05 - Packed snow,10 - No control,,2,0,0,0,,0,,,,,360084.1865,5024665.015,45.3597497,-75.79434065,8114
20--8967,2020/11/24,12:55 PM,ANDERSON RD @ RIDGE RD (0003631),3631,03 - At intersection,03 - P.D. only,07 - SMV other,01 - Clear,01 - Daylight,01 - Dry,02 - Stop sign,01 - Functioning,1,0,0,0,,0,,,,,379029.7567,5028508.532,45.39258147,-75.55196658,8115
20--8787,2020/11/20,10:41 PM,ISLAND PARK DR @ RICHMOND RD (0002125),2125,02 - Intersection related,03 - P.D. only,03 - Rear end,01 - Clear,07 - Dark,01 - Dry,01 - Traffic signal,01 - Functioning,2,0,0,0,,0,,,,,364130.6896,5028867.558,45.39723274,-75.74218962,8116
20--852,2020/01/18,6:01 PM,BRONSON AVE @ SOMERSET ST (0002218),2218,02 - Intersection related,03 - P.D. only,04 - Sideswipe,01 - Clear,07 - Dark,05 - Packed snow,01 - Traffic signal,01 - Functioning,2,0,0,0,,0,,,,,366967.6992,5030476.572,45.41146405,-75.70575404,8117
20--8606,2020/11/12,5:30 PM,HIGHWAY 417 btwn HWY417 IC118 RAMP67 & HWY417 IC117 RAMP36 (__3ZA2YO),__3ZA2YO,01 - Non intersection,02 - Non-fatal injury,03 - Rear end,01 - Clear,07 - Dark,01 - Dry,10 - No control,,4,0,0,0,02 - Minor,2,1,1,,,370130.0407,5031111.901,45.41689243,-75.6652724,8118
20--8700,2020/11/17,1:15 PM,CEDARVIEW RD @ WEST HUNT CLUB RD (0010267),10267,03 - At intersection,03 - P.D. only,05 - Turning movement,01 - Clear,01 - Daylight,01 - Dry,01 - Traffic signal,01 - Functioning,2,0,0,0,,0,,,,,359718.678,5019554.474,45.31379368,-75.7995729,8119
20--8520,2020/11/10,3:52 PM,RIVERSIDE DR @ SMYTH RD NORTH SIDE RAMP (0011479),11479,02 - Intersection related,03 - P.D. only,99 - Other,01 - Clear,01 - Daylight,01 - Dry,01 - Traffic signal,01 - Functioning,2,0,0,0,,0,,,,,369937.5625,5029316.74,45.40075819,-75.66796864,8120
20--8968,2020/11/24,2:30 PM,BRONSON AVE @ CARLING AVE/GLEBE AVE (0002134),2134,02 - Intersection related,03 - P.D. only,03 - Rear end,01 - Clear,01 - Daylight,01 - Dry,01 - Traffic signal,01 - Functioning,2,0,0,0,,0,,,,,367447.6959,5029335.471,45.40115396,-75.69976726,8121
20--8521,2020/11/10,4:04 AM,RICHMOND RD btwn PERTH ST & CAMBRIAN RD (__3ZAB98),__3ZAB98,01 - Non intersection,03 - P.D. only,07 - SMV other,01 - Clear,07 - Dark,01 - Dry,10 - No control,,1,0,0,0,,0,,,,,359011.6747,5008342.632,45.21296273,-75.80981284,8122
20--8607,2020/11/12,5:32 AM,HUNTMAR DR btwn PALLADIUM DR & MAPLE GROVE RD (__3ZA1EH),__3ZA1EH,01 - Non intersection,03 - P.D. only,07 - SMV other,01 - Clear,07 - Dark,01 - Dry,10 - No control,,1,0,0,0,,0,,,,,349926.8367,5017088.043,45.29229757,-75.92467453,8123
20--8788,2020/11/20,11:33 AM,FRANKTOWN RD btwn GREEN'S RD & CONLEY RD (__3ZA42O),__3ZA42O,01 - Non intersection,02 - Non-fatal injury,07 - SMV other,01 - Clear,01 - Daylight,01 - Dry,10 - No control,,1,0,0,0,02 - Minor,1,,1,,,353015.5187,5002790.494,45.16343811,-75.88668405,8124
20--8701,2020/11/17,1:24 PM,BLAIR RD @ OGILVIE RD (0004120),4120,02 - Intersection related,02 - Non-fatal injury,03 - Rear end,02 - Rain,01 - Daylight,02 - Wet,01 - Traffic signal,01 - Functioning,2,0,0,0,01 - Minimal,1,1,,,,374507.7254,5033198.57,45.43524473,-75.60904961,8125
20--8789,2020/11/20,11:58 AM,HERON RD @ BAYCREST DR (0007191),7191,02 - Intersection related,03 - P.D. only,07 - SMV other,01 - Clear,01 - Daylight,02 - Wet,01 - Traffic signal,01 - Functioning,1,0,0,0,,0,,,,,371143.8866,5026979.336,45.37961383,-75.65287564,8126
20--8969,2020/11/24,2:31 PM,CARLING AVE @ KIRKWOOD AVE S (0002209),2209,02 - Intersection related,02 - Non-fatal injury,03 - Rear end,01 - Clear,01 - Daylight,01 - Dry,01 - Traffic signal,01 - Functioning,2,0,0,0,01 - Minimal,2,2,,,,364351.7065,5027337.538,45.38344714,-75.73955154,8127
20--8608,2020/11/12,6:10 PM,RIDGEWOOD AVE @ RIVERSIDE DR (0007180),7180,02 - Intersection related,03 - P.D. only,04 - Sideswipe,01 - Clear,07 - Dark,01 - Dry,01 - Traffic signal,01 - Functioning,2,0,0,0,,0,,,,,368280.7059,5025609.538,45.36755403,-75.689607,8128
20--8522,2020/11/10,4:14 PM,CAMBRIAN RD @ GREENBANK RD (0001095),1095,03 - At intersection,02 - Non-fatal injury,07 - SMV other,01 - Clear,01 - Daylight,01 - Dry,11 - Roundabout,01 - Functioning,1,0,0,1,02 - Minor,1,,1,,,364764.687,5012872.427,45.25325601,-75.73602959,8129
20--8702,2020/11/17,10:35 PM,ORMROD RD btwn WORLEY ST & FLEWELLYN RD (__3ZAC06),__3ZAC06,01 - Non intersection,03 - P.D. only,07 - SMV other,01 - Clear,07 - Dark,01 - Dry,10 - No control,,1,0,0,0,,0,,,,,341901.6959,5002307.287,45.15976156,-76.02808559,8130
20--879,2020/01/18,9:45 AM,JEANNE D'ARC BLVD @ ORLEANS BLVD S (0004154),4154,02 - Intersection related,03 - P.D. only,03 - Rear end,01 - Clear,01 - Daylight,06 - Ice,01 - Traffic signal,01 - Functioning,2,0,0,0,,0,,,,,380940.735,5036250.568,45.46203334,-75.52636692,8131
20--897,2020/01/19,Unknown,MARITIME WAY btwn CANADIAN SHIELD AVE & GREAT LAKES AVE (__6REWQM),__6REWQM,01 - Non intersection,03 - P.D. only,06 - SMV unattended vehicle,03 - Snow,00 - Unknown,04 - Slush,10 - No control,,1,0,0,0,,0,,,,,351868.567,5019600.074,45.31477408,-75.89968208,8132
20--8609,2020/11/12,8:10 AM,KELLY AVE @ PINECREST RD (0002744),2744,03 - At intersection,03 - P.D. only,02 - Angle,01 - Clear,01 - Daylight,01 - Dry,02 - Stop sign,01 - Functioning,2,0,0,0,,0,,,,,360277.6819,5023953.509,45.3533323,-75.79195087,8133
20--8523,2020/11/10,4:30 PM,HIGHWAY 417 btwn HWY417 IC119A RAMP67 & HWY417 IC118 RAMP76 (__3ZA2YS),__3ZA2YS,01 - Non intersection,03 - P.D. only,03 - Rear end,01 - Clear,05 - Dusk,01 - Dry,10 - No control,,2,0,0,0,,0,,,,,369033.9142,5030772.208,45.41393748,-75.67932052,8134
20--8524,2020/11/10,5:03 PM,AIRPORT PKWY/BROOKFIELD RD @ FLANNERY DR/AIRPORT PKWY RAMPS 52A/53 (0006850),6850,03 - At intersection,02 - Non-fatal injury,04 - Sideswipe,01 - Clear,07 - Dark,01 - Dry,11 - Roundabout,00 - Unknown,2,0,0,0,02 - Minor,1,,1,,,368694.7141,5026294.517,45.37367967,-75.68423372,8135
20--8525,2020/11/10,5:12 PM,PRINCE OF WALES DR btwn GREENBANK RD & BARNSDALE RD (__3ZA296),__3ZA296,04 - At/near private drive,02 - Non-fatal injury,05 - Turning movement,01 - Clear,05 - Dusk,01 - Dry,10 - No control,,2,0,0,0,02 - Minor,1,,1,,,366566.8632,5010985.499,45.23612157,-75.71330578,8136
20--8526,2020/11/10,6:14 PM,BOOTH ST @ RAYMOND ST (0006498),6498,03 - At intersection,03 - P.D. only,02 - Angle,01 - Clear,07 - Dark,01 - Dry,01 - Traffic signal,01 - Functioning,2,0,0,0,,0,,,,,366860.6908,5029641.564,45.40396038,-75.70722615,8137
20--8527,2020/11/10,6:36 PM,MEADOWLANDS DR @ BAYNE AVE (0001756),1756,03 - At intersection,03 - P.D. only,02 - Angle,01 - Clear,07 - Dark,01 - Dry,02 - Stop sign,00 - Unknown,2,0,0,0,,0,,,,,364769.8573,5023677.76,45.35048137,-75.73465664,8138
20--8528,2020/11/10,6:40 AM,MARCH RD @ MORGAN'S GRANT WAY/SHIRLEY'S BROOK  (0002651),2651,02 - Intersection related,02 - Non-fatal injury,05 - Turning movement,01 - Clear,03 - Dawn,01 - Dry,01 - Traffic signal,01 - Functioning,2,0,0,0,01 - Minimal,1,1,,,,349661.6098,5023617.51,45.35106844,-75.92746428,8139
20--8529,2020/11/10,6:50 PM,MARCH RD btwn HALTON TERR/MAXWELL BRIDGE RD & MAXWELL RD (__3ZA2GD),__3ZA2GD,01 - Non intersection,03 - P.D. only,07 - SMV other,01 - Clear,07 - Dark,01 - Dry,10 - No control,,1,0,0,0,,0,,,,,348839.9271,5024523.617,45.35927389,-75.93786958,8140
20--853,2020/01/18,6:12 PM,KING EDWARD AVE btwn THOMAS MORE PRIV & MARIE CURIE PRIV (__3ZA3US),__3ZA3US,01 - Non intersection,03 - P.D. only,01 - Approaching,03 - Snow,07 - Dark,03 - Loose snow,10 - No control,,2,0,0,0,,0,,,,,368866.1204,5031827.524,45.42344822,-75.68132689,8141
20--8530,2020/11/10,7:09 PM,MARCH RD btwn HALTON TERR/MAXWELL BRIDGE RD & MAXWELL RD (__3ZA2GD),__3ZA2GD,01 - Non intersection,03 - P.D. only,07 - SMV other,01 - Clear,07 - Dark,01 - Dry,10 - No control,,1,0,0,0,,0,,,,,348393.7676,5025012.895,45.36370441,-75.94352098,8142
20--8531,2020/11/10,7:27 AM,MAITLAND AVE/GLENMOUNT AVE @ ERINDALE DR (0002724),2724,03 - At intersection,03 - P.D. only,07 - SMV other,01 - Clear,03 - Dawn,01 - Dry,01 - Traffic signal,01 - Functioning,1,0,0,0,,0,,,,,363697.6907,5025211.514,45.36437277,-75.74815584,8143
20--8532,2020/11/10,7:37 PM,MCCARTHY RD @ SOUTHMORE DR (0007491),7491,03 - At intersection,03 - P.D. only,01 - Approaching,01 - Clear,07 - Dark,01 - Dry,02 - Stop sign,01 - Functioning,2,0,0,0,,0,,,,,369449.7036,5024837.549,45.36050104,-75.67478615,8144
20--8533,2020/11/10,7:44 AM,ABBOTT ST @ MOSS HILL TR (0000054),54,03 - At intersection,03 - P.D. only,02 - Angle,01 - Clear,01 - Daylight,01 - Dry,02 - Stop sign,01 - Functioning,2,0,0,0,,0,,,,,350943.5821,5013955.436,45.26404337,-75.91200386,8145
20--8534,2020/11/10,8:15 AM,HAIG DR @ RUSSELL RD (0008394),8394,02 - Intersection related,02 - Non-fatal injury,03 - Rear end,01 - Clear,01 - Daylight,01 - Dry,01 - Traffic signal,00 - Unknown,2,0,0,0,02 - Minor,1,,1,,,372730.7279,5029659.57,45.40357737,-75.63224709,8146
20--8535,2020/11/10,8:19 AM,RUSSELL RD btwn CORONATION AVE & SHELLEY AVE (__3ZA79S),__3ZA79S,01 - Non intersection,03 - P.D. only,03 - Rear end,01 - Clear,01 - Daylight,01 - Dry,10 - No control,,2,0,0,0,,0,,,,,372458.6794,5030114.801,45.40769968,-75.63565939,8147
20--8536,2020/11/10,8:33 AM,DALHOUSIE ST @ GUIGUES AVE (0008427),8427,02 - Intersection related,03 - P.D. only,99 - Other,01 - Clear,01 - Daylight,01 - Dry,02 - Stop sign,01 - Functioning,2,0,0,0,,0,,,,,367912.6969,5032713.599,45.43150749,-75.6933955,8148
20--8537,2020/11/10,8:35 AM,COOPER ST @ O'CONNOR ST (0006954),6954,03 - At intersection,03 - P.D. only,05 - Turning movement,01 - Clear,01 - Daylight,01 - Dry,02 - Stop sign,00 - Unknown,2,0,0,0,,0,,,,,367808.7133,5031085.572,45.41686842,-75.69493256,8149
20--8538,2020/11/10,8:40 AM,VANIER PKWY SB btwn COVENTRY RD & HWY417 IC117 RAMP36 (__3ZA4S4),__3ZA4S4,01 - Non intersection,03 - P.D. only,03 - Rear end,01 - Clear,01 - Daylight,01 - Dry,10 - No control,,2,0,0,0,,0,,,,,370761.6929,5031478.059,45.42012771,-75.65715358,8150
20--8539,2020/11/10,8:56 AM,BASELINE RD @ WOODROFFE AVE (0002225),2225,02 - Intersection related,02 - Non-fatal injury,04 - Sideswipe,01 - Clear,01 - Daylight,01 - Dry,01 - Traffic signal,00 - Unknown,2,0,0,0,02 - Minor,1,,1,,,362549.6897,5023770.513,45.35150229,-75.76297749,8151
20--854,2020/01/18,6:30 PM,AIRPORT PKWY @ HUNT CLUB RD (0010856),10856,02 - Intersection related,03 - P.D. only,03 - Rear end,03 - Snow,07 - Dark,05 - Packed snow,01 - Traffic signal,01 - Functioning,2,0,0,0,,0,,,,,371018.5258,5023702.999,45.3501463,-75.65491523,8152
20--8540,2020/11/10,9:00 AM,STRANDHERD DR btwn LONGFIELDS DR & CLARIDGE DR (__4BRV9S),__4BRV9S,04 - At/near private drive,03 - P.D. only,02 - Angle,01 - Clear,01 - Daylight,01 - Dry,10 - No control,,2,0,0,0,,0,,,,,364607.5018,5015209.563,45.27429896,-75.73775061,8153
20--8541,2020/11/10,9:01 AM,ALGOMA RD @ COMSTOCK RD (0008739),8739,03 - At intersection,03 - P.D. only,05 - Turning movement,01 - Clear,01 - Daylight,01 - Dry,02 - Stop sign,01 - Functioning,2,0,0,0,,0,,,,,373661.7261,5031107.566,45.41651477,-75.62015356,8154
20--8542,2020/11/10,9:13 AM,ROSEFIRE DR btwn KELSEY ST & Continuation of ROSEFIRE DR (__3ZA109),__3ZA109,01 - Non intersection,02 - Non-fatal injury,07 - SMV other,01 - Clear,01 - Daylight,01 - Dry,10 - No control,,1,0,0,1,02 - Minor,1,,1,,,386449.4988,5010435.496,45.22914814,-75.46019743,8155
20--8543,2020/11/11,1:00 PM,INNES RD @ JEANNE D'ARC BLVD/MER BLEUE RD (0012475),12475,03 - At intersection,03 - P.D. only,05 - Turning movement,01 - Clear,01 - Daylight,01 - Dry,01 - Traffic signal,01 - Functioning,2,0,0,0,,0,,,,,382637.7468,5035567.553,45.45570114,-75.50477814,8156
20--8544,2020/11/11,1:13 PM,FRANK KENNY RD E @ INNES RD (0004625),4625,02 - Intersection related,02 - Non-fatal injury,02 - Angle,01 - Clear,01 - Daylight,01 - Dry,02 - Stop sign,01 - Functioning,2,0,0,0,02 - Minor,1,,1,,,387869.773,5037735.553,45.47460412,-75.43752705,8157
20--8545,2020/11/11,1:16 PM,CONROY RD @ ST. LAURENT BLVD (0011390),11390,02 - Intersection related,03 - P.D. only,03 - Rear end,01 - Clear,01 - Daylight,01 - Dry,01 - Traffic signal,01 - Functioning,2,0,0,0,,0,,,,,373069.9712,5027159.303,45.38104806,-75.62826001,8158
20--8546,2020/11/11,1:38 PM,FALLOWFIELD RD btwn CEDARVIEW RD & LARKIN DR (__3ZA1XU),__3ZA1XU,01 - Non intersection,03 - P.D. only,07 - SMV other,01 - Clear,01 - Daylight,01 - Dry,10 - No control,,1,0,0,0,,0,,,,,361360.5228,5015703.223,45.27900963,-75.77907388,8159
20--8547,2020/11/11,10:00 PM,BOOTH ST @ SIR JOHN A. MACDONALD PKWY/WELLINGTON ST (0012252),12252,03 - At intersection,03 - P.D. only,05 - Turning movement,01 - Clear,07 - Dark,01 - Dry,01 - Traffic signal,01 - Functioning,2,0,0,0,,0,,,,,366264.2545,5031006.688,45.41629602,-75.71467419,8160
20--8548,2020/11/11,10:15 AM,JOHN QUINN RD btwn STONE SCHOOL RD & BANK ST (__3ZA645),__3ZA645,01 - Non intersection,03 - P.D. only,01 - Approaching,02 - Rain,01 - Daylight,02 - Wet,10 - No control,,2,0,0,0,,0,,,,,383446.3146,5010725.442,45.23209869,-75.49839104,8161