Anom_ID,Accident_Date,Accident_Time,Location,Geo_ID,Accident_Location,Classification_of_Accident,Initial_Impact_Type,Environment_Condition,Light,Road_Surface_Condition,Traffic_Control,Traffic_Control_Condition,No__of_Vehicles,No__of_Bicycles,No__of_Motorcycles,No__of_Pedestrians,Max_Injury,No__of_Injuries,No__of_Minimal,No__of_Minor,No__of_Major,No__of_Fatal,X,Y,Latitude,Longitude,ObjectId
20--8549,2020/11/11,10:28 AM,BANK ST btwn ARENA PL & WHITE ALDER AVE (__3ZA29N),__3ZA29N,04 - At/near private drive,03 - P.D. only,05 - Turning movement,01 - Clear,01 - Daylight,01 - Dry,10 - No control,,2,0,0,0,,0,,,,,375474.624,5021342.627,45.32847378,-75.59839024,8162
20--855,2020/01/18,6:30 PM,BASELINE RD/HWY 416 RICHMOND IC75R53 @ RICHMON (0000148),148,03 - At intersection,03 - P.D. only,07 - SMV other,03 - Snow,07 - Dark,05 - Packed snow,01 - Traffic signal,01 - Functioning,1,0,0,0,,0,,,,,358635.6536,5021821.49,45.33427631,-75.8131382,8163
20--8550,2020/11/11,Unknown,HENRY FARM DR btwn TERREBONNE DR & BASELINE RD (__3ZBOKR),__3ZBOKR,01 - Non intersection,03 - P.D. only,06 - SMV unattended vehicle,02 - Rain,00 - Unknown,02 - Wet,10 - No control,,1,0,0,0,,0,,,,,363969.8229,5024729.162,45.36000971,-75.74474005,8164
20--8551,2020/11/11,Unknown,BAY ST btwn SOMERSET ST W & MACLAREN ST (__3ZA801),__3ZA801,01 - Non intersection,03 - P.D. only,06 - SMV unattended vehicle,01 - Clear,00 - Unknown,02 - Wet,10 - No control,,1,0,0,0,,0,,,,,367262.3145,5030623.341,45.4127584,-75.70197185,8165
20--8552,2020/11/11,Unknown,LISGAR ST btwn ALLENDALE PRIV & BANK ST (__3ZAZYN),__3ZAZYN,01 - Non intersection,03 - P.D. only,06 - SMV unattended vehicle,01 - Clear,00 - Unknown,01 - Dry,10 - No control,,1,0,0,0,,0,,,,,367582.1971,5031050.958,45.41657734,-75.6978309,8166
20--8553,2020/11/11,12:53 PM,CYRVILLE RD btwn STAR TOP RD & MEADOWBROOK RD (__3ZA3SN),__3ZA3SN,04 - At/near private drive,03 - P.D. only,02 - Angle,01 - Clear,01 - Daylight,01 - Dry,10 - No control,,2,0,0,0,,0,,,,,374549.3221,5031269.434,45.41788326,-75.60879121,8167
20--8554,2020/11/11,2:02 PM,CARLING AVE @ FAIRLAWN AVE/WOODROFFE AVE E (0002393),2393,02 - Intersection related,03 - P.D. only,04 - Sideswipe,01 - Clear,01 - Daylight,01 - Dry,01 - Traffic signal,01 - Functioning,2,0,0,0,,0,,,,,361934.6841,5025830.528,45.37008852,-75.77058762,8168
20--8555,2020/11/11,2:15 AM,HIGHWAY 417 btwn RAMP & HWY417 IC88 RAMP51 (__3ZA2W2),__3ZA2W2,01 - Non intersection,02 - Non-fatal injury,07 - SMV other,01 - Clear,07 - Dark,01 - Dry,10 - No control,,1,0,0,0,01 - Minimal,1,1,,,,389534.9067,5023498.916,45.34631749,-75.41868072,8169
20--8556,2020/11/11,2:30 PM,WOODROFFE AVE btwn CARLING AVE & FOX CRES (__3ZA4NI),__3ZA4NI,01 - Non intersection,03 - P.D. only,04 - Sideswipe,01 - Clear,01 - Daylight,01 - Dry,10 - No control,,2,0,0,0,,0,,,,,361786.7897,5025675.756,45.36870794,-75.77249342,8170
20--8557,2020/11/11,2:52 PM,RUSSELL RD btwn SHELLEY AVE & THIRSK ST (__3ZA79M),__3ZA79M,01 - Non intersection,03 - P.D. only,03 - Rear end,01 - Clear,01 - Daylight,01 - Dry,10 - No control,,2,0,0,0,,0,,,,,372473.7341,5030087.707,45.40745445,-75.63547081,8171
20--8558,2020/11/11,3:03 PM,MORRISON DR btwn CONSUL AVE & HICKSON CRES (__3ZABIP),__3ZABIP,01 - Non intersection,03 - P.D. only,06 - SMV unattended vehicle,01 - Clear,01 - Daylight,01 - Dry,10 - No control,,1,0,0,0,,0,,,,,359868.4319,5022884.457,45.34374523,-75.79729268,8172
20--8559,2020/11/11,3:24 PM,VIEWMOUNT DR @ MERIVALE RD (0001528),1528,02 - Intersection related,03 - P.D. only,03 - Rear end,01 - Clear,01 - Daylight,01 - Dry,01 - Traffic signal,01 - Functioning,2,0,0,0,,0,,,,,365193.7003,5022948.493,45.34388315,-75.72933704,8173
20--856,2020/01/18,6:30 PM,MEADOWLANDS DR @ MERIVALE RD (0000625),625,02 - Intersection related,02 - Non-fatal injury,03 - Rear end,03 - Snow,07 - Dark,03 - Loose snow,01 - Traffic signal,01 - Functioning,2,0,0,0,01 - Minimal,1,1,,,,364858.7118,5023725.507,45.35090338,-75.73351697,8174
20--8560,2020/11/11,3:55 PM,JOCKVALE RD @ EXETER DR/TARTAN DR (0010065),10065,03 - At intersection,02 - Non-fatal injury,02 - Angle,01 - Clear,01 - Daylight,01 - Dry,11 - Roundabout,01 - Functioning,2,1,0,0,02 - Minor,1,,1,,,363323.6772,5014773.418,45.27048254,-75.75416302,8175
20--8561,2020/11/11,4:20 PM,MALIBU TER btwn COURTLAND PL & AMBRIDGE WAY (2) (__3ZAZ7E),__3ZAZ7E,04 - At/near private drive,03 - P.D. only,06 - SMV unattended vehicle,01 - Clear,01 - Daylight,01 - Dry,10 - No control,,1,0,0,0,,0,,,,,366262.047,5026011.176,45.37134781,-75.71532471,8176
20--8562,2020/11/11,5:10 AM,HIGHWAY 417 btwn HWY417 IC126 RAMP61 & HWY417 IC124 RAMP76 (__3ZA2Y2),__3ZA2Y2,01 - Non intersection,03 - P.D. only,03 - Rear end,02 - Rain,07 - Dark,02 - Wet,10 - No control,,2,0,0,0,,0,,,,,364083.5642,5027088.98,45.3812334,-75.74300515,8177
20--8563,2020/11/11,5:11 PM,BASELINE RD btwn 207 E OF CLYDE AVE & LOBLAWS SC (__3ZA4ISB),__3ZA4ISB,01 - Non intersection,03 - P.D. only,03 - Rear end,01 - Clear,05 - Dusk,01 - Dry,10 - No control,,2,0,0,0,,0,,,,,364671.3111,5025084.813,45.36315025,-75.73574377,8178
20--8564,2020/11/11,5:20 PM,INDUSTRIAL AVE btwn SANDFORD FLEMING AVE & NEIGHBORHOOD WAY (__3ZA3PC),__3ZA3PC,01 - Non intersection,03 - P.D. only,03 - Rear end,01 - Clear,05 - Dusk,01 - Dry,10 - No control,,2,0,0,0,,0,,,,,371041.8662,5030531.687,45.41158618,-75.65370118,8179
20--8565,2020/11/11,5:22 PM,HIGHWAY 417 btwn HWY417 IC117 RAMP36 & HWY417 IC117 RAMP26 (__3ZAZE0),__3ZAZE0,01 - Non intersection,02 - Non-fatal injury,03 - Rear end,01 - Clear,07 - Dark,01 - Dry,10 - No control,,3,0,0,0,01 - Minimal,2,2,,,,370754.619,5031196.183,45.41759217,-75.65728169,8180
20--8566,2020/11/11,5:23 PM,BENDING WAY @ GREENBANK RD (0018428),18428,03 - At intersection,02 - Non-fatal injury,03 - Rear end,01 - Clear,07 - Dark,01 - Dry,02 - Stop sign,01 - Functioning,3,0,0,0,02 - Minor,1,,1,,,364380.7957,5013738.976,45.26108585,-75.74081616,8181
20--8567,2020/11/11,5:30 PM,HIGHWAY 417 btwn HWY417 IC117 RAMP61 & HWY417 IC115 RAMP36 (__3ZA2RZ),__3ZA2RZ,01 - Non intersection,03 - P.D. only,04 - Sideswipe,01 - Clear,07 - Dark,01 - Dry,10 - No control,,2,0,0,0,,0,,,,,371584.7193,5031424.8,45.41957043,-75.64664548,8182
20--8568,2020/11/11,5:32 PM,GREENBANK RD btwn KILBIRNIE DR & BARNSDALE RD (__3ZA1CB),__3ZA1CB,04 - At/near private drive,03 - P.D. only,99 - Other,03 - Snow,07 - Dark,02 - Wet,10 - No control,,2,0,0,0,,0,,,,,365342.824,5011518.464,45.24102352,-75.72882947,8183
20--8569,2020/11/11,6:14 PM,RIVERSIDE DR @ 175 S OF HUNT CLUB  RD/RUNWAY C (0011890),11890,03 - At intersection,03 - P.D. only,05 - Turning movement,01 - Clear,07 - Dark,01 - Dry,01 - Traffic signal,01 - Functioning,2,0,0,0,,0,,,,,368028.499,5021766.292,45.33299615,-75.69331775,8184
20--857,2020/01/18,6:30 PM,HIGHWAY 417 btwn HWY417 IC145 RAMP55 & HWY417 IC144 RAMP51 (__3ZA2Q4),__3ZA2Q4,01 - Non intersection,03 - P.D. only,03 - Rear end,05 - Drifting Snow,07 - Dark,03 - Loose snow,10 - No control,,2,0,0,0,,0,,,,,346723.6976,5015191.184,45.2754273,-75.96567,8185
20--8570,2020/11/11,6:30 PM,DONNELLY DR btwn MERLYN WILSON RD & MCCORDICK RD (__3ZA30Q),__3ZA30Q,01 - Non intersection,03 - P.D. only,07 - SMV other,01 - Clear,07 - Dark,01 - Dry,10 - No control,,1,0,0,0,,0,,,,,370041.6387,4991533.246,45.06077589,-75.67159321,8186
20--8571,2020/11/11,7:03 AM,LYON ST    N btwn ALBERT ST & SLATER ST (__3ZA30E),__3ZA30E,01 - Non intersection,03 - P.D. only,04 - Sideswipe,01 - Clear,03 - Dawn,01 - Dry,10 - No control,,2,0,0,0,,0,,,,,367086.8972,5031179.061,45.41777424,-75.70414255,8187
20--8572,2020/11/11,7:14 AM,BANK ST @ RIDEAU RD (0009263),9263,02 - Intersection related,03 - P.D. only,03 - Rear end,01 - Clear,01 - Daylight,02 - Wet,01 - Traffic signal,01 - Functioning,2,0,0,0,,0,,,,,376954.7511,5017844.482,45.29684837,-75.58001981,8188
20--8573,2020/11/11,7:14 PM,CAMBRIAN RD @ GREENBANK RD (0001095),1095,02 - Intersection related,03 - P.D. only,03 - Rear end,01 - Clear,07 - Dark,01 - Dry,11 - Roundabout,01 - Functioning,2,0,0,0,,0,,,,,364764.6843,5012872.426,45.253256,-75.73602962,8189
20--8574,2020/11/11,7:18 PM,ASHTON STATION RD btwn OLD MILL RD (BECKWITH TWP) & ORMROD RD (__3ZAC03),__3ZAC03,01 - Non intersection,03 - P.D. only,07 - SMV other,01 - Clear,07 - Dark,01 - Dry,10 - No control,,1,0,0,0,,0,,,,,341428.5269,5002106.823,45.15798236,-76.03411856,8190
20--8575,2020/11/11,7:23 PM,FIRST LINE RD btwn CENTURY RD E & CARSONBY RD E (__3ZA98Q),__3ZA98Q,01 - Non intersection,03 - P.D. only,07 - SMV other,01 - Clear,07 - Dark,01 - Dry,10 - No control,,1,0,0,0,,0,,,,,368431.63,5006713.979,45.19752045,-75.69010333,8191
20--8576,2020/11/11,7:45 AM,CARLING AVE @ KIRKWOOD AVE N (0002358),2358,02 - Intersection related,03 - P.D. only,04 - Sideswipe,01 - Clear,03 - Dawn,01 - Dry,01 - Traffic signal,01 - Functioning,2,0,0,0,,0,,,,,364275.6894,5027493.533,45.38485721,-75.74050336,8192
20--8577,2020/11/11,8:05 AM,HIGHWAY 416 btwn HWY416 IC57 RAMP53 & HWY416 IC49 RAMP34 (__3ZAZJC),__3ZAZJC,01 - Non intersection,02 - Non-fatal injury,07 - SMV other,01 - Clear,01 - Daylight,01 - Dry,10 - No control,,1,0,0,0,02 - Minor,1,,1,,,366104.0156,5005659.759,45.18824072,-75.71985577,8193
20--8578,2020/11/11,8:29 AM,RIVERSIDE DR @ BROOKFIELD RD/HOG'S BACK RD (0001627),1627,03 - At intersection,02 - Non-fatal injury,02 - Angle,02 - Rain,01 - Daylight,02 - Wet,01 - Traffic signal,01 - Functioning,2,0,0,0,02 - Minor,1,,1,,,368167.6993,5026222.519,45.3730797,-75.69097086,8194
20--8579,2020/11/11,8:30 PM,NELSON ST btwn YORK ST & RIDEAU ST (__3ZA82D),__3ZA82D,01 - Non intersection,03 - P.D. only,06 - SMV unattended vehicle,01 - Clear,07 - Dark,01 - Dry,10 - No control,,1,0,0,0,,0,,,,,368618.5511,5032550.968,45.42998014,-75.6843964,8195
20--858,2020/01/18,6:47 PM,WEST HUNT CLUB RD @ ROYDON PL/SUNDERLAND ST (0009775),9775,03 - At intersection,03 - P.D. only,05 - Turning movement,03 - Snow,07 - Dark,03 - Loose snow,01 - Traffic signal,01 - Functioning,2,0,0,0,,0,,,,,365973.7128,5022169.488,45.33680619,-75.71948082,8196
20--8580,2020/11/12,1:30 PM,BASELINE RD @ GREENBANK RD (0002357),2357,02 - Intersection related,03 - P.D. only,03 - Rear end,01 - Clear,01 - Daylight,01 - Dry,01 - Traffic signal,00 - Unknown,3,0,0,0,,0,,,,,360597.684,5022584.475,45.34098837,-75.78802152,8197
20--8581,2020/11/12,1:36 PM,RICHMOND RD @ WEST HUNT CLUB RD (0000598),598,03 - At intersection,03 - P.D. only,02 - Angle,01 - Clear,01 - Daylight,01 - Dry,11 - Roundabout,01 - Functioning,2,0,0,0,,0,,,,,357145.651,5018152.461,45.30137471,-75.8325348,8198
20--8582,2020/11/12,1:46 PM,HERON RD btwn CLEMENTINE BLVD & FALCON AVE (__3ZA36E),__3ZA36E,01 - Non intersection,03 - P.D. only,03 - Rear end,01 - Clear,01 - Daylight,01 - Dry,10 - No control,,2,0,0,0,,0,,,,,369584.0274,5026791.364,45.37806849,-75.67281555,8199
20--8583,2020/11/12,1:58 PM,HUNT CLUB RD @ LORRY GREENBERG DR/SABLE RIDGE  (0008203),8203,03 - At intersection,02 - Non-fatal injury,03 - Rear end,01 - Clear,01 - Daylight,01 - Dry,01 - Traffic signal,01 - Functioning,2,0,0,0,03 - Major,2,,1,1,,372823.7392,5024807.5,45.35991142,-75.63172764,8200
20--8584,2020/11/12,10:10 PM,HIGHWAY 417 btwn HWY 417 ANDERSON IC104R61 & HWY 417 BOUNDARY IC96R16 (__3ZA2W5),__3ZA2W5,01 - Non intersection,03 - P.D. only,07 - SMV other,01 - Clear,07 - Dark,01 - Dry,10 - No control,,1,0,0,0,,0,,,,,385033.3809,5024953.407,45.35993323,-75.47588009,8201
20--8585,2020/11/12,10:12 AM,CARLING AVE @ KIRKWOOD AVE S (0002209),2209,02 - Intersection related,03 - P.D. only,03 - Rear end,01 - Clear,01 - Daylight,01 - Dry,01 - Traffic signal,01 - Functioning,2,0,0,0,,0,,,,,364351.6991,5027337.55,45.38344725,-75.73955163,8202
20--8586,2020/11/12,10:39 AM,CUMBERLAND ST @ RIDEAU ST (0007759),7759,03 - At intersection,02 - Non-fatal injury,01 - Approaching,01 - Clear,01 - Daylight,01 - Dry,01 - Traffic signal,01 - Functioning,2,0,0,0,01 - Minimal,1,1,,,,368374.509,5032329.972,45.42801392,-75.68754348,8203
20--8587,2020/11/12,11:36 AM,BANK ST btwn CAHILL DR & TURN LANE (1) (__3ZA3HV),__3ZA3HV,04 - At/near private drive,03 - P.D. only,02 - Angle,01 - Clear,01 - Daylight,01 - Dry,10 - No control,,2,0,0,0,,0,,,,,371498.0851,5024138.115,45.35401588,-75.64873705,8204
20--8588,2020/11/12,11:43 AM,STITTSVILLE MAIN ST btwn MULKINS ST & ANDREW ALEXANDER CRT (__3ZA3DE),__3ZA3DE,01 - Non intersection,03 - P.D. only,04 - Sideswipe,02 - Rain,01 - Daylight,02 - Wet,10 - No control,,2,0,0,0,,0,,,,,350083.6411,5013548.321,45.26043589,-75.92299842,8205
20--8589,2020/11/12,11:59 PM,KING EDWARD AVE @ LAURIER AVE (0002170),2170,02 - Intersection related,03 - P.D. only,07 - SMV other,01 - Clear,07 - Dark,01 - Dry,01 - Traffic signal,01 - Functioning,1,0,0,0,,0,,,,,368739.7065,5032034.584,45.42532284,-75.68291523,8206
20--859,2020/01/18,6:48 PM,NORMAN ST @ ROCHESTER ST (0006126),6126,03 - At intersection,03 - P.D. only,02 - Angle,03 - Snow,07 - Dark,05 - Packed snow,02 - Stop sign,01 - Functioning,2,0,0,0,,0,,,,,366889.6892,5029270.559,45.40061961,-75.70690246,8207
20--8590,2020/11/12,2:00 PM,MONTREAL RD btwn ST. LAURENT BLVD & HILLSIDE DR (__3ZA1MC),__3ZA1MC,04 - At/near private drive,03 - P.D. only,02 - Angle,01 - Clear,01 - Daylight,01 - Dry,10 - No control,,2,0,0,0,,0,,,,,371679.3522,5033882.231,45.44167223,-75.64510267,8208
20--8591,2020/11/12,2:09 PM,HAZELDEAN RD @ SWEETNAM DR (0005271),5271,03 - At intersection,03 - P.D. only,02 - Angle,01 - Clear,01 - Daylight,01 - Dry,02 - Stop sign,01 - Functioning,2,1,0,0,,0,,,,,350475.5776,5015656.449,45.27938019,-75.91781074,8209
20--8592,2020/11/12,2:12 PM,JAMIE AVE btwn MERIVALE RD & SUNDERLAND ST (__3ZA0XW),__3ZA0XW,01 - Non intersection,03 - P.D. only,06 - SMV unattended vehicle,01 - Clear,01 - Daylight,01 - Dry,10 - No control,,1,0,0,0,,0,,,,,365947.6456,5021948.641,45.33482131,-75.71984067,8210
20--8593,2020/11/12,2:30 AM,MAPLE GROVE RD btwn MONTSERRAT ST & LEVECHE WAY (__6O5EZS),__6O5EZS,01 - Non intersection,03 - P.D. only,06 - SMV unattended vehicle,01 - Clear,07 - Dark,01 - Dry,10 - No control,,1,0,0,0,,0,,,,,350055.5309,5016519.932,45.28717725,-75.92308571,8211
20--8594,2020/11/12,2:39 PM,MARCH RD @ SECOND LINE RD (0008850),8850,02 - Intersection related,03 - P.D. only,03 - Rear end,01 - Clear,01 - Daylight,01 - Dry,01 - Traffic signal,01 - Functioning,3,0,0,0,,0,,,,,346103.5902,5025327.526,45.36667423,-75.97272776,8212
20--8595,2020/11/12,2:46 PM,GREENHAVEN CRES @ WEST RIDGE DR N (0010230),10230,02 - Intersection related,02 - Non-fatal injury,01 - Approaching,01 - Clear,01 - Daylight,01 - Dry,02 - Stop sign,01 - Functioning,2,1,0,0,02 - Minor,1,,1,,,349820.8285,5012593.938,45.25186487,-75.92643346,8213
20--8596,2020/11/12,3:07 PM,MAITLAND AVE btwn TARA DR & ERINDALE DR (__3ZA4I7),__3ZA4I7,04 - At/near private drive,03 - P.D. only,02 - Angle,01 - Clear,01 - Daylight,01 - Dry,10 - No control,,2,0,0,0,,0,,,,,363577.9284,5025303.377,45.3652094,-75.74967357,8214
20--8597,2020/11/12,3:10 PM,EAGLESON RD @ MICHAEL COWPLAND DR/STONEHAVEN D (0003544),3544,02 - Intersection related,03 - P.D. only,04 - Sideswipe,01 - Clear,01 - Daylight,01 - Dry,01 - Traffic signal,01 - Functioning,2,0,0,0,,0,,,,,354382.6309,5016623.442,45.28781672,-75.86791703,8215
20--8598,2020/11/12,3:22 PM,CARLING AVE @ PINECREST  RD/GREENVIEW AVE (0001630),1630,03 - At intersection,03 - P.D. only,04 - Sideswipe,01 - Clear,01 - Daylight,01 - Dry,01 - Traffic signal,01 - Functioning,2,0,0,0,,0,,,,,360006.6743,5024632.534,45.35946354,-75.79533358,8216
20--8599,2020/11/12,4:11 PM,OGILVIE RD @ CITY PARK DR E/CSIS HQ ACCESS (0003696),3696,03 - At intersection,03 - P.D. only,05 - Turning movement,01 - Clear,01 - Daylight,01 - Dry,01 - Traffic signal,01 - Functioning,2,0,0,0,,0,,,,,374188.7261,5033010.575,45.43358498,-75.61315281,8217
20--86,2020/01/03,7:45 AM,HIGHWAY 417 btwn HWY417 IC124 RAMP65 & HWY417 IC122 RAMP51 (__3ZA2R8),__3ZA2R8,01 - Non intersection,03 - P.D. only,03 - Rear end,01 - Clear,03 - Dawn,01 - Dry,10 - No control,,2,0,0,0,,0,,,,,365028.9039,5028497.529,45.39382661,-75.73076325,8218
20--860,2020/01/18,7:00 PM,HIGHWAY 417 btwn HWY417 IC142 RAMP35 & HWY417 IC142 RAMP25 (__3ZA1ZO),__3ZA1ZO,01 - Non intersection,03 - P.D. only,07 - SMV other,03 - Snow,07 - Dark,03 - Loose snow,10 - No control,,1,0,0,0,,0,,,,,349348.0338,5017582.122,45.29678038,-75.93200899,8219
20--8600,2020/11/12,4:31 PM,ALBION RD @ D'AOUST AVE (0009629),9629,03 - At intersection,03 - P.D. only,05 - Turning movement,01 - Clear,05 - Dusk,01 - Dry,01 - Traffic signal,01 - Functioning,2,0,0,0,,0,,,,,372217.7274,5023470.532,45.34794038,-75.63964435,8220
20--8601,2020/11/12,4:46 PM,CARLING AVE @ TRANSITWAY - LINCOLN FIE (0008873),8873,03 - At intersection,03 - P.D. only,05 - Turning movement,01 - Clear,05 - Dusk,01 - Dry,01 - Traffic signal,01 - Functioning,2,0,0,0,,0,,,,,361136.68,5025351.52,45.36584304,-75.78082919,8221
20--8602,2020/11/12,5:02 PM,GALETTA SIDE RD btwn HOMESTEADERS RD & CARP RD (__3ZA4RU),__3ZA4RU,01 - Non intersection,03 - P.D. only,07 - SMV other,01 - Clear,07 - Dark,01 - Dry,10 - No control,,1,0,0,0,,0,,,,,327282.8636,5034579.019,45.45077988,-76.21256264,8222
20--8603,2020/11/12,5:04 PM,HUNT CLUB RD @ LORRY GREENBERG DR/SABLE RIDGE  (0008203),8203,02 - Intersection related,02 - Non-fatal injury,03 - Rear end,01 - Clear,07 - Dark,01 - Dry,01 - Traffic signal,00 - Unknown,2,0,0,0,02 - Minor,1,,1,,,372823.7374,5024807.502,45.35991143,-75.63172766,8223
20--8604,2020/11/12,5:22 PM,SNAKE ISLAND RD btwn KEARNS WAY & 5TH LINE RD (__3ZA2CU),__3ZA2CU,01 - Non intersection,03 - P.D. only,99 - Other,01 - Clear,07 - Dark,01 - Dry,10 - No control,,2,0,0,0,,0,,,,,379417.701,5007462.781,45.20318084,-75.55017953,8224
20--8425,2020/11/06,8:38 AM,HIGHWAY 417 btwn HWY417 IC129 RAMP25 & TRANSIT (__3ZA2SH),__3ZA2SH,01 - Non intersection,03 - P.D. only,04 - Sideswipe,01 - Clear,01 - Daylight,01 - Dry,10 - No control,,2,0,0,0,,0,,,,,361368.9975,5024233.769,45.35576688,-75.77799169,8225
20--8245,2020/10/31,8:39 PM,O'CONNOR ST @ SLATER ST (0002230),2230,03 - At intersection,03 - P.D. only,02 - Angle,01 - Clear,07 - Dark,01 - Dry,01 - Traffic signal,01 - Functioning,2,0,0,0,,0,,,,,367579.7028,5031450.572,45.42017316,-75.69781186,8226
20--8703,2020/11/17,10:45 AM,KING EDWARD AVE @ SOMERSET ST/MARIE CURIE PRIV (0001696),1696,03 - At intersection,03 - P.D. only,01 - Approaching,01 - Clear,01 - Daylight,01 - Dry,01 - Traffic signal,01 - Functioning,2,0,0,0,,0,,,,,368957.7065,5031673.58,45.4220547,-75.68017672,8227
20--861,2020/01/18,7:20 PM,PICKFORD DR btwn STURSBERG WAY & HARMON WAY (__3ZAB4Q),__3ZAB4Q,04 - At/near private drive,02 - Non-fatal injury,02 - Angle,03 - Snow,07 - Dark,03 - Loose snow,10 - No control,,2,0,0,0,02 - Minor,1,,1,,,352804.7356,5018548.717,45.30525036,-75.88784461,8228
20--8970,2020/11/24,2:41 PM,PARKDALE AVE @ WELLINGTON ST (0002260),2260,02 - Intersection related,03 - P.D. only,03 - Rear end,01 - Clear,01 - Daylight,05 - Packed snow,01 - Traffic signal,01 - Functioning,2,0,0,0,,0,,,,,365149.6971,5029270.553,45.40077171,-75.72912606,8229
20--8790,2020/11/20,Unknown,BEAUSEJOUR DR btwn JEANNE D'ARC BLVD S & CHAMPNEUF DR (__3ZBO2F),__3ZBO2F,01 - Non intersection,03 - P.D. only,06 - SMV unattended vehicle,01 - Clear,00 - Unknown,01 - Dry,10 - No control,,1,0,0,0,,0,,,,,381464.1533,5036086.527,45.46050019,-75.51970039,8230
20--8246,2020/10/31,8:54 PM,BRONSON AVE @ HOLMWOOD AVE (0007215),7215,02 - Intersection related,03 - P.D. only,04 - Sideswipe,01 - Clear,07 - Dark,01 - Dry,01 - Traffic signal,01 - Functioning,2,0,0,0,,0,,,,,367700.7065,5028729.55,45.39567937,-75.69661301,8231
20--8704,2020/11/17,12:05 AM,HIGHWAY 417 btwn HWY417 IC112 RAMP64 & HIGHWAY 417 (__3ZA2U1),__3ZA2U1,01 - Non intersection,03 - P.D. only,07 - SMV other,03 - Snow,07 - Dark,02 - Wet,10 - No control,,1,0,0,0,,0,,,,,375028.0615,5030682.69,45.41255616,-75.60275857,8232
20--8971,2020/11/24,2:54 PM,MERIVALE RD @ CAPILANO DR/WITHROW AVE (0009820),9820,02 - Intersection related,03 - P.D. only,03 - Rear end,01 - Clear,01 - Daylight,01 - Dry,01 - Traffic signal,01 - Functioning,3,0,0,0,,0,,,,,364642.4335,5024227.762,45.3554411,-75.73621613,8233
20--8791,2020/11/20,12:04 PM,MERIVALE RD/LOTTA AVE @ CLYDE AVE (0001112),1112,02 - Intersection related,03 - P.D. only,03 - Rear end,01 - Clear,01 - Daylight,01 - Dry,01 - Traffic signal,01 - Functioning,2,0,0,0,,0,,,,,364521.6975,5024507.531,45.35796871,-75.73772318,8234
20--8610,2020/11/12,8:43 PM,EARL ARMSTRONG RD @ RIVER RD (0012470),12470,02 - Intersection related,03 - P.D. only,03 - Rear end,01 - Clear,07 - Dark,01 - Dry,01 - Traffic signal,01 - Functioning,2,0,0,0,,0,,,,,367572.7259,5014684.396,45.26931509,-75.7000287,8235
20--8247,2020/10/31,9:49 AM,BRIAN COBURN BLVD @ MER BLEUE RD (0014363),14363,02 - Intersection related,03 - P.D. only,03 - Rear end,01 - Clear,01 - Daylight,02 - Wet,11 - Roundabout,01 - Functioning,2,0,0,0,,0,,,,,383150.8189,5034441.164,45.44550953,-75.49839849,8236
20--8705,2020/11/17,2:00 AM,HUNTMAR DR btwn OLD CARP RD & BRADLEY SIDE RD (__3ZACWD),__3ZACWD,01 - Non intersection,03 - P.D. only,07 - SMV other,01 - Clear,07 - Dark,01 - Dry,10 - No control,,1,0,0,0,,0,,,,,345469.9498,5022088.092,45.33756188,-75.98108279,8237
20--8972,2020/11/24,3:50 PM,HALTON TERR/MAXWELL BRIDGE RD @ MARCH RD (0011852),11852,03 - At intersection,03 - P.D. only,05 - Turning movement,01 - Clear,01 - Daylight,01 - Dry,01 - Traffic signal,01 - Functioning,2,0,0,0,,0,,,,,348932.6153,5024422.517,45.35835834,-75.93669559,8238
20--8792,2020/11/20,12:43 AM,BASELINE RD @ MERIVALE RD (0002342),2342,02 - Intersection related,03 - P.D. only,03 - Rear end,01 - Clear,07 - Dark,01 - Dry,01 - Traffic signal,01 - Functioning,2,0,0,0,,0,,,,,365054.6942,5025325.517,45.36528322,-75.73082099,8239
20--8611,2020/11/12,8:44 PM,FOUBERT CRT btwn TO BE DETERMINED & END (1) (__3ZA6GJ),__3ZA6GJ,04 - At/near private drive,02 - Non-fatal injury,07 - SMV other,01 - Clear,07 - Dark,01 - Dry,10 - No control,,1,0,0,0,02 - Minor,1,,1,,,381839.9573,5025717.951,45.36717027,-75.51651644,8240
20--8248,2020/10/31,9:50 AM,LOLA ST @ DONALD ST (0008513),8513,02 - Intersection related,03 - P.D. only,03 - Rear end,01 - Clear,01 - Daylight,01 - Dry,01 - Traffic signal,01 - Functioning,2,0,0,0,,0,,,,,371094.723,5032359.587,45.42802784,-75.65278001,8241
20--8706,2020/11/17,2:00 PM,ST. LAURENT BLVD @ MCARTHUR AVE (0008246),8246,02 - Intersection related,03 - P.D. only,03 - Rear end,01 - Clear,01 - Daylight,01 - Dry,01 - Traffic signal,01 - Functioning,2,0,0,0,,0,,,,,371921.7194,5032887.575,45.43269956,-75.64214054,8242
20--8973,2020/11/24,4:00 PM,BESSERER ST @ WALLER ST (0008859),8859,03 - At intersection,03 - P.D. only,04 - Sideswipe,01 - Clear,01 - Daylight,01 - Dry,01 - Traffic signal,01 - Functioning,2,0,0,0,,0,,,,,368315.9347,5032191.981,45.42677765,-75.68830976,8243