Anom_ID,Accident_Date,Accident_Time,Location,Geo_ID,Accident_Location,Classification_of_Accident,Initial_Impact_Type,Environment_Condition,Light,Road_Surface_Condition,Traffic_Control,Traffic_Control_Condition,No__of_Vehicles,No__of_Bicycles,No__of_Motorcycles,No__of_Pedestrians,Max_Injury,No__of_Injuries,No__of_Minimal,No__of_Minor,No__of_Major,No__of_Fatal,X,Y,Latitude,Longitude,ObjectId
20--8793,2020/11/20,2:00 PM,BASELINE RD @ NAVAHO DR (0003158),3158,02 - Intersection related,03 - P.D. only,04 - Sideswipe,01 - Clear,01 - Daylight,01 - Dry,01 - Traffic signal,01 - Functioning,2,0,0,0,,0,,,,,363085.6941,5024097.504,45.35440018,-75.75609883,8244
20--8794,2020/11/20,2:09 PM,CASPIAN ROW btwn BRITTANIC & CONTINENTAL AVE (e___2K8S),e___2K8S,01 - Non intersection,03 - P.D. only,99 - Other,01 - Clear,01 - Daylight,01 - Dry,10 - No control,,2,0,0,0,,0,,,,,353500.483,5014500.371,45.26877446,-75.87937035,8245
20--8795,2020/11/20,2:13 PM,OTTAWA RIVER PKWY EB btwn TRANSIT & TURN LANE (1) (__3ZA232),__3ZA232,01 - Non intersection,03 - P.D. only,04 - Sideswipe,01 - Clear,01 - Daylight,01 - Dry,10 - No control,,2,0,0,0,,0,,,,,363245.251,5029363.175,45.40176669,-75.75343932,8246
20--8796,2020/11/20,2:15 PM,RICHARDSON SIDE RD @ TERRY FOX DR (0013651),13651,02 - Intersection related,02 - Non-fatal injury,03 - Rear end,01 - Clear,01 - Daylight,01 - Dry,01 - Traffic signal,01 - Functioning,2,0,0,0,01 - Minimal,2,2,,,,348803.086,5019506.072,45.31412702,-75.93878598,8247
20--8797,2020/11/20,3:19 PM,BELFAST RD @ ST. LAURENT BLVD (0007658),7658,02 - Intersection related,03 - P.D. only,02 - Angle,01 - Clear,01 - Daylight,01 - Dry,01 - Traffic signal,01 - Functioning,2,0,0,0,,0,,,,,372860.7204,5030578.557,45.41183337,-75.63045988,8248
20--8798,2020/11/20,3:29 PM,CHURCHILL AVE   N btwn TILLBURY AVE & CARLING AVE (__3ZBOD9),__3ZBOD9,01 - Non intersection,02 - Non-fatal injury,04 - Sideswipe,01 - Clear,01 - Daylight,01 - Dry,10 - No control,,2,1,0,0,01 - Minimal,2,2,,,,363756.7328,5027075.939,45.38114364,-75.74717967,8249
20--8799,2020/11/20,3:30 PM,KINGSDALE AVE btwn BANK ST & SIXTH ST (__3ZA8PM),__3ZA8PM,01 - Non intersection,03 - P.D. only,07 - SMV other,01 - Clear,01 - Daylight,01 - Dry,10 - No control,,1,0,0,0,,0,,,,,373367.9841,5023556.919,45.34860615,-75.62495501,8250
20--88,2020/01/03,7:57 AM,LYON ST @ SOMERSET ST (0010860),10860,03 - At intersection,03 - P.D. only,02 - Angle,01 - Clear,01 - Daylight,02 - Wet,01 - Traffic signal,01 - Functioning,2,0,0,0,,0,,,,,367366.699,5030716.563,45.41358786,-75.70062651,8251
20--880,2020/01/19,1:15 PM,GOULBURN AVE @ LAURIER AVE (0007760),7760,03 - At intersection,03 - P.D. only,02 - Angle,01 - Clear,01 - Daylight,05 - Packed snow,02 - Stop sign,01 - Functioning,2,0,0,0,,0,,,,,369253.7099,5032348.587,45.42810095,-75.67630638,8252
20--8800,2020/11/20,3:31 PM,RIDDELL DR btwn MORAN ST & MARCH VALLEY RD (__3ZBOCH),__3ZBOCH,01 - Non intersection,02 - Non-fatal injury,04 - Sideswipe,01 - Clear,01 - Daylight,01 - Dry,10 - No control,,2,1,0,0,02 - Minor,1,,1,,,347753.1086,5026843.555,45.38021665,-75.95153949,8253
20--8801,2020/11/20,4:00 PM,O'CONNOR ST @ THIRD AVE (0007407),7407,03 - At intersection,03 - P.D. only,02 - Angle,01 - Clear,01 - Daylight,01 - Dry,02 - Stop sign,01 - Functioning,2,0,0,0,,0,,,,,368637.7148,5029730.555,45.40460129,-75.6845169,8254
20--8802,2020/11/20,4:47 PM,HWY 417 MAITLAND IC126R26/62 @ MAITLAND AVE (0008228),8228,03 - At intersection,03 - P.D. only,05 - Turning movement,01 - Clear,05 - Dusk,01 - Dry,01 - Traffic signal,01 - Functioning,2,0,0,0,,0,,,,,363145.6839,5025983.51,45.37136526,-75.75511057,8255
20--8803,2020/11/20,5:15 AM,RAMP btwn HIGHWAY 7 & Continuation of RAMP (__7JQ7IT),__7JQ7IT,01 - Non intersection,03 - P.D. only,07 - SMV other,01 - Clear,07 - Dark,01 - Dry,10 - No control,,1,0,0,0,,0,,,,,346021.7323,5014591.301,45.27007081,-75.97466618,8256
20--8804,2020/11/20,5:22 PM,HIGHWAY 417 btwn HWY417 IC118 RAMP76 & HWY417 IC118 RAMP67 (__3ZA2YR),__3ZA2YR,01 - Non intersection,03 - P.D. only,03 - Rear end,01 - Clear,07 - Dark,01 - Dry,10 - No control,,2,0,0,0,,0,,,,,369596.5554,5031122.073,45.41703357,-75.67208673,8257
20--8805,2020/11/20,5:24 PM,TERRY FOX DR btwn HAZELDEAN RD & 135 S OF HAZELDEAN RD/SOBEY'S SC (__3ZBPL2A),__3ZBPL2A,01 - Non intersection,03 - P.D. only,03 - Rear end,01 - Clear,07 - Dark,01 - Dry,10 - No control,,3,0,0,0,,0,,,,,352220.3181,5017227.009,45.293397,-75.89542307,8258
20--8155,2020/10/29,11:06 AM,BANK ST @ HERON RD (0002155),2155,02 - Intersection related,03 - P.D. only,04 - Sideswipe,01 - Clear,01 - Daylight,01 - Dry,01 - Traffic signal,01 - Functioning,2,0,0,0,,0,,,,,369995.7194,5026851.539,45.37857174,-75.66755154,8259
20--8426,2020/11/06,8:43 AM,BANK ST @ WALKLEY RD (0011423),11423,03 - At intersection,03 - P.D. only,99 - Other,01 - Clear,01 - Daylight,01 - Dry,01 - Traffic signal,01 - Functioning,3,0,0,0,,0,,,,,370337.841,5025947.724,45.37040759,-75.66330358,8260
20--8806,2020/11/20,5:36 PM,FRANKTOWN RD btwn CONLEY RD & JOY'S RD (__3ZA42P),__3ZA42P,01 - Non intersection,03 - P.D. only,07 - SMV other,01 - Clear,07 - Dark,01 - Dry,10 - No control,,1,0,0,0,,0,,,,,354229.9862,5003923.488,45.17354926,-75.87112439,8261
20--8807,2020/11/20,5:40 PM,RICHMOND RD btwn LEIGHTON TER & ISLAND PARK DR (__3ZA4PN),__3ZA4PN,01 - Non intersection,03 - P.D. only,04 - Sideswipe,01 - Clear,07 - Dark,01 - Dry,10 - No control,,2,0,0,0,,0,,,,,364114.0826,5028856.717,45.3971366,-75.74240302,8262
20--8808,2020/11/20,6:08 PM,HIGHLAND TER @ SMYTH RD (0007718),7718,02 - Intersection related,02 - Non-fatal injury,05 - Turning movement,01 - Clear,07 - Dark,01 - Dry,02 - Stop sign,01 - Functioning,2,0,0,0,02 - Minor,2,1,1,,,371357.7235,5029162.543,45.39923721,-75.64985108,8263
20--8809,2020/11/20,6:28 AM,PRINCE OF WALES DR btwn FALLOWFIELD RD & AMBERWOOD CRES (__3ZA27I),__3ZA27I,01 - Non intersection,02 - Non-fatal injury,07 - SMV other,01 - Clear,03 - Dawn,02 - Wet,10 - No control,,1,0,0,0,02 - Minor,1,,1,,,367390.1682,5019833.601,45.31566334,-75.7017052,8264
20--881,2020/01/19,1:35 PM,8TH LINE RD @ ANDREW SIMPSON DR (0005706),5706,02 - Intersection related,03 - P.D. only,03 - Rear end,01 - Clear,01 - Daylight,02 - Wet,02 - Stop sign,01 - Functioning,2,0,0,0,,0,,,,,385239.1945,5011722.934,45.24087103,-75.47539995,8265
20--8810,2020/11/20,7:00 PM,RIVERSIDE DR @ TREMBLAY RD/HWY417 IC117 RAMP52 (0010790),10790,02 - Intersection related,03 - P.D. only,05 - Turning movement,01 - Clear,07 - Dark,01 - Dry,01 - Traffic signal,01 - Functioning,2,0,0,0,,0,,,,,370802.083,5031015.91,45.41596568,-75.65669944,8266
20--8811,2020/11/20,7:12 AM,MOODIE DR btwn MCKENNA CASEY DR & CAMBRIAN RD (__3ZA4YZ),__3ZA4YZ,05 - At railway crossing,03 - P.D. only,07 - SMV other,02 - Rain,01 - Daylight,02 - Wet,10 - No control,,1,0,0,0,,0,,,,,360430.2114,5012474.294,45.25002957,-75.79129242,8267
20--8812,2020/11/20,8:19 PM,HIGHWAY 417 btwn HWY417 IC110 RAMP64 & HWY417 IC104 RAMP16 (__3ZA2W9),__3ZA2W9,01 - Non intersection,03 - P.D. only,07 - SMV other,01 - Clear,07 - Dark,01 - Dry,10 - No control,,1,0,0,0,,0,,,,,377029.2786,5027177.788,45.38081736,-75.57770727,8268
20--8813,2020/11/20,8:35 PM,PLACE D'ORLEANS DR W @ ST. JOSEPH BLVD (0008776),8776,02 - Intersection related,03 - P.D. only,04 - Sideswipe,01 - Clear,07 - Dark,01 - Dry,01 - Traffic signal,01 - Functioning,3,0,0,0,,0,,,,,381601.8949,5037684.124,45.4748589,-75.5176897,8269
20--8814,2020/11/20,9:19 PM,BANK ST @ CAMERON AVE (0007227),7227,02 - Intersection related,03 - P.D. only,03 - Rear end,01 - Clear,07 - Dark,02 - Wet,01 - Traffic signal,01 - Functioning,2,0,0,0,,0,,,,,368943.7128,5028262.542,45.39136462,-75.68079928,8270
20--8815,2020/11/20,9:25 PM,MONTREAL RD @ SHEFFORD RD (0012423),12423,02 - Intersection related,03 - P.D. only,03 - Rear end,01 - Clear,07 - Dark,01 - Dry,01 - Traffic signal,01 - Functioning,3,0,0,0,,0,,,,,376125.7293,5034853.557,45.44997212,-75.58813227,8271
20--8816,2020/11/21,10:30 PM,MCGEE SIDE RD btwn DIAMONDVIEW RD & WILLIAM MOONEY RD (__3ZAC4A),__3ZAC4A,01 - Non intersection,03 - P.D. only,07 - SMV other,01 - Clear,07 - Dark,01 - Dry,10 - No control,,1,0,0,0,,0,,,,,342377.6957,5017786.946,45.29903085,-76.02086243,8272
20--8817,2020/11/21,11:38 AM,DEERFOX DR @ PALMADEO DR/GATESBURY ST (0009721),9721,03 - At intersection,03 - P.D. only,02 - Angle,01 - Clear,01 - Daylight,01 - Dry,02 - Stop sign,01 - Functioning,2,0,0,0,,0,,,,,365240.5659,5015570.726,45.27749457,-75.72963894,8273
20--8818,2020/11/21,Unknown,CYRVILLE RD @ INNES RD (0009352),9352,02 - Intersection related,03 - P.D. only,03 - Rear end,01 - Clear,00 - Unknown,01 - Dry,01 - Traffic signal,01 - Functioning,2,0,0,0,,0,,,,,375047.7208,5031119.56,45.41648491,-75.60244516,8274
20--8819,2020/11/21,12:20 PM,GREENBANK RD NB btwn TO BE DETERMINED & HWY417 IC129 RAMP51 (__6KDGSL),__6KDGSL,01 - Non intersection,03 - P.D. only,03 - Rear end,01 - Clear,01 - Daylight,01 - Dry,10 - No control,,2,0,0,0,,0,,,,,360562.94,5023184.21,45.34638754,-75.78839722,8275
20--882,2020/01/19,10:45 AM,INDUSTRIAL AVE @ TRAINYARDS DR (0011906),11906,02 - Intersection related,03 - P.D. only,02 - Angle,01 - Clear,01 - Daylight,05 - Packed snow,01 - Traffic signal,01 - Functioning,2,0,0,0,,0,,,,,371685.9544,5030539.475,45.41159499,-75.64547223,8276
20--8820,2020/11/21,12:20 PM,GREENBANK RD btwn HWY417 IC129 RAMP35 & HWY417 IC129 RAMP25 (__3ZA4MU),__3ZA4MU,01 - Non intersection,03 - P.D. only,03 - Rear end,01 - Clear,01 - Daylight,01 - Dry,10 - No control,,2,0,0,0,,0,,,,,360495.8892,5023406.284,45.34839108,-75.78922779,8277
20--8821,2020/11/21,3:30 PM,CARLING AVE @ CARLINGWOOD SC (0008881),8881,03 - At intersection,03 - P.D. only,05 - Turning movement,01 - Clear,01 - Daylight,01 - Dry,01 - Traffic signal,01 - Functioning,2,0,0,0,,0,,,,,362073.5242,5025918.795,45.37087141,-75.76880503,8278
20--8822,2020/11/21,3:31 AM,SECOND LINE RD btwn MURPHY SIDE RD & ROYCROFT WAY (__4LKWOX),__4LKWOX,01 - Non intersection,03 - P.D. only,07 - SMV other,01 - Clear,07 - Dark,01 - Dry,10 - No control,,1,0,0,0,,0,,,,,344038.5475,5027461.723,45.38599699,-75.998919,8279
20--8823,2020/11/21,3:57 PM,ALBION RD    S btwn TURN LANE & ALBION RD (__3ZA9WD),__3ZA9WD,04 - At/near private drive,03 - P.D. only,05 - Turning movement,01 - Clear,01 - Daylight,01 - Dry,10 - No control,,2,0,0,0,,0,,,,,371912.2818,5024213.339,45.3546532,-75.64344106,8280
20--8824,2020/11/21,4:00 PM,ARLINGTON AVE @ KENT ST (0007259),7259,03 - At intersection,03 - P.D. only,05 - Turning movement,01 - Clear,01 - Daylight,01 - Dry,01 - Traffic signal,01 - Functioning,2,0,0,0,,0,,,,,367868.7181,5030257.563,45.40941286,-75.69427191,8281
20--8825,2020/11/21,4:25 PM,RIVERSIDE DR @ TREMBLAY RD/HWY417 IC117 RAMP52 (0010790),10790,02 - Intersection related,03 - P.D. only,03 - Rear end,01 - Clear,05 - Dusk,01 - Dry,01 - Traffic signal,01 - Functioning,2,0,0,0,,0,,,,,370802.0807,5031015.909,45.41596567,-75.65669947,8282
20--8826,2020/11/21,5:05 PM,ROCKCLIFFE PKWY btwn GL/OT BOUNDARY & ST. JOSEPH BLVD (__3ZA21V),__3ZA21V,01 - Non intersection,02 - Non-fatal injury,07 - SMV other,01 - Clear,05 - Dusk,02 - Wet,10 - No control,,1,0,0,0,01 - Minimal,1,1,,,,377083.6219,5035340.54,45.45425526,-75.57581606,8283
20--8827,2020/11/21,5:19 AM,LEITRIM RD btwn HAWTHORNE RD & RAMSAYVILLE RD (__3ZA2B0),__3ZA2B0,01 - Non intersection,03 - P.D. only,07 - SMV other,01 - Clear,07 - Dark,02 - Wet,10 - No control,,1,0,0,0,,0,,,,,377768.3151,5023134.302,45.34435967,-75.56886882,8284
20--8828,2020/11/21,5:37 PM,MAPLE GROVE RD btwn MCCURDY DR & YOUNG'S POND CRT (__3ZACYI),__3ZACYI,01 - Non intersection,03 - P.D. only,06 - SMV unattended vehicle,01 - Clear,07 - Dark,01 - Dry,10 - No control,,1,0,0,0,,0,,,,,351779.9161,5018072.445,45.30103404,-75.90095749,8285
20--8829,2020/11/21,6:03 PM,CHURCHILL AVE @ TILLBURY AVE (0006777),6777,02 - Intersection related,02 - Non-fatal injury,03 - Rear end,01 - Clear,07 - Dark,01 - Dry,02 - Stop sign,00 - Unknown,2,0,0,0,01 - Minimal,1,1,,,,363749.6792,5027093.553,45.38130272,-75.74726762,8286
20--883,2020/01/19,10:56 AM,OTTAWA RIVER PKWY @ ISLAND PARK DR (0002127),2127,03 - At intersection,02 - Non-fatal injury,03 - Rear end,01 - Clear,01 - Daylight,03 - Loose snow,01 - Traffic signal,01 - Functioning,2,0,0,0,02 - Minor,1,,1,,,363298.7089,5029453.608,45.40257592,-75.7527458,8287
20--8830,2020/11/21,6:13 PM,BANK ST @ FINDLAY CREEK SC/310 S OF FINDLAY CREEK DR (0013532),13532,03 - At intersection,02 - Non-fatal injury,05 - Turning movement,01 - Clear,07 - Dark,01 - Dry,01 - Traffic signal,01 - Functioning,2,0,0,0,02 - Minor,2,,2,,,375967.5345,5020175.263,45.31792052,-75.59227064,8288
20--8831,2020/11/21,7:30 PM,CARDEVCO RD btwn WESCAR LANE & CARP RD (__3ZA1X9),__3ZA1X9,01 - Non intersection,03 - P.D. only,07 - SMV other,01 - Clear,07 - Dark,01 - Dry,10 - No control,,1,0,0,0,,0,,,,,345885.2431,5017440.981,45.29572136,-75.97616961,8289
20--8832,2020/11/21,7:52 AM,JEANNE D'ARC BLVD @ FORTUNE DR/VINEYARD DR (0004393),4393,03 - At intersection,03 - P.D. only,05 - Turning movement,01 - Clear,01 - Daylight,01 - Dry,01 - Traffic signal,01 - Functioning,2,0,0,0,,0,,,,,379238.7246,5037375.607,45.47233902,-75.54795756,8290
20--8833,2020/11/21,8:24 PM,MONTREAL RD @ NORTH RIVER RD (0009805),9805,02 - Intersection related,03 - P.D. only,03 - Rear end,01 - Clear,07 - Dark,01 - Dry,01 - Traffic signal,01 - Functioning,2,0,0,0,,0,,,,,369739.6945,5032887.596,45.43290578,-75.67002525,8291
20--8834,2020/11/21,8:25 PM,LEITRIM RD btwn HIGH RD & ALBION RD (__4B2G24),__4B2G24,01 - Non intersection,02 - Non-fatal injury,07 - SMV other,01 - Clear,07 - Dark,01 - Dry,10 - No control,,1,0,0,0,03 - Major,1,,,1,,371828.2591,5019409.358,45.31143648,-75.6451639,8292
20--8835,2020/11/21,8:43 PM,BORRISOKANE RD btwn CAMBRIAN RD & STRANDHERD DR (__3ZA1CC),__3ZA1CC,01 - Non intersection,03 - P.D. only,03 - Rear end,01 - Clear,07 - Dark,01 - Dry,10 - No control,,2,0,0,0,,0,,,,,362717.8293,5012236.027,45.24770108,-75.76217918,8293
20--8836,2020/11/21,8:50 AM,WEST HUNT CLUB RD @ WOODROFFE AVE (0000576),576,02 - Intersection related,02 - Non-fatal injury,03 - Rear end,01 - Clear,01 - Daylight,01 - Dry,01 - Traffic signal,01 - Functioning,2,0,0,0,01 - Minimal,2,2,,,,363670.7009,5021246.475,45.328698,-75.74897229,8294
20--8837,2020/11/21,9:30 PM,PRESTON ST btwn ADELINE ST & SIDNEY ST (__3ZA4PX),__3ZA4PX,01 - Non intersection,03 - P.D. only,06 - SMV unattended vehicle,01 - Clear,07 - Dark,01 - Dry,10 - No control,,1,0,0,0,,0,,,,,366806.73,5028990.291,45.39810518,-75.70799727,8295
20--8838,2020/11/21,9:34 PM,HUNT CLUB RD @ BRIDLE PATH DR/DAZE ST (0008214),8214,02 - Intersection related,03 - P.D. only,03 - Rear end,01 - Clear,07 - Dark,01 - Dry,01 - Traffic signal,01 - Functioning,4,0,0,0,,0,,,,,371291.7235,5023864.498,45.35157356,-75.65140733,8296
20--8839,2020/11/22,1:39 AM,HIGHWAY 417 btwn HWY417 IC122 RAMP15 & HWY417 IC121B RAMP51 (__3ZA2RB),__3ZA2RB,01 - Non intersection,03 - P.D. only,07 - SMV other,03 - Snow,07 - Dark,03 - Loose snow,10 - No control,,1,0,0,0,,0,,,,,366546.9367,5029504.367,45.40275367,-75.71125089,8297
20--884,2020/01/19,11:00 AM,WOODROFFE AVE btwn DAVID DR & TURN LANE (__3ZA33G),__3ZA33G,04 - At/near private drive,03 - P.D. only,02 - Angle,03 - Snow,01 - Daylight,05 - Packed snow,10 - No control,,2,0,0,0,,0,,,,,363034.31,5022782.245,45.34256986,-75.75690947,8298
20--8840,2020/11/22,1:50 PM,ROGER STEVENS DR btwn MALAKOFF RD & MCCORDICK RD (__3ZA4KW),__3ZA4KW,04 - At/near private drive,03 - P.D. only,05 - Turning movement,01 - Clear,01 - Daylight,01 - Dry,10 - No control,,2,0,0,0,,0,,,,,363850.377,4997566.499,45.11560815,-75.74948912,8299
20--8841,2020/11/22,10:02 PM,HIGHWAY 417 btwn HWY417 IC115 RAMP61 & REGIONAL ROAD 174 (__3ZA2XG),__3ZA2XG,01 - Non intersection,03 - P.D. only,04 - Sideswipe,03 - Snow,07 - Dark,03 - Loose snow,10 - No control,,2,0,0,0,,0,,,,,373126.6967,5031664.139,45.42157499,-75.62691165,8300
20--8842,2020/11/22,10:13 PM,BANK ST @ DAVIDSON RD/LESTER RD (0008797),8797,02 - Intersection related,03 - P.D. only,03 - Rear end,03 - Snow,07 - Dark,05 - Packed snow,01 - Traffic signal,01 - Functioning,2,0,0,0,,0,,,,,373672.7275,5022923.529,45.34287729,-75.62115461,8301
20--8843,2020/11/22,10:30 PM,COVENTRY RD @ VANIER PKWY (0002139),2139,02 - Intersection related,02 - Non-fatal injury,03 - Rear end,01 - Clear,07 - Dark,01 - Dry,01 - Traffic signal,01 - Functioning,2,0,0,0,01 - Minimal,2,2,,,,370676.384,5031611.701,45.4213382,-75.65822565,8302
20--8844,2020/11/22,10:40 PM,HWY417 IC117 RAMP51 btwn HIGHWAY 417 & HWY417 IC117 RAMP53 (__3ZAY9J),__3ZAY9J,01 - Non intersection,03 - P.D. only,03 - Rear end,03 - Snow,07 - Dark,03 - Loose snow,10 - No control,,2,0,0,0,,0,,,,,370693.9767,5031034.653,45.41614451,-75.65807804,8303
20--8845,2020/11/22,10:45 PM,HIGHWAY 416 btwn HWY416 IC66 RAMP62 & HWY416 IC72 RAMP24 (__3ZAZMZ),__3ZAZMZ,01 - Non intersection,03 - P.D. only,07 - SMV other,03 - Snow,07 - Dark,03 - Loose snow,10 - No control,,1,0,0,0,,0,,,,,359419.6784,5015839.067,45.28038543,-75.80379526,8304
20--8846,2020/11/22,11:43 PM,BLAIS RD btwn BANK ST & HAWTHORNE RD (__3ZA6G4),__3ZA6G4,01 - Non intersection,03 - P.D. only,07 - SMV other,03 - Snow,07 - Dark,04 - Slush,10 - No control,,1,0,0,0,,0,,,,,376502.5983,5019926.467,45.31562752,-75.58548288,8305
20--8847,2020/11/22,Unknown,WOODRIDGE CRES btwn BAYSHORE DR & BAYSHORE PS (__6KE4J1A),__6KE4J1A,01 - Non intersection,03 - P.D. only,06 - SMV unattended vehicle,03 - Snow,00 - Unknown,05 - Packed snow,10 - No control,,1,0,0,0,,0,,,,,358967.9527,5023811.693,45.35215863,-75.80868095,8306
20--8848,2020/11/22,Unknown,BILBERRY DR btwn DU BOIS AVE S & JEANNE D'ARC BLVD N (__3ZA6AD),__3ZA6AD,01 - Non intersection,03 - P.D. only,06 - SMV unattended vehicle,03 - Snow,00 - Unknown,05 - Packed snow,10 - No control,,1,0,0,0,,0,,,,,380886.6054,5038005.526,45.47782891,-75.52678727,8307
20--8849,2020/11/22,Unknown,CEDARWOOD DR btwn WALKLEY RD & BAYCREST DR (__3ZA9YT),__3ZA9YT,01 - Non intersection,03 - P.D. only,06 - SMV unattended vehicle,03 - Snow,00 - Unknown,02 - Wet,10 - No control,,1,0,0,0,,0,,,,,371133.9489,5026562.01,45.37585982,-75.65305858,8308
20--885,2020/01/19,11:01 AM,FISHER AVE @ VIEWMOUNT DR (0005076),5076,03 - At intersection,03 - P.D. only,02 - Angle,01 - Clear,01 - Daylight,04 - Slush,01 - Traffic signal,01 - Functioning,2,0,0,0,,0,,,,,366918.7156,5024209.52,45.355079,-75.70716841,8309
20--8850,2020/11/22,12:38 PM,OLD ORCHARD CRES W @ SPRINGBROOK DR W (0005334),5334,02 - Intersection related,03 - P.D. only,07 - SMV other,01 - Clear,01 - Daylight,01 - Dry,02 - Stop sign,00 - Unknown,1,0,0,0,,0,,,,,349943.5857,5015048.443,45.27394351,-75.92464656,8310
20--8851,2020/11/22,2:40 PM,CARLING AVE WB btwn HWY417 IC124 RAMP76 & KIRKWOOD AVE (__3ZBOD8),__3ZBOD8,01 - Non intersection,03 - P.D. only,04 - Sideswipe,01 - Clear,01 - Daylight,01 - Dry,10 - No control,,2,0,0,0,,0,,,,,364188.955,5027421.57,45.38421706,-75.74161951,8311
20--8852,2020/11/22,2:45 PM,NASKAPI DR btwn BEACONWOOD DR & BEACONWOOD DR (__3ZA7ZO),__3ZA7ZO,01 - Non intersection,03 - P.D. only,03 - Rear end,02 - Rain,01 - Daylight,02 - Wet,10 - No control,,2,0,0,0,,0,,,,,375447.2932,5034660.155,45.44830091,-75.59683245,8312
20--8853,2020/11/22,3:00 PM,BANK ST @ GLEN AVE (0007710),7710,03 - At intersection,03 - P.D. only,05 - Turning movement,01 - Clear,01 - Daylight,01 - Dry,01 - Traffic signal,01 - Functioning,2,0,0,0,,0,,,,,368804.7027,5028434.553,45.39292504,-75.68255213,8313
20--8854,2020/11/22,3:21 PM,GREY NUNS DR @ BROOKSIDE LANE/HARVEST CRES S (0003300),3300,03 - At intersection,03 - P.D. only,07 - SMV other,03 - Snow,01 - Daylight,02 - Wet,02 - Stop sign,01 - Functioning,1,0,0,0,,0,,,,,379713.7561,5036758.592,45.4667368,-75.541977,8314
20--8855,2020/11/22,3:50 PM,LAFONTAINE AVE @ RICHELIEU AVE (0009977),9977,03 - At intersection,03 - P.D. only,02 - Angle,02 - Rain,01 - Daylight,02 - Wet,02 - Stop sign,01 - Functioning,2,0,0,0,,0,,,,,370927.704,5033170.59,45.4353407,-75.65480529,8315
20--8856,2020/11/22,4:30 PM,CARLING AVE/STATION RD @ MARCH RD (0002681),2681,02 - Intersection related,03 - P.D. only,03 - Rear end,03 - Snow,05 - Dusk,06 - Ice,01 - Traffic signal,01 - Functioning,2,0,0,0,,0,,,,,350907.6174,5022246.515,45.33865113,-75.91169103,8316
20--8857,2020/11/22,4:36 PM,DALHOUSIE ST @ ST. PATRICK ST (0008242),8242,03 - At intersection,03 - P.D. only,02 - Angle,03 - Snow,05 - Dusk,03 - Loose snow,01 - Traffic signal,01 - Functioning,2,0,0,0,,0,,,,,367957.7,5032640.583,45.43084645,-75.69282977,8317
20--8858,2020/11/22,4:43 PM,BRIAN COBURN BLVD @ MER BLEUE RD (0014363),14363,02 - Intersection related,03 - P.D. only,03 - Rear end,03 - Snow,05 - Dusk,04 - Slush,11 - Roundabout,01 - Functioning,2,0,0,0,,0,,,,,383150.8189,5034441.164,45.44550953,-75.49839849,8318
20--8859,2020/11/22,4:45 PM,GREENBANK RD @ BERRIGAN DR/WESSEX RD (0004726),4726,02 - Intersection related,03 - P.D. only,03 - Rear end,02 - Rain,05 - Dusk,04 - Slush,01 - Traffic signal,01 - Functioning,2,0,0,0,,0,,,,,363723.6727,5015276.428,45.27497523,-75.74900614,8319
20--886,2020/01/19,11:01 PM,O'CONNOR ST btwn SOMERSET ST W & MACLAREN ST (__3ZA34Q),__3ZA34Q,01 - Non intersection,03 - P.D. only,06 - SMV unattended vehicle,01 - Clear,07 - Dark,02 - Wet,10 - No control,,1,0,0,0,,0,,,,,367858.2851,5031008.348,45.41616912,-75.69430913,8320
20--8860,2020/11/22,4:50 PM,BAY ST @ WELLINGTON ST (0010737),10737,02 - Intersection related,03 - P.D. only,03 - Rear end,03 - Snow,05 - Dusk,05 - Packed snow,01 - Traffic signal,01 - Functioning,2,0,0,0,,0,,,,,366814.6975,5031351.558,45.41935049,-75.70759848,8321
20--8861,2020/11/22,4:51 PM,MAPLE GROVE RD @ TERRY FOX DR (0003177),3177,02 - Intersection related,03 - P.D. only,03 - Rear end,03 - Snow,05 - Dusk,03 - Loose snow,01 - Traffic signal,01 - Functioning,2,0,0,0,,0,,,,,351553.624,5017864.443,45.29917748,-75.90386241,8322
20--8862,2020/11/22,4:55 PM,HWY 417 TERRYFO IC140R61 @ TERRY FOX DR (0011777),11777,02 - Intersection related,03 - P.D. only,03 - Rear end,03 - Snow,05 - Dusk,03 - Loose snow,01 - Traffic signal,01 - Functioning,2,0,0,0,,0,,,,,350809.6028,5018709.47,45.30683038,-75.91327021,8323
20--8863,2020/11/22,4:59 PM,LEITRIM RD btwn HIGH RD & ALBION RD (__4B2G24),__4B2G24,01 - Non intersection,02 - Non-fatal injury,01 - Approaching,03 - Snow,07 - Dark,04 - Slush,10 - No control,,2,0,0,0,02 - Minor,4,3,1,,,371875.3671,5019438.003,45.31168973,-75.64455931,8324
20--8864,2020/11/22,5:00 PM,TERON RD @ BEAVERBROOK RD/PENFIELD DR N (0002572),2572,02 - Intersection related,03 - P.D. only,07 - SMV other,03 - Snow,07 - Dark,03 - Loose snow,01 - Traffic signal,01 - Functioning,1,0,0,0,,0,,,,,351884.6269,5021213.478,45.32929077,-75.89932387,8325