Anom_ID,Accident_Date,Accident_Time,Location,Geo_ID,Accident_Location,Classification_of_Accident,Initial_Impact_Type,Environment_Condition,Light,Road_Surface_Condition,Traffic_Control,Traffic_Control_Condition,No__of_Vehicles,No__of_Bicycles,No__of_Motorcycles,No__of_Pedestrians,Max_Injury,No__of_Injuries,No__of_Minimal,No__of_Minor,No__of_Major,No__of_Fatal,X,Y,Latitude,Longitude,ObjectId
20--8477,2020/11/08,4:25 PM,ISABELLA ST btwn O'CONNOR ST & METCALFE ST (__3ZA3PW),__3ZA3PW,01 - Non intersection,03 - P.D. only,04 - Sideswipe,01 - Clear,05 - Dusk,01 - Dry,10 - No control,,2,0,0,0,,0,,,,,368368.7488,5030351.898,45.41021641,-75.68787229,8408
20--8478,2020/11/08,4:40 PM,BLAIR RD @ OGILVIE RD (0004120),4120,02 - Intersection related,03 - P.D. only,03 - Rear end,01 - Clear,05 - Dusk,01 - Dry,01 - Traffic signal,01 - Functioning,2,0,0,0,,0,,,,,374507.7189,5033198.577,45.43524479,-75.60904969,8409
20--8479,2020/11/08,5:51 PM,BASELINE RD @ CLYDE AVE (0002343),2343,02 - Intersection related,03 - P.D. only,03 - Rear end,01 - Clear,07 - Dark,01 - Dry,01 - Traffic signal,01 - Functioning,2,0,0,0,,0,,,,,364358.704,5024890.518,45.36142864,-75.73975726,8410
20--848,2020/01/18,5:15 PM,FALLOWFIELD RD @ MOODIE DR (0010412),10412,02 - Intersection related,03 - P.D. only,03 - Rear end,03 - Snow,05 - Dusk,06 - Ice,01 - Traffic signal,01 - Functioning,2,0,0,0,,0,,,,,359501.6439,5014636.364,45.26955699,-75.80288309,8411
20--8480,2020/11/08,6:08 PM,TENTH LINE RD btwn HARVEST VALLEY AVE/SWEETVALLEY DR & WALL RD (__3ZA3Y2),__3ZA3Y2,04 - At/near private drive,03 - P.D. only,07 - SMV other,01 - Clear,07 - Dark,01 - Dry,10 - No control,,1,0,0,0,,0,,,,,385125.5375,5033372.022,45.43566624,-75.47333309,8412
20--8481,2020/11/08,6:09 PM,FOURTH LINE RD btwn DILWORTH RD & DONNELLY DR (__3ZA30I),__3ZA30I,01 - Non intersection,03 - P.D. only,03 - Rear end,01 - Clear,07 - Dark,01 - Dry,10 - No control,,2,0,0,0,,0,,,,,371487.5612,4993809.828,45.08112623,-75.65293302,8413
20--8482,2020/11/08,6:50 AM,REID AVE btwn HUTCHISON AVE & RUSKIN ST (__3ZBON6),__3ZBON6,01 - Non intersection,03 - P.D. only,06 - SMV unattended vehicle,01 - Clear,03 - Dawn,01 - Dry,10 - No control,,1,0,0,0,,0,,,,,365830.6776,5028646.019,45.39509327,-75.72050566,8414
20--8483,2020/11/08,7:00 PM,REGIONAL ROAD 174 btwn HWY417 IC113 RAMP67 & Continuation of REGIONAL  (__3ZA28A),__3ZA28A,01 - Non intersection,03 - P.D. only,04 - Sideswipe,01 - Clear,07 - Dark,01 - Dry,10 - No control,,2,0,0,0,,0,,,,,373793.389,5032088.478,45.42532755,-75.61833414,8415
20--8484,2020/11/08,7:27 PM,HWY417 IC113 RAMP67 btwn HWY417 IC113 RAMP35 & REGIONAL ROAD 174 (__3ZAY61),__3ZAY61,01 - Non intersection,03 - P.D. only,04 - Sideswipe,01 - Clear,07 - Dark,01 - Dry,10 - No control,,2,0,0,0,,0,,,,,373318.3721,5031945.296,45.42408596,-75.62442358,8416
20--8485,2020/11/08,8:15 AM,SWEETFLAG ST btwn BEATRICE DR & CORALROOT AVE (e___1GAD),e___1GAD,01 - Non intersection,03 - P.D. only,06 - SMV unattended vehicle,"07 - Fog, mist, smoke, dust",01 - Daylight,01 - Dry,10 - No control,,1,0,0,0,,0,,,,,365021.346,5016769.72,45.28830189,-75.73228731,8417
20--8486,2020/11/08,9:01 PM,HIGHWAY 417 btwn RAMP & HWY417 IC145 RAMP55 (__3ZA2Q1),__3ZA2Q1,01 - Non intersection,03 - P.D. only,07 - SMV other,01 - Clear,07 - Dark,01 - Dry,10 - No control,,1,0,0,0,,0,,,,,346110.9153,5014794.546,45.27189446,-75.97351277,8418
20--8487,2020/11/09,1:25 PM,KANATA AVE btwn CAMPEAU DR & EARL GREY DR (__3ZAZO5),__3ZAZO5,04 - At/near private drive,03 - P.D. only,02 - Angle,01 - Clear,01 - Daylight,01 - Dry,10 - No control,,2,0,0,0,,0,,,,,350705.8853,5019335.834,45.31247336,-75.91453475,8419
20--8488,2020/11/09,1:33 PM,PINECREST RD/HWY 417 PINECRE IC129R63 @ TRANSI (0008264),8264,03 - At intersection,03 - P.D. only,05 - Turning movement,01 - Clear,01 - Daylight,01 - Dry,01 - Traffic signal,01 - Functioning,3,0,0,0,,0,,,,,360388.086,5023677.84,45.35084309,-75.79057291,8420
20--8489,2020/11/09,10:40 PM,HWY 417 VANIER IC117R63 @ VANIER PKWY (0002101),2101,02 - Intersection related,02 - Non-fatal injury,07 - SMV other,01 - Clear,07 - Dark,01 - Dry,01 - Traffic signal,01 - Functioning,1,0,0,1,01 - Minimal,1,1,,,,370799.4052,5031398.105,45.41940476,-75.65668246,8421
20--849,2020/01/18,5:20 PM,ARLINGTON AVE @ BRONSON AVE (0006759),6759,02 - Intersection related,03 - P.D. only,03 - Rear end,03 - Snow,05 - Dusk,06 - Ice,01 - Traffic signal,01 - Functioning,2,0,0,0,,0,,,,,367222.716,5029867.55,45.40596155,-75.70257341,8422
20--8490,2020/11/09,11:49 AM,RICHMOND RD @ LYNHAR RD/STAFFORD RD (0000155),155,02 - Intersection related,03 - P.D. only,03 - Rear end,01 - Clear,01 - Daylight,01 - Dry,01 - Traffic signal,01 - Functioning,2,0,0,0,,0,,,,,358137.6769,5021086.473,45.3277006,-75.81957038,8423
20--8491,2020/11/09,12:00 PM,BEECHWOOD AVE @ ST. CHARLES ST (0007709),7709,02 - Intersection related,03 - P.D. only,03 - Rear end,01 - Clear,01 - Daylight,01 - Dry,01 - Traffic signal,01 - Functioning,2,0,0,0,,0,,,,,369415.702,5033785.594,45.44101562,-75.67404779,8424
20--8492,2020/11/09,12:23 PM,BANKFIELD RD @ HWY 416 BANKFIEL IC57R24 (0001602),1602,02 - Intersection related,03 - P.D. only,02 - Angle,01 - Clear,01 - Daylight,01 - Dry,02 - Stop sign,01 - Functioning,2,0,0,0,,0,,,,,364911.6747,5008139.352,45.210655,-75.73472887,8425
20--8493,2020/11/09,12:50 PM,HIGHWAY 417 btwn HWY417 IC163 RAMP61 & HWY417 IC155 RAMP36 (__3ZA2QB),__3ZA2QB,01 - Non intersection,03 - P.D. only,07 - SMV other,01 - Clear,01 - Daylight,01 - Dry,10 - No control,,1,0,0,0,,0,,,,,336118.8993,5020240.076,45.32141228,-76.10050855,8426
20--8494,2020/11/09,2:51 PM,CHESTERTON DR btwn SOUTHVIEW CRES & SOUTHVIEW CRES (__3ZAAV6),__3ZAAV6,04 - At/near private drive,02 - Non-fatal injury,02 - Angle,01 - Clear,01 - Daylight,01 - Dry,10 - No control,,2,1,0,0,01 - Minimal,1,1,,,,365381.8298,5023851.393,45.35199109,-75.72682601,8427
20--8495,2020/11/09,3:21 PM,BRONSON AVE btwn FLORA ST & ARLINGTON AVE (__3ZBODB),__3ZBODB,01 - Non intersection,02 - Non-fatal injury,03 - Rear end,01 - Clear,01 - Daylight,01 - Dry,10 - No control,,2,0,0,0,01 - Minimal,1,1,,,,367214.2382,5029887.508,45.40614188,-75.70267918,8428
20--8496,2020/11/09,3:23 PM,ST. LAURENT BLVD @ 125 N OF QUEEN MARY ST/ZELL (0008532),8532,02 - Intersection related,03 - P.D. only,03 - Rear end,01 - Clear,01 - Daylight,01 - Dry,01 - Traffic signal,01 - Functioning,2,0,0,0,,0,,,,,372169.8717,5032287.148,45.42727334,-75.6390515,8429
20--8156,2020/10/29,11:30 PM,HIGHWAY 417 btwn HWY417 IC96 RAMP51 & HIGHWAY 417 (__3ZA2W3),__3ZA2W3,01 - Non intersection,03 - P.D. only,07 - SMV other,01 - Clear,07 - Dark,01 - Dry,10 - No control,,1,0,0,0,,0,,,,,386814.4797,5023921.185,45.35044008,-75.45332069,8430
20--8497,2020/11/09,3:52 PM,LEITRIM RD btwn FENTON RD & ALBION RD (__3ZA3SE),__3ZA3SE,01 - Non intersection,03 - P.D. only,07 - SMV other,01 - Clear,01 - Daylight,01 - Dry,10 - No control,,1,0,0,0,,0,,,,,373869.6433,5020678.977,45.32266227,-75.6189554,8431
20--8498,2020/11/09,4:00 PM,HIGHWAY 417 btwn HWY417 IC126 RAMP25 & HWY417 IC124 RAMP57 (__3ZA2R5),__3ZA2R5,01 - Non intersection,03 - P.D. only,03 - Rear end,01 - Clear,01 - Daylight,01 - Dry,10 - No control,,4,0,0,0,,0,,,,,363869.8173,5026768.213,45.37836524,-75.74577263,8432
20--8499,2020/11/09,4:42 PM,TRIM RD btwn MONTMERE AVE & PINNACLE ST (__673XY6),__673XY6,01 - Non intersection,03 - P.D. only,03 - Rear end,01 - Clear,05 - Dusk,01 - Dry,10 - No control,,2,0,0,0,,0,,,,,386987.9607,5036246.617,45.46131255,-75.44905261,8433
20--85,2020/01/03,7:17 PM,BARNSDALE RD @ TWIN ELM RD N (0000840),840,03 - At intersection,03 - P.D. only,07 - SMV other,01 - Clear,07 - Dark,01 - Dry,02 - Stop sign,01 - Functioning,1,0,0,0,,0,,,,,360185.627,5007832.389,45.20828016,-75.79492472,8434
20--850,2020/01/18,5:56 PM,CLEARBROOK DR/MARKETPLACE AVE @ LONGFIELDS DR (0011162),11162,02 - Intersection related,03 - P.D. only,03 - Rear end,03 - Snow,07 - Dark,03 - Loose snow,01 - Traffic signal,01 - Functioning,2,0,0,0,,0,,,,,364631.8316,5014953.575,45.27199351,-75.73747141,8435
20--8500,2020/11/09,5:00 PM,HIGHWAY 417 btwn HWY417 IC123 RAMP62 & HWY417 IC122 RAMP16 (__3ZA2R9),__3ZA2R9,01 - Non intersection,03 - P.D. only,03 - Rear end,01 - Clear,05 - Dusk,01 - Dry,10 - No control,,3,0,0,0,,0,,,,,365104.907,5028671.961,45.39538957,-75.72977131,8436
20--8501,2020/11/09,5:01 PM,LONG BOW GT @ PADDLER WAY (0003794),3794,03 - At intersection,02 - Non-fatal injury,07 - SMV other,01 - Clear,07 - Dark,01 - Dry,02 - Stop sign,01 - Functioning,1,0,0,1,02 - Minor,1,,1,,,379581.3505,5038077.393,45.47861653,-75.54346929,8437
20--8502,2020/11/09,5:30 PM,BANNER RD @ GREENBANK RD (0000644),644,02 - Intersection related,03 - P.D. only,03 - Rear end,01 - Clear,07 - Dark,01 - Dry,01 - Traffic signal,01 - Functioning,2,0,0,0,,0,,,,,361021.6632,5021566.49,45.3317947,-75.78272763,8438
20--8503,2020/11/09,5:30 PM,HIGHWAY 417 btwn HWY417 IC118 RAMP67 & HWY417 IC117 RAMP36 (__3ZA2YO),__3ZA2YO,07 - Overpass or bridge,02 - Non-fatal injury,03 - Rear end,01 - Clear,07 - Dark,01 - Dry,10 - No control,,5,0,0,0,02 - Minor,2,,2,,,370286.5691,5031127.159,45.41701509,-75.6632706,8439
20--8504,2020/11/09,6:05 AM,UPPER DWYER HILL RD btwn HAMILTON SIDE RD & MCARTON RD (__3ZA4E9),__3ZA4E9,01 - Non intersection,03 - P.D. only,07 - SMV other,01 - Clear,07 - Dark,01 - Dry,10 - No control,,1,0,0,0,,0,,,,,340103.4793,5007558.07,45.20710378,-76.05058565,8440
20--8505,2020/11/09,6:20 AM,BANK ST btwn ORVILLE KEMP ST & LEITRIM RD (__3ZA28B),__3ZA28B,01 - Non intersection,03 - P.D. only,07 - SMV other,01 - Clear,03 - Dawn,01 - Dry,10 - No control,,1,0,0,0,,0,,,,,375236.3356,5021912.978,45.33362952,-75.6013486,8441
20--8506,2020/11/09,6:20 PM,MILTON RD/SABOURIN RD @ RUSSELL RD (0004219),4219,02 - Intersection related,03 - P.D. only,03 - Rear end,01 - Clear,07 - Dark,01 - Dry,02 - Stop sign,01 - Functioning,2,0,0,0,,0,,,,,389748.8186,5025322.494,45.36269844,-75.41563811,8442
20--8507,2020/11/09,6:36 AM,FLEWELLYN RD btwn POPLARWOOD AVE & SHEA RD (__3ZABGI),__3ZABGI,01 - Non intersection,03 - P.D. only,07 - SMV other,01 - Clear,07 - Dark,01 - Dry,10 - No control,,1,0,0,0,,0,,,,,352198.6601,5011444.718,45.24136766,-75.89625103,8443
20--8508,2020/11/09,6:37 AM,MITCH OWENS RD @ STAGECOACH RD (0003576),3576,02 - Intersection related,03 - P.D. only,03 - Rear end,01 - Clear,03 - Dawn,02 - Wet,01 - Traffic signal,01 - Functioning,2,0,0,0,,0,,,,,375399.757,5014484.464,45.26677401,-75.60032164,8444
20--8509,2020/11/09,7:37 PM,HAZELDEAN RD btwn JINKINSON RD/HAZELDEAN IC RAMP 62 & KITTIWAKE DR (__7JQ7JL),__7JQ7JL,01 - Non intersection,02 - Non-fatal injury,07 - SMV other,01 - Clear,07 - Dark,01 - Dry,10 - No control,,1,0,0,0,02 - Minor,2,,2,,,347812.3047,5013241.576,45.25781821,-75.95196485,8445
20--851,2020/01/18,6:00 PM,BANK ST @ FOXBAR AVE (0011299),11299,02 - Intersection related,03 - P.D. only,03 - Rear end,03 - Snow,07 - Dark,03 - Loose snow,02 - Stop sign,00 - Unknown,2,0,0,0,,0,,,,,370475.7851,5025620.884,45.36745387,-75.66158614,8446
20--8510,2020/11/09,8:17 AM,DONALD ST @ VANIER PKWY (0007644),7644,03 - At intersection,03 - P.D. only,07 - SMV other,01 - Clear,01 - Daylight,01 - Dry,01 - Traffic signal,01 - Functioning,1,0,0,0,,0,,,,,370311.7119,5032270.586,45.42730083,-75.66279733,8447
20--8511,2020/11/09,8:45 PM,HIGHWAY 417 btwn HWY417 IC126 RAMP25 & HWY417 IC124 RAMP57 (__3ZA2R5),__3ZA2R5,01 - Non intersection,03 - P.D. only,03 - Rear end,01 - Clear,07 - Dark,01 - Dry,10 - No control,,2,0,0,0,,0,,,,,363360.2881,5026088.314,45.37229038,-75.75235857,8448
20--8512,2020/11/10,1:10 PM,BASELINE RD @ CLYDE AVE (0002343),2343,02 - Intersection related,03 - P.D. only,03 - Rear end,01 - Clear,01 - Daylight,01 - Dry,01 - Traffic signal,01 - Functioning,2,0,0,0,,0,,,,,364358.699,5024890.52,45.36142866,-75.73975732,8449
20--8513,2020/11/10,1:12 PM,HWY417 IC131 RAMP66 btwn HWY417 IC130 RAMP36 & HWY417 IC131 RAMP63 (__3ZA1SX),__3ZA1SX,01 - Non intersection,03 - P.D. only,07 - SMV other,01 - Clear,01 - Daylight,01 - Dry,10 - No control,,1,0,0,0,,0,,,,,358877.3949,5023027.886,45.34511291,-75.80992232,8450
20--8514,2020/11/10,1:31 PM,CYRVILLE RD @ INNES RD (0009352),9352,02 - Intersection related,03 - P.D. only,03 - Rear end,01 - Clear,01 - Daylight,01 - Dry,01 - Traffic signal,01 - Functioning,2,0,0,0,,0,,,,,375047.7196,5031119.563,45.41648494,-75.60244518,8451
20--8335,2020/11/04,12:42 PM,PARKDALE AVE @ GLADSTONE AVE (0002362),2362,03 - At intersection,03 - P.D. only,05 - Turning movement,01 - Clear,01 - Daylight,01 - Dry,01 - Traffic signal,01 - Functioning,2,0,0,0,,0,,,,,365216.6991,5029118.564,45.39939837,-75.72828891,8452
20--8252,2020/11/01,1:43 PM,BRONSON AVE @ HWY 417 BRONSON IC121AR51 (0002693),2693,03 - At intersection,02 - Non-fatal injury,07 - SMV other,01 - Clear,01 - Daylight,01 - Dry,01 - Traffic signal,01 - Functioning,1,0,0,1,01 - Minimal,1,1,,,,367288.7145,5029710.559,45.4045431,-75.70175029,8453
20--8615,2020/11/13,10:17 AM,HAWTHORNE RD btwn RUSSELL RD & AGES DR (__3ZA1LV),__3ZA1LV,01 - Non intersection,03 - P.D. only,04 - Sideswipe,01 - Clear,01 - Daylight,01 - Dry,10 - No control,,2,0,0,0,,0,,,,,374867.54,5027973.193,45.38819357,-75.60519408,8454
20--8710,2020/11/17,5:30 PM,CLARENDON AVE btwn KENORA ST & JAVA ST (__3ZA0ZQ),__3ZA0ZQ,01 - Non intersection,03 - P.D. only,06 - SMV unattended vehicle,01 - Clear,07 - Dark,01 - Dry,10 - No control,,1,0,0,0,,0,,,,,364690.4409,5028661.839,45.39533407,-75.73506572,8455
20--8711,2020/11/17,5:38 AM,FERRY RD btwn AYLWIN RD & GALETTA SIDE RD (__3ZA4RM),__3ZA4RM,01 - Non intersection,03 - P.D. only,07 - SMV other,01 - Clear,07 - Dark,01 - Dry,10 - No control,,1,0,0,0,,0,,,,,328817.4949,5039005.895,45.49056342,-76.19272669,8456
20--8978,2020/11/24,5:28 PM,WOODROFFE AVE @ GEORGINA DR/LENESTER AVE (0002351),2351,02 - Intersection related,03 - P.D. only,03 - Rear end,01 - Clear,07 - Dark,06 - Ice,01 - Traffic signal,01 - Functioning,2,0,0,0,,0,,,,,361909.6903,5025370.509,45.36595135,-75.77095986,8457
20--8336,2020/11/04,12:50 PM,BRIAN COBURN BLVD @ MER BLEUE RD (0014363),14363,02 - Intersection related,03 - P.D. only,04 - Sideswipe,01 - Clear,01 - Daylight,01 - Dry,11 - Roundabout,01 - Functioning,2,0,0,0,,0,,,,,383150.8189,5034441.164,45.44550953,-75.49839849,8458
20--8616,2020/11/13,10:18 PM,BOUNDARY RD @ THUNDER RD (0004215),4215,02 - Intersection related,03 - P.D. only,07 - SMV other,01 - Clear,07 - Dark,01 - Dry,01 - Traffic signal,01 - Functioning,1,0,0,0,,0,,,,,387600.6958,5023363.545,45.34533053,-75.44338196,8459
20--8712,2020/11/17,6:12 AM,HIGHWAY 417 btwn HWY417 IC119A RAMP67 & HWY417 IC118 RAMP76 (__3ZA2YS),__3ZA2YS,01 - Non intersection,03 - P.D. only,07 - SMV other,01 - Clear,07 - Dark,01 - Dry,10 - No control,,1,0,0,0,,0,,,,,368853.2988,5030667.106,45.41300837,-75.68164156,8460
20--8253,2020/11/01,10:24 AM,HIGHWAY 417 btwn HWY417 IC118 RAMP35 & HWY417 IC117 RAMP51 (__3ZA2YP),__3ZA2YP,01 - Non intersection,03 - P.D. only,07 - SMV other,01 - Clear,01 - Daylight,01 - Dry,10 - No control,,1,0,0,0,,0,,,,,370409.3046,5031128.918,45.41701942,-75.66170233,8461
20--8979,2020/11/24,7:05 PM,CONROY RD @ HUNT CLUB RD (0002257),2257,02 - Intersection related,03 - P.D. only,03 - Rear end,01 - Clear,07 - Dark,01 - Dry,01 - Traffic signal,01 - Functioning,3,0,0,0,,0,,,,,373763.7324,5025404.521,45.36519133,-75.61964742,8462
20--8337,2020/11/04,2:30 PM,CAMERON ST @ REGIONAL RD 174 (0012883),12883,02 - Intersection related,03 - P.D. only,03 - Rear end,01 - Clear,01 - Daylight,01 - Dry,01 - Traffic signal,01 - Functioning,2,0,0,0,,0,,,,,389860.7716,5042617.567,45.51828702,-75.41122028,8463
20--8617,2020/11/13,11:00 AM,BRONSON AVE @ CARLING AVE/GLEBE AVE (0002134),2134,02 - Intersection related,03 - P.D. only,04 - Sideswipe,01 - Clear,01 - Daylight,01 - Dry,01 - Traffic signal,01 - Functioning,2,0,0,0,,0,,,,,367447.706,5029335.562,45.40115478,-75.69976712,8464
20--8157,2020/10/29,12:29 PM,BANK ST @ WALKLEY RD (0011423),11423,03 - At intersection,03 - P.D. only,03 - Rear end,01 - Clear,01 - Daylight,01 - Dry,01 - Traffic signal,01 - Functioning,3,0,0,0,,0,,,,,370337.8533,5025947.733,45.37040767,-75.66330342,8465
20--8713,2020/11/17,6:15 AM,HIGHWAY 417 btwn HWY417 IC119A RAMP67 & HWY417 IC118 RAMP76 (__3ZA2YS),__3ZA2YS,01 - Non intersection,02 - Non-fatal injury,03 - Rear end,01 - Clear,07 - Dark,01 - Dry,10 - No control,,2,0,0,0,01 - Minimal,1,1,,,,368903.3738,5030692.733,45.41323436,-75.68099852,8466
20--8714,2020/11/17,6:20 AM,HIGHWAY 417 btwn HWY417 IC119B RAMP76 & HWY417 IC119A RAMP67 (__3ZA2YT),__3ZA2YT,01 - Non intersection,03 - P.D. only,03 - Rear end,01 - Clear,07 - Dark,02 - Wet,10 - No control,,2,0,0,0,,0,,,,,368597.8804,5030538.876,45.41187793,-75.6849211,8467
20--8715,2020/11/17,6:25 PM,APPLEFORD ST @ OGILVIE RD (0009519),9519,02 - Intersection related,03 - P.D. only,03 - Rear end,01 - Clear,07 - Dark,01 - Dry,01 - Traffic signal,01 - Functioning,2,0,0,0,,0,,,,,375316.732,5033687.588,45.43956351,-75.59864074,8468
20--8716,2020/11/17,6:28 AM,HIGHWAY 417 btwn HWY417 IC110 RAMP55 & HWY417 IC104 RAMP51 (__3ZA2W8),__3ZA2W8,01 - Non intersection,02 - Non-fatal injury,07 - SMV other,01 - Clear,03 - Dawn,02 - Wet,10 - No control,,1,0,0,0,02 - Minor,1,,1,,,377360.6066,5026623.629,45.3757971,-75.57355854,8469
20--8717,2020/11/17,6:30 AM,ANDERSON RD btwn RIDGE RD & RUSSELL RD (__3ZA2B4),__3ZA2B4,01 - Non intersection,03 - P.D. only,07 - SMV other,03 - Snow,03 - Dawn,02 - Wet,10 - No control,,1,0,0,0,,0,,,,,379030.0502,5028507.824,45.39257507,-75.55196294,8470
20--8718,2020/11/17,6:30 AM,HIGHWAY 417 btwn HWY417 IC117 RAMP61 & HWY417 IC115 RAMP36 (__3ZA2RZ),__3ZA2RZ,01 - Non intersection,03 - P.D. only,03 - Rear end,01 - Clear,07 - Dark,01 - Dry,10 - No control,,2,0,0,0,,0,,,,,371683.927,5031435.812,45.41966003,-75.64537648,8471
20--8719,2020/11/17,6:45 PM,HALIFAX DR @ WALKLEY RD (0008803),8803,02 - Intersection related,03 - P.D. only,03 - Rear end,01 - Clear,07 - Dark,01 - Dry,01 - Traffic signal,01 - Functioning,2,0,0,0,,0,,,,,373643.7333,5027899.547,45.3876523,-75.62083126,8472
20--872,2020/01/18,8:38 PM,BASELINE RD btwn NAVAHO DR & DEERFIELD DR (__3ZA4H4),__3ZA4H4,04 - At/near private drive,03 - P.D. only,07 - SMV other,03 - Snow,07 - Dark,03 - Loose snow,10 - No control,,1,0,0,0,,0,,,,,363292.9538,5024223.61,45.35551761,-75.75343888,8473
20--8720,2020/11/17,7:05 AM,HIGHWAY 417 btwn REGIONAL ROAD 174 & HWY417 IC113 RAMP62 (__3ZA280),__3ZA280,01 - Non intersection,03 - P.D. only,04 - Sideswipe,01 - Clear,03 - Dawn,01 - Dry,10 - No control,,2,0,0,0,,0,,,,,373288.1133,5031733.506,45.42218334,-75.62483965,8474
20--8721,2020/11/17,7:20 PM,HIGHWAY 417 btwn HWY417 IC110 RAMP55 & HWY417 IC104 RAMP51 (__3ZA2W8),__3ZA2W8,01 - Non intersection,03 - P.D. only,04 - Sideswipe,01 - Clear,07 - Dark,01 - Dry,10 - No control,,2,0,0,0,,0,,,,,375844.1489,5028338.141,45.3913788,-75.5926712,8475
20--8722,2020/11/17,7:40 PM,ROBERTSON RD btwn VANIER RD & RICHMOND RD (__3ZA4YQ),__3ZA4YQ,04 - At/near private drive,02 - Non-fatal injury,05 - Turning movement,01 - Clear,07 - Dark,01 - Dry,10 - No control,,2,0,0,0,02 - Minor,1,,1,,,357446.9034,5020674.77,45.32404822,-75.82842575,8476
20--8723,2020/11/17,8:51 AM,COLONNADE RD @ MERIVALE RD (0004569),4569,02 - Intersection related,03 - P.D. only,03 - Rear end,01 - Clear,01 - Daylight,01 - Dry,01 - Traffic signal,01 - Functioning,3,0,0,0,,0,,,,,365363.6814,5022544.514,45.34023355,-75.72721763,8477
20--8724,2020/11/17,8:55 AM,HIGHWAY 416 btwn HWY416 IC66 RAMP62 & HWY416 IC72 RAMP24 (__3ZAZMZ),__3ZAZMZ,01 - Non intersection,03 - P.D. only,07 - SMV other,01 - Clear,01 - Daylight,01 - Dry,10 - No control,,1,0,0,0,,0,,,,,360321.1889,5017991.927,45.29968642,-75.79206416,8478
20--8725,2020/11/17,8:59 AM,ROBERTSON RD btwn HAZELDEAN RD & HAANEL DR (__3ZA41S),__3ZA41S,01 - Non intersection,03 - P.D. only,03 - Rear end,01 - Clear,01 - Daylight,01 - Dry,10 - No control,,2,0,0,0,,0,,,,,353677.3294,5018426.499,45.30409044,-75.87673001,8479
20--8726,2020/11/17,9:20 AM,HIGHWAY 417 btwn HWY417 IC118 RAMP67 & HWY417 IC117 RAMP36 (__3ZA2YO),__3ZA2YO,01 - Non intersection,02 - Non-fatal injury,99 - Other,01 - Clear,01 - Daylight,01 - Dry,10 - No control,,2,0,0,0,02 - Minor,1,,1,,,370224.4453,5031118.722,45.41694499,-75.6640654,8480
20--8727,2020/11/17,9:59 AM,MACDONALD-CARTIER BR btwn RAMP & END (2) (__3ZA3UC),__3ZA3UC,07 - Overpass or bridge,03 - P.D. only,04 - Sideswipe,01 - Clear,01 - Daylight,01 - Dry,10 - No control,,2,0,0,0,,0,,,,,367356.0761,5033234.147,45.43624122,-75.70044249,8481
20--8728,2020/11/18,10:10 AM,RIVERSIDE DR @ HERON RD (0002236),2236,02 - Intersection related,03 - P.D. only,03 - Rear end,01 - Clear,01 - Daylight,01 - Dry,01 - Traffic signal,01 - Functioning,2,0,0,0,,0,,,,,368121.0929,5026647.225,45.37690531,-75.69151138,8482
20--8729,2020/11/18,10:13 AM,CARLING AVE @ CHURCHILL AVE (0002149),2149,02 - Intersection related,03 - P.D. only,03 - Rear end,01 - Clear,01 - Daylight,01 - Dry,01 - Traffic signal,01 - Functioning,2,0,0,0,,0,,,,,363775.6938,5027013.55,45.38058068,-75.74694503,8483
20--873,2020/01/18,8:40 PM,HIGHWAY 417 btwn HWY417 IC140 RAMP61 & HWY417 IC139 RAMP61 (__4BCL0Z),__4BCL0Z,01 - Non intersection,03 - P.D. only,04 - Sideswipe,05 - Drifting Snow,07 - Dark,03 - Loose snow,10 - No control,,2,0,0,0,,0,,,,,351322.3211,5018924.077,45.3087277,-75.90671206,8484
20--8730,2020/11/18,11:20 AM,HIGHWAY 417 btwn HWY 417 ANDERSON IC104R61 & HWY 417 BOUNDARY IC96R16 (__3ZA2W5),__3ZA2W5,01 - Non intersection,02 - Non-fatal injury,07 - SMV other,01 - Clear,01 - Daylight,01 - Dry,10 - No control,,1,0,0,0,02 - Minor,1,,1,,,383831.0075,5025327.141,45.36343238,-75.49116533,8485
20--8731,2020/11/18,11:35 AM,LACASSE AVE @ PATTON ST (0009993),9993,03 - At intersection,03 - P.D. only,02 - Angle,01 - Clear,01 - Daylight,01 - Dry,02 - Stop sign,01 - Functioning,2,0,0,0,,0,,,,,370733.7081,5033309.593,45.43660971,-75.65726592,8486
20--8732,2020/11/18,Unknown,EUCLID AVE btwn WOODBINE PL & BANK ST (__3ZA9JL),__3ZA9JL,01 - Non intersection,03 - P.D. only,06 - SMV unattended vehicle,01 - Clear,00 - Unknown,01 - Dry,10 - No control,,1,0,0,0,,0,,,,,368571.0954,5028564.321,45.39411396,-75.68551861,8487
20--8733,2020/11/18,12:26 PM,INNES RD btwn HWY417 IC112 RAMP57 & HWY417 IC112 RAMP65 (__3ZAZE9),__3ZAZE9,01 - Non intersection,03 - P.D. only,03 - Rear end,01 - Clear,01 - Daylight,01 - Dry,10 - No control,,3,0,0,0,,0,,,,,374328.9681,5030772.029,45.4134298,-75.61167658,8488
20--8734,2020/11/18,2:00 PM,DRAKE AVE btwn LINDSAY ST & BLAIR ST (__3ZBN67),__3ZBN67,04 - At/near private drive,03 - P.D. only,06 - SMV unattended vehicle,01 - Clear,01 - Daylight,01 - Dry,10 - No control,,1,0,0,0,,0,,,,,371013.7521,5030114.3,45.40783336,-75.65411638,8489