Anom_ID,Accident_Date,Accident_Time,Location,Geo_ID,Accident_Location,Classification_of_Accident,Initial_Impact_Type,Environment_Condition,Light,Road_Surface_Condition,Traffic_Control,Traffic_Control_Condition,No__of_Vehicles,No__of_Bicycles,No__of_Motorcycles,No__of_Pedestrians,Max_Injury,No__of_Injuries,No__of_Minimal,No__of_Minor,No__of_Major,No__of_Fatal,X,Y,Latitude,Longitude,ObjectId
20--8735,2020/11/18,2:30 PM,FALLOWFIELD RD @ RICHMOND RD (0000634),634,02 - Intersection related,03 - P.D. only,03 - Rear end,01 - Clear,01 - Daylight,01 - Dry,01 - Traffic signal,01 - Functioning,2,0,0,0,,0,,,,,357721.632,5013529.405,45.25973257,-75.82568387,8490
20--8736,2020/11/18,2:33 AM,WOODROFFE AVE @ CLARIDGE DR/STONEWAY DR N (0009791),9791,03 - At intersection,02 - Non-fatal injury,05 - Turning movement,01 - Clear,07 - Dark,01 - Dry,01 - Traffic signal,01 - Functioning,3,0,0,0,02 - Minor,3,,3,,,365576.6977,5016707.442,45.28769371,-75.72521586,8491
20--8737,2020/11/18,2:39 PM,RICHMOND RD @ LYNHAR RD/STAFFORD RD (0000155),155,02 - Intersection related,02 - Non-fatal injury,03 - Rear end,01 - Clear,01 - Daylight,01 - Dry,01 - Traffic signal,01 - Functioning,2,0,0,0,02 - Minor,2,,2,,,358137.6617,5021086.469,45.32770057,-75.81957058,8492
20--8738,2020/11/18,3:11 PM,CARP RD @ ROTHBOURNE RD (0002007),2007,03 - At intersection,03 - P.D. only,02 - Angle,01 - Clear,01 - Daylight,01 - Dry,02 - Stop sign,01 - Functioning,2,0,0,0,,0,,,,,348253.568,5014875.436,45.2724932,-75.94619988,8493
20--8739,2020/11/18,3:15 PM,ST. LAURENT BLVD/DUNBARTON CRT @ BRITTANY DR (0007139),7139,02 - Intersection related,03 - P.D. only,03 - Rear end,01 - Clear,01 - Daylight,01 - Dry,01 - Traffic signal,01 - Functioning,3,0,0,0,,0,,,,,371331.7293,5034336.594,45.44579354,-75.6494843,8494
20--874,2020/01/18,8:46 AM,BASELINE RD/HERON RD @ PRINCE OF WALES DR (0002345),2345,02 - Intersection related,03 - P.D. only,07 - SMV other,01 - Clear,01 - Daylight,03 - Loose snow,01 - Traffic signal,01 - Functioning,1,0,0,0,,0,,,,,366873.7032,5026438.54,45.37513923,-75.70746284,8495
20--8740,2020/11/18,3:20 AM,HWY417 IC138 RAMP35 btwn HIGHWAY 417 & EAGLESON RD (__3ZAY6O),__3ZAY6O,01 - Non intersection,03 - P.D. only,07 - SMV other,01 - Clear,07 - Dark,01 - Dry,10 - No control,,1,0,0,0,,0,,,,,352836.5387,5020092.389,45.31913848,-75.88728942,8496
20--8741,2020/11/18,4:50 PM,HIGHWAY 417 btwn HWY417 IC119A RAMP67 & HWY417 IC118 RAMP76 (__3ZA2YS),__3ZA2YS,01 - Non intersection,03 - P.D. only,03 - Rear end,01 - Clear,05 - Dusk,01 - Dry,10 - No control,,2,0,0,0,,0,,,,,368967.8475,5030729.532,45.41355956,-75.68017008,8497
20--8742,2020/11/18,5:08 PM,MARCH RD btwn CAMPEAU DR/HWY 417 MARCH IC138R63 & HWY417 IC138 RAMP62 (__3ZA415),__3ZA415,01 - Non intersection,03 - P.D. only,07 - SMV other,01 - Clear,07 - Dark,01 - Dry,10 - No control,,1,0,0,0,,0,,,,,352802.8647,5020561.701,45.32336375,-75.88767342,8498
20--8743,2020/11/18,5:14 PM,FOREST GREEN CRES btwn 8TH LINE RD & 8TH LINE RD (__3ZA64Q),__3ZA64Q,01 - Non intersection,02 - Non-fatal injury,07 - SMV other,01 - Clear,05 - Dusk,01 - Dry,10 - No control,,1,0,0,0,02 - Minor,9,,9,,,384808.8657,5014273.917,45.26387228,-75.4804698,8499
20--8744,2020/11/18,5:25 AM,MARCH RD btwn PETER ROBINSON RD & CORKERY RD (__3ZA2RJ),__3ZA2RJ,01 - Non intersection,03 - P.D. only,07 - SMV other,01 - Clear,07 - Dark,01 - Dry,10 - No control,,1,0,0,0,,0,,,,,335851.7028,5016052.802,45.28374483,-76.104179,8500
20--8745,2020/11/18,5:50 PM,HINCKS LANE @ RIVERSIDE DR (0011354),11354,02 - Intersection related,03 - P.D. only,03 - Rear end,01 - Clear,07 - Dark,01 - Dry,01 - Traffic signal,01 - Functioning,2,0,0,0,,0,,,,,370166.7238,5030205.567,45.40873416,-75.66492394,8501
20--8746,2020/11/18,6:15 PM,SIXTH LINE RD btwn BESSBOROUGH LANE & PINHEY POINT RD (__3ZAZBO),__3ZAZBO,01 - Non intersection,03 - P.D. only,07 - SMV other,01 - Clear,07 - Dark,01 - Dry,10 - No control,,1,0,0,0,,0,,,,,346110.0618,5033472.864,45.43996727,-75.97196279,8502
20--8747,2020/11/18,6:49 AM,OLD PRESCOTT RD btwn PARKWAY RD & SHADOW RIDGE DR (__3ZA6GA),__3ZA6GA,01 - Non intersection,03 - P.D. only,07 - SMV other,01 - Clear,03 - Dawn,01 - Dry,10 - No control,,1,0,0,0,,0,,,,,378075.8633,5013232.541,45.25523598,-75.56640815,8503
20--8748,2020/11/18,7:00 AM,ST. JOSEPH BLVD @ REGIONAL RD 174/TRANSITWAY (0012428),12428,02 - Intersection related,03 - P.D. only,03 - Rear end,01 - Clear,03 - Dawn,01 - Dry,01 - Traffic signal,01 - Functioning,2,0,0,0,,0,,,,,376556.2818,5035056.403,45.45175312,-75.58259896,8504
20--8749,2020/11/18,7:02 AM,PRINCE OF WALES DR @ FAIRPARK DR (0010329),10329,03 - At intersection,03 - P.D. only,02 - Angle,01 - Clear,03 - Dawn,01 - Dry,02 - Stop sign,01 - Functioning,2,0,0,0,,0,,,,,367268.8242,5015413.572,45.27590322,-75.70380949,8505
20--875,2020/01/18,9:00 AM,WOODROFFE AVE btwn ADIRONDACK DR & FIRESTATION (__3ZA34KA),__3ZA34KA,01 - Non intersection,03 - P.D. only,07 - SMV other,01 - Clear,01 - Daylight,01 - Dry,10 - No control,,1,0,0,0,,0,,,,,362467.8829,5023980.623,45.35339957,-75.76399694,8506
20--8750,2020/11/18,7:20 AM,LONGFIELDS DR @ WOODROFFE AVE (0000096),96,02 - Intersection related,03 - P.D. only,03 - Rear end,01 - Clear,01 - Daylight,01 - Dry,01 - Traffic signal,01 - Functioning,3,0,0,0,,0,,,,,365421.1768,5017106.933,45.29130174,-75.72714945,8507
20--8751,2020/11/18,7:30 PM,BARNSDALE RD @ EAGLESON RD (0000152),152,03 - At intersection,02 - Non-fatal injury,05 - Turning movement,01 - Clear,07 - Dark,01 - Dry,02 - Stop sign,00 - Unknown,2,0,0,0,02 - Minor,2,,2,,,358337.6332,5006629.348,45.19759768,-75.81857777,8508
20--8752,2020/11/18,8:06 AM,OLD INNES RD @ BANTREE ST (0007674),7674,02 - Intersection related,03 - P.D. only,07 - SMV other,01 - Clear,01 - Daylight,01 - Dry,02 - Stop sign,01 - Functioning,1,0,0,0,,0,,,,,373727.7362,5030352.561,45.40971511,-75.61941584,8509
20--8753,2020/11/18,8:06 PM,GREENBANK RD btwn MARKETPLACE AVE & JOCKVALE RD (__3ZA4JE),__3ZA4JE,01 - Non intersection,03 - P.D. only,05 - Turning movement,01 - Clear,07 - Dark,01 - Dry,10 - No control,,2,0,0,0,,0,,,,,364025.2362,5014561.017,45.26851262,-75.74524832,8510
20--8754,2020/11/18,8:25 PM,BELCOURT BLVD @ INNES RD (0004202),4202,02 - Intersection related,03 - P.D. only,03 - Rear end,01 - Clear,07 - Dark,01 - Dry,01 - Traffic signal,01 - Functioning,2,0,0,0,,0,,,,,382121.5789,5035266.611,45.45305082,-75.5114241,8511
20--8755,2020/11/18,8:29 AM,MOODIE DR btwn 340 S OF CARLING AVE/NORTEL NORTH ENT & 715 S OF CARLIN (__3ZA4Z7B),__3ZA4Z7B,01 - Non intersection,03 - P.D. only,07 - SMV other,01 - Clear,01 - Daylight,01 - Dry,10 - No control,,1,0,0,0,,0,,,,,356019.6636,5023580.849,45.35030302,-75.8463299,8512
20--8756,2020/11/18,8:38 AM,REGIONAL ROAD 174 btwn MCTEER RD & CANAAN RD (__3ZA27S),__3ZA27S,01 - Non intersection,03 - P.D. only,07 - SMV other,01 - Clear,01 - Daylight,01 - Dry,10 - No control,,1,0,0,0,,0,,,,,395677.3696,5043379.431,45.52440733,-75.33664139,8513
20--8757,2020/11/18,8:51 PM,HAWTHORNE RD @ HUNT CLUB RD (0007651),7651,03 - At intersection,03 - P.D. only,02 - Angle,01 - Clear,07 - Dark,01 - Dry,01 - Traffic signal,01 - Functioning,2,0,0,0,,0,,,,,375507.7528,5026406.539,45.37403326,-75.59724356,8514
20--8758,2020/11/18,9:43 PM,HIGHWAY 417 btwn HWY417 IC117 RAMP51 & HWY417 IC117 RAMP35 (__3ZA2YN),__3ZA2YN,01 - Non intersection,02 - Non-fatal injury,03 - Rear end,01 - Clear,07 - Dark,01 - Dry,10 - No control,,2,0,0,0,02 - Minor,3,1,2,,,370925.9509,5031239.703,45.41796758,-75.65508694,8515
20--8759,2020/11/19,1:09 PM,ST. JOSEPH BLVD @ DUFORD DR/PLACE D'ORLEANS DR (0003629),3629,02 - Intersection related,03 - P.D. only,03 - Rear end,02 - Rain,01 - Daylight,02 - Wet,01 - Traffic signal,01 - Functioning,2,0,0,0,,0,,,,,381996.739,5037996.579,45.47762656,-75.51259122,8516
20--876,2020/01/18,9:01 PM,JOCKVALE RD/RIDEAU VALLEY DR @ PRINCE OF WALES (0004638),4638,02 - Intersection related,03 - P.D. only,07 - SMV other,03 - Snow,07 - Dark,03 - Loose snow,01 - Traffic signal,01 - Functioning,1,0,0,0,,0,,,,,366709.6918,5012195.409,45.24699578,-75.7113362,8517
20--8760,2020/11/19,1:15 PM,BASELINE RD @ GREENBANK RD (0002357),2357,02 - Intersection related,03 - P.D. only,03 - Rear end,01 - Clear,01 - Daylight,01 - Dry,01 - Traffic signal,01 - Functioning,2,0,0,0,,0,,,,,360597.6781,5022584.471,45.34098833,-75.7880216,8518
20--8761,2020/11/19,1:16 PM,BRONSON AVE btwn FIRST AVE & SECOND AVE (__3ZA3OO),__3ZA3OO,01 - Non intersection,03 - P.D. only,04 - Sideswipe,01 - Clear,01 - Daylight,01 - Dry,10 - No control,,2,0,0,0,,0,,,,,367515.8749,5029172.014,45.39967711,-75.69891724,8519
20--8762,2020/11/19,1:20 PM,DEALERSHIP DR btwn PHILSAR ST & STRANDHERD DR (e___2H8R),e___2H8R,04 - At/near private drive,03 - P.D. only,02 - Angle,01 - Clear,01 - Daylight,01 - Dry,10 - No control,,2,0,0,0,,0,,,,,361403.144,5014049.811,45.26412866,-75.77871915,8520
20--8763,2020/11/19,1:43 PM,REGIONAL ROAD 174 btwn OR174 IC112 RAMP61 & TRANSIT (__3ZA2W0),__3ZA2W0,01 - Non intersection,03 - P.D. only,04 - Sideswipe,01 - Clear,01 - Daylight,01 - Dry,10 - No control,,2,0,0,0,,0,,,,,375177.0457,5033132.802,45.43458594,-75.60050533,8521
20--8764,2020/11/19,1:45 PM,INNES RD btwn BLAIR RD & ANDERSON RD (__3ZA3JZ),__3ZA3JZ,01 - Non intersection,03 - P.D. only,03 - Rear end,01 - Clear,01 - Daylight,01 - Dry,10 - No control,,4,0,0,0,,0,,,,,376267.6376,5031834.505,45.42279403,-75.58675656,8522
20--8765,2020/11/19,10:07 PM,CONSTELLATION CRES @ BASELINE RD (0011415),11415,02 - Intersection related,02 - Non-fatal injury,03 - Rear end,01 - Clear,07 - Dark,01 - Dry,01 - Traffic signal,01 - Functioning,2,0,0,0,02 - Minor,2,1,1,,,362273.377,5023596.324,45.34995765,-75.76652384,8523
20--8766,2020/11/19,10:38 AM,ELEANOR DR btwn TRILLIUM AVE & GREENCREST PL (__3ZAAOP),__3ZAAOP,01 - Non intersection,03 - P.D. only,06 - SMV unattended vehicle,01 - Clear,01 - Daylight,01 - Dry,10 - No control,,1,0,0,0,,0,,,,,365137.9143,5025146.52,45.36366547,-75.7297806,8524
20--8767,2020/11/19,10:40 PM,INNES RD @ LANTHIER DR/PRESTWICK DR (0004251),4251,03 - At intersection,02 - Non-fatal injury,02 - Angle,01 - Clear,07 - Dark,01 - Dry,01 - Traffic signal,01 - Functioning,2,0,0,0,01 - Minimal,1,1,,,,383540.7658,5035988.553,45.45938775,-75.49316664,8525
20--8768,2020/11/19,12:28 AM,WEST HUNT CLUB RD btwn MOODIE DR & RICHMOND RD (__3ZA4YH),__3ZA4YH,01 - Non intersection,03 - P.D. only,07 - SMV other,01 - Clear,07 - Dark,01 - Dry,10 - No control,,1,0,0,0,,0,,,,,357259.6552,5018178.49,45.30160042,-75.83107847,8526
20--8769,2020/11/19,12:31 PM,SLACK RD @ WOODROFFE AVE (0000102),102,03 - At intersection,03 - P.D. only,02 - Angle,01 - Clear,01 - Daylight,01 - Dry,01 - Traffic signal,01 - Functioning,2,0,0,0,,0,,,,,364233.6905,5019974.467,45.31720512,-75.74194338,8527
20--877,2020/01/18,9:12 PM,MACLAREN ST @ MACDONALD ST (0002269),2269,02 - Intersection related,03 - P.D. only,03 - Rear end,03 - Snow,07 - Dark,05 - Packed snow,02 - Stop sign,01 - Functioning,2,0,0,0,,0,,,,,368509.7074,5031305.572,45.41878443,-75.68594837,8528
20--8770,2020/11/19,12:50 AM,HIGHWAY 416 btwn HWY416 IC66 RAMP62 & HWY416 IC72 RAMP24 (__3ZAZMZ),__3ZAZMZ,01 - Non intersection,03 - P.D. only,07 - SMV other,01 - Clear,07 - Dark,01 - Dry,10 - No control,,1,0,0,0,,0,,,,,359769.9872,5019128.165,45.30995371,-75.79896585,8529
20--8771,2020/11/19,2:10 PM,HIGHWAY 417 btwn HWY 417 ANDERSON IC104R61 & HWY 417 BOUNDARY IC96R16 (__3ZA2W5),__3ZA2W5,01 - Non intersection,03 - P.D. only,04 - Sideswipe,01 - Clear,01 - Daylight,01 - Dry,10 - No control,,2,0,0,0,,0,,,,,384486.7992,5025242.393,45.36259565,-75.4828091,8530
20--8772,2020/11/19,2:40 PM,ANDERSON RD btwn RUSSELL RD & HWY417 IC104 RAMP61 (__3ZA2CK),__3ZA2CK,01 - Non intersection,03 - P.D. only,04 - Sideswipe,01 - Clear,01 - Daylight,01 - Dry,10 - No control,,2,0,0,0,,0,,,,,379806.0184,5026565.155,45.37501349,-75.54234914,8531
20--8773,2020/11/19,3:15 PM,HIGHWAY 417 btwn HWY417 IC138 RAMP61 & HWY417 IC134 RAMP36 (__3ZA20I),__3ZA20I,01 - Non intersection,03 - P.D. only,99 - Other,01 - Clear,01 - Daylight,01 - Dry,10 - No control,,2,0,0,0,,0,,,,,353993.9721,5020868.762,45.32604427,-75.87245,8532
20--8774,2020/11/19,4:12 PM,ALBERT ST @ METCALFE ST (0002117),2117,02 - Intersection related,03 - P.D. only,04 - Sideswipe,01 - Clear,01 - Daylight,01 - Dry,01 - Traffic signal,01 - Functioning,2,1,0,0,,0,,,,,367691.6993,5031613.582,45.42162981,-75.69636012,8533
20--8775,2020/11/19,5:00 PM,FISHER AVE @ PRINCE OF WALES DR (0000572),572,02 - Intersection related,03 - P.D. only,04 - Sideswipe,01 - Clear,05 - Dusk,01 - Dry,01 - Traffic signal,01 - Functioning,2,0,0,0,,0,,,,,367161.7205,5023942.517,45.35265499,-75.70410088,8534
20--8776,2020/11/19,5:25 PM,HIGHWAY 417 btwn HWY417 IC126 RAMP25 & HWY417 IC124 RAMP57 (__3ZA2R5),__3ZA2R5,01 - Non intersection,03 - P.D. only,04 - Sideswipe,01 - Clear,07 - Dark,01 - Dry,10 - No control,,2,0,0,0,,0,,,,,363886.6893,5026790.714,45.37856628,-75.74555453,8535
20--8777,2020/11/19,5:30 PM,REGIONAL RD 174 @ TRIM RD (0012835),12835,02 - Intersection related,03 - P.D. only,03 - Rear end,01 - Clear,07 - Dark,01 - Dry,01 - Traffic signal,01 - Functioning,2,0,0,0,,0,,,,,384351.8514,5039990.34,45.49530015,-75.48214911,8536
20--8778,2020/11/19,5:37 PM,MOODIE DR @ ROBERTSON RD (0010545),10545,03 - At intersection,03 - P.D. only,02 - Angle,01 - Clear,07 - Dark,01 - Dry,01 - Traffic signal,01 - Functioning,2,0,0,0,,0,,,,,357066.6478,5020455.48,45.32210344,-75.83329918,8537
20--8779,2020/11/19,6:52 AM,BANK ST @ MITCH OWENS RD (0001640),1640,02 - Intersection related,03 - P.D. only,03 - Rear end,01 - Clear,03 - Dawn,01 - Dry,01 - Traffic signal,01 - Functioning,2,0,0,0,,0,,,,,377758.7593,5015947.462,45.27969675,-75.57004895,8538
20--878,2020/01/18,9:30 AM,BANK ST btwn MACLAREN ST & GILMOUR ST (__3ZA3QF),__3ZA3QF,01 - Non intersection,03 - P.D. only,06 - SMV unattended vehicle,01 - Clear,01 - Daylight,01 - Dry,10 - No control,,1,0,0,0,,0,,,,,367749.5673,5030833.169,45.41460271,-75.69572044,8539
20--8780,2020/11/19,7:15 AM,OLD INNES RD @ BANTREE ST (0007674),7674,03 - At intersection,03 - P.D. only,07 - SMV other,01 - Clear,01 - Daylight,01 - Dry,02 - Stop sign,01 - Functioning,1,0,0,0,,0,,,,,373727.7233,5030352.554,45.40971504,-75.619416,8540
20--8781,2020/11/19,7:30 PM,FORDELL AVE btwn CELTIC RIDGE CRES & MAXWELL BRIDGE RD (__5J15WT),__5J15WT,04 - At/near private drive,03 - P.D. only,06 - SMV unattended vehicle,01 - Clear,07 - Dark,01 - Dry,10 - No control,,1,0,0,0,,0,,,,,349480.0266,5024899.381,45.36261459,-75.92966572,8541
20--8782,2020/11/19,8:12 PM,QUEEN MARY ST btwn EDITH AVE & LOLA ST (__3ZA8JE),__3ZA8JE,04 - At/near private drive,03 - P.D. only,07 - SMV other,01 - Clear,07 - Dark,01 - Dry,10 - No control,,1,0,0,0,,0,,,,,371105.2595,5032041.793,45.42516747,-75.65268815,8542
20--8783,2020/11/20,1:23 PM,ABBOTT ST @ IBER RD (0010542),10542,03 - At intersection,03 - P.D. only,05 - Turning movement,01 - Clear,01 - Daylight,01 - Dry,02 - Stop sign,01 - Functioning,2,0,0,0,,0,,,,,351978.0771,5014876.167,45.27225976,-75.89873481,8543
20--8784,2020/11/20,1:30 PM,EDMOND AVE btwn VALLEY DR & GILL AVE (__3ZA740),__3ZA740,01 - Non intersection,03 - P.D. only,06 - SMV unattended vehicle,01 - Clear,01 - Daylight,01 - Dry,10 - No control,,1,0,0,0,,0,,,,,373476.5857,5028574.238,45.39373927,-75.62287166,8544
20--8785,2020/11/20,1:57 PM,PRINCE OF WALES DR btwn HARTWELL LOCKS/548 N OF RIDEAUVIEW TER & FAIRC (__3ZA30ZB),__3ZA30ZB,04 - At/near private drive,03 - P.D. only,07 - SMV other,04 - Freezing Rain,01 - Daylight,02 - Wet,10 - No control,,1,0,0,0,,0,,,,,367114.5049,5026925.961,45.37950355,-75.70432715,8545
20--898,2020/01/19,Unknown,WELLSMERE CRT btwn RIDEAU HEIGHTS DR & END (__3ZA4D6),__3ZA4D6,01 - Non intersection,03 - P.D. only,06 - SMV unattended vehicle,01 - Clear,00 - Unknown,03 - Loose snow,10 - No control,,1,0,0,0,,0,,,,,367491.7138,5022351.909,45.33831359,-75.70009131,8546
20--8618,2020/11/13,11:13 AM,CHAPMAN MILLS DR btwn LEAMINGTON WAY & TEMAGAMI DR (__61W6PK),__61W6PK,01 - Non intersection,03 - P.D. only,06 - SMV unattended vehicle,01 - Clear,01 - Daylight,01 - Dry,10 - No control,,1,0,0,0,,0,,,,,365125.6664,5014727.264,45.26991498,-75.73120577,8547
20--8254,2020/11/01,Unknown,MACLAREN ST btwn O'CONNOR ST & METCALFE ST (__3ZA9TE),__3ZA9TE,01 - Non intersection,03 - P.D. only,06 - SMV unattended vehicle,01 - Clear,00 - Unknown,01 - Dry,10 - No control,,1,0,0,0,,0,,,,,367907.9515,5030945.563,45.41559972,-75.69368265,8548
20--8338,2020/11/04,2:45 PM,RIVER RD btwn KILBY LANE & WATERFRONT CRT (__3ZA38T),__3ZA38T,01 - Non intersection,02 - Non-fatal injury,03 - Rear end,01 - Clear,01 - Daylight,01 - Dry,10 - No control,,2,0,0,0,01 - Minimal,1,1,,,,371597.9135,5008144.566,45.21009987,-75.64961579,8549
20--8980,2020/11/24,7:15 AM,HIGHWAY 417 btwn HWY417 IC122 RAMP61 & HWY417 IC121B RAMP16 (__3ZA2Y4),__3ZA2Y4,01 - Non intersection,03 - P.D. only,04 - Sideswipe,01 - Clear,01 - Daylight,01 - Dry,10 - No control,,2,0,0,0,,0,,,,,366502.8488,5029510.629,45.4028139,-75.71181323,8550
20--8619,2020/11/13,11:57 AM,ST. LAURENT BLVD @ TREMBLAY RD (0002573),2573,02 - Intersection related,02 - Non-fatal injury,04 - Sideswipe,01 - Clear,01 - Daylight,01 - Dry,01 - Traffic signal,01 - Functioning,3,0,0,0,02 - Minor,1,,1,,,372595.7226,5031241.579,45.41782465,-75.63375388,8551
20--8255,2020/11/01,12:17 PM,FLEWELLYN RD @ SHEA RD (0000398),398,02 - Intersection related,03 - P.D. only,07 - SMV other,02 - Rain,01 - Daylight,02 - Wet,02 - Stop sign,00 - Unknown,1,0,0,0,,0,,,,,352993.6022,5012174.408,45.24787967,-75.88605516,8552
20--8339,2020/11/04,2:49 PM,WALKLEY RD @ HEATHERINGTON RD (0006928),6928,03 - At intersection,02 - Non-fatal injury,07 - SMV other,01 - Clear,01 - Daylight,01 - Dry,01 - Traffic signal,01 - Functioning,1,0,0,1,02 - Minor,1,,1,,,371766.7193,5026794.528,45.37789174,-75.64494884,8553
20--8981,2020/11/24,7:26 PM,ST. LAURENT BLVD @ WALKLEY RD (0007653),7653,02 - Intersection related,03 - P.D. only,02 - Angle,01 - Clear,07 - Dark,01 - Dry,01 - Traffic signal,01 - Functioning,2,0,0,0,,0,,,,,373902.7437,5028046.848,45.38895214,-75.61750333,8554
20--862,2020/01/18,7:30 PM,ROSEHILL AVE @ HUNTMAR DR (0010609),10609,02 - Intersection related,03 - P.D. only,03 - Rear end,03 - Snow,07 - Dark,03 - Loose snow,11 - Roundabout,01 - Functioning,2,0,0,0,,0,,,,,350500.3573,5016458.468,45.2865954,-75.91742105,8555
20--8256,2020/11/01,12:40 PM,HUNTMAR DR btwn OLD CARP RD & BRADLEY SIDE RD (__3ZACWD),__3ZACWD,01 - Non intersection,02 - Non-fatal injury,01 - Approaching,02 - Rain,01 - Daylight,02 - Wet,10 - No control,,2,0,0,0,02 - Minor,2,1,1,,,346991.2685,5020377.768,45.32208203,-75.96181855,8556
20--834,2020/01/18,12:46 PM,ALBERT ST @ BANK ST (0002115),2115,03 - At intersection,03 - P.D. only,02 - Angle,01 - Clear,01 - Daylight,01 - Dry,01 - Traffic signal,01 - Functioning,2,0,0,0,,0,,,,,367385.6959,5031423.565,45.41994754,-75.70029403,8557
20--8982,2020/11/24,7:27 PM,REGIONAL ROAD 174 EB btwn OR174 IC109 RAMP55 & TRANSIT (__3ZA28V),__3ZA28V,01 - Non intersection,03 - P.D. only,99 - Other,01 - Clear,07 - Dark,01 - Dry,10 - No control,,2,0,0,0,,0,,,,,376574.3334,5035214.796,45.45317639,-75.58234509,8558
20--8620,2020/11/13,Unknown,BESSERER ST btwn CUMBERLAND ST & KING EDWARD AVE (__3ZA8Z6),__3ZA8Z6,01 - Non intersection,03 - P.D. only,06 - SMV unattended vehicle,01 - Clear,00 - Unknown,01 - Dry,10 - No control,,1,0,0,0,,0,,,,,368511.0444,5032316.588,45.42788107,-75.68580053,8559
20--8621,2020/11/13,Unknown,EDISON AVE btwn PRINCETON AVE & AVONDALE AVE (__3ZA07D),__3ZA07D,01 - Non intersection,03 - P.D. only,06 - SMV unattended vehicle,01 - Clear,00 - Unknown,01 - Dry,10 - No control,,1,0,0,0,,0,,,,,363420.7545,5027646.652,45.38630702,-75.75140164,8560
20--8622,2020/11/13,12:45 PM,ST. JOSEPH BLVD @ JEANNE D'ARC BLVD (0012421),12421,03 - At intersection,03 - P.D. only,04 - Sideswipe,01 - Clear,01 - Daylight,01 - Dry,11 - Roundabout,00 - Unknown,2,0,0,0,,0,,,,,379860.729,5036471.589,45.46413879,-75.54014155,8561
20--8623,2020/11/13,3:30 PM,FALLOWFIELD RD @ HWY 416 FALLOWFI IC66R34 (0005504),5504,03 - At intersection,03 - P.D. only,02 - Angle,01 - Clear,01 - Daylight,01 - Dry,01 - Traffic signal,01 - Functioning,2,0,0,0,,0,,,,,359823.4714,5014725.69,45.27033565,-75.79877214,8562
20--8624,2020/11/13,3:35 PM,WEST HUNT CLUB RD WB btwn MERIVALE RD & ROYDON PL (__3ZA3JR),__3ZA3JR,04 - At/near private drive,03 - P.D. only,02 - Angle,01 - Clear,01 - Daylight,01 - Dry,10 - No control,,2,0,0,0,,0,,,,,365781.73,5022048.681,45.3357359,-75.721945,8563
20--8625,2020/11/13,3:40 PM,WEST HUNT CLUB RD @ ROYDON PL/SUNDERLAND ST (0009775),9775,02 - Intersection related,03 - P.D. only,03 - Rear end,01 - Clear,01 - Daylight,01 - Dry,01 - Traffic signal,01 - Functioning,2,0,0,0,,0,,,,,365973.711,5022169.484,45.33680615,-75.71948084,8564
20--8626,2020/11/13,3:42 PM,INNES RD @ STAR TOP RD/WINDMILL LANE (0008734),8734,02 - Intersection related,03 - P.D. only,04 - Sideswipe,01 - Clear,01 - Daylight,01 - Dry,01 - Traffic signal,01 - Functioning,2,0,0,0,,0,,,,,374147.7262,5030666.566,45.41249888,-75.61400674,8565
20--8627,2020/11/13,4:17 PM,BRONSON AVE @ RENFREW AVE (0007197),7197,03 - At intersection,03 - P.D. only,02 - Angle,01 - Clear,01 - Daylight,01 - Dry,02 - Stop sign,01 - Functioning,2,0,0,0,,0,,,,,367356.7173,5029551.561,45.40310641,-75.70090185,8566
20--8628,2020/11/13,4:56 PM,STAGECOACH RD btwn CABIN RD & SNAKE ISLAND RD (__3ZBOGH),__3ZBOGH,01 - Non intersection,03 - P.D. only,07 - SMV other,01 - Clear,07 - Dark,01 - Dry,10 - No control,,1,0,0,0,,0,,,,,378173.8752,5004753.185,45.1789312,-75.56640896,8567
20--8629,2020/11/13,5:03 PM,HUNT CLUB RD @ CANADAIR PRIV (0010852),10852,03 - At intersection,03 - P.D. only,05 - Turning movement,01 - Clear,07 - Dark,01 - Dry,01 - Traffic signal,01 - Functioning,3,0,0,0,,0,,,,,368662.7165,5022311.497,45.33784436,-75.68515674,8568
20--863,2020/01/18,7:42 PM,472 E OF CHESTNUT ST/UOTTAWA @ LEES AVE (0008222),8222,02 - Intersection related,03 - P.D. only,03 - Rear end,03 - Snow,07 - Dark,03 - Loose snow,01 - Traffic signal,01 - Functioning,2,0,0,0,,0,,,,,369789.9186,5031040.336,45.41628019,-75.66962714,8569
20--8630,2020/11/13,5:11 PM,VANIER PKWY/CRICHTON ST @ BEECHWOOD AVE/ST. PA (0001604),1604,02 - Intersection related,03 - P.D. only,03 - Rear end,01 - Clear,07 - Dark,01 - Dry,01 - Traffic signal,01 - Functioning,2,0,0,0,,0,,,,,369127.7944,5033487.143,45.43835682,-75.67776661,8570
20--8631,2020/11/13,5:35 PM,VANIER PKWY NB btwn DONALD ST & QUEEN MARY ST (__3ZA25X),__3ZA25X,01 - Non intersection,03 - P.D. only,04 - Sideswipe,01 - Clear,07 - Dark,01 - Dry,10 - No control,,2,0,0,0,,0,,,,,370333.1978,5032120.35,45.42594705,-75.66254278,8571