Anom_ID,Accident_Date,Accident_Time,Location,Geo_ID,Accident_Location,Classification_of_Accident,Initial_Impact_Type,Environment_Condition,Light,Road_Surface_Condition,Traffic_Control,Traffic_Control_Condition,No__of_Vehicles,No__of_Bicycles,No__of_Motorcycles,No__of_Pedestrians,Max_Injury,No__of_Injuries,No__of_Minimal,No__of_Minor,No__of_Major,No__of_Fatal,X,Y,Latitude,Longitude,ObjectId
20--8261,2020/11/01,5:28 AM,BANK ST btwn HOLMWOOD AVE & LANSDOWNE PARK (__3ZA3NFA),__3ZA3NFA,01 - Non intersection,03 - P.D. only,07 - SMV other,01 - Clear,07 - Dark,01 - Dry,10 - No control,,1,0,0,0,,0,,,,,368517.8551,5029113.134,45.39905686,-75.68612764,8735
20--8345,2020/11/04,5:40 PM,HIGHWAY 417 btwn HWY417 IC121A RAMP16 & HWY417 IC121A RAMP61 (__3ZA2YY),__3ZA2YY,01 - Non intersection,03 - P.D. only,03 - Rear end,01 - Clear,07 - Dark,01 - Dry,10 - No control,,2,0,0,0,,0,,,,,367334.121,5029790.337,45.40525687,-75.70116019,8736
20--8262,2020/11/01,5:50 PM,AVIATION PKWY @ OGILVIE RD (0004114),4114,03 - At intersection,03 - P.D. only,02 - Angle,01 - Clear,07 - Dark,01 - Dry,01 - Traffic signal,01 - Functioning,2,0,0,0,,0,,,,,373110.7215,5032376.591,45.42798685,-75.62701696,8737
20--8346,2020/11/04,6:11 PM,HAZELDEAN RD btwn 246 E OF CASTLEFRANK RD & IRWIN GT (__3ZA41NB),__3ZA41NB,01 - Non intersection,03 - P.D. only,07 - SMV other,01 - Clear,07 - Dark,01 - Dry,10 - No control,,1,0,0,0,,0,,,,,353332.8657,5018211.763,45.30218208,-75.88114328,8738
20--8263,2020/11/01,6:30 PM,CATHERINE ST @ METCALFE ST (0011239),11239,02 - Intersection related,03 - P.D. only,04 - Sideswipe,01 - Clear,07 - Dark,01 - Dry,01 - Traffic signal,01 - Functioning,2,0,0,0,,0,,,,,368393.7075,5030486.566,45.41142584,-75.68753609,8739
20--8347,2020/11/04,6:27 AM,HIGHWAY 417 btwn HWY417 IC118 RAMP35 & HWY417 IC117 RAMP51 (__3ZA2YP),__3ZA2YP,01 - Non intersection,03 - P.D. only,03 - Rear end,01 - Clear,03 - Dawn,01 - Dry,10 - No control,,3,0,0,0,,0,,,,,370239.904,5031106.106,45.41683003,-75.66386958,8740
20--8264,2020/11/01,6:31 PM,SHEFFIELD RD btwn INNES PARK WAY & BANTREE ST (__3ZA79N),__3ZA79N,01 - Non intersection,03 - P.D. only,07 - SMV other,02 - Rain,07 - Dark,02 - Wet,10 - No control,,1,0,0,0,,0,,,,,374477.3189,5030436.753,45.4103984,-75.60982882,8741
20--8348,2020/11/04,6:28 PM,MONTREAL RD btwn SINCLAIR ST & SHEFFORD RD (__3ZA2D0),__3ZA2D0,01 - Non intersection,03 - P.D. only,03 - Rear end,01 - Clear,07 - Dark,01 - Dry,10 - No control,,2,0,0,0,,0,,,,,375976.9401,5034761.731,45.44916109,-75.59004751,8742
20--8265,2020/11/01,7:51 PM,OTHELLO AVE @ PLEASANT PARK RD (0008364),8364,03 - At intersection,03 - P.D. only,05 - Turning movement,02 - Rain,07 - Dark,02 - Wet,02 - Stop sign,01 - Functioning,2,0,0,0,,0,,,,,373445.4689,5028739.039,45.39522513,-75.62324611,8743
20--8266,2020/11/01,8:11 AM,HIGHWAY 417 btwn HWY417 IC155 RAMP25 & RAMP (__3ZAZN1),__3ZAZN1,01 - Non intersection,03 - P.D. only,07 - SMV other,01 - Clear,01 - Daylight,01 - Dry,10 - No control,,1,0,0,0,,0,,,,,344364.0169,5015395.357,45.27740128,-75.99572736,8744
20--8267,2020/11/01,8:36 AM,BANK ST btwn FIRST AVE & SECOND AVE (__3ZA3O4),__3ZA3O4,01 - Non intersection,03 - P.D. only,04 - Sideswipe,01 - Clear,01 - Daylight,01 - Dry,10 - No control,,2,0,0,0,,0,,,,,368303.654,5029633.377,45.4037573,-75.68879638,8745
20--8268,2020/11/02,1:30 PM,INDUSTRIAL AVE @ RIVERSIDE DR (0011905),11905,02 - Intersection related,03 - P.D. only,04 - Sideswipe,01 - Clear,01 - Daylight,01 - Dry,01 - Traffic signal,01 - Functioning,2,0,0,0,,0,,,,,370684.7193,5030592.562,45.41216762,-75.65825541,8746
20--8269,2020/11/02,10:03 PM,MCCARTHY RD @ WALKLEY RD (0006969),6969,02 - Intersection related,03 - P.D. only,07 - SMV other,03 - Snow,07 - Dark,03 - Loose snow,01 - Traffic signal,01 - Functioning,1,0,0,0,,0,,,,,369249.7203,5025300.531,45.36468524,-75.67727817,8747
20--827,2020/01/18,Unknown,BARWELL AVE btwn ALENMEDE CRES & DUMAURIER AVE (__3ZAA4V),__3ZAA4V,01 - Non intersection,03 - P.D. only,06 - SMV unattended vehicle,03 - Snow,00 - Unknown,03 - Loose snow,10 - No control,,1,0,0,0,,0,,,,,359713.6575,5023635.293,45.35051339,-75.79918418,8748
20--8270,2020/11/02,10:16 AM,DALHOUSIE ST btwn CATHCART ST & BRUYERE ST (__3ZA7CW),__3ZA7CW,01 - Non intersection,03 - P.D. only,04 - Sideswipe,01 - Clear,01 - Daylight,01 - Dry,10 - No control,,2,0,0,0,,0,,,,,367780.867,5032928.874,45.43345634,-75.69505263,8749
20--8271,2020/11/02,11:25 AM,BASELINE RD @ WOODROFFE AVE (0002225),2225,02 - Intersection related,03 - P.D. only,03 - Rear end,01 - Clear,01 - Daylight,01 - Dry,01 - Traffic signal,01 - Functioning,2,0,0,0,,0,,,,,362549.689,5023770.503,45.3515022,-75.7629775,8750
20--8272,2020/11/02,11:44 AM,RIDGECREST PL btwn WILLOWDALE AVE & WESMAR DR (__3ZA9PP),__3ZA9PP,01 - Non intersection,02 - Non-fatal injury,06 - SMV unattended vehicle,01 - Clear,01 - Daylight,01 - Dry,10 - No control,,1,0,0,0,02 - Minor,1,,1,,,370360.154,5027097.406,45.38074996,-75.66286612,8751
20--8273,2020/11/02,Unknown,QUILL ST btwn GLYNN AVE & KING GEORGE ST (__3ZBO93),__3ZBO93,01 - Non intersection,03 - P.D. only,06 - SMV unattended vehicle,03 - Snow,00 - Unknown,02 - Wet,10 - No control,,1,0,0,0,,0,,,,,370727.2417,5032080.665,45.42555296,-75.6575131,8752
20--8274,2020/11/02,3:02 PM,HAWTHORNE RD btwn AGES DR & STEVENAGE DR (__3ZA2E9),__3ZA2E9,01 - Non intersection,03 - P.D. only,04 - Sideswipe,01 - Clear,01 - Daylight,01 - Dry,10 - No control,,2,0,0,0,,0,,,,,374990.6948,5027671.333,45.38546525,-75.60366444,8753
20--8275,2020/11/02,4:51 PM,FALLOWFIELD RD btwn SHEA RD & EAGLESON RD (__3ZA419),__3ZA419,01 - Non intersection,02 - Non-fatal injury,07 - SMV other,03 - Snow,05 - Dusk,02 - Wet,10 - No control,,1,0,0,0,02 - Minor,1,,1,,,355691.1304,5012492.537,45.25055239,-75.85166057,8754
20--8276,2020/11/02,4:53 PM,MONTREAL RD btwn BURMA RD & MONTREAL RD (__3ZA2D6),__3ZA2D6,01 - Non intersection,03 - P.D. only,04 - Sideswipe,01 - Clear,05 - Dusk,01 - Dry,10 - No control,,2,0,0,0,,0,,,,,373920.3291,5034451.166,45.44657322,-75.61638043,8755
20--8277,2020/11/02,5:21 PM,HIGHWAY 417 btwn HWY417 IC122 RAMP51 & HWY417 IC122 RAMP15 (__3ZA2R0),__3ZA2R0,01 - Non intersection,03 - P.D. only,04 - Sideswipe,03 - Snow,07 - Dark,03 - Loose snow,10 - No control,,2,0,0,0,,0,,,,,365642.0822,5029080.755,45.39902133,-75.72286059,8756
20--8278,2020/11/02,5:44 PM,WOODROFFE AVE btwn GRENFELL CRES & 260 N OF FALLOWFIELD RD/TRANSITWAY  (__3ZA3IO),__3ZA3IO,04 - At/near private drive,03 - P.D. only,03 - Rear end,03 - Snow,07 - Dark,03 - Loose snow,10 - No control,,2,0,0,0,,0,,,,,364927.5519,5018304.107,45.30211626,-75.73329688,8757
20--8279,2020/11/02,6:10 PM,BRIAN COBURN BLVD @ STRASBOURG ST (0013501),13501,02 - Intersection related,03 - P.D. only,03 - Rear end,01 - Clear,07 - Dark,02 - Wet,11 - Roundabout,01 - Functioning,2,0,0,0,,0,,,,,384046.5521,5034850.028,45.44908715,-75.48688377,8758
20--828,2020/01/18,Unknown,DALY AVE btwn NELSON ST & FRIEL ST (__3ZA81Y),__3ZA81Y,01 - Non intersection,03 - P.D. only,06 - SMV unattended vehicle,03 - Snow,00 - Unknown,03 - Loose snow,10 - No control,,1,0,0,0,,0,,,,,368746.5784,5032368.049,45.42832261,-75.68278413,8759
20--8280,2020/11/02,6:14 PM,BANK ST btwn OSSINGTON AVE & CAMERON AVE (__3ZA3NX),__3ZA3NX,01 - Non intersection,03 - P.D. only,03 - Rear end,02 - Rain,07 - Dark,02 - Wet,10 - No control,,3,0,0,0,,0,,,,,368915.9695,5028292.917,45.39164046,-75.68114962,8760
20--8281,2020/11/02,6:18 PM,COPE DR btwn CONTINENTALAVE/TAPADERO AVE & DEFENSE ST (e___2IVI),e___2IVI,01 - Non intersection,03 - P.D. only,06 - SMV unattended vehicle,03 - Snow,07 - Dark,03 - Loose snow,10 - No control,,1,0,0,0,,0,,,,,353234.433,5014836.928,45.27182127,-75.88272781,8761
20--8282,2020/11/02,6:25 PM,GLADSTONE AVE btwn BANK ST & O'CONNOR ST (__3ZA3QP),__3ZA3QP,04 - At/near private drive,03 - P.D. only,05 - Turning movement,03 - Snow,07 - Dark,03 - Loose snow,10 - No control,,2,0,0,0,,0,,,,,367959.2008,5030588.388,45.41238136,-75.69307368,8762
20--8283,2020/11/02,6:26 AM,HAWTHORNE RD @ STEVENAGE DR (0008802),8802,03 - At intersection,02 - Non-fatal injury,05 - Turning movement,01 - Clear,03 - Dawn,01 - Dry,01 - Traffic signal,01 - Functioning,2,0,0,0,02 - Minor,2,,2,,,375136.7373,5027313.551,45.38223145,-75.60185069,8763
20--8284,2020/11/02,6:29 PM,CARLING AVE EB btwn SAIGON CRT & HWY417 IC124 RAMP57 (__3ZA3AN),__3ZA3AN,01 - Non intersection,03 - P.D. only,07 - SMV other,03 - Snow,07 - Dark,04 - Slush,10 - No control,,1,0,0,0,,0,,,,,364118.8588,5027107.537,45.38139739,-75.74255228,8764
20--8285,2020/11/02,6:38 PM,DOVERCOURT AVE @ WINDERMERE AVE (0006766),6766,03 - At intersection,03 - P.D. only,02 - Angle,03 - Snow,07 - Dark,02 - Wet,02 - Stop sign,01 - Functioning,2,0,0,0,,0,,,,,362535.6897,5026936.539,45.37999103,-75.76278619,8765
20--8286,2020/11/02,6:45 PM,HIGHWAY 417 btwn Continuation of HIGHWAY 417 & HWY417 IC134 RAMP51 (__3ZA29B),__3ZA29B,01 - Non intersection,03 - P.D. only,07 - SMV other,03 - Snow,07 - Dark,06 - Ice,10 - No control,,1,0,0,0,,0,,,,,355280.4376,5021574.298,45.33230144,-75.85596811,8766
20--8287,2020/11/02,6:52 PM,HIGHWAY 417 btwn Continuation of HIGHWAY 417 & HWY417 IC134 RAMP51 (__3ZA29B),__3ZA29B,01 - Non intersection,03 - P.D. only,07 - SMV other,03 - Snow,07 - Dark,06 - Ice,10 - No control,,1,0,0,0,,0,,,,,355942.9692,5021962.882,45.33574999,-75.84747589,8767
20--8288,2020/11/02,7:00 PM,HIGHWAY 416 btwn HWY416 IC66 RAMP24 & HWY416 IC57 RAMP62 (__3ZA1OI),__3ZA1OI,01 - Non intersection,03 - P.D. only,07 - SMV other,03 - Snow,07 - Dark,06 - Ice,10 - No control,,1,0,0,0,,0,,,,,360924.1875,5013061.164,45.25527108,-75.78493358,8768
20--8289,2020/11/02,7:00 PM,HWY417 IC131 RAMP63 btwn HWY417 IC131 RAMP53 & HWY417 IC131 RAMP66 (__3ZAY4Q),__3ZAY4Q,01 - Non intersection,03 - P.D. only,07 - SMV other,03 - Snow,07 - Dark,03 - Loose snow,10 - No control,,1,0,0,0,,0,,,,,358437.255,5022497.691,45.34037599,-75.81559599,8769
20--829,2020/01/18,Unknown,BREEZEHILL AVE   S btwn LINDENPARK PRIV & SHERWOOD DR (__3ZA0Z9),__3ZA0Z9,01 - Non intersection,03 - P.D. only,06 - SMV unattended vehicle,03 - Snow,00 - Unknown,03 - Loose snow,10 - No control,,1,0,0,0,,0,,,,,366426.9416,5028770.484,45.39616095,-75.71287525,8770
20--8290,2020/11/02,7:00 PM,HIGHWAY 417 btwn Continuation of HIGHWAY 417 & HWY417 IC134 RAMP51 (__3ZA29B),__3ZA29B,01 - Non intersection,03 - P.D. only,07 - SMV other,03 - Snow,07 - Dark,03 - Loose snow,10 - No control,,1,0,0,0,,0,,,,,354834.3498,5021312.694,45.32997944,-75.8616854,8771
20--8291,2020/11/02,7:20 PM,HIGHWAY 417 btwn HWY417 IC138 RAMP61 & HWY417 IC134 RAMP36 (__3ZA20I),__3ZA20I,01 - Non intersection,03 - P.D. only,07 - SMV other,03 - Snow,07 - Dark,06 - Ice,10 - No control,,1,0,0,0,,0,,,,,354816.2729,5021350.385,45.33031987,-75.8619122,8772
20--8292,2020/11/02,7:22 PM,HWY417 IC113 RAMP85 btwn HWY417 IC113 RAMP35 & HIGHWAY 417 (__3ZAYAV),__3ZAYAV,01 - Non intersection,03 - P.D. only,07 - SMV other,03 - Snow,07 - Dark,06 - Ice,10 - No control,,1,0,0,0,,0,,,,,373591.0223,5031785.53,45.42262171,-75.62096218,8773
20--8293,2020/11/02,7:30 PM,HIGHWAY 416 btwn HWY416 IC42 RAMP24 & END (__3ZAZJ6),__3ZAZJ6,07 - Overpass or bridge,02 - Non-fatal injury,99 - Other,03 - Snow,07 - Dark,06 - Ice,10 - No control,,7,0,0,0,03 - Major,1,,,1,,372562.7433,4994056.391,45.08324272,-75.63924425,8774
20--8294,2020/11/02,7:31 PM,TERRY FOX DR btwn HUNTSVILLE DR & OLD SECOND LINE RD (__8IAYIU),__8IAYIU,01 - Non intersection,02 - Non-fatal injury,07 - SMV other,03 - Snow,07 - Dark,02 - Wet,10 - No control,,1,0,0,0,02 - Minor,1,,1,,,347937.165,5020451.258,45.32268582,-75.94974708,8775
20--8295,2020/11/02,7:45 AM,ELGIN ST @ SLATER ST (0002228),2228,02 - Intersection related,03 - P.D. only,04 - Sideswipe,01 - Clear,01 - Daylight,01 - Dry,01 - Traffic signal,01 - Functioning,2,0,0,0,,0,,,,,367890.7072,5031646.57,45.42190871,-75.69381319,8776
20--8296,2020/11/02,8:00 PM,HIGHWAY 417 btwn HIGHWAY 417 & HIGHWAY 417 (1) (__3ZA2UX),__3ZA2UX,01 - Non intersection,03 - P.D. only,99 - Other,03 - Snow,07 - Dark,03 - Loose snow,10 - No control,,3,0,0,0,,0,,,,,375140.3102,5030566.386,45.41149845,-75.60134124,8777
20--8297,2020/11/02,8:25 PM,MER BLEUE RD btwn WALL RD & MER BLEUE RD (__3ZA6PM),__3ZA6PM,01 - Non intersection,03 - P.D. only,03 - Rear end,03 - Snow,07 - Dark,02 - Wet,10 - No control,,2,0,0,0,,0,,,,,383935.5473,5032558.068,45.42847867,-75.48867116,8778
20--8298,2020/11/02,8:40 AM,ROCKY HILL DR @ PRINCE OF WALES DR (0010328),10328,03 - At intersection,03 - P.D. only,04 - Sideswipe,01 - Clear,01 - Daylight,01 - Dry,01 - Traffic signal,01 - Functioning,2,0,0,0,,0,,,,,366968.7604,5014403.419,45.26684053,-75.70776002,8779
20--8299,2020/11/02,9:00 PM,BOTELER ST @ DALHOUSIE ST/MACDONALDCARTIER BR  (0011438),11438,02 - Intersection related,03 - P.D. only,03 - Rear end,03 - Snow,07 - Dark,03 - Loose snow,02 - Stop sign,01 - Functioning,2,0,0,0,,0,,,,,367696.4041,5033069.985,45.43473361,-75.696114,8780
20--83,2020/01/03,7:13 AM,GLEN AVE btwn SENECA ST & LEONARD AVE (__3ZA83G),__3ZA83G,01 - Non intersection,03 - P.D. only,04 - Sideswipe,01 - Clear,03 - Dawn,05 - Packed snow,10 - No control,,2,0,0,0,,0,,,,,368423.7426,5028208.243,45.39092348,-75.68744632,8781
20--830,2020/01/18,12:00 PM,BILLINGS BRIDGESC RAMP SB @ RIVERSIDE DR EB (0010763),10763,03 - At intersection,03 - P.D. only,02 - Angle,01 - Clear,01 - Daylight,01 - Dry,02 - Stop sign,01 - Functioning,2,0,0,0,,0,,,,,369177.2921,5027785.484,45.38705077,-75.6778787,8782
20--8300,2020/11/02,9:00 PM,BRIAN COBURN BLVD @ MER BLEUE RD (0014363),14363,03 - At intersection,03 - P.D. only,02 - Angle,03 - Snow,07 - Dark,03 - Loose snow,11 - Roundabout,01 - Functioning,2,0,0,0,,0,,,,,383150.8189,5034441.164,45.44550953,-75.49839849,8783
20--8301,2020/11/02,9:02 PM,HIGHWAY 417 btwn HWY417 IC118 RAMP35 & HWY417 IC117 RAMP51 (__3ZA2YP),__3ZA2YP,01 - Non intersection,03 - P.D. only,04 - Sideswipe,03 - Snow,07 - Dark,03 - Loose snow,10 - No control,,2,0,0,0,,0,,,,,369831.5589,5031136.579,45.41714228,-75.66908246,8784
20--8302,2020/11/02,9:13 PM,HWY417 IC113 RAMP85 btwn HWY417 IC113 RAMP35 & HIGHWAY 417 (__3ZAYAV),__3ZAYAV,07 - Overpass or bridge,02 - Non-fatal injury,07 - SMV other,03 - Snow,07 - Dark,06 - Ice,10 - No control,,1,0,0,0,02 - Minor,1,,1,,,373544.7655,5031807.957,45.42282804,-75.62155007,8785
20--8303,2020/11/02,9:15 PM,HIGHWAY 7 btwn HAZELDEAN IC RAMP 53 & HIGHWAY 7 (__7JQ7LK),__7JQ7LK,01 - Non intersection,03 - P.D. only,04 - Sideswipe,03 - Snow,07 - Dark,05 - Packed snow,10 - No control,,2,0,0,0,,0,,,,,345717.1162,5011336.892,45.24080397,-75.97881603,8786
20--8304,2020/11/02,9:16 PM,BRONSON AVE btwn LAURIER AVE W & GLOUCESTER ST (__3ZA33X),__3ZA33X,01 - Non intersection,03 - P.D. only,06 - SMV unattended vehicle,03 - Snow,07 - Dark,03 - Loose snow,10 - No control,,1,0,0,0,,0,,,,,366819.233,5030826.998,45.41463026,-75.70760655,8787
20--8305,2020/11/02,9:31 PM,CHAPMAN MILLS DR btwn LEAMINGTON WAY & TEMAGAMI DR (__61W6PK),__61W6PK,01 - Non intersection,03 - P.D. only,03 - Rear end,03 - Snow,07 - Dark,03 - Loose snow,10 - No control,,2,0,0,0,,0,,,,,365381.9774,5014857.447,45.27106433,-75.72792374,8788
20--8306,2020/11/02,9:33 AM,SPRINGFIELD RD btwn LINDENLEA RD/DURHAM PRIV & ROCKCLIFFE WAY (__3ZBOV8),__3ZBOV8,01 - Non intersection,03 - P.D. only,04 - Sideswipe,01 - Clear,01 - Daylight,02 - Wet,10 - No control,,2,0,0,0,,0,,,,,369116.2815,5034309.757,45.44575943,-75.67780624,8789
20--8307,2020/11/02,9:45 AM,BLAIR RD @ OGILVIE RD (0004120),4120,02 - Intersection related,03 - P.D. only,03 - Rear end,01 - Clear,01 - Daylight,01 - Dry,01 - Traffic signal,01 - Functioning,2,0,0,0,,0,,,,,374507.7229,5033198.574,45.43524477,-75.60904964,8790
20--8308,2020/11/03,1:37 PM,BAYSWATER AVE @ GLADSTONE AVE (0006164),6164,03 - At intersection,02 - Non-fatal injury,02 - Angle,01 - Clear,01 - Daylight,01 - Dry,01 - Traffic signal,01 - Functioning,2,0,0,0,02 - Minor,1,,1,,,366000.703,5029479.567,45.40257849,-75.71823085,8791
20--8309,2020/11/03,1:38 AM,HIGHWAY 417 btwn HWY417 IC121A RAMP51 & HWY417 IC120A RAMP52 (__3ZA2R6),__3ZA2R6,01 - Non intersection,03 - P.D. only,07 - SMV other,03 - Snow,07 - Dark,06 - Ice,10 - No control,,1,0,0,0,,0,,,,,367176.4555,5029698.589,45.40444541,-75.70318569,8792
20--831,2020/01/18,12:19 AM,POULIN AVE btwn SKUCE PRIV & RICHMOND RD (__3ZAZ4C),__3ZAZ4C,01 - Non intersection,03 - P.D. only,05 - Turning movement,01 - Clear,07 - Dark,02 - Wet,10 - No control,,2,0,0,0,,0,,,,,360310.5232,5024932.161,45.36213558,-75.79142185,8793
20--8310,2020/11/03,10:01 AM,RICHMOND RD @ LYNHAR RD/STAFFORD RD (0000155),155,02 - Intersection related,03 - P.D. only,03 - Rear end,03 - Snow,01 - Daylight,06 - Ice,01 - Traffic signal,01 - Functioning,2,0,0,0,,0,,,,,358137.6646,5021086.476,45.32770063,-75.81957054,8794
20--8311,2020/11/03,11:20 AM,BRIDGE ST btwn MANOTICK MAIN ST & DICKINSON CIRC (__3ZA388),__3ZA388,04 - At/near private drive,03 - P.D. only,02 - Angle,01 - Clear,01 - Daylight,01 - Dry,10 - No control,,2,0,0,0,,0,,,,,368787.4175,5010015.122,45.22719187,-75.68515128,8795
20--8312,2020/11/03,12:16 PM,BASELINE RD @ CORDOVA ST (0003208),3208,02 - Intersection related,02 - Non-fatal injury,03 - Rear end,01 - Clear,01 - Daylight,01 - Dry,01 - Traffic signal,01 - Functioning,2,0,0,0,02 - Minor,1,,1,,,363593.7053,5024409.528,45.35716533,-75.74957853,8796
20--8313,2020/11/03,12:21 AM,JEANNE D'ARC BLVD  N btwn BILBERRY DR & CHAMPLAIN ST (__3ZA7KK),__3ZA7KK,01 - Non intersection,03 - P.D. only,07 - SMV other,03 - Snow,07 - Dark,06 - Ice,10 - No control,,1,0,0,0,,0,,,,,381364.2217,5038717.277,45.48418043,-75.52056809,8797
20--8314,2020/11/03,12:22 AM,HIGHWAY 417 btwn HWY417 IC121A RAMP16 & HWY417 IC121A RAMP61 (__3ZA2YY),__3ZA2YY,01 - Non intersection,03 - P.D. only,04 - Sideswipe,03 - Snow,07 - Dark,06 - Ice,10 - No control,,2,0,0,0,,0,,,,,367328.5258,5029787.915,45.40523557,-75.70123197,8798
20--8315,2020/11/03,2:08 PM,CARLING AVE @ RIFLE RD (0000579),579,02 - Intersection related,03 - P.D. only,03 - Rear end,02 - Rain,01 - Daylight,02 - Wet,02 - Stop sign,00 - Unknown,2,0,0,0,,0,,,,,353890.6391,5023314.514,45.34805876,-75.87352548,8799
20--8316,2020/11/03,2:43 PM,BLAIR RD @ OGILVIE RD (0004120),4120,02 - Intersection related,03 - P.D. only,03 - Rear end,01 - Clear,01 - Daylight,01 - Dry,01 - Traffic signal,01 - Functioning,2,0,0,0,,0,,,,,374507.7346,5033198.58,45.43524482,-75.60904949,8800
20--8317,2020/11/03,3:45 PM,HUNT CLUB RD btwn RIVERSIDE DR & LINDBERGH PRIV (__4B3PLN),__4B3PLN,01 - Non intersection,03 - P.D. only,03 - Rear end,01 - Clear,01 - Daylight,03 - Loose snow,10 - No control,,3,0,0,0,,0,,,,,368221.0553,5022046.902,45.33550365,-75.69082537,8801
20--8318,2020/11/03,4:17 PM,ANDERSON RD btwn INNES RD & DESJARDINS ST (__3ZBOG0),__3ZBOG0,01 - Non intersection,03 - P.D. only,04 - Sideswipe,01 - Clear,01 - Daylight,01 - Dry,10 - No control,,2,0,0,0,,0,,,,,377490.9738,5031575.289,45.42033572,-75.57116455,8802
20--8319,2020/11/03,4:30 PM,HERON RD @ WILDWOOD AVE (0002154),2154,02 - Intersection related,03 - P.D. only,02 - Angle,01 - Clear,05 - Dusk,01 - Dry,10 - No control,,2,0,0,0,,0,,,,,369933.7176,5026843.552,45.37850564,-75.66834417,8803
20--832,2020/01/18,12:30 PM,LAURIER AVE @ NICHOLAS ST (0010711),10711,02 - Intersection related,03 - P.D. only,04 - Sideswipe,01 - Clear,01 - Daylight,01 - Dry,01 - Traffic signal,01 - Functioning,3,0,0,0,,0,,,,,368373.6368,5031798.27,45.42322994,-75.68762326,8804
20--8320,2020/11/03,4:59 AM,PRINCE OF WALES DR btwn BASELINE RD/HERON RD & GREEN VALLEY CRES (__3ZA3G7),__3ZA3G7,01 - Non intersection,02 - Non-fatal injury,07 - SMV other,03 - Snow,07 - Dark,06 - Ice,10 - No control,,1,0,0,0,02 - Minor,1,,1,,,366949.8525,5026623.8,45.3767994,-75.70646736,8805
20--8321,2020/11/03,6:10 PM,BANK ST @ HUNT CLUB RD (0002119),2119,02 - Intersection related,03 - P.D. only,03 - Rear end,01 - Clear,07 - Dark,01 - Dry,01 - Traffic signal,01 - Functioning,3,0,0,0,,0,,,,,371608.7355,5024096.505,45.35363096,-75.6473306,8806
20--8322,2020/11/03,6:39 PM,REGIONAL ROAD 174 btwn QUIGLEY HILL RD & REGIONAL ROAD 174 DIVIDED (__3ZA2Y5),__3ZA2Y5,01 - Non intersection,03 - P.D. only,07 - SMV other,01 - Clear,07 - Dark,01 - Dry,10 - No control,,1,0,0,0,,0,,,,,384830.9821,5040818.057,45.50269233,-75.4758847,8807
20--8323,2020/11/03,6:44 AM,COVENTRY RD @ LOLA ST (0007175),7175,03 - At intersection,03 - P.D. only,05 - Turning movement,01 - Clear,07 - Dark,02 - Wet,01 - Traffic signal,01 - Functioning,2,0,0,0,,0,,,,,371263.7199,5031614.574,45.4213085,-75.65072106,8808
20--8324,2020/11/03,6:45 PM,BARNSDALE RD btwn VIEWBANK RD & GREENBANK RD (__3ZA1N0),__3ZA1N0,01 - Non intersection,03 - P.D. only,07 - SMV other,01 - Clear,07 - Dark,02 - Wet,10 - No control,,1,0,0,0,,0,,,,,364995.0514,5010583.185,45.23263766,-75.73337203,8809
20--8325,2020/11/03,7:16 AM,PRINCE OF WALES DR btwn HARTWELL LOCKS/548 N OF RIDEAUVIEW TER & FAIRC (__3ZA30ZB),__3ZA30ZB,01 - Non intersection,03 - P.D. only,07 - SMV other,03 - Snow,03 - Dawn,03 - Loose snow,10 - No control,,1,0,0,0,,0,,,,,367144.6439,5027017.504,45.38032455,-75.70393079,8810
20--8326,2020/11/03,7:58 AM,RIVERSIDE DR btwn OLD RIVERSIDE DR & RIVERGATE WAY (__3ZA36N),__3ZA36N,01 - Non intersection,02 - Non-fatal injury,07 - SMV other,01 - Clear,01 - Daylight,06 - Ice,10 - No control,,1,0,0,0,02 - Minor,1,,1,,,368058.0846,5023725.634,45.35062324,-75.6926898,8811
20--8327,2020/11/03,8:05 AM,GILMOUR ST @ O'CONNOR ST (0007286),7286,02 - Intersection related,03 - P.D. only,03 - Rear end,03 - Snow,01 - Daylight,06 - Ice,01 - Traffic signal,01 - Functioning,2,0,0,0,,0,,,,,367943.7089,5030868.571,45.41490375,-75.69323569,8812
20--8328,2020/11/03,8:18 AM,COLONIAL RD btwn LAFLEUR RD & BIRCHGROVE RD (__3ZA3KP),__3ZA3KP,01 - Non intersection,03 - P.D. only,07 - SMV other,01 - Clear,01 - Daylight,01 - Dry,10 - No control,,1,0,0,0,,0,,,,,397294.4302,5035040.553,45.44917365,-75.31751604,8813
20--8329,2020/11/03,8:50 AM,BANK ST @ RIVERSIDE DR N (0010778),10778,02 - Intersection related,03 - P.D. only,03 - Rear end,03 - Snow,01 - Daylight,06 - Ice,01 - Traffic signal,01 - Functioning,2,0,0,0,,0,,,,,369225.7164,5027983.543,45.38882839,-75.67723452,8814
20--833,2020/01/18,12:45 PM,REGIONAL ROAD 174 EB btwn HWY417 IC113 RAMP65 & OR174 BLAIR IC112 RAMP51 (__3ZAZFJ),__3ZAZFJ,01 - Non intersection,03 - P.D. only,04 - Sideswipe,01 - Clear,01 - Daylight,01 - Dry,10 - No control,,2,0,0,0,,0,,,,,374140.0889,5032320.578,45.42738158,-75.61387152,8815
20--8330,2020/11/03,9:30 AM,GREENFIELD AVE @ MAIN ST (0002695),2695,03 - At intersection,02 - Non-fatal injury,07 - SMV other,01 - Clear,01 - Daylight,02 - Wet,01 - Traffic signal,01 - Functioning,1,0,0,1,02 - Minor,1,,1,,,368891.7144,5030816.574,45.41434971,-75.68113136,8816