Anom_ID,Accident_Date,Accident_Time,Location,Geo_ID,Accident_Location,Classification_of_Accident,Initial_Impact_Type,Environment_Condition,Light,Road_Surface_Condition,Traffic_Control,Traffic_Control_Condition,No__of_Vehicles,No__of_Bicycles,No__of_Motorcycles,No__of_Pedestrians,Max_Injury,No__of_Injuries,No__of_Minimal,No__of_Minor,No__of_Major,No__of_Fatal,X,Y,Latitude,Longitude,ObjectId
20--8227,2020/10/31,12:00 PM,MARCH RD @ SECOND LINE RD (0008850),8850,02 - Intersection related,03 - P.D. only,03 - Rear end,01 - Clear,01 - Daylight,01 - Dry,01 - Traffic signal,01 - Functioning,2,0,0,0,,0,,,,,346103.5881,5025327.529,45.36667425,-75.97272778,8981
20--8228,2020/10/31,12:17 PM,BANK ST @ WALKLEY RD (0011423),11423,02 - Intersection related,03 - P.D. only,03 - Rear end,01 - Clear,01 - Daylight,01 - Dry,01 - Traffic signal,01 - Functioning,2,0,0,0,,0,,,,,370337.8472,5025947.724,45.37040759,-75.6633035,8982
20--8229,2020/10/31,12:30 PM,HWY 416 WESTHUNT IC72R34 @ WEST HUNT CLUB RD (0005218),5218,02 - Intersection related,03 - P.D. only,03 - Rear end,01 - Clear,01 - Daylight,01 - Dry,01 - Traffic signal,01 - Functioning,2,0,0,0,,0,,,,,359370.8992,5019361.444,45.31208389,-75.80402936,8983
20--823,2020/01/18,10:50 PM,MONTREAL RD btwn SAVARD AVE & EMOND ST (__3ZA3LR),__3ZA3LR,01 - Non intersection,03 - P.D. only,01 - Approaching,03 - Snow,07 - Dark,05 - Packed snow,10 - No control,,2,0,0,0,,0,,,,,370173.6437,5033121.957,45.43497403,-75.66444855,8984
20--8230,2020/10/31,2:00 PM,HIGHWAY 417 btwn HWY417 IC124 RAMP57 & HWY417 IC124 RAMP55 (__3ZA2Y1),__3ZA2Y1,01 - Non intersection,03 - P.D. only,03 - Rear end,01 - Clear,01 - Daylight,01 - Dry,10 - No control,,3,0,0,0,,0,,,,,364275.0772,5027307.318,45.38318174,-75.74053362,8985
20--8231,2020/10/31,2:16 AM,REGIONAL ROAD 174 btwn OR174 IC105 RAMP63 & OR174 IC102 RAMP36 (__3ZA27F),__3ZA27F,01 - Non intersection,03 - P.D. only,07 - SMV other,01 - Clear,07 - Dark,01 - Dry,10 - No control,,1,0,0,0,,0,,,,,380490.8996,5037645.122,45.4746293,-75.53190349,8986
20--8232,2020/10/31,2:30 PM,SOMERSET ST    W btwn ELGIN ST & CARTIER ST (__3ZA9U2),__3ZA9U2,04 - At/near private drive,03 - P.D. only,06 - SMV unattended vehicle,01 - Clear,01 - Daylight,01 - Dry,10 - No control,,1,0,0,0,,0,,,,,368288.7807,5031273.337,45.41851447,-75.68877513,8987
20--8233,2020/10/31,2:57 PM,OR174 IC109 RAMP65 @ MONTREAL RD (0004119),4119,02 - Intersection related,03 - P.D. only,03 - Rear end,01 - Clear,01 - Daylight,01 - Dry,01 - Traffic signal,01 - Functioning,2,0,0,0,,0,,,,,376402.7275,5034982.6,45.45110484,-75.58457264,8988
20--8234,2020/10/31,3:00 PM,MERIVALE RD @ WEST HUNT CLUB RD (0000584),584,02 - Intersection related,03 - P.D. only,03 - Rear end,01 - Clear,01 - Daylight,01 - Dry,01 - Traffic signal,00 - Unknown,2,0,0,0,,0,,,,,365612.6785,5021942.502,45.33479519,-75.72411474,8989
20--8235,2020/10/31,3:04 PM,HIGHWAY 417 btwn HWY417 IC126 RAMP25 & HWY417 IC124 RAMP57 (__3ZA2R5),__3ZA2R5,01 - Non intersection,03 - P.D. only,03 - Rear end,01 - Clear,01 - Daylight,01 - Dry,10 - No control,,2,0,0,0,,0,,,,,363777.2545,5026645.919,45.37727266,-75.74696901,8990
20--8236,2020/10/31,3:18 PM,ALTA VISTA DR @ BILLINGS AVE (0007552),7552,03 - At intersection,02 - Non-fatal injury,05 - Turning movement,01 - Clear,01 - Daylight,01 - Dry,02 - Stop sign,01 - Functioning,2,1,0,0,02 - Minor,1,,1,,,370350.7203,5028611.556,45.39437464,-75.66278546,8991
20--8237,2020/10/31,3:40 PM,SUNLAND DR btwn HIALEAH DR & HIALEAH DR (__3ZA5UC),__3ZA5UC,01 - Non intersection,03 - P.D. only,05 - Turning movement,01 - Clear,01 - Daylight,01 - Dry,10 - No control,,2,0,0,0,,0,,,,,384743.0405,5037487.958,45.47274145,-75.4775521,8992
20--8238,2020/10/31,3:48 PM,CONROY RD @ WALKLEY RD (0002648),2648,02 - Intersection related,03 - P.D. only,03 - Rear end,01 - Clear,01 - Daylight,01 - Dry,01 - Traffic signal,01 - Functioning,2,0,0,0,,0,,,,,372903.7267,5027463.534,45.38380158,-75.63034057,8993
20--8239,2020/10/31,4:08 PM,CARLING AVE @ CARLINGWOOD SC (0008881),8881,03 - At intersection,02 - Non-fatal injury,07 - SMV other,01 - Clear,01 - Daylight,01 - Dry,01 - Traffic signal,01 - Functioning,1,0,0,1,02 - Minor,1,,1,,,362073.0966,5025919.159,45.37087472,-75.76881044,8994
20--824,2020/01/18,11:36 AM,BRONSON AVE @ SUNNYSIDE AVE/UNIVERSITY RD - CA (0007209),7209,02 - Intersection related,03 - P.D. only,02 - Angle,03 - Snow,01 - Daylight,03 - Loose snow,01 - Traffic signal,01 - Functioning,2,0,0,0,,0,,,,,367922.7272,5028091.539,45.38991875,-75.6938592,8995
20--8240,2020/10/31,4:28 PM,STITTSVILLE MAIN ST @ HAZELDEAN RD (0000050),50,02 - Intersection related,03 - P.D. only,03 - Rear end,01 - Clear,01 - Daylight,01 - Dry,01 - Traffic signal,01 - Functioning,2,0,0,0,,0,,,,,349558.3921,5014878.719,45.2724409,-75.92957089,8996
20--8241,2020/10/31,4:30 PM,HIGHWAY 417 btwn HWY417 IC124 RAMP65 & HWY417 IC122 RAMP51 (__3ZA2R8),__3ZA2R8,01 - Non intersection,03 - P.D. only,03 - Rear end,01 - Clear,01 - Daylight,01 - Dry,10 - No control,,3,0,0,0,,0,,,,,364949.9617,5028355.713,45.39255736,-75.73178869,8997
20--8242,2020/10/31,5:08 PM,RIOCAN AVE @ STRANDHERD DR (0010997),10997,02 - Intersection related,02 - Non-fatal injury,03 - Rear end,01 - Clear,01 - Daylight,01 - Dry,01 - Traffic signal,01 - Functioning,2,0,0,0,03 - Major,1,,,1,,364172.205,5014944.588,45.2719516,-75.74332969,8998
20--8243,2020/10/31,5:55 PM,REGIONAL RD 174 @ EAST ST/PETER HARKNESS LANE (0012390),12390,02 - Intersection related,02 - Non-fatal injury,03 - Rear end,01 - Clear,01 - Daylight,01 - Dry,02 - Stop sign,00 - Unknown,3,0,0,0,02 - Minor,4,,4,,,390420.7652,5042704.557,45.5190011,-75.40403847,8999
20--8244,2020/10/31,6:41 AM,RIVER RD btwn EARL ARMSTRONG RD & NICOLLS ISLAND RD (__3ZA3H6),__3ZA3H6,01 - Non intersection,03 - P.D. only,07 - SMV other,01 - Clear,07 - Dark,01 - Dry,10 - No control,,1,0,0,0,,0,,,,,367685.8927,5013120.433,45.25523255,-75.69878462,9000
20--9597,2020/12/13,5:21 PM,HIGHWAY 416 btwn HWY416 IC57 RAMP53 & HWY416 IC49 RAMP34 (__3ZAZJC),__3ZAZJC,01 - Non intersection,03 - P.D. only,07 - SMV other,01 - Clear,07 - Dark,01 - Dry,10 - No control,,1,0,0,0,,0,,,,,365513.0838,5006701.673,45.19766709,-75.7272483,9001
20--9598,2020/12/13,6:00 AM,JEANNE D'ARC BLVD btwn WILLOW AVE & VINETTE CRES (__3ZA7K5),__3ZA7K5,01 - Non intersection,02 - Non-fatal injury,06 - SMV unattended vehicle,01 - Clear,07 - Dark,02 - Wet,10 - No control,,1,0,0,0,02 - Minor,1,,1,,,381699.7634,5038875.119,45.48556368,-75.51625165,9002
20--9599,2020/12/13,6:59 PM,KING EDWARD AVE @ LAURIER AVE (0002170),2170,02 - Intersection related,03 - P.D. only,07 - SMV other,01 - Clear,07 - Dark,01 - Dry,01 - Traffic signal,01 - Functioning,1,0,0,0,,0,,,,,368739.7094,5032034.594,45.42532293,-75.68291519,9003
20--96,2020/01/03,9:44 AM,CARP RD @ HAZELDEAN RD (0000086),86,02 - Intersection related,03 - P.D. only,04 - Sideswipe,01 - Clear,01 - Daylight,01 - Dry,01 - Traffic signal,01 - Functioning,2,0,0,0,,0,,,,,348804.5559,5014360.411,45.26782455,-75.93922372,9004
20--960,2020/01/20,3:11 PM,DIAMONDVIEW RD @ THOMAS A. DOLAN PKWY (0002448),2448,03 - At intersection,03 - P.D. only,02 - Angle,01 - Clear,01 - Daylight,01 - Dry,02 - Stop sign,01 - Functioning,2,0,0,0,,0,,,,,335556.5293,5025182.543,45.36591179,-76.10737444,9005
20--9600,2020/12/13,7:26 AM,CHURCHILL AVE @ RICHMOND RD (0002361),2361,02 - Intersection related,02 - Non-fatal injury,03 - Rear end,01 - Clear,03 - Dawn,02 - Wet,01 - Traffic signal,01 - Functioning,3,0,0,0,02 - Minor,2,1,1,,,363227.6941,5028292.552,45.39213486,-75.75379038,9006
20--9601,2020/12/13,8:22 PM,REGIONAL ROAD 174 btwn OR174 IC112 RAMP15 & TRANSIT (__3ZA2WA),__3ZA2WA,01 - Non intersection,02 - Non-fatal injury,07 - SMV other,01 - Clear,07 - Dark,01 - Dry,10 - No control,,1,0,0,0,02 - Minor,1,,1,,,375194.9972,5033123.259,45.43449827,-75.60027728,9007
20--9602,2020/12/14,1:00 PM,CLEMENTINE BLVD @ HERON RD (0006858),6858,02 - Intersection related,03 - P.D. only,03 - Rear end,03 - Snow,01 - Daylight,02 - Wet,01 - Traffic signal,01 - Functioning,3,0,0,0,,0,,,,,369547.7292,5026786.533,45.37802838,-75.6732796,9008
20--9603,2020/12/14,1:52 PM,ST. PATRICK ST @ SUSSEX DR (0011910),11910,02 - Intersection related,03 - P.D. only,05 - Turning movement,01 - Clear,01 - Daylight,02 - Wet,01 - Traffic signal,01 - Functioning,2,0,0,0,,0,,,,,367666.9006,5032462.37,45.42926916,-75.69656863,9009
20--9604,2020/12/14,1:55 PM,GREENBANK RD @ WEST HUNT CLUB RD (0005167),5167,02 - Intersection related,03 - P.D. only,04 - Sideswipe,01 - Clear,01 - Daylight,01 - Dry,01 - Traffic signal,01 - Functioning,2,0,0,0,,0,,,,,361479.6797,5020502.478,45.32218389,-75.77700656,9010
20--9605,2020/12/14,10:15 AM,9TH LINE RD btwn PANA RD & VICTORIA ST (__3ZA64J),__3ZA64J,01 - Non intersection,03 - P.D. only,07 - SMV other,01 - Clear,01 - Daylight,01 - Dry,10 - No control,,1,0,0,0,,0,,,,,386462.5879,5014039.003,45.26156865,-75.45943896,9011
20--9606,2020/12/14,3:00 PM,HWY 417 MAITLAND IC126R26/62 @ MAITLAND AVE (0008228),8228,02 - Intersection related,03 - P.D. only,03 - Rear end,03 - Snow,01 - Daylight,03 - Loose snow,01 - Traffic signal,01 - Functioning,2,0,0,0,,0,,,,,363145.6842,5025983.522,45.37136537,-75.75511057,9012
20--9607,2020/12/14,3:22 PM,OLD PRESCOTT RD btwn CHRIS TIERNEY PRIV & BREANNA CARDILL ST (__673W91),__673W91,01 - Non intersection,03 - P.D. only,07 - SMV other,04 - Freezing Rain,01 - Daylight,06 - Ice,10 - No control,,1,0,0,0,,0,,,,,378658.1974,5011769.072,45.24200736,-75.55920717,9013
20--9326,2020/12/04,4:30 PM,AVIATION PKWY @ MONTREAL RD (0008799),8799,03 - At intersection,03 - P.D. only,05 - Turning movement,02 - Rain,05 - Dusk,02 - Wet,01 - Traffic signal,01 - Functioning,2,0,0,0,,0,,,,,372146.7194,5034108.58,45.44366394,-75.63909816,9014
20--9146,2020/11/28,2:46 PM,TENTH LINE RD @ CHARLEMAGNE BLVD S/DES EPINETT (0003686),3686,02 - Intersection related,03 - P.D. only,04 - Sideswipe,01 - Clear,01 - Daylight,01 - Dry,01 - Traffic signal,01 - Functioning,2,0,0,0,,0,,,,,383640.9751,5036900.456,45.46758093,-75.49173924,9015
20--9608,2020/12/14,3:24 PM,HWY416 IC75A RAMP26 btwn HIGHWAY 417 & HIGHWAY 416 (__3ZAY4Y),__3ZAY4Y,01 - Non intersection,03 - P.D. only,07 - SMV other,03 - Snow,01 - Daylight,02 - Wet,10 - No control,,1,0,0,0,,0,,,,,357887.2069,5022783.829,45.34299251,-75.82258333,9016
20--9609,2020/12/14,3:45 PM,ROCKCLIFFE PKWY/AVIATION/ROCKCLIFFE PKWY EB ON (0001667),1667,03 - At intersection,03 - P.D. only,05 - Turning movement,03 - Snow,01 - Daylight,02 - Wet,03 - Yield sign,01 - Functioning,2,0,0,0,,0,,,,,372070.7113,5035607.596,45.45715865,-75.63986468,9017
20--961,2020/01/20,3:17 PM,BANK ST btwn HERON RD & ANOKA ST (__3ZA360),__3ZA360,04 - At/near private drive,03 - P.D. only,99 - Other,01 - Clear,01 - Daylight,01 - Dry,10 - No control,,2,0,0,0,,0,,,,,370011.6616,5026806.076,45.37816119,-75.667354,9018
20--9610,2020/12/14,5:04 PM,BANK ST @ DAVIDSON RD/LESTER RD (0008797),8797,02 - Intersection related,03 - P.D. only,03 - Rear end,01 - Clear,07 - Dark,01 - Dry,01 - Traffic signal,01 - Functioning,2,0,0,0,,0,,,,,373672.7334,5022923.509,45.34287711,-75.62115454,9019
20--9611,2020/12/14,5:11 PM,EARL MULLIGAN DR @ WOODROFFE AVE (0000591),591,02 - Intersection related,03 - P.D. only,03 - Rear end,01 - Clear,07 - Dark,02 - Wet,01 - Traffic signal,01 - Functioning,2,0,0,0,,0,,,,,365250.6985,5017506.458,45.29491133,-75.72927396,9020
20--9612,2020/12/14,5:25 PM,PRINCE OF WALES DR @ STRANDHERD DR (0013339),13339,02 - Intersection related,03 - P.D. only,03 - Rear end,01 - Clear,07 - Dark,02 - Wet,01 - Traffic signal,01 - Functioning,2,0,0,0,,0,,,,,367175.2856,5014824.199,45.27060839,-75.7050756,9021
20--9613,2020/12/14,6:50 AM,MURRAY ST btwn PARENT AVE & DALHOUSIE ST (__3ZA3WK),__3ZA3WK,01 - Non intersection,03 - P.D. only,99 - Other,02 - Rain,07 - Dark,02 - Wet,10 - No control,,2,0,0,0,,0,,,,,367920.7591,5032524.351,45.42980397,-75.69331673,9022
20--9614,2020/12/14,7:58 PM,BEGIN ST @ MONTREAL RD (0009347),9347,03 - At intersection,03 - P.D. only,02 - Angle,01 - Clear,07 - Dark,01 - Dry,02 - Stop sign,01 - Functioning,2,0,0,0,,0,,,,,370466.3881,5033288.48,45.4364449,-75.66068512,9023
20--9615,2020/12/14,8:32 AM,DWELLINGHAM PRIV @ ST. LAURENT BLVD (0006421),6421,02 - Intersection related,02 - Non-fatal injury,02 - Angle,01 - Clear,01 - Daylight,01 - Dry,10 - No control,,2,1,0,0,01 - Minimal,1,1,,,,373534.6827,5028953.765,45.39714838,-75.62207687,9024
20--9616,2020/12/14,9:21 PM,SENECA ST @ WOODBINE PL (0006530),6530,03 - At intersection,03 - P.D. only,02 - Angle,01 - Clear,07 - Dark,01 - Dry,02 - Stop sign,01 - Functioning,2,0,0,0,,0,,,,,368203.5171,5028309.557,45.39185505,-75.69024557,9025
20--9617,2020/12/14,9:35 AM,WOODROFFE AVE @ QUEENSBURY DR/RIDEAUCREST DR (0000043),43,03 - At intersection,03 - P.D. only,05 - Turning movement,01 - Clear,01 - Daylight,01 - Dry,01 - Traffic signal,01 - Functioning,2,0,0,0,,0,,,,,365727.7164,5016328.452,45.2842705,-75.72333739,9026
20--9618,2020/12/15,1:05 PM,CYRVILLE RD btwn STAR TOP RD & MEADOWBROOK RD (__3ZA3SN),__3ZA3SN,04 - At/near private drive,03 - P.D. only,02 - Angle,01 - Clear,01 - Daylight,01 - Dry,10 - No control,,2,0,0,0,,0,,,,,373978.0816,5031464.249,45.41969282,-75.6160619,9027
20--9619,2020/12/15,1:10 PM,FRASER AVE btwn CROSSFIELD AVE & KEENAN AVE (__3ZA0RA),__3ZA0RA,01 - Non intersection,03 - P.D. only,06 - SMV unattended vehicle,01 - Clear,01 - Daylight,01 - Dry,10 - No control,,1,0,0,0,,0,,,,,362664.5299,5027259.158,45.38288329,-75.76110339,9028
20--962,2020/01/20,3:28 PM,HWY417 IC122 RAMP15 btwn HWY417 IC122 RAMP51 & HIGHWAY 417 (__3ZAY93),__3ZAY93,01 - Non intersection,02 - Non-fatal injury,07 - SMV other,01 - Clear,01 - Daylight,06 - Ice,10 - No control,,1,0,0,0,01 - Minimal,1,1,,,,365633.2475,5029072.709,45.39894971,-75.72297442,9029
20--9620,2020/12/15,1:45 PM,PARKDALE AVE @ SHERWOOD DR (0006383),6383,03 - At intersection,03 - P.D. only,02 - Angle,01 - Clear,01 - Daylight,01 - Dry,12 - IPS,01 - Functioning,2,0,0,0,,0,,,,,365380.7121,5028745.546,45.39602786,-75.72623995,9030
20--9867,2020/12/23,3:00 PM,ROBERTSON RD btwn FITZGERALD RD & MOODIE DR (__3ZA411),__3ZA411,04 - At/near private drive,03 - P.D. only,02 - Angle,01 - Clear,01 - Daylight,01 - Dry,10 - No control,,2,0,0,0,,0,,,,,356955.5318,5020389.645,45.32151931,-75.83472339,9031
20--9687,2020/12/17,6:32 PM,FISHER AVE @ MEADOWLANDS DR (0002120),2120,03 - At intersection,03 - P.D. only,05 - Turning movement,01 - Clear,07 - Dark,01 - Dry,01 - Traffic signal,01 - Functioning,2,0,0,0,,0,,,,,366575.0653,5025045.445,45.36263085,-75.71144959,9032
20--9621,2020/12/15,10:02 PM,LEMIEUX ST @ ST. LAURENT BLVD (0002021),2021,02 - Intersection related,03 - P.D. only,04 - Sideswipe,01 - Clear,07 - Dark,01 - Dry,01 - Traffic signal,01 - Functioning,2,0,0,0,,0,,,,,372391.7129,5031742.565,45.42235203,-75.63629154,9033
20--9622,2020/12/15,10:32 AM,ALBION RD @ WYLDEWOOD ST (0009604),9604,02 - Intersection related,02 - Non-fatal injury,03 - Rear end,01 - Clear,01 - Daylight,01 - Dry,02 - Stop sign,01 - Functioning,2,0,0,0,01 - Minimal,1,1,,,,372292.7364,5023293.527,45.34634054,-75.63871139,9034
20--9056,2020/11/25,8:45 PM,KIRKWOOD AVE btwn CARLING AVE & CARLING AVE (__3ZA4NV),__3ZA4NV,01 - Non intersection,03 - P.D. only,03 - Rear end,02 - Rain,07 - Dark,02 - Wet,10 - No control,,2,0,0,0,,0,,,,,364322.7442,5027400.969,45.38402034,-75.7399137,9035
20--9623,2020/12/15,11:11 PM,KING EDWARD AVE @ ST. PATRICK ST (0002714),2714,02 - Intersection related,03 - P.D. only,04 - Sideswipe,01 - Clear,07 - Dark,01 - Dry,01 - Traffic signal,01 - Functioning,2,0,0,0,,0,,,,,368248.7074,5032823.586,45.43246671,-75.68908741,9036
20--9624,2020/12/15,11:45 AM,RICHMOND RD @ WEST HUNT CLUB RD (0000598),598,03 - At intersection,03 - P.D. only,02 - Angle,01 - Clear,01 - Daylight,01 - Dry,11 - Roundabout,01 - Functioning,2,0,0,0,,0,,,,,357145.7254,5018152.407,45.30137422,-75.83253386,9037
20--9625,2020/12/15,Unknown,CAHILL DR    W btwn UPLANDS DR & TWYFORD ST (__3ZBN64),__3ZBN64,01 - Non intersection,03 - P.D. only,06 - SMV unattended vehicle,01 - Clear,00 - Unknown,01 - Dry,10 - No control,,1,0,0,0,,0,,,,,370279.1842,5023448.995,45.34793026,-75.66438337,9038
20--9626,2020/12/15,12:10 PM,BEECHWOOD AVE @ CHARLEVOIX ST/MACKAY ST (0002248),2248,03 - At intersection,02 - Non-fatal injury,07 - SMV other,01 - Clear,01 - Daylight,01 - Dry,01 - Traffic signal,01 - Functioning,1,0,0,1,01 - Minimal,1,1,,,,369185.8745,5033592.351,45.4392981,-75.67701054,9039
20--9627,2020/12/15,2:21 PM,BRITTANY DR @ BANGS ST (0007938),7938,03 - At intersection,03 - P.D. only,05 - Turning movement,01 - Clear,01 - Daylight,01 - Dry,99 - Other,01 - Functioning,2,0,0,0,,0,,,,,371553.7029,5034373.602,45.44610536,-75.64664197,9040
20--9628,2020/12/15,3:00 PM,RIVERSIDE DR btwn HOG'S BACK RD & RIDGEWOOD AVE (__3ZA372),__3ZA372,04 - At/near private drive,03 - P.D. only,03 - Rear end,01 - Clear,01 - Daylight,01 - Dry,10 - No control,,2,0,0,0,,0,,,,,368237.6605,5025820.114,45.36945264,-75.69012942,9041
20--9629,2020/12/15,3:36 PM,COVENTRY RD btwn BELFAST RD & ST. LAURENT SC WEST (__3ZA2CAA),__3ZA2CAA,01 - Non intersection,03 - P.D. only,05 - Turning movement,01 - Clear,01 - Daylight,01 - Dry,10 - No control,,2,0,0,0,,0,,,,,371559.2437,5031646.01,45.42156321,-75.64694099,9042
20--963,2020/01/20,3:30 PM,BOTELER ST @ SUSSEX DR (0011436),11436,03 - At intersection,03 - P.D. only,03 - Rear end,01 - Clear,01 - Daylight,02 - Wet,01 - Traffic signal,01 - Functioning,2,0,0,0,,0,,,,,367451.2951,5032951.97,45.43369376,-75.69926148,9043
20--9630,2020/12/15,3:37 PM,BRIAN COBURN BLVD @ ESPRIT DR (0013113),13113,02 - Intersection related,03 - P.D. only,03 - Rear end,01 - Clear,01 - Daylight,01 - Dry,02 - Stop sign,01 - Functioning,2,0,0,0,,0,,,,,385141.5804,5035343.554,45.45340242,-75.47280618,9044
20--9631,2020/12/15,3:45 PM,HIGHWAY 417 btwn HWY417 IC123 RAMP62 & HWY417 IC122 RAMP16 (__3ZA2R9),__3ZA2R9,01 - Non intersection,03 - P.D. only,03 - Rear end,01 - Clear,01 - Daylight,01 - Dry,10 - No control,,3,0,0,0,,0,,,,,364965.8338,5028416.574,45.39310361,-75.73157857,9045
20--9632,2020/12/15,3:57 PM,TRIM RD btwn ST. JOSEPH BLVD & WATTERS RD (__3ZA2GC),__3ZA2GC,01 - Non intersection,03 - P.D. only,03 - Rear end,01 - Clear,01 - Daylight,01 - Dry,10 - No control,,2,0,0,0,,0,,,,,384907.2034,5038805.824,45.48457952,-75.47523792,9046
20--9633,2020/12/15,3:57 PM,BANK ST @ MARCO ST (0005711),5711,02 - Intersection related,03 - P.D. only,02 - Angle,01 - Clear,05 - Dusk,01 - Dry,02 - Stop sign,01 - Functioning,2,0,0,0,,0,,,,,377858.7611,5015733.476,45.27776101,-75.56880597,9047
20--9634,2020/12/15,4:24 PM,BANK ST @ JOHNSTON RD (0006967),6967,03 - At intersection,03 - P.D. only,05 - Turning movement,01 - Clear,05 - Dusk,02 - Wet,01 - Traffic signal,01 - Functioning,3,0,0,0,,0,,,,,370851.7306,5024839.526,45.36038814,-75.6568918,9048
20--9635,2020/12/15,4:40 PM,ORLEANS BLVD btwn TIMOTHY CRT & FORTUNE DR (__3ZA69Z),__3ZA69Z,04 - At/near private drive,02 - Non-fatal injury,07 - SMV other,01 - Clear,05 - Dusk,01 - Dry,10 - No control,,1,0,0,1,01 - Minimal,1,1,,,,380160.9459,5037860.961,45.47660693,-75.53608992,9049
20--9636,2020/12/15,4:41 PM,RENAUD RD btwn Continuation of RENAUD RD & PERCIFOR WAY (__54PNN5),__54PNN5,01 - Non intersection,03 - P.D. only,07 - SMV other,01 - Clear,05 - Dusk,01 - Dry,10 - No control,,1,0,0,0,,0,,,,,380902.9273,5032169.527,45.42531941,-75.52748145,9050
20--9637,2020/12/15,5:00 AM,STAGECOACH RD btwn OLD STAGECOACH RD & DALMENY RD (__3ZA2F4),__3ZA2F4,01 - Non intersection,03 - P.D. only,07 - SMV other,01 - Clear,07 - Dark,01 - Dry,10 - No control,,1,0,0,0,,0,,,,,377786.0087,4999310.838,45.13000229,-75.57213848,9051
20--9638,2020/12/15,5:19 PM,COLONNADE RD @ PRINCE OF WALES DR (0005249),5249,02 - Intersection related,03 - P.D. only,03 - Rear end,01 - Clear,07 - Dark,01 - Dry,01 - Traffic signal,01 - Functioning,2,0,0,0,,0,,,,,367394.705,5023266.522,45.34655176,-75.70121324,9052
20--9639,2020/12/15,5:45 PM,IROQUOIS RD btwn CARLING AVE & LENESTER AVE (__3ZA0DK),__3ZA0DK,01 - Non intersection,03 - P.D. only,07 - SMV other,01 - Clear,07 - Dark,01 - Dry,10 - No control,,1,0,0,0,,0,,,,,362277.3617,5025809.493,45.36987123,-75.76621562,9053
20--964,2020/01/20,3:30 PM,BRONSON AVE @ FIFTH AVE/MADAWASKA DR (0006977),6977,03 - At intersection,03 - P.D. only,01 - Approaching,03 - Snow,01 - Daylight,05 - Packed snow,01 - Traffic signal,00 - Unknown,2,0,0,0,,0,,,,,367613.7315,5028938.624,45.39756837,-75.69769715,9054
20--9640,2020/12/15,5:53 PM,MERIVALE RD/LOTTA AVE @ CLYDE AVE (0001112),1112,02 - Intersection related,03 - P.D. only,03 - Rear end,01 - Clear,07 - Dark,01 - Dry,01 - Traffic signal,01 - Functioning,3,0,0,0,,0,,,,,364521.7009,5024507.522,45.35796863,-75.73772313,9055
20--9641,2020/12/15,6:03 PM,RICHMOND RD btwn EDEN AVE & EDGEWOOD AVE (__3ZBN9U),__3ZBN9U,01 - Non intersection,03 - P.D. only,04 - Sideswipe,01 - Clear,07 - Dark,01 - Dry,10 - No control,,2,0,0,0,,0,,,,,363377.9735,5028390.976,45.39300791,-75.75185956,9056
20--9642,2020/12/15,6:08 PM,BYRON AVE @ TWEEDSMUIR AVE (0006667),6667,03 - At intersection,03 - P.D. only,02 - Angle,01 - Clear,07 - Dark,01 - Dry,02 - Stop sign,01 - Functioning,2,0,0,0,,0,,,,,363592.6934,5028304.559,45.39221235,-75.74912776,9057
20--9643,2020/12/15,6:12 PM,BEECHWOOD AVE @ STE. CECILE ST (0005752),5752,03 - At intersection,02 - Non-fatal injury,07 - SMV other,01 - Clear,07 - Dark,01 - Dry,02 - Stop sign,00 - Unknown,1,0,0,2,02 - Minor,2,,2,,,369650.7087,5033965.602,45.44261349,-75.67102041,9058
20--9644,2020/12/15,6:32 PM,INNES RD @ LANTHIER DR/PRESTWICK DR (0004251),4251,03 - At intersection,02 - Non-fatal injury,05 - Turning movement,01 - Clear,07 - Dark,01 - Dry,01 - Traffic signal,01 - Functioning,2,0,0,0,02 - Minor,1,,1,,,383540.7706,5035988.561,45.45938782,-75.49316658,9059
20--9645,2020/12/15,6:35 AM,BOOTH ST btwn MIDDLE ST & VIMY PLACE PRIV (__5VHJ3U),__5VHJ3U,07 - Overpass or bridge,02 - Non-fatal injury,03 - Rear end,01 - Clear,07 - Dark,06 - Ice,10 - No control,,3,0,0,0,02 - Minor,1,,1,,,366158.0822,5031233.712,45.41834804,-75.71600235,9060
20--9646,2020/12/15,6:41 AM,FALLOWFIELD RD @ RICHMOND RD (0000634),634,03 - At intersection,03 - P.D. only,02 - Angle,01 - Clear,07 - Dark,01 - Dry,01 - Traffic signal,01 - Functioning,2,0,0,0,,0,,,,,357721.6313,5013529.418,45.25973268,-75.82568388,9061
20--9647,2020/12/15,9:30 AM,BANK ST @ DAVIDSON RD/LESTER RD (0008797),8797,03 - At intersection,03 - P.D. only,02 - Angle,01 - Clear,01 - Daylight,01 - Dry,01 - Traffic signal,01 - Functioning,2,0,0,0,,0,,,,,373672.7349,5022923.509,45.34287711,-75.62115452,9062