Anom_ID,Accident_Date,Accident_Time,Location,Geo_ID,Accident_Location,Classification_of_Accident,Initial_Impact_Type,Environment_Condition,Light,Road_Surface_Condition,Traffic_Control,Traffic_Control_Condition,No__of_Vehicles,No__of_Bicycles,No__of_Motorcycles,No__of_Pedestrians,Max_Injury,No__of_Injuries,No__of_Minimal,No__of_Minor,No__of_Major,No__of_Fatal,X,Y,Latitude,Longitude,ObjectId
20--9648,2020/12/16,10:01 PM,HWY417 IC118 RAMP67 btwn HWY417 IC118 RAMP64 & HIGHWAY 417 (__3ZAY9L),__3ZAY9L,01 - Non intersection,02 - Non-fatal injury,07 - SMV other,01 - Clear,07 - Dark,01 - Dry,10 - No control,,1,0,0,0,02 - Minor,1,,1,,,369589.8652,5031166.905,45.41743757,-75.6721663,9063
20--9649,2020/12/16,10:45 AM,BANK ST btwn GLOUCESTER ST & NEPEAN ST (__3ZA343),__3ZA343,01 - Non intersection,03 - P.D. only,07 - SMV other,01 - Clear,01 - Daylight,01 - Dry,10 - No control,,1,0,0,1,,0,,,,,367554.1774,5031148.282,45.41745554,-75.69817648,9064
20--965,2020/01/20,3:35 PM,HIGHWAY 417 btwn HWY417 IC124 RAMP65 & HWY417 IC122 RAMP51 (__3ZA2R8),__3ZA2R8,01 - Non intersection,02 - Non-fatal injury,03 - Rear end,01 - Clear,01 - Daylight,01 - Dry,10 - No control,,4,0,0,0,02 - Minor,2,1,1,,,365132.1594,5028676.307,45.39542633,-75.72942274,9065
20--9650,2020/12/16,11:20 AM,MERIVALE RD @ 170 N OF HUNTCLUB RD/COSTCO/CANA (0004681),4681,03 - At intersection,02 - Non-fatal injury,03 - Rear end,01 - Clear,01 - Daylight,01 - Dry,01 - Traffic signal,01 - Functioning,2,0,0,0,01 - Minimal,1,1,,,,365548.5363,5022100.101,45.3362188,-75.72491369,9066
20--9651,2020/12/16,11:24 AM,ALBION RD @ BANK ST (0012409),12409,03 - At intersection,03 - P.D. only,05 - Turning movement,01 - Clear,01 - Daylight,01 - Dry,01 - Traffic signal,01 - Functioning,2,0,0,0,,0,,,,,371946.6773,5024129.501,45.35389557,-75.64301351,9067
20--9652,2020/12/16,Unknown,OSGOODE MAIN ST btwn NIXON DR & BOYD ST (__3ZA3TE),__3ZA3TE,01 - Non intersection,03 - P.D. only,06 - SMV unattended vehicle,01 - Clear,00 - Unknown,01 - Dry,10 - No control,,1,0,0,0,,0,,,,,374470.7149,5000548.318,45.14147167,-75.6141078,9068
20--9653,2020/12/16,12:46 PM,MCCORDICK RD btwn MCMULLEN RD & FAIRHURST DR (__3ZBO74),__3ZBO74,01 - Non intersection,03 - P.D. only,07 - SMV other,01 - Clear,01 - Daylight,01 - Dry,10 - No control,,1,0,0,0,,0,,,,,369342.7818,4993049.856,45.07448667,-75.680271,9069
20--9654,2020/12/16,2:16 PM,TERRY FOX DR btwn HUNTSVILLE DR & OLD SECOND LINE RD (__8IAYIU),__8IAYIU,01 - Non intersection,03 - P.D. only,03 - Rear end,01 - Clear,01 - Daylight,06 - Ice,10 - No control,,2,0,0,0,,0,,,,,348045.163,5021722.271,45.33411612,-75.9482585,9070
20--9655,2020/12/16,3:04 PM,FRANK KENNY RD btwn GIROUX RD & COLONIAL RD (__3ZA6T8),__3ZA6T8,01 - Non intersection,02 - Non-fatal injury,01 - Approaching,01 - Clear,01 - Daylight,01 - Dry,10 - No control,,2,0,0,0,02 - Minor,2,,2,,,390011.7796,5032513.748,45.42736606,-75.41103999,9071
20--9656,2020/12/16,3:56 AM,BASELINE RD btwn TURN LANE & CEDARVIEW RD (__3ZA11A),__3ZA11A,01 - Non intersection,03 - P.D. only,07 - SMV other,01 - Clear,07 - Dark,01 - Dry,10 - No control,,1,0,0,0,,0,,,,,358747.5227,5021771.105,45.33381435,-75.81171652,9072
20--9657,2020/12/16,4:20 PM,EAGLESON RD @ FALLOWFIELD RD (0000118),118,03 - At intersection,03 - P.D. only,02 - Angle,01 - Clear,05 - Dusk,01 - Dry,01 - Traffic signal,01 - Functioning,2,0,0,0,,0,,,,,355961.633,5012594.411,45.25144946,-75.84820418,9073
20--9658,2020/12/16,4:30 PM,BROWNLEE RD btwn HUNTLEY RD & SHEA RD (__3ZACH4),__3ZACH4,01 - Non intersection,02 - Non-fatal injury,07 - SMV other,01 - Clear,05 - Dusk,01 - Dry,10 - No control,,1,0,0,0,03 - Major,1,,,1,,355561.8967,5008748.399,45.21687091,-75.85368887,9074
20--9659,2020/12/16,5:25 PM,HIGHWAY 417 btwn HWY417 IC138 RAMP61 & HWY417 IC134 RAMP36 (__3ZA20I),__3ZA20I,01 - Non intersection,03 - P.D. only,07 - SMV other,01 - Clear,07 - Dark,01 - Dry,10 - No control,,1,0,0,0,,0,,,,,354137.1573,5020952.554,45.3267882,-75.8706152,9075
20--966,2020/01/20,3:45 PM,HIGHWAY 417 btwn HWY417 IC124 RAMP65 & HWY417 IC122 RAMP51 (__3ZA2R8),__3ZA2R8,01 - Non intersection,03 - P.D. only,03 - Rear end,01 - Clear,01 - Daylight,01 - Dry,10 - No control,,2,0,0,0,,0,,,,,365029.6866,5028498.909,45.39383896,-75.73075308,9076
20--9660,2020/12/16,5:45 PM,DALY AVE @ WALLER ST (0008233),8233,03 - At intersection,03 - P.D. only,05 - Turning movement,01 - Clear,07 - Dark,01 - Dry,01 - Traffic signal,01 - Functioning,2,0,0,0,,0,,,,,368341.1492,5032120.466,45.42613189,-75.6879968,9077
20--9661,2020/12/16,6:13 PM,HIGHWAY 416 btwn HWY416 IC66 RAMP24 & HWY416 IC57 RAMP62 (__3ZA1OI),__3ZA1OI,01 - Non intersection,02 - Non-fatal injury,03 - Rear end,01 - Clear,07 - Dark,01 - Dry,10 - No control,,2,0,0,0,01 - Minimal,1,1,,,,362639.8075,5011863.419,45.24435473,-75.76321637,9078
20--9662,2020/12/16,6:19 PM,ISLAND PARK DR @ RICHMOND RD (0002125),2125,02 - Intersection related,03 - P.D. only,04 - Sideswipe,01 - Clear,07 - Dark,01 - Dry,01 - Traffic signal,01 - Functioning,2,0,0,0,,0,,,,,364130.6844,5028867.555,45.39723271,-75.74218969,9079
20--9663,2020/12/16,6:25 PM,RICHARDSON SIDE RD @ TERRY FOX DR (0013651),13651,02 - Intersection related,03 - P.D. only,04 - Sideswipe,01 - Clear,07 - Dark,01 - Dry,01 - Traffic signal,01 - Functioning,2,0,0,0,,0,,,,,348803.086,5019506.072,45.31412702,-75.93878598,9080
20--9664,2020/12/16,6:30 PM,TERRY FOX DR @ PALLADIUM DR/KATIMAVIK RD (0011858),11858,02 - Intersection related,03 - P.D. only,03 - Rear end,01 - Clear,07 - Dark,01 - Dry,01 - Traffic signal,01 - Functioning,2,0,0,0,,0,,,,,351269.7105,5018181.776,45.30205176,-75.90745254,9081
20--9665,2020/12/17,10:46 AM,MERIVALE RD btwn CLEOPATRA DR & SLACK RD (__3ZBOG3),__3ZBOG3,04 - At/near private drive,03 - P.D. only,07 - SMV other,01 - Clear,01 - Daylight,01 - Dry,10 - No control,,1,0,0,0,,0,,,,,365965.5511,5021087.705,45.32707316,-75.71971862,9082
20--9666,2020/12/17,11:04 PM,BRIAN COBURN BLVD @ FERN CASEY ST (0017234),17234,03 - At intersection,03 - P.D. only,03 - Rear end,01 - Clear,07 - Dark,01 - Dry,11 - Roundabout,01 - Functioning,2,0,0,0,,0,,,,,382289.8384,5033944.239,45.44113458,-75.50948146,9083
20--9667,2020/12/17,11:13 AM,GREENBANK RD @ BERRIGAN DR/WESSEX RD (0004726),4726,02 - Intersection related,03 - P.D. only,03 - Rear end,01 - Clear,01 - Daylight,01 - Dry,01 - Traffic signal,01 - Functioning,2,0,0,0,,0,,,,,363723.6648,5015276.424,45.2749752,-75.74900624,9084
20--9668,2020/12/17,Unknown,MONTREAL RD btwn L'ALLEMAND ST & ALTHA AVE (__3ZA3L9),__3ZA3L9,01 - Non intersection,03 - P.D. only,06 - SMV unattended vehicle,01 - Clear,00 - Unknown,01 - Dry,10 - No control,,1,0,0,0,,0,,,,,370600.0963,5033363.35,45.43710598,-75.65896631,9085
20--9669,2020/12/17,Unknown,FAIRMONT AVE btwn DUHAMEL ST & GLADSTONE AVE (__3ZA05G),__3ZA05G,01 - Non intersection,03 - P.D. only,06 - SMV unattended vehicle,01 - Clear,00 - Unknown,01 - Dry,10 - No control,,1,0,0,0,,0,,,,,365698.6478,5029429.561,45.40215489,-75.72209507,9086
20--967,2020/01/20,3:50 PM,HIGHWAY 417 btwn HWY417 IC163 RAMP16 & HWY417 IC169 RAMP61 (__5SPO79),__5SPO79,01 - Non intersection,02 - Non-fatal injury,04 - Sideswipe,01 - Clear,01 - Daylight,01 - Dry,10 - No control,,2,0,0,0,02 - Minor,2,,2,,,330957.1213,5021590.769,45.33377787,-76.16627755,9087
20--9670,2020/12/17,12:14 PM,WOODROFFE AVE @ QUEENSBURY DR/RIDEAUCREST DR (0000043),43,02 - Intersection related,03 - P.D. only,03 - Rear end,01 - Clear,01 - Daylight,01 - Dry,01 - Traffic signal,01 - Functioning,2,0,0,0,,0,,,,,365727.7016,5016328.448,45.28427047,-75.72333758,9088
20--9671,2020/12/17,12:45 PM,BRIDGE ST @ DICKINSON ST (0009326),9326,02 - Intersection related,03 - P.D. only,99 - Other,01 - Clear,01 - Daylight,01 - Dry,01 - Traffic signal,01 - Functioning,2,0,0,0,,0,,,,,368855.6956,5010077.41,45.22774612,-75.68427386,9089
20--9672,2020/12/17,2:17 PM,HIGHWAY 417 btwn HWY417 IC129 RAMP25 & TRANSIT (__3ZA2SH),__3ZA2SH,01 - Non intersection,03 - P.D. only,03 - Rear end,01 - Clear,01 - Daylight,01 - Dry,10 - No control,,3,0,0,0,,0,,,,,360893.9816,5023867.353,45.35250804,-75.78409557,9090
20--9673,2020/12/17,2:20 PM,CARLING AVE @ KIRKWOOD AVE N (0002358),2358,03 - At intersection,02 - Non-fatal injury,07 - SMV other,01 - Clear,01 - Daylight,01 - Dry,01 - Traffic signal,01 - Functioning,1,0,0,1,02 - Minor,1,,1,,,364275.6917,5027493.542,45.38485729,-75.74050333,9091
20--9674,2020/12/17,2:35 PM,FALAISE RD @ GOODWIN AVE (0001379),1379,03 - At intersection,03 - P.D. only,02 - Angle,03 - Snow,01 - Daylight,04 - Slush,02 - Stop sign,01 - Functioning,2,0,0,0,,0,,,,,366470.7091,5024410.53,45.35692719,-75.71286077,9092
20--9675,2020/12/17,2:50 PM,COPE DR @ TERRY FOX (0009143),9143,02 - Intersection related,03 - P.D. only,03 - Rear end,01 - Clear,01 - Daylight,01 - Dry,01 - Traffic signal,01 - Functioning,2,0,0,0,,0,,,,,353997.2638,5015345.308,45.27634285,-75.87295613,9093
20--9676,2020/12/17,3:05 PM,ST. LAURENT BLVD btwn DONALD ST & 125 N OF QUEEN MARY ST (__3ZA2CFA),__3ZA2CFA,01 - Non intersection,03 - P.D. only,03 - Rear end,01 - Clear,01 - Daylight,01 - Dry,10 - No control,,2,0,0,0,,0,,,,,372119.9196,5032408.834,45.42837302,-75.63967315,9094
20--9677,2020/12/17,3:29 PM,MEADOWLANDS DR @ MERIVALE RD (0000625),625,03 - At intersection,03 - P.D. only,05 - Turning movement,01 - Clear,01 - Daylight,01 - Dry,01 - Traffic signal,01 - Functioning,2,0,0,0,,0,,,,,364858.7199,5023725.525,45.35090355,-75.73351687,9095
20--9678,2020/12/17,3:48 PM,DALHOUSIE ST btwn GEORGE ST & RIDEAU ST (__3ZA8ZX),__3ZA8ZX,01 - Non intersection,03 - P.D. only,01 - Approaching,01 - Clear,01 - Daylight,01 - Dry,10 - No control,,2,0,0,0,,0,,,,,368200.4434,5032239.641,45.42721696,-75.68977938,9096
20--9679,2020/12/17,4:10 PM,CLYDE AVE btwn CLYDE AVE & STARWOOD RD (__3ZA2TX),__3ZA2TX,01 - Non intersection,03 - P.D. only,03 - Rear end,01 - Clear,05 - Dusk,06 - Ice,10 - No control,,2,0,0,0,,0,,,,,364437.874,5024707.869,45.35977846,-75.73876882,9097
20--968,2020/01/20,4:00 PM,BRONSON AVE @ SUNNYSIDE AVE/UNIVERSITY RD - CA (0007209),7209,02 - Intersection related,03 - P.D. only,03 - Rear end,03 - Snow,01 - Daylight,03 - Loose snow,01 - Traffic signal,01 - Functioning,3,0,0,0,,0,,,,,367922.7149,5028091.535,45.38991872,-75.69385935,9098
20--9680,2020/12/17,4:23 PM,WOODROFFE AVE @ TECUMSEH ST (0005767),5767,02 - Intersection related,03 - P.D. only,02 - Angle,01 - Clear,05 - Dusk,01 - Dry,02 - Stop sign,01 - Functioning,2,0,0,0,,0,,,,,362368.6914,5024229.503,45.35564713,-75.76523382,9099
20--9681,2020/12/17,4:30 PM,RICHMOND RD btwn FALLOWFIELD RD & RUSHMORE RD (__3ZAB47),__3ZAB47,01 - Non intersection,03 - P.D. only,04 - Sideswipe,01 - Clear,05 - Dusk,01 - Dry,10 - No control,,2,0,0,0,,0,,,,,357944.2377,5013026.784,45.25519311,-75.82290143,9100
20--9682,2020/12/17,5:10 PM,RIDEAU RD @ SPRATT RD (0012969),12969,03 - At intersection,03 - P.D. only,02 - Angle,01 - Clear,07 - Dark,01 - Dry,02 - Stop sign,01 - Functioning,2,0,0,0,,0,,,,,369135.702,5013039.429,45.25437262,-75.68032528,9101
20--9683,2020/12/17,5:17 PM,HIGHWAY 417 btwn HWY417 IC122 RAMP61 & HWY417 IC121B RAMP16 (__3ZA2Y4),__3ZA2Y4,01 - Non intersection,03 - P.D. only,03 - Rear end,01 - Clear,07 - Dark,01 - Dry,10 - No control,,2,0,0,0,,0,,,,,366207.5917,5029403.183,45.40187309,-75.71559784,9102
20--9684,2020/12/17,5:30 PM,HIGHWAY 417 btwn HWY417 IC123 RAMP62 & HWY417 IC122 RAMP16 (__3ZA2R9),__3ZA2R9,01 - Non intersection,03 - P.D. only,03 - Rear end,01 - Clear,07 - Dark,01 - Dry,10 - No control,,2,0,0,0,,0,,,,,365136.8555,5028716.809,45.39579035,-75.72935781,9103
20--9685,2020/12/17,5:45 PM,ALBERT ST @ BOOTH ST (0002162),2162,03 - At intersection,03 - P.D. only,03 - Rear end,01 - Clear,07 - Dark,01 - Dry,01 - Traffic signal,01 - Functioning,2,0,0,0,,0,,,,,366428.6959,5030626.569,45.41286136,-75.71262086,9104
20--9686,2020/12/17,5:59 PM,KENT ST btwn GILMOUR ST & JAMES ST (__3ZA3QT),__3ZA3QT,01 - Non intersection,03 - P.D. only,03 - Rear end,01 - Clear,07 - Dark,01 - Dry,10 - No control,,2,0,0,0,,0,,,,,367654.7898,5030606.85,45.41257488,-75.69696012,9105
20--9327,2020/12/04,4:57 PM,HINCKS LANE @ RIVERSIDE DR (0011354),11354,03 - At intersection,02 - Non-fatal injury,07 - SMV other,02 - Rain,07 - Dark,02 - Wet,01 - Traffic signal,01 - Functioning,1,0,0,1,01 - Minimal,1,1,,,,370167.0093,5030206.161,45.40873948,-75.66492022,9106
20--9147,2020/11/28,2:49 PM,RIVERSIDE DR btwn TURN LANE & RAMP (2) (__3ZA3BM),__3ZA3BM,01 - Non intersection,02 - Non-fatal injury,03 - Rear end,01 - Clear,01 - Daylight,01 - Dry,10 - No control,,2,0,0,0,02 - Minor,1,,1,,,368394.658,5027231.315,45.38213601,-75.6879436,9107
20--9777,2020/12/20,3:27 PM,DAVID MANCHESTER RD btwn MCGEE SIDE RD & NORTHSHIRE DR (__3ZAC46),__3ZAC46,01 - Non intersection,02 - Non-fatal injury,07 - SMV other,03 - Snow,01 - Daylight,03 - Loose snow,10 - No control,,1,0,0,0,02 - Minor,1,,1,,,342545.0567,5017169.474,45.2934656,-76.01877555,9108
20--9868,2020/12/23,3:31 PM,ADENCLIFFE DR btwn PRINCESS LOUISE DR & SILLERY PL (__3ZBO8D),__3ZBO8D,04 - At/near private drive,03 - P.D. only,05 - Turning movement,01 - Clear,01 - Daylight,01 - Dry,10 - No control,,2,0,0,0,,0,,,,,384293.3066,5038554.611,45.48238952,-75.48313054,9109
20--9148,2020/11/28,3:09 PM,BRONSON AVE @ FLORA ST (0007172),7172,02 - Intersection related,03 - P.D. only,04 - Sideswipe,01 - Clear,01 - Daylight,01 - Dry,02 - Stop sign,01 - Functioning,2,0,0,0,,0,,,,,367191.7094,5029940.566,45.40662129,-75.70296023,9110
20--9328,2020/12/04,5:08 PM,BARNSDALE RD @ EAGLESON RD (0000152),152,03 - At intersection,02 - Non-fatal injury,02 - Angle,01 - Clear,07 - Dark,02 - Wet,02 - Stop sign,01 - Functioning,2,0,0,0,02 - Minor,1,,1,,,358337.6275,5006629.351,45.19759771,-75.81857784,9111
20--9057,2020/11/25,8:57 PM,SLACK RD btwn VAAN DR & GRENFELL CRES (__3ZA6N7),__3ZA6N7,01 - Non intersection,03 - P.D. only,03 - Rear end,02 - Rain,07 - Dark,04 - Slush,10 - No control,,2,0,0,0,,0,,,,,365077.5751,5020441.711,45.3213374,-75.73112402,9112
20--9688,2020/12/17,6:40 AM,COLONEL BY DR btwn COLONEL BY DR SB ON RAMP 43 & COLONEL BY DR NB ON R (__3ZA214),__3ZA214,01 - Non intersection,03 - P.D. only,03 - Rear end,01 - Clear,07 - Dark,01 - Dry,10 - No control,,2,0,0,0,,0,,,,,367664.9123,5028466.821,45.39331862,-75.69710361,9113
20--9778,2020/12/20,3:30 PM,SADDLERIDGE DR btwn DOVEHAVEN ST & JOSHUA ST (__67PTJ0),__67PTJ0,04 - At/near private drive,03 - P.D. only,06 - SMV unattended vehicle,01 - Clear,01 - Daylight,01 - Dry,10 - No control,,1,0,0,0,,0,,,,,381721.851,5032255.697,45.42600513,-75.51700452,9114
20--9058,2020/11/25,9:00 AM,HIGHWAY 417 btwn HIGHWAY 417 & HWY417 IC140 RAMP51 (__3ZA20L),__3ZA20L,01 - Non intersection,03 - P.D. only,07 - SMV other,03 - Snow,01 - Daylight,03 - Loose snow,10 - No control,,1,0,0,0,,0,,,,,350325.5758,5018199.905,45.30227671,-75.91948916,9115
20--9689,2020/12/17,6:44 AM,WEST HUNT CLUB RD EB btwn CLEOPATRA DR & 210 W OF MERIVALE RD (__3ZA3JDA),__3ZA3JDA,01 - Non intersection,03 - P.D. only,04 - Sideswipe,01 - Clear,07 - Dark,01 - Dry,10 - No control,,2,0,0,0,,0,,,,,365386.126,5021785.603,45.33340302,-75.72702418,9116
20--9869,2020/12/23,4:10 PM,GOLFLINKS DR E @ JOCKVALE RD (0010401),10401,03 - At intersection,03 - P.D. only,03 - Rear end,01 - Clear,05 - Dusk,01 - Dry,11 - Roundabout,01 - Functioning,2,0,0,0,,0,,,,,366029.7677,5012611.314,45.25079757,-75.71994568,9117
20--9329,2020/12/04,5:09 PM,BLAIR PL @ OGILVIE RD (0004162),4162,03 - At intersection,03 - P.D. only,02 - Angle,02 - Rain,07 - Dark,02 - Wet,01 - Traffic signal,01 - Functioning,2,0,0,0,,0,,,,,374799.7251,5033371.58,45.43677221,-75.60529335,9118
20--9149,2020/11/28,5:15 PM,ST. JOSEPH BLVD btwn COUSINEAU ST & DUSSERE ST (__3ZA2AL),__3ZA2AL,04 - At/near private drive,02 - Non-fatal injury,06 - SMV unattended vehicle,01 - Clear,05 - Dusk,02 - Wet,10 - No control,,1,0,0,0,02 - Minor,1,,1,,,380719.3389,5037037.232,45.4691352,-75.52907606,9119
20--9779,2020/12/20,3:45 PM,CARLING AVE @ KIRKWOOD AVE S (0002209),2209,02 - Intersection related,03 - P.D. only,03 - Rear end,03 - Snow,01 - Daylight,02 - Wet,01 - Traffic signal,01 - Functioning,2,0,0,0,,0,,,,,364351.6973,5027337.566,45.38344739,-75.73955166,9120
20--9059,2020/11/25,9:00 PM,KINBURN SIDE RD btwn JOHN SHAW RD & DIAMONDVIEW RD (__3ZA4R6),__3ZA4R6,01 - Non intersection,03 - P.D. only,07 - SMV other,03 - Snow,07 - Dark,03 - Loose snow,10 - No control,,1,0,0,0,,0,,,,,330388.9544,5029094.367,45.40131993,-76.17313766,9121
20--933,2020/01/20,1:15 PM,PLAINHILL DR btwn PROVENCE AVE & MICKELBERRY CRES (__5UW3U9),__5UW3U9,01 - Non intersection,03 - P.D. only,06 - SMV unattended vehicle,01 - Clear,01 - Daylight,04 - Slush,10 - No control,,1,0,0,0,,0,,,,,386325.0258,5036063.869,45.45974604,-75.45755852,9122
20--9330,2020/12/04,5:27 PM,BRONSON AVE @ THIRD AVE (0007716),7716,03 - At intersection,03 - P.D. only,02 - Angle,01 - Clear,07 - Dark,02 - Wet,02 - Stop sign,01 - Functioning,2,0,0,0,,0,,,,,367550.7114,5029087.558,45.39891408,-75.69848306,9123
20--9331,2020/12/04,6:10 PM,BORTHWICK AVE @ BURN ST (0008473),8473,03 - At intersection,02 - Non-fatal injury,02 - Angle,01 - Clear,07 - Dark,02 - Wet,02 - Stop sign,01 - Functioning,2,0,0,0,01 - Minimal,2,2,,,,372259.725,5033210.584,45.43557331,-75.63777684,9124
20--9332,2020/12/04,6:29 AM,BANK ST @ DAVIDSON RD/LESTER RD (0008797),8797,03 - At intersection,03 - P.D. only,02 - Angle,02 - Rain,07 - Dark,02 - Wet,01 - Traffic signal,01 - Functioning,2,0,0,0,,0,,,,,373672.7468,5022923.507,45.34287709,-75.62115437,9125
20--9333,2020/12/04,6:36 PM,MITCH OWENS RD @ OLD PRESCOTT RD (0009275),9275,02 - Intersection related,02 - Non-fatal injury,03 - Rear end,01 - Clear,07 - Dark,02 - Wet,01 - Traffic signal,01 - Functioning,2,0,0,0,01 - Minimal,1,1,,,,377088.7651,5015548.451,45.27617581,-75.57864586,9126
20--9334,2020/12/04,6:47 PM,REGIONAL ROAD 174 btwn OLD MONTREAL RD & OLD MONTREAL RD (__3ZA27O),__3ZA27O,01 - Non intersection,03 - P.D. only,07 - SMV other,01 - Clear,07 - Dark,01 - Dry,10 - No control,,1,0,0,0,,0,,,,,393142.5135,5042754.097,45.51910726,-75.36919739,9127
20--9335,2020/12/04,7:03 PM,JOCKVALE RD/RIDEAU VALLEY DR @ PRINCE OF WALES (0004638),4638,03 - At intersection,02 - Non-fatal injury,05 - Turning movement,02 - Rain,07 - Dark,02 - Wet,01 - Traffic signal,01 - Functioning,2,0,0,0,02 - Minor,2,1,1,,,366709.6941,5012195.406,45.24699575,-75.71133617,9128
20--9336,2020/12/04,7:22 PM,BRIAN COBURN BLVD btwn STRASBOURG ST & TENTH LINE RD (__6ZT4O3),__6ZT4O3,04 - At/near private drive,02 - Non-fatal injury,03 - Rear end,02 - Rain,07 - Dark,02 - Wet,10 - No control,,2,0,0,0,02 - Minor,2,,2,,,384314.2919,5034973.106,45.45016408,-75.48344154,9129
20--9337,2020/12/04,8:00 AM,MONTREAL RD @ VANIER PKWY (0004630),4630,02 - Intersection related,03 - P.D. only,04 - Sideswipe,02 - Rain,01 - Daylight,02 - Wet,01 - Traffic signal,01 - Functioning,2,0,0,0,,0,,,,,370072.7026,5033065.544,45.43447588,-75.66574604,9130
20--9338,2020/12/04,8:00 AM,CARP RD @ RICHARDSON SIDE RD (0005759),5759,02 - Intersection related,03 - P.D. only,03 - Rear end,01 - Clear,01 - Daylight,02 - Wet,01 - Traffic signal,01 - Functioning,2,0,0,0,,0,,,,,346209.5491,5017160.456,45.29317806,-75.97205836,9131
20--9339,2020/12/04,8:25 AM,HWY 417 INNES IC112R68 @ INNES RD (0012300),12300,03 - At intersection,03 - P.D. only,04 - Sideswipe,01 - Clear,01 - Daylight,01 - Dry,01 - Traffic signal,01 - Functioning,2,0,0,0,,0,,,,,374641.7363,5030921.553,45.41474399,-75.60765985,9132
20--934,2020/01/20,1:48 PM,LONG ISLAND RD @ LENA AVE/CINDY HILL CRES W (0008156),8156,03 - At intersection,02 - Non-fatal injury,02 - Angle,01 - Clear,01 - Daylight,01 - Dry,02 - Stop sign,01 - Functioning,2,0,0,0,02 - Minor,1,,1,,,367924.6963,5011392.682,45.23966496,-75.69596175,9133
20--9340,2020/12/04,9:01 AM,BANK ST @ HUNT CLUB RD (0002119),2119,02 - Intersection related,03 - P.D. only,04 - Sideswipe,02 - Rain,01 - Daylight,02 - Wet,01 - Traffic signal,01 - Functioning,2,0,0,0,,0,,,,,371608.7421,5024096.527,45.35363115,-75.64733051,9134
20--9341,2020/12/04,9:20 AM,RIVERSIDE DR NB btwn DATA CENTRE RD & BILLINGS BRIDGESC RAMP NB (__3ZAZ3J),__3ZAZ3J,01 - Non intersection,03 - P.D. only,04 - Sideswipe,02 - Rain,01 - Daylight,02 - Wet,10 - No control,,2,0,0,0,,0,,,,,368944.3737,5027709.84,45.38639151,-75.68086268,9135
20--9342,2020/12/04,9:45 AM,AIRPORT PKWY @ HUNT CLUB RD (0010856),10856,02 - Intersection related,03 - P.D. only,03 - Rear end,01 - Clear,01 - Daylight,01 - Dry,01 - Traffic signal,01 - Functioning,2,0,0,0,,0,,,,,371018.5222,5023702.992,45.35014623,-75.65491527,9136
20--9343,2020/12/05,10:08 PM,MAPLE GROVE RD @ TERRY FOX DR (0003177),3177,03 - At intersection,03 - P.D. only,05 - Turning movement,01 - Clear,07 - Dark,01 - Dry,01 - Traffic signal,01 - Functioning,3,0,0,0,,0,,,,,351553.6044,5017864.466,45.29917768,-75.90386266,9137
20--9344,2020/12/05,11:00 AM,PALLADIUM DR @ SILVER SEVEN RD (0011839),11839,02 - Intersection related,03 - P.D. only,03 - Rear end,01 - Clear,01 - Daylight,02 - Wet,01 - Traffic signal,01 - Functioning,2,0,0,0,,0,,,,,351051.6173,5017887.445,45.29941768,-75.91026082,9138
20--9345,2020/12/05,11:02 AM,DIAMONDVIEW RD @ THOMAS A. DOLAN PKWY (0002448),2448,03 - At intersection,03 - P.D. only,02 - Angle,01 - Clear,01 - Daylight,02 - Wet,02 - Stop sign,01 - Functioning,2,0,0,0,,0,,,,,335556.5143,5025182.551,45.36591186,-76.10737463,9139
20--9346,2020/12/05,11:28 PM,MARCH RD btwn GREY FOX DR & HOWIE RD (__3ZA2QF),__3ZA2QF,01 - Non intersection,03 - P.D. only,07 - SMV other,01 - Clear,07 - Dark,01 - Dry,10 - No control,,1,0,0,0,,0,,,,,336979.488,5017052.191,45.29268714,-76.08973849,9140
20--9347,2020/12/05,11:34 PM,ROBERTSON RD btwn HAZELDEAN RD & HAANEL DR (__3ZA41S),__3ZA41S,01 - Non intersection,03 - P.D. only,07 - SMV other,01 - Clear,07 - Dark,01 - Dry,10 - No control,,1,0,0,0,,0,,,,,353848.1188,5018522.514,45.3049425,-75.87454279,9141
20--9348,2020/12/05,Unknown,STONEHENGE CRES btwn WHITTAKER CRES & WHITTAKER CRES (__3ZBO9S),__3ZBO9S,01 - Non intersection,03 - P.D. only,06 - SMV unattended vehicle,01 - Clear,00 - Unknown,01 - Dry,10 - No control,,1,0,0,0,,0,,,,,375398.3844,5031503.208,45.41990147,-75.59791032,9142
20--9349,2020/12/05,12:08 PM,CHANTAL PL btwn BROOKRIDGE CRES & END (__3ZA6OA),__3ZA6OA,04 - At/near private drive,03 - P.D. only,06 - SMV unattended vehicle,01 - Clear,01 - Daylight,02 - Wet,10 - No control,,1,0,0,0,,0,,,,,383616.2454,5038823.678,45.4848871,-75.49174689,9143
20--935,2020/01/20,1:50 PM,FIRST AVE btwn BANK ST & O'CONNOR ST (__3ZA939),__3ZA939,01 - Non intersection,03 - P.D. only,03 - Rear end,01 - Clear,01 - Daylight,01 - Dry,10 - No control,,2,0,0,0,,0,,,,,368407.3259,5029782.77,45.40509208,-75.68745292,9144