Anom_ID,Accident_Date,Accident_Time,Location,Geo_ID,Accident_Location,Classification_of_Accident,Initial_Impact_Type,Environment_Condition,Light,Road_Surface_Condition,Traffic_Control,Traffic_Control_Condition,No__of_Vehicles,No__of_Bicycles,No__of_Motorcycles,No__of_Pedestrians,Max_Injury,No__of_Injuries,No__of_Minimal,No__of_Minor,No__of_Major,No__of_Fatal,X,Y,Latitude,Longitude,ObjectId
20--9350,2020/12/05,2:10 PM,HWY 416 ACRES IC75R24 @ HOLLY ACRES RD (0005257),5257,02 - Intersection related,03 - P.D. only,03 - Rear end,00 - Unknown,01 - Daylight,01 - Dry,01 - Traffic signal,01 - Functioning,2,0,0,0,,0,,,,,358757.9867,5022871.227,45.34371248,-75.81146305,9145
20--9351,2020/12/05,2:29 PM,INDUSTRIAL AVE @ TRAINYARDS DR (0011906),11906,03 - At intersection,03 - P.D. only,05 - Turning movement,01 - Clear,01 - Daylight,01 - Dry,01 - Traffic signal,01 - Functioning,2,0,0,0,,0,,,,,371685.9292,5030539.481,45.41159504,-75.64547256,9146
20--9352,2020/12/05,3:10 PM,VANIER PKWY/CRICHTON ST @ BEECHWOOD AVE/ST. PA (0001604),1604,02 - Intersection related,03 - P.D. only,03 - Rear end,01 - Clear,01 - Daylight,01 - Dry,01 - Traffic signal,01 - Functioning,2,0,0,0,,0,,,,,369127.7962,5033487.134,45.43835674,-75.67776658,9147
20--9353,2020/12/05,3:17 PM,WOODROFFE AVE @ DEERFOX DR/STONEWAY DR (0004601),4601,03 - At intersection,03 - P.D. only,05 - Turning movement,01 - Clear,01 - Daylight,01 - Dry,01 - Traffic signal,01 - Functioning,2,0,0,0,,0,,,,,365885.6978,5015940.43,45.28076539,-75.7213715,9148
20--9354,2020/12/05,3:20 PM,HIGHWAY 417 btwn HWY417 IC155 RAMP25 & RAMP (__3ZAZN1),__3ZAZN1,01 - Non intersection,03 - P.D. only,07 - SMV other,01 - Clear,01 - Daylight,01 - Dry,10 - No control,,1,0,0,0,,0,,,,,340652.6353,5018999.823,45.31003503,-76.04276951,9149
20--9355,2020/12/05,3:30 PM,MEADOWLANDS DR @ MERIVALE RD (0000625),625,02 - Intersection related,03 - P.D. only,03 - Rear end,01 - Clear,01 - Daylight,01 - Dry,01 - Traffic signal,01 - Functioning,2,0,0,0,,0,,,,,364858.6976,5023725.512,45.35090343,-75.73351715,9150
20--9356,2020/12/05,3:35 PM,HIGHWAY 417 btwn HWY417 IC118 RAMP35 & HWY417 IC117 RAMP51 (__3ZA2YP),__3ZA2YP,01 - Non intersection,03 - P.D. only,07 - SMV other,01 - Clear,01 - Daylight,01 - Dry,10 - No control,,1,0,0,0,,0,,,,,370018.9925,5031109.879,45.4168846,-75.66669138,9151
20--9357,2020/12/05,4:17 PM,ST. PATRICK ST @ SUSSEX DR (0011910),11910,02 - Intersection related,03 - P.D. only,07 - SMV other,02 - Rain,05 - Dusk,02 - Wet,01 - Traffic signal,01 - Functioning,1,0,0,0,,0,,,,,367666.9112,5032462.362,45.42926908,-75.6965685,9152
20--9358,2020/12/05,4:20 PM,CYRVILLE RD btwn LABRIE AVE & STAR TOP RD (__3ZA3SO),__3ZA3SO,01 - Non intersection,02 - Non-fatal injury,03 - Rear end,01 - Clear,05 - Dusk,01 - Dry,10 - No control,,2,0,0,0,02 - Minor,2,,2,,,373419.7992,5031674.691,45.42164125,-75.62316532,9153
20--9359,2020/12/05,4:26 PM,FALLOWFIELD RD btwn HUNTLEY RD & KIMINI DR (__3ZBOB9),__3ZBOB9,01 - Non intersection,03 - P.D. only,03 - Rear end,01 - Clear,05 - Dusk,01 - Dry,10 - No control,,2,0,0,0,,0,,,,,352412.7998,5009623.805,45.22496799,-75.89369779,9154
20--936,2020/01/20,10:22 AM,STITTSVILLE MAIN ST/HUNTLEY RD @ FLEWELLYN RD (0004602),4602,03 - At intersection,02 - Non-fatal injury,02 - Angle,01 - Clear,01 - Daylight,02 - Wet,02 - Stop sign,01 - Functioning,2,0,0,0,02 - Minor,1,,1,,,351416.595,5010740.405,45.23508221,-75.90627819,9155
20--9360,2020/12/05,4:43 AM,WELLINGTON ST btwn O'CONNOR ST & METCALFE ST (__3ZA4S6),__3ZA4S6,01 - Non intersection,03 - P.D. only,07 - SMV other,01 - Clear,07 - Dark,01 - Dry,10 - No control,,1,0,0,0,,0,,,,,367563.2878,5031816.072,45.42346329,-75.69797502,9156
20--9361,2020/12/05,4:45 PM,DUNROBIN RD btwn BAIRD'S GRANT LANE & BUCKHAMS BAY RD (__3ZA4Q1),__3ZA4Q1,01 - Non intersection,03 - P.D. only,07 - SMV other,01 - Clear,05 - Dusk,01 - Dry,10 - No control,,1,0,0,0,,0,,,,,334774.1005,5039264.975,45.49266427,-76.11650522,9157
20--9362,2020/12/05,5:04 PM,MUNSTER RD btwn COPELAND RD & FRANKTOWN RD (__3ZA3EV),__3ZA3EV,01 - Non intersection,03 - P.D. only,07 - SMV other,01 - Clear,07 - Dark,01 - Dry,10 - No control,,1,0,0,0,,0,,,,,350345.3813,5001234.148,45.14961064,-75.92078911,9158
20--9363,2020/12/05,5:20 PM,TERRY FOX DR btwn TERRY FOX DR & EAGLESON RD (__51NPEM),__51NPEM,01 - Non intersection,03 - P.D. only,03 - Rear end,01 - Clear,07 - Dark,01 - Dry,10 - No control,,2,0,0,0,,0,,,,,354685.5395,5014710.548,45.27058263,-75.86424802,9159
20--9364,2020/12/05,5:26 PM,BRONSON AVE @ FIRST AVE (0007719),7719,03 - At intersection,03 - P.D. only,02 - Angle,01 - Clear,07 - Dark,01 - Dry,02 - Stop sign,01 - Functioning,2,0,0,0,,0,,,,,367489.7039,5029236.559,45.40026022,-75.69924329,9160
20--9416,2020/12/08,Unknown,SPEEDVALE CRT btwn NATARE PL & NATARE PL (e___2LTX),e___2LTX,01 - Non intersection,03 - P.D. only,06 - SMV unattended vehicle,01 - Clear,00 - Unknown,01 - Dry,10 - No control,,1,0,0,0,,0,,,,,349431.961,5018503.609,45.30506688,-75.93085601,9161
20--9365,2020/12/05,5:45 PM,BLACKBURN BYPASS @ INNES RD W (0009340),9340,02 - Intersection related,03 - P.D. only,03 - Rear end,01 - Clear,07 - Dark,01 - Dry,01 - Traffic signal,01 - Functioning,2,0,0,0,,0,,,,,377187.2017,5032175.695,45.4257693,-75.57495738,9162
20--9366,2020/12/05,6:02 PM,BEAUSEJOUR DR @ JEANNE D'ARC BLVD (0003636),3636,02 - Intersection related,03 - P.D. only,03 - Rear end,01 - Clear,07 - Dark,01 - Dry,01 - Traffic signal,01 - Functioning,2,0,0,0,,0,,,,,381420.7524,5036060.569,45.4602714,-75.52025932,9163
20--9367,2020/12/05,6:57 PM,BRITANNIA RD btwn CONN ST & PRISCILLA ST (__3ZBNG1),__3ZBNG1,01 - Non intersection,03 - P.D. only,06 - SMV unattended vehicle,01 - Clear,07 - Dark,01 - Dry,10 - No control,,1,0,0,0,,0,,,,,360067.914,5024988.083,45.36265794,-75.79451221,9164
20--9368,2020/12/05,7:05 AM,CARTIER ST @ SOMERSET ST (0007073),7073,03 - At intersection,03 - P.D. only,02 - Angle,01 - Clear,03 - Dawn,01 - Dry,02 - Stop sign,01 - Functioning,2,0,0,0,,0,,,,,368315.7052,5031289.57,45.41865809,-75.68842904,9165
20--9369,2020/12/05,8:32 PM,MONTREAL RD @ ST. LAURENT BLVD (0002604),2604,02 - Intersection related,03 - P.D. only,99 - Other,01 - Clear,07 - Dark,01 - Dry,01 - Traffic signal,01 - Functioning,2,0,0,0,,0,,,,,371545.7037,5033817.6,45.44110348,-75.64681963,9166
20--937,2020/01/20,10:31 AM,CHURCHILL AVE   N btwn SCOTT ST & WILMONT AVE (__3ZBN9T),__3ZBN9T,04 - At/near private drive,03 - P.D. only,05 - Turning movement,01 - Clear,01 - Daylight,05 - Packed snow,10 - No control,,2,0,0,0,,0,,,,,363116.5115,5028538.615,45.39435817,-75.75518114,9167
20--9370,2020/12/05,8:37 AM,PRINCE OF WALES DR btwn BLAZER AVE & DEAKIN ST (__3ZA29V),__3ZA29V,04 - At/near private drive,03 - P.D. only,03 - Rear end,01 - Clear,01 - Daylight,02 - Wet,10 - No control,,2,0,0,0,,0,,,,,367345.5907,5021221.059,45.32815144,-75.70209848,9168
20--9371,2020/12/05,8:53 PM,FLODDEN WAY btwn SELHURST AVE & VERSILIA DR (__4CZRRI),__4CZRRI,01 - Non intersection,03 - P.D. only,06 - SMV unattended vehicle,01 - Clear,07 - Dark,01 - Dry,10 - No control,,1,0,0,0,,0,,,,,367283.0938,5016247.627,45.28340671,-75.70352263,9169
20--9372,2020/12/05,9:10 PM,CHARLEMAGNE BLVD btwn TENTH LINE RD & VALADE CRES (__3ZA1V1),__3ZA1V1,01 - Non intersection,03 - P.D. only,04 - Sideswipe,01 - Clear,07 - Dark,01 - Dry,10 - No control,,2,0,0,0,,0,,,,,383230.9507,5037998.287,45.47750439,-75.4968068,9170
20--9373,2020/12/05,9:15 AM,HWY 417 WOODROFF IC127R53 @ WOODROFFE AVE (0002347),2347,02 - Intersection related,03 - P.D. only,03 - Rear end,01 - Clear,01 - Daylight,01 - Dry,03 - Yield sign,01 - Functioning,2,0,0,0,,0,,,,,362207.2063,5024625.397,45.35922259,-75.76724875,9171
20--9374,2020/12/05,9:22 PM,CONROY RD btwn QUEENSDALE AVE & DAVIDSON RD (__3ZBOF0),__3ZBOF0,01 - Non intersection,03 - P.D. only,01 - Approaching,01 - Clear,07 - Dark,01 - Dry,10 - No control,,2,0,0,0,,0,,,,,374525.3151,5023628.493,45.34913605,-75.61017717,9172
20--9375,2020/12/05,9:39 AM,"MONTREAL RD btwn EGLISE, RUE DE L & ST. LAURENT BLVD (__3ZA3ML)",__3ZA3ML,01 - Non intersection,03 - P.D. only,07 - SMV other,01 - Clear,01 - Daylight,02 - Wet,10 - No control,,1,0,0,0,,0,,,,,371360.0245,5033729.734,45.44033061,-75.6492047,9173
20--9376,2020/12/06,10:34 AM,CARP RD @ STITTSVILLE MAIN ST (0005253),5253,03 - At intersection,03 - P.D. only,02 - Angle,01 - Clear,01 - Daylight,01 - Dry,01 - Traffic signal,01 - Functioning,2,0,0,0,,0,,,,,349524.766,5014330.21,45.26750736,-75.93004882,9174
20--9377,2020/12/06,10:36 AM,LEMIEUX ST @ ST. LAURENT BLVD (0002021),2021,03 - At intersection,03 - P.D. only,02 - Angle,01 - Clear,01 - Daylight,01 - Dry,01 - Traffic signal,01 - Functioning,3,0,0,0,,0,,,,,372392.0451,5031741.604,45.42234335,-75.63628743,9175
20--9378,2020/12/06,12:02 AM,WOODROFFE AVE btwn FIRESTATION & BASELINE RD (__3ZA34KB),__3ZA34KB,01 - Non intersection,03 - P.D. only,04 - Sideswipe,01 - Clear,07 - Dark,01 - Dry,10 - No control,,2,0,0,0,,0,,,,,362534.3539,5023809.94,45.35185831,-75.76316859,9176
20--9379,2020/12/06,2:06 PM,WELLINGTON ST    W btwn ISLAND PARK DR & PICCADILLY AVE (__3ZA4PP),__3ZA4PP,01 - Non intersection,02 - Non-fatal injury,05 - Turning movement,01 - Clear,01 - Daylight,01 - Dry,10 - No control,,2,0,0,0,02 - Minor,1,,1,,,364173.5466,5028892.676,45.39745511,-75.74163925,9177
20--938,2020/01/20,10:46 AM,BANK ST btwn ALTA VISTA DR & WALKLEY RD (__3ZA4TX),__3ZA4TX,01 - Non intersection,03 - P.D. only,04 - Sideswipe,01 - Clear,01 - Daylight,01 - Dry,10 - No control,,2,0,0,0,,0,,,,,370317.3452,5026009.83,45.37096831,-75.66355697,9178
20--9380,2020/12/06,2:52 PM,SADDLE CRES btwn ESSON ST & TO BE DETERMINED (__3ZA46L),__3ZA46L,01 - Non intersection,03 - P.D. only,06 - SMV unattended vehicle,01 - Clear,01 - Daylight,01 - Dry,10 - No control,,1,0,0,0,,0,,,,,374664.7107,5025995.36,45.37041821,-75.60806388,9179
20--9381,2020/12/06,2:56 PM,BASELINE RD @ FISHER AVE (0002346),2346,03 - At intersection,02 - Non-fatal injury,99 - Other,01 - Clear,01 - Daylight,01 - Dry,01 - Traffic signal,01 - Functioning,2,0,0,0,02 - Minor,1,,1,,,366166.6952,5026028.538,45.37151239,-75.71653978,9180
20--9382,2020/12/06,3:30 PM,BARRETTE ST btwn ST. CHARLES ST & MARIER AVE (__3ZA8YI),__3ZA8YI,01 - Non intersection,03 - P.D. only,06 - SMV unattended vehicle,01 - Clear,01 - Daylight,01 - Dry,10 - No control,,1,0,0,0,,0,,,,,369620.1773,5033874.981,45.44180096,-75.67142258,9181
20--9383,2020/12/06,3:40 PM,ALBION RD @ BANK ST (0012409),12409,02 - Intersection related,03 - P.D. only,02 - Angle,01 - Clear,01 - Daylight,01 - Dry,01 - Traffic signal,01 - Functioning,2,0,0,0,,0,,,,,371946.7274,5024129.501,45.35389556,-75.64301287,9182
20--9384,2020/12/06,4:01 PM,MEADOWLANDS DR btwn CLAYMOR AVE & DEBRA AVE (__3ZA3GTA),__3ZA3GTA,01 - Non intersection,03 - P.D. only,06 - SMV unattended vehicle,01 - Clear,05 - Dusk,01 - Dry,10 - No control,,1,0,0,0,,0,,,,,367210.5346,5025586.502,45.36744287,-75.70327035,9183
20--9385,2020/12/06,5:02 PM,BASELINE RD @ WOODROFFE AVE (0002225),2225,02 - Intersection related,03 - P.D. only,03 - Rear end,01 - Clear,07 - Dark,02 - Wet,01 - Traffic signal,01 - Functioning,2,0,0,0,,0,,,,,362549.6905,5023770.496,45.35150213,-75.76297748,9184
20--9386,2020/12/06,5:27 PM,BLAIR RD btwn SEGUIN ST & MOWAT ST (__3ZBOGF),__3ZBOGF,01 - Non intersection,03 - P.D. only,03 - Rear end,01 - Clear,07 - Dark,01 - Dry,10 - No control,,2,0,0,0,,0,,,,,374131.4612,5034161.38,45.44394498,-75.61372252,9185
20--9387,2020/12/06,6:20 PM,BESSERER ST @ WALLER ST (0008859),8859,02 - Intersection related,03 - P.D. only,04 - Sideswipe,01 - Clear,07 - Dark,01 - Dry,01 - Traffic signal,01 - Functioning,2,0,0,0,,0,,,,,368315.9303,5032191.983,45.42677767,-75.68830982,9186
20--9388,2020/12/06,6:37 PM,INNES RD @ WILDFLOWER DR (0012871),12871,03 - At intersection,02 - Non-fatal injury,05 - Turning movement,01 - Clear,07 - Dark,01 - Dry,01 - Traffic signal,01 - Functioning,2,0,0,0,02 - Minor,1,,1,,,382936.7571,5035690.556,45.45677445,-75.50093607,9187
20--9389,2020/12/06,7:15 PM,GREENBANK RD @ LARKIN DR (0001101),1101,03 - At intersection,02 - Non-fatal injury,05 - Turning movement,01 - Clear,07 - Dark,01 - Dry,01 - Traffic signal,01 - Functioning,3,0,0,0,02 - Minor,2,1,1,,,363176.6683,5016506.454,45.28608866,-75.75583255,9188
20--939,2020/01/20,10:59 AM,BAYCREST DR @ CEDARWOOD DR (0006999),6999,03 - At intersection,02 - Non-fatal injury,02 - Angle,01 - Clear,01 - Daylight,05 - Packed snow,02 - Stop sign,01 - Functioning,2,0,0,0,02 - Minor,2,,2,,,371229.72,5026789.533,45.37789792,-75.65180532,9189
20--9390,2020/12/06,7:30 PM,BRIAN COBURN BLVD @ TRIM RD (0015655),15655,03 - At intersection,03 - P.D. only,02 - Angle,01 - Clear,07 - Dark,01 - Dry,11 - Roundabout,01 - Functioning,2,0,0,0,,0,,,,,387159.8738,5035824.92,45.45749831,-75.44692535,9190
20--9391,2020/12/06,8:53 PM,HOSKINS CRES btwn HOSKINS CRES & HOSKINS CRES (__3ZA2MJ),__3ZA2MJ,04 - At/near private drive,03 - P.D. only,06 - SMV unattended vehicle,01 - Clear,07 - Dark,01 - Dry,10 - No control,,1,0,0,0,,0,,,,,383588.9633,5037797.962,45.47566174,-75.49226038,9191
20--9392,2020/12/06,9:07 PM,ROCKCLIFFE PKWY btwn PRINCESS AVE & BUENA VISTA RD (__3ZA8D1),__3ZA8D1,01 - Non intersection,02 - Non-fatal injury,07 - SMV other,01 - Clear,07 - Dark,01 - Dry,10 - No control,,1,0,0,0,01 - Minimal,1,1,,,,368269.8448,5034623.221,45.44865723,-75.68858521,9192
20--9393,2020/12/06,9:46 PM,WILLIAM MCEWEN DR btwn CENTURY RD W & CEDARVIEW RD (__3ZABLE),__3ZABLE,01 - Non intersection,03 - P.D. only,07 - SMV other,01 - Clear,07 - Dark,01 - Dry,10 - No control,,1,0,0,0,,0,,,,,364605.5528,5007386.199,45.2039041,-75.73871612,9193
20--9394,2020/12/07,1:28 PM,CARLING AVE WB btwn CARLINGWOOD SC & IROQUOIS RD (__3ZA4WIB),__3ZA4WIB,01 - Non intersection,03 - P.D. only,04 - Sideswipe,01 - Clear,01 - Daylight,01 - Dry,10 - No control,,2,0,0,0,,0,,,,,362130.9516,5025977.769,45.37139736,-75.76806508,9194
20--9395,2020/12/07,1:30 PM,HAZELDEAN RD @ HUNTMAR DR/IBER RD (0000075),75,02 - Intersection related,03 - P.D. only,03 - Rear end,01 - Clear,01 - Daylight,01 - Dry,01 - Traffic signal,01 - Functioning,2,0,0,0,,0,,,,,350942.5974,5016079.429,45.2831558,-75.91181901,9195
20--9396,2020/12/07,10:39 PM,HIGHWAY 417 btwn HWY417 IC155 RAMP61 & HWY417 IC145 RAMP56 (__3ZA2Q2),__3ZA2Q2,01 - Non intersection,03 - P.D. only,07 - SMV other,01 - Clear,07 - Dark,01 - Dry,10 - No control,,1,0,0,0,,0,,,,,346146.6606,5014847.25,45.27236661,-75.97305284,9196
20--9397,2020/12/07,11:25 AM,INDUSTRIAL AVE btwn TRAINYARDS DR & RUSSELL RD (__3ZA3R9),__3ZA3R9,01 - Non intersection,03 - P.D. only,04 - Sideswipe,01 - Clear,01 - Daylight,01 - Dry,10 - No control,,2,0,0,0,,0,,,,,371787.2416,5030523.18,45.41143868,-75.64418056,9197
20--9398,2020/12/07,11:59 AM,"MONTREAL RD btwn EGLISE, RUE DE L & ST. LAURENT BLVD (__3ZA3ML)",__3ZA3ML,01 - Non intersection,03 - P.D. only,04 - Sideswipe,01 - Clear,01 - Daylight,01 - Dry,10 - No control,,2,0,0,0,,0,,,,,371238.9427,5033672.518,45.43982732,-75.65075997,9198
20--9399,2020/12/07,Unknown,DALY AVE btwn NELSON ST & FRIEL ST (__3ZA81Y),__3ZA81Y,01 - Non intersection,03 - P.D. only,06 - SMV unattended vehicle,01 - Clear,00 - Unknown,02 - Wet,10 - No control,,1,0,0,0,,0,,,,,368785.4235,5032392.128,45.42853571,-75.68228462,9199
20--94,2020/01/03,9:00 PM,JEANNE D'ARC BLVD @ OR174 IC105 RAMP52 (0012417),12417,02 - Intersection related,03 - P.D. only,03 - Rear end,01 - Clear,07 - Dark,02 - Wet,01 - Traffic signal,01 - Functioning,3,0,0,0,,0,,,,,379455.7033,5036917.596,45.46819502,-75.54525245,9200
20--940,2020/01/20,11:05 AM,HUNT CLUB RD @ DOWNPATRICK RD/MCCARTHY RD (0006931),6931,02 - Intersection related,03 - P.D. only,99 - Other,01 - Clear,01 - Daylight,05 - Packed snow,01 - Traffic signal,01 - Functioning,2,0,0,0,,0,,,,,370507.726,5023400.506,45.3474726,-75.66147357,9201
20--9400,2020/12/07,12:22 PM,CATHERINE ST @ QUEEN ELIZABETH DRWY (0002627),2627,03 - At intersection,02 - Non-fatal injury,07 - SMV other,01 - Clear,01 - Daylight,01 - Dry,10 - No control,,1,0,0,0,02 - Minor,1,,1,,,368673.7129,5030634.569,45.41273203,-75.68393997,9202
20--9401,2020/12/07,12:35 PM,PRINCE OF WALES DR btwn 187 N OF MEADOWLANDS DR & MEADOWLANDS DR/HOG'S (__3ZA36WA),__3ZA36WA,01 - Non intersection,03 - P.D. only,05 - Turning movement,01 - Clear,01 - Daylight,01 - Dry,10 - No control,,2,0,0,0,,0,,,,,367369.3181,5025703.276,45.36847942,-75.70122874,9203
20--9402,2020/12/07,3:33 PM,HIGHWAY 417 btwn HWY417 IC127 RAMP67 & HWY417 IC126 RAMP16 (__3ZA2X0),__3ZA2X0,01 - Non intersection,03 - P.D. only,03 - Rear end,01 - Clear,01 - Daylight,01 - Dry,10 - No control,,6,0,0,0,,0,,,,,363003.7084,5025647.82,45.36835657,-75.75696255,9204
20--9403,2020/12/07,5:15 PM,CHAPEL ST @ RIDEAU ST (0011918),11918,02 - Intersection related,03 - P.D. only,05 - Turning movement,01 - Clear,07 - Dark,01 - Dry,01 - Traffic signal,01 - Functioning,2,0,0,0,,0,,,,,368892.4102,5032643.271,45.4307856,-75.68088482,9205
20--9404,2020/12/07,5:37 PM,ALBION RD @ HUNT CLUB RD (0006974),6974,03 - At intersection,03 - P.D. only,05 - Turning movement,01 - Clear,07 - Dark,01 - Dry,01 - Traffic signal,01 - Functioning,2,0,0,0,,0,,,,,371867.7405,5024320.524,45.35562188,-75.64399494,9206
20--9405,2020/12/07,5:55 PM,BASELINE RD @ CLYDE AVE (0002343),2343,02 - Intersection related,03 - P.D. only,99 - Other,01 - Clear,07 - Dark,01 - Dry,01 - Traffic signal,01 - Functioning,2,0,0,0,,0,,,,,364358.7007,5024890.519,45.36142865,-75.7397573,9207
20--9406,2020/12/07,8:08 AM,HARTHILL WAY btwn BROXBURN CRES & FRASER FIELDS WAY (__67PTP7),__67PTP7,01 - Non intersection,03 - P.D. only,06 - SMV unattended vehicle,01 - Clear,03 - Dawn,01 - Dry,10 - No control,,1,0,0,0,,0,,,,,362854.4486,5014054.271,45.26405051,-75.76022652,9208
20--9407,2020/12/07,8:25 AM,ST. LAURENT BLVD btwn COVENTRY RD & LEMIEUX ST (__3ZA2C9),__3ZA2C9,04 - At/near private drive,03 - P.D. only,02 - Angle,01 - Clear,01 - Daylight,01 - Dry,10 - No control,,2,0,0,0,,0,,,,,372376.6752,5031779.353,45.42268449,-75.63647863,9209
20--9408,2020/12/07,9:30 AM,COPE DR @ TERRY FOX (0009143),9143,02 - Intersection related,03 - P.D. only,03 - Rear end,01 - Clear,01 - Daylight,01 - Dry,01 - Traffic signal,01 - Functioning,2,0,0,0,,0,,,,,353997.2685,5015345.31,45.27634286,-75.87295607,9210
20--9409,2020/12/07,9:40 AM,BANK ST @ WALKLEY RD (0011423),11423,02 - Intersection related,02 - Non-fatal injury,03 - Rear end,01 - Clear,01 - Daylight,01 - Dry,01 - Traffic signal,01 - Functioning,2,0,0,0,02 - Minor,1,,1,,,370337.8509,5025947.735,45.37040769,-75.66330345,9211
20--941,2020/01/20,11:10 AM,CAHILL DR @ SOUTHGATE RD (0007024),7024,03 - At intersection,03 - P.D. only,02 - Angle,01 - Clear,01 - Daylight,05 - Packed snow,02 - Stop sign,01 - Functioning,2,0,0,0,,0,,,,,371429.7292,5024423.509,45.35659026,-75.64957091,9212
20--9410,2020/12/08,1:30 AM,FLAMBOROUGH WAY @ KLONDIKE RD (0012605),12605,02 - Intersection related,03 - P.D. only,07 - SMV other,01 - Clear,07 - Dark,03 - Loose snow,02 - Stop sign,01 - Functioning,1,0,0,0,,0,,,,,349078.4853,5023886.707,45.3535278,-75.9348818,9213
20--9411,2020/12/08,1:40 PM,BANK ST btwn BLAIS RD & RIDEAU RD (__3ZA29L),__3ZA29L,04 - At/near private drive,02 - Non-fatal injury,02 - Angle,01 - Clear,01 - Daylight,01 - Dry,10 - No control,,2,0,0,0,02 - Minor,2,,2,,,376644.8387,5018575.051,45.3034535,-75.58386485,9214
20--9412,2020/12/08,1:50 PM,WALKLEY RD @ SPRINGLAND DR/OTTERSON DR (0006968),6968,02 - Intersection related,02 - Non-fatal injury,03 - Rear end,01 - Clear,01 - Daylight,01 - Dry,01 - Traffic signal,01 - Functioning,2,0,0,0,01 - Minimal,1,1,,,,368721.7174,5024982.508,45.3618721,-75.68405875,9215
20--9413,2020/12/08,11:38 AM,MONTREAL RD @ NORTH RIVER RD (0009805),9805,03 - At intersection,03 - P.D. only,03 - Rear end,01 - Clear,01 - Daylight,01 - Dry,01 - Traffic signal,01 - Functioning,2,0,0,0,,0,,,,,369739.6983,5032887.585,45.43290568,-75.6700252,9216
20--9414,2020/12/08,11:45 AM,DES EPINETTES AVE @ JEANNE D'ARC BLVD (0004221),4221,02 - Intersection related,03 - P.D. only,04 - Sideswipe,01 - Clear,01 - Daylight,01 - Dry,01 - Traffic signal,01 - Functioning,2,0,0,0,,0,,,,,382226.7619,5035958.582,45.45926495,-75.50997057,9217
20--9415,2020/12/08,11:52 AM,MARCH RD @ UPPER DWYER HILL RD (0010832),10832,02 - Intersection related,03 - P.D. only,03 - Rear end,01 - Clear,01 - Daylight,01 - Dry,01 - Traffic signal,01 - Functioning,2,0,0,0,,0,,,,,334081.4472,5014291.5,45.26797155,-76.12684813,9218
20--987,2020/01/20,6:58 AM,CARLING AVE @ RICHMOND RD (0010847),10847,02 - Intersection related,03 - P.D. only,03 - Rear end,01 - Clear,07 - Dark,04 - Slush,01 - Traffic signal,01 - Functioning,2,0,0,0,,0,,,,,360245.6855,5024781.514,45.3607852,-75.79226633,9219
20--969,2020/01/20,4:00 PM,GREENBANK RD @ IRIS ST/HWY 417 IC129 RAMP51 (0009073),9073,02 - Intersection related,03 - P.D. only,03 - Rear end,01 - Clear,01 - Daylight,06 - Ice,01 - Traffic signal,01 - Functioning,2,0,0,0,,0,,,,,360531.3071,5023312.494,45.34754435,-75.7887864,9220
20--978,2020/01/20,5:43 PM,ST. JOSEPH BLVD @ FOREST VALLEY DR/YOUVILLE DR (0004440),4440,03 - At intersection,02 - Non-fatal injury,05 - Turning movement,06 - Strong wind,07 - Dark,02 - Wet,01 - Traffic signal,01 - Functioning,2,0,0,0,02 - Minor,2,,2,,,379164.7427,5036156.579,45.461379,-75.54908807,9221
20--906,2020/01/19,2:48 PM,BRONSON AVE @ FOURTH AVE (0007224),7224,02 - Intersection related,03 - P.D. only,03 - Rear end,01 - Clear,01 - Daylight,03 - Loose snow,02 - Stop sign,01 - Functioning,2,0,0,0,,0,,,,,367583.7168,5029009.565,45.39820936,-75.69807145,9222
20--9780,2020/12/20,4:25 PM,BRONSON AVE btwn GLADSTONE AVE & MCLEOD ST (__3ZA30A),__3ZA30A,04 - At/near private drive,03 - P.D. only,05 - Turning movement,01 - Clear,05 - Dusk,01 - Dry,10 - No control,,2,0,0,0,,0,,,,,367144.4871,5030055.219,45.40765711,-75.70354893,9223
20--915,2020/01/19,5:00 AM,MARIER AVE btwn STE. MONIQUE ST & DES PERES BLANCS AVE (__3ZA8XV),__3ZA8XV,01 - Non intersection,02 - Non-fatal injury,06 - SMV unattended vehicle,03 - Snow,07 - Dark,03 - Loose snow,10 - No control,,1,0,0,0,02 - Minor,1,,1,,,369930.1728,5033737.431,45.44053453,-75.66747862,9224
20--9060,2020/11/25,9:07 AM,SPRUCE ST btwn TUSCAN PRIV & END (__3ZAZEE),__3ZAZEE,01 - Non intersection,03 - P.D. only,06 - SMV unattended vehicle,03 - Snow,01 - Daylight,02 - Wet,10 - No control,,1,0,0,0,,0,,,,,366145.5621,5030143.709,45.40854159,-75.71629798,9225
20--9781,2020/12/20,5:00 PM,BANK ST btwn FIFTH AVE & REGENT ST (__3ZA3OU),__3ZA3OU,01 - Non intersection,03 - P.D. only,03 - Rear end,03 - Snow,07 - Dark,02 - Wet,10 - No control,,3,0,0,0,,0,,,,,368425.8514,5029333.172,45.40104506,-75.6872743,9226
20--9870,2020/12/23,4:15 PM,HIGHWAY 417 btwn HWY417 IC127 RAMP67 & HWY417 IC126 RAMP16 (__3ZA2X0),__3ZA2X0,01 - Non intersection,03 - P.D. only,03 - Rear end,01 - Clear,05 - Dusk,01 - Dry,10 - No control,,2,0,0,0,,0,,,,,362807.2817,5025391.709,45.3660684,-75.75950002,9227