Anom_ID,Accident_Date,Accident_Time,Location,Geo_ID,Accident_Location,Classification_of_Accident,Initial_Impact_Type,Environment_Condition,Light,Road_Surface_Condition,Traffic_Control,Traffic_Control_Condition,No__of_Vehicles,No__of_Bicycles,No__of_Motorcycles,No__of_Pedestrians,Max_Injury,No__of_Injuries,No__of_Minimal,No__of_Minor,No__of_Major,No__of_Fatal,X,Y,Latitude,Longitude,ObjectId
20--9150,2020/11/28,5:20 PM,PROVENDER AVE btwn BURMA RD & WANAKI RD (e___2JO1),e___2JO1,01 - Non intersection,02 - Non-fatal injury,01 - Approaching,01 - Clear,05 - Dusk,01 - Dry,10 - No control,,2,0,0,0,02 - Minor,1,,1,,,373227.77,5034709.298,45.4489639,-75.62519702,9228
20--9690,2020/12/17,7:00 PM,TURNER CRES btwn PRESTONE DR & MOUNTAINSIDE CRES (__3ZA6AN),__3ZA6AN,04 - At/near private drive,03 - P.D. only,06 - SMV unattended vehicle,01 - Clear,07 - Dark,01 - Dry,10 - No control,,1,0,0,0,,0,,,,,383014.4396,5038175.426,45.47912241,-75.49954752,9229
20--9061,2020/11/25,9:08 PM,REVELSTOKE DR @ RIVERSIDE DR (0006918),6918,02 - Intersection related,03 - P.D. only,03 - Rear end,03 - Snow,07 - Dark,04 - Slush,01 - Traffic signal,01 - Functioning,2,0,0,0,,0,,,,,368217.7136,5024423.516,45.3568882,-75.69056328,9230
20--9782,2020/12/20,5:24 AM,BLAIR RD @ OGILVIE RD (0004120),4120,02 - Intersection related,03 - P.D. only,07 - SMV other,01 - Clear,07 - Dark,01 - Dry,01 - Traffic signal,01 - Functioning,1,0,0,0,,0,,,,,374507.7334,5033198.571,45.43524474,-75.60904951,9231
20--9871,2020/12/23,4:30 PM,HIGHWAY 417 btwn HWY417 IC124 RAMP67 & HWY417 IC123 RAMP62 (__3ZA2YZ),__3ZA2YZ,01 - Non intersection,03 - P.D. only,03 - Rear end,01 - Clear,05 - Dusk,02 - Wet,10 - No control,,2,0,0,0,,0,,,,,364612.0034,5027786.599,45.38746553,-75.73617355,9232
20--9872,2020/12/23,4:41 PM,BEAUSEJOUR DR @ JEANNE D'ARC BLVD (0003636),3636,02 - Intersection related,03 - P.D. only,02 - Angle,01 - Clear,05 - Dusk,01 - Dry,01 - Traffic signal,00 - Unknown,2,0,0,0,,0,,,,,381420.746,5036060.57,45.46027141,-75.5202594,9233
20--9873,2020/12/23,4:46 PM,AMBERWOOD CRES @ PRINCE OF WALES DR (0000048),48,02 - Intersection related,02 - Non-fatal injury,03 - Rear end,01 - Clear,05 - Dusk,02 - Wet,01 - Traffic signal,01 - Functioning,2,0,0,0,02 - Minor,1,,1,,,367435.7063,5020647.502,45.32298263,-75.70102153,9234
20--9874,2020/12/23,5:20 PM,BRIAN COBURN BLVD @ PORTOBELLO BLVD (0013015),13015,03 - At intersection,03 - P.D. only,03 - Rear end,01 - Clear,07 - Dark,03 - Loose snow,11 - Roundabout,01 - Functioning,2,0,0,0,,0,,,,,385751.3453,5035489.416,45.45464437,-75.4649874,9235
20--9875,2020/12/23,5:40 PM,HIGHWAY 417 btwn HWY417 IC127 RAMP67 & HWY417 IC126 RAMP16 (__3ZA2X0),__3ZA2X0,01 - Non intersection,03 - P.D. only,03 - Rear end,01 - Clear,07 - Dark,01 - Dry,10 - No control,,2,0,0,0,,0,,,,,362558.7426,5025193.802,45.36430817,-75.76269565,9236
20--9876,2020/12/23,5:53 PM,GREENBANK RD @ LISA AVE (0002753),2753,03 - At intersection,03 - P.D. only,05 - Turning movement,01 - Clear,07 - Dark,01 - Dry,01 - Traffic signal,01 - Functioning,2,0,0,0,,0,,,,,360554.6694,5022893.488,45.34377228,-75.78853552,9237
20--9877,2020/12/23,5:56 PM,TERRY FOX DR btwn PALLADIUM DR & MAPLE GROVE RD (__3ZA3DN),__3ZA3DN,01 - Non intersection,02 - Non-fatal injury,03 - Rear end,01 - Clear,07 - Dark,06 - Ice,10 - No control,,2,0,0,0,01 - Minimal,1,1,,,,351371.314,5018072.192,45.30105897,-75.90616734,9238
20--9878,2020/12/23,6:02 AM,CARP RD btwn CRAIG'S SIDE RD & CHARLIE'S LANE (__3ZA3GL),__3ZA3GL,01 - Non intersection,03 - P.D. only,07 - SMV other,01 - Clear,07 - Dark,01 - Dry,10 - No control,,1,0,0,0,,0,,,,,340209.6345,5023938.905,45.35450144,-76.0480656,9239
20--9879,2020/12/23,7:12 AM,PERTH ST @ QUEEN CHARLOTTE ST/ROCHELLE DR (0009772),9772,03 - At intersection,03 - P.D. only,05 - Turning movement,01 - Clear,03 - Dawn,01 - Dry,02 - Stop sign,01 - Functioning,2,0,0,0,,0,,,,,356182.6196,5005741.354,45.18976757,-75.84609627,9240
20--988,2020/01/20,6:58 PM,CARLING AVE @ BAYSHORE DR/BIRCHDALE AVE (0000021),21,03 - At intersection,03 - P.D. only,05 - Turning movement,01 - Clear,07 - Dark,01 - Dry,01 - Traffic signal,01 - Functioning,2,0,0,0,,0,,,,,359004.8704,5023990.616,45.35376573,-75.8081902,9241
20--9880,2020/12/23,7:17 PM,RIOCAN AVE @ STRANDHERD DR (0010997),10997,03 - At intersection,02 - Non-fatal injury,05 - Turning movement,01 - Clear,07 - Dark,02 - Wet,01 - Traffic signal,01 - Functioning,2,0,0,0,02 - Minor,2,,2,,,364172.2074,5014944.571,45.27195145,-75.74332966,9242
20--9881,2020/12/23,7:30 PM,FALLOWFIELD RD @ GREENBANK RD (0000549),549,02 - Intersection related,03 - P.D. only,03 - Rear end,01 - Clear,07 - Dark,02 - Wet,01 - Traffic signal,01 - Functioning,2,0,0,0,,0,,,,,363080.682,5016732.45,45.28813014,-75.7570295,9243
20--9882,2020/12/23,8:00 PM,BARNSDALE RD btwn TWIN ELM RD & MOODIE DR (__3ZAB90),__3ZAB90,01 - Non intersection,03 - P.D. only,07 - SMV other,01 - Clear,07 - Dark,02 - Wet,10 - No control,,1,0,0,0,,0,,,,,361466.6158,5008590.586,45.21500072,-75.77853238,9244
20--9883,2020/12/23,8:14 PM,INNES RD @ JEANNE D'ARC BLVD/MER BLEUE RD (0012475),12475,02 - Intersection related,03 - P.D. only,04 - Sideswipe,01 - Clear,07 - Dark,02 - Wet,01 - Traffic signal,01 - Functioning,2,0,0,0,,0,,,,,382637.7448,5035567.544,45.45570106,-75.50477816,9245
20--9884,2020/12/23,8:19 PM,ANDERSON ST @ PRESTON ST (0006505),6505,02 - Intersection related,03 - P.D. only,03 - Rear end,01 - Clear,07 - Dark,02 - Wet,99 - Other,01 - Functioning,2,0,0,0,,0,,,,,366360.7072,5030006.579,45.40728884,-75.71356684,9246
20--9885,2020/12/23,8:31 PM,HIGHWAY 416 btwn HWY416 IC49 RAMP43 & HWY416 IC42 RAMP34 (__3ZAZJ7),__3ZAZJ7,01 - Non intersection,03 - P.D. only,07 - SMV other,01 - Clear,07 - Dark,01 - Dry,10 - No control,,1,0,0,0,,0,,,,,371188.896,4995728.335,45.09841723,-75.65647218,9247
20--9886,2020/12/23,9:25 AM,WELLINGTON ST    W btwn FAIRMONT AVE & IRVING AVE (__3ZA31T),__3ZA31T,01 - Non intersection,03 - P.D. only,99 - Other,01 - Clear,01 - Daylight,01 - Dry,10 - No control,,2,0,0,0,,0,,,,,365581.893,5029737.946,45.40493981,-75.72354832,9248
20--9887,2020/12/23,9:42 AM,WALKLEY RD btwn HALIFAX DR & ST. LAURENT BLVD (__3ZA2EL),__3ZA2EL,01 - Non intersection,03 - P.D. only,04 - Sideswipe,03 - Snow,01 - Daylight,02 - Wet,10 - No control,,2,0,0,0,,0,,,,,373831.6054,5028006.126,45.38859276,-75.61841742,9249
20--9888,2020/12/24,1:22 PM,HIGHWAY 417 btwn HWY417 IC110 RAMP64 & HWY417 IC104 RAMP16 (__3ZA2W9),__3ZA2W9,01 - Non intersection,02 - Non-fatal injury,07 - SMV other,02 - Rain,01 - Daylight,02 - Wet,10 - No control,,1,0,0,0,02 - Minor,1,,1,,,377266.2966,5026929.377,45.37855782,-75.57471765,9250
20--9889,2020/12/24,10:10 AM,GEORGE ST btwn SUSSEX DR & 26 W OF BYWARD MARKET/FREIMAN MALL (__3ZA40PA),__3ZA40PA,01 - Non intersection,03 - P.D. only,99 - Other,01 - Clear,01 - Daylight,01 - Dry,10 - No control,,2,0,0,0,,0,,,,,367902.493,5032151.074,45.426447,-75.69359798,9251
20--989,2020/01/20,7:08 PM,CARLING AVE @ KIRKWOOD AVE S (0002209),2209,03 - At intersection,03 - P.D. only,05 - Turning movement,01 - Clear,07 - Dark,03 - Loose snow,01 - Traffic signal,01 - Functioning,2,0,0,0,,0,,,,,364351.6998,5027337.541,45.38344717,-75.73955163,9252
20--9890,2020/12/24,10:20 PM,HIGHWAY 417 btwn HWY417 IC112 RAMP66 & HWY417 IC113 RAMP65 (__3ZA284),__3ZA284,01 - Non intersection,03 - P.D. only,07 - SMV other,02 - Rain,07 - Dark,02 - Wet,10 - No control,,1,0,0,0,,0,,,,,374245.1797,5031132.603,45.41668238,-75.61269614,9253
20--9891,2020/12/24,10:57 PM,HIGHWAY 417 btwn HWY417 IC121A RAMP51 & HWY417 IC120A RAMP52 (__3ZA2R6),__3ZA2R6,01 - Non intersection,02 - Non-fatal injury,04 - Sideswipe,02 - Rain,07 - Dark,02 - Wet,10 - No control,,2,0,0,0,02 - Minor,1,,1,,,367219.4038,5029714.905,45.40458839,-75.70263505,9254
20--9892,2020/12/24,11:06 PM,ORLEANS BLVD @ LONGLEAF DR N/SILVERBIRCH ST (0003694),3694,02 - Intersection related,02 - Non-fatal injury,07 - SMV other,02 - Rain,07 - Dark,02 - Wet,02 - Stop sign,01 - Functioning,1,0,0,0,02 - Minor,1,,1,,,380738.7557,5034033.561,45.44210843,-75.52929159,9255
20--9893,2020/12/24,11:45 AM,RIVERSIDE DR @ TREMBLAY RD/HWY417 IC117 RAMP52 (0010790),10790,02 - Intersection related,03 - P.D. only,03 - Rear end,02 - Rain,01 - Daylight,02 - Wet,01 - Traffic signal,01 - Functioning,2,0,0,0,,0,,,,,370802.0817,5031015.905,45.41596563,-75.65669946,9256
20--9894,2020/12/24,Unknown,LONGFIELDS DR btwn HORNCHURCH LANE & CALAVERAS AVE (__4FPQNU),__4FPQNU,01 - Non intersection,03 - P.D. only,06 - SMV unattended vehicle,01 - Clear,00 - Unknown,01 - Dry,10 - No control,,1,0,0,0,,0,,,,,364335.8058,5015551.42,45.27739805,-75.74117209,9257
20--9895,2020/12/24,12:03 PM,HAZELDEAN RD @ TERRY FOX DR (0003682),3682,02 - Intersection related,03 - P.D. only,03 - Rear end,01 - Clear,01 - Daylight,03 - Loose snow,01 - Traffic signal,01 - Functioning,2,0,0,0,,0,,,,,352207.6127,5017242.455,45.29353684,-75.89558357,9258
20--9896,2020/12/24,12:13 PM,ST. JOSEPH BLVD btwn PLACE D'ORLEANS DR & ST. JOSEPH BLVD (__3ZA1U8),__3ZA1U8,04 - At/near private drive,03 - P.D. only,03 - Rear end,02 - Rain,01 - Daylight,02 - Wet,10 - No control,,2,0,0,0,,0,,,,,381728.6981,5037779.98,45.47570737,-75.51605309,9259
20--9897,2020/12/24,12:45 PM,CAMBRIAN RD @ CEDARVIEW RD (0001571),1571,02 - Intersection related,03 - P.D. only,05 - Turning movement,01 - Clear,01 - Daylight,02 - Wet,02 - Stop sign,01 - Functioning,2,0,0,0,,0,,,,,363002.6659,5011834.41,45.2440638,-75.75859794,9260
20--9898,2020/12/24,12:55 PM,CLEMENTINE BLVD @ HERON RD (0006858),6858,03 - At intersection,03 - P.D. only,03 - Rear end,02 - Rain,01 - Daylight,02 - Wet,01 - Traffic signal,01 - Functioning,3,0,0,0,,0,,,,,369547.7149,5026786.532,45.37802837,-75.67327978,9261
20--9899,2020/12/24,2:27 AM,MERIVALE RD @ ROSSLAND AVE (0001757),1757,03 - At intersection,02 - Non-fatal injury,05 - Turning movement,01 - Clear,07 - Dark,01 - Dry,02 - Stop sign,00 - Unknown,2,0,0,0,02 - Minor,3,,3,,,364673.6918,5024151.512,45.35475234,-75.73582644,9262
20--99,2020/01/04,1:45 PM,REGIONAL RD 174 WB btwn REGIONAL RD 174 & TRIM RD (__3ZA11L),__3ZA11L,01 - Non intersection,03 - P.D. only,99 - Other,01 - Clear,01 - Daylight,02 - Wet,10 - No control,,2,0,0,0,,0,,,,,384453.7682,5040060.622,45.49592085,-75.4808339,9263
20--990,2020/01/20,7:13 PM,DES PERES BLANCS AVE @ MARQUETTE AVE/LONGPRE ST (0010064),10064,03 - At intersection,03 - P.D. only,02 - Angle,01 - Clear,07 - Dark,03 - Loose snow,02 - Stop sign,01 - Functioning,2,0,0,0,,0,,,,,370177.7069,5033789.607,45.44098088,-75.66430795,9264
20--9900,2020/12/24,2:34 AM,CEDARWOOD DR btwn WALKLEY RD & BAYCREST DR (__3ZA9YT),__3ZA9YT,01 - Non intersection,03 - P.D. only,06 - SMV unattended vehicle,01 - Clear,07 - Dark,02 - Wet,10 - No control,,1,0,0,0,,0,,,,,371125.2074,5026686.287,45.37697885,-75.65315349,9265
20--9901,2020/12/24,2:43 AM,JOCKVALE RD @ STRANDHERD DR (0010541),10541,02 - Intersection related,02 - Non-fatal injury,07 - SMV other,01 - Clear,07 - Dark,01 - Dry,01 - Traffic signal,01 - Functioning,1,0,0,0,02 - Minor,1,,1,,,363560.9464,5014576.594,45.26869172,-75.75116276,9266
20--9902,2020/12/24,3:15 PM,PARKDALE AVE btwn GRANT ST & WELLINGTON ST W (__3ZA3ZQ),__3ZA3ZQ,01 - Non intersection,03 - P.D. only,03 - Rear end,01 - Clear,01 - Daylight,01 - Dry,10 - No control,,2,0,0,0,,0,,,,,365132.616,5029308.047,45.40111054,-75.72933963,9267
20--9903,2020/12/24,3:15 PM,CATHCART ST btwn SUSSEX DR & PARENT AVE (__3ZA7BD),__3ZA7BD,01 - Non intersection,03 - P.D. only,06 - SMV unattended vehicle,01 - Clear,01 - Daylight,01 - Dry,10 - No control,,1,0,0,0,,0,,,,,367496.7533,5032763.82,45.43199677,-75.6987045,9268
20--9904,2020/12/24,3:47 PM,INNES RD @ WILDFLOWER DR (0012871),12871,02 - Intersection related,03 - P.D. only,03 - Rear end,02 - Rain,01 - Daylight,02 - Wet,01 - Traffic signal,01 - Functioning,2,0,0,0,,0,,,,,382936.7591,5035690.546,45.45677435,-75.50093605,9269
20--9905,2020/12/24,4:37 PM,LESTER RD btwn ALBION RD & UPLANDS DR (__3ZA2SC),__3ZA2SC,01 - Non intersection,03 - P.D. only,07 - SMV other,02 - Rain,05 - Dusk,02 - Wet,10 - No control,,1,0,0,0,,0,,,,,372445.0204,5022152.501,45.3360593,-75.63692429,9270
20--9906,2020/12/24,4:50 PM,ISLAND PARK DR btwn CLEARVIEW AVE & OTTAWA RIVER PKWY (__3ZA23A),__3ZA23A,01 - Non intersection,03 - P.D. only,07 - SMV other,05 - Drifting Snow,05 - Dusk,02 - Wet,10 - No control,,1,0,0,0,,0,,,,,363477.9882,5029389.273,45.40198204,-75.75046356,9271
20--9907,2020/12/24,5:02 PM,INDUSTRIAL AVE @ RUSSELL RD (0007732),7732,03 - At intersection,02 - Non-fatal injury,05 - Turning movement,02 - Rain,07 - Dark,02 - Wet,01 - Traffic signal,01 - Functioning,2,0,0,0,02 - Minor,3,2,1,,,372465.7502,5030279.56,45.40918143,-75.63554646,9272
20--9908,2020/12/24,5:30 PM,WILLOWMERE WAY btwn FINDLAY CREEK DR & HAZELNUT CRES (__727TE0),__727TE0,01 - Non intersection,03 - P.D. only,06 - SMV unattended vehicle,02 - Rain,07 - Dark,02 - Wet,10 - No control,,1,0,0,0,,0,,,,,374164.662,5019353.81,45.3107098,-75.61537818,9273
20--9909,2020/12/24,5:34 PM,MONTREAL RD @ SINCLAIR ST (0008675),8675,02 - Intersection related,03 - P.D. only,04 - Sideswipe,02 - Rain,07 - Dark,02 - Wet,01 - Traffic signal,00 - Unknown,2,0,0,0,,0,,,,,375968.7223,5034756.581,45.44911559,-75.59015331,9274
20--991,2020/01/20,7:33 PM,HIGHWAY 417 btwn RAMP & HWY417 IC129 RAMP76 (__3ZA2X8),__3ZA2X8,01 - Non intersection,02 - Non-fatal injury,07 - SMV other,01 - Clear,07 - Dark,01 - Dry,10 - No control,,1,0,0,0,02 - Minor,1,,1,,,360005.1572,5023226.219,45.34680966,-75.79550997,9275
20--9910,2020/12/24,5:44 PM,LYON ST @ WELLINGTON ST (0002388),2388,03 - At intersection,03 - P.D. only,04 - Sideswipe,02 - Rain,07 - Dark,02 - Wet,01 - Traffic signal,01 - Functioning,2,0,0,0,,0,,,,,366935.8945,5031425.826,45.42000798,-75.70604065,9276
20--9911,2020/12/24,6:00 PM,FALLOWFIELD RD btwn WOODROFFE AVE & VIA PARK PL/275 W OF WOODROFFE AVE (__3ZA3IKD),__3ZA3IKD,04 - At/near private drive,03 - P.D. only,05 - Turning movement,02 - Rain,07 - Dark,02 - Wet,10 - No control,,2,0,0,0,,0,,,,,365029.8812,5017871.293,45.29821306,-75.73204474,9277
20--9912,2020/12/24,6:30 AM,TWIN ELM RD btwn CAMBRIAN RD & END (__3ZAB9F),__3ZAB9F,04 - At/near private drive,03 - P.D. only,02 - Angle,01 - Clear,07 - Dark,05 - Packed snow,10 - No control,,2,0,0,0,,0,,,,,359154.3151,5010457.632,45.23198297,-75.80776605,9278
20--9913,2020/12/24,6:45 PM,ALBERT ST @ BOOTH ST (0002162),2162,03 - At intersection,03 - P.D. only,05 - Turning movement,02 - Rain,07 - Dark,02 - Wet,01 - Traffic signal,01 - Functioning,2,0,0,0,,0,,,,,366428.6902,5030626.567,45.41286134,-75.71262094,9279
20--9914,2020/12/24,7:30 AM,MERIVALE RD btwn ROSSLAND AVE & EMERALD PLAZA SC (__3ZA4HZA),__3ZA4HZA,04 - At/near private drive,03 - P.D. only,05 - Turning movement,01 - Clear,03 - Dawn,01 - Dry,10 - No control,,2,0,0,0,,0,,,,,364495.7304,5015302.718,45.27514667,-75.73916382,9280
20--9915,2020/12/24,9:17 PM,HUNT CLUB RD @ RIVERSIDE DR (0002237),2237,02 - Intersection related,03 - P.D. only,05 - Turning movement,02 - Rain,07 - Dark,02 - Wet,01 - Traffic signal,01 - Functioning,2,0,0,0,,0,,,,,368036.6989,5021945.501,45.3346079,-75.69319025,9281
20--9916,2020/12/24,9:40 PM,MEADOWLANDS DR/TALLWOOD DR @ WOODROFFE AVE (0000095),95,02 - Intersection related,03 - P.D. only,02 - Angle,02 - Rain,07 - Dark,02 - Wet,01 - Traffic signal,01 - Functioning,2,0,0,0,,0,,,,,363056.6833,5022730.498,45.34210238,-75.7566301,9282
20--9917,2020/12/25,10:09 PM,BASELINE RD btwn MORLEY BLVD & PRINCE OF WALES DR (__3ZA4JU),__3ZA4JU,01 - Non intersection,03 - P.D. only,07 - SMV other,01 - Clear,07 - Dark,06 - Ice,10 - No control,,1,0,0,0,,0,,,,,366693.8294,5026356.014,45.37441259,-75.70976953,9283
20--9918,2020/12/25,10:19 PM,COVENTRY RD @ LOLA ST (0007175),7175,02 - Intersection related,03 - P.D. only,07 - SMV other,01 - Clear,07 - Dark,01 - Dry,01 - Traffic signal,01 - Functioning,1,0,0,0,,0,,,,,371263.7176,5031614.571,45.42130848,-75.65072109,9284
20--9919,2020/12/25,10:42 PM,STRANDHERD DR @ WOODROFFE AVE (0009688),9688,02 - Intersection related,03 - P.D. only,03 - Rear end,01 - Clear,07 - Dark,02 - Wet,01 - Traffic signal,01 - Functioning,2,0,0,0,,0,,,,,366106.1557,5015395.15,45.2758398,-75.71862905,9285
20--992,2020/01/20,7:35 AM,BRADLEY AVE @ ST. DENIS ST (0010050),10050,03 - At intersection,03 - P.D. only,02 - Angle,01 - Clear,03 - Dawn,03 - Loose snow,02 - Stop sign,01 - Functioning,2,0,0,0,,0,,,,,370418.7093,5033770.699,45.44078818,-75.66123018,9286
20--9920,2020/12/25,11:10 AM,BRONSON AVE btwn BREWER WAY & RIVERSIDE DR RAMPS 34B & 42A-3 (__3ZA3BR),__3ZA3BR,01 - Non intersection,02 - Non-fatal injury,03 - Rear end,02 - Rain,01 - Daylight,02 - Wet,10 - No control,,2,0,0,0,02 - Minor,2,,2,,,368113.6539,5027757.995,45.38690038,-75.6914639,9287
20--9921,2020/12/25,12:23 AM,RAMSAYVILLE RD btwn LOUISEIZE RD & NINTH LINE RD (__3ZBO25),__3ZBO25,01 - Non intersection,03 - P.D. only,07 - SMV other,"07 - Fog, mist, smoke, dust",07 - Dark,02 - Wet,10 - No control,,1,0,0,0,,0,,,,,379734.0146,5021444.596,45.32894941,-75.54404433,9288
20--9922,2020/12/25,2:20 AM,BARNSDALE RD btwn TWIN ELM RD & MOODIE DR (__3ZAB90),__3ZAB90,01 - Non intersection,03 - P.D. only,07 - SMV other,02 - Rain,07 - Dark,02 - Wet,10 - No control,,1,0,0,0,,0,,,,,361842.8638,5008815.028,45.21698993,-75.77371674,9289
20--9923,2020/12/25,2:29 AM,BRONSON AVE btwn FINDLAY AVE & BRONSON AVE SB OFF RAMP 34 (__3ZA3N5),__3ZA3N5,01 - Non intersection,03 - P.D. only,07 - SMV other,02 - Rain,07 - Dark,02 - Wet,10 - No control,,1,0,0,0,,0,,,,,367736.3777,5028616.885,45.39466244,-75.69617182,9290
20--9924,2020/12/25,2:35 PM,BASELINE RD @ GREENBANK RD (0002357),2357,02 - Intersection related,03 - P.D. only,03 - Rear end,04 - Freezing Rain,01 - Daylight,02 - Wet,01 - Traffic signal,01 - Functioning,2,0,0,0,,0,,,,,360597.6893,5022584.503,45.34098862,-75.78802145,9291
20--9925,2020/12/25,3:00 PM,PLEASANT PARK RD btwn ALTA VISTA DR & FAIRBANKS AVE (__3ZA9IM),__3ZA9IM,04 - At/near private drive,03 - P.D. only,06 - SMV unattended vehicle,03 - Snow,01 - Daylight,04 - Slush,10 - No control,,1,0,0,0,,0,,,,,370584.7902,5028491.089,45.39326877,-75.6598123,9292
20--9926,2020/12/25,3:04 PM,HIGHWAY 417 btwn HWY417 IC134 RAMP26 & HWY417 IC134 RAMP61 (__3ZAZEU),__3ZAZEU,01 - Non intersection,03 - P.D. only,04 - Sideswipe,01 - Clear,01 - Daylight,02 - Wet,10 - No control,,2,0,0,0,,0,,,,,356696.68,5022450.575,45.34008295,-75.83780892,9293
20--9927,2020/12/25,3:10 PM,HIGHWAY 417 btwn HWY417 IC144 RAMP51 & HWY417 IC144 RAMP35 (__3ZA2Q5),__3ZA2Q5,01 - Non intersection,03 - P.D. only,03 - Rear end,01 - Clear,01 - Daylight,01 - Dry,10 - No control,,2,0,0,0,,0,,,,,347229.7174,5015654.488,45.27956594,-75.95918132,9294
20--9928,2020/12/25,3:11 PM,GREENBANK RD @ WEST HUNT CLUB RD (0005167),5167,02 - Intersection related,02 - Non-fatal injury,03 - Rear end,02 - Rain,01 - Daylight,02 - Wet,01 - Traffic signal,01 - Functioning,2,0,0,0,01 - Minimal,2,2,,,,361479.6708,5020502.473,45.32218384,-75.77700667,9295
20--9929,2020/12/25,4:36 AM,PARKDALE AVE @ TYNDALL ST (0006515),6515,03 - At intersection,03 - P.D. only,07 - SMV other,02 - Rain,07 - Dark,02 - Wet,02 - Stop sign,01 - Functioning,1,0,0,0,,0,,,,,365263.695,5029013.558,45.39844949,-75.72770155,9296
20--993,2020/01/20,7:38 PM,CARLING AVE @ RICHARDSON SIDE RD (0011927),11927,03 - At intersection,03 - P.D. only,02 - Angle,01 - Clear,07 - Dark,01 - Dry,02 - Stop sign,01 - Functioning,2,0,0,0,,0,,,,,351834.6096,5022270.502,45.33880544,-75.89986147,9297
20--9930,2020/12/25,8:43 AM,HIGHWAY 417 btwn HWY417 IC104 RAMP15 & HWY417 IC96 RAMP51 (__3ZA2W4),__3ZA2W4,01 - Non intersection,03 - P.D. only,04 - Sideswipe,02 - Rain,01 - Daylight,02 - Wet,10 - No control,,2,0,0,0,,0,,,,,381022.807,5025691.986,45.36702599,-75.52695057,9298
20--9931,2020/12/25,9:05 AM,HIGHWAY 417 btwn HWY417 IC144 RAMP25 & HWY417 IC142 RAMP51 (__3ZA20J),__3ZA20J,01 - Non intersection,01 - Fatal injury,07 - SMV other,02 - Rain,01 - Daylight,02 - Wet,10 - No control,,1,0,0,0,04 - Fatal,1,,,,1,348374.8233,5016696.962,45.28887644,-75.94449467,9299
20--9932,2020/12/25,9:57 AM,DONALD B. MUNRO DR btwn JOHN SHAW RD & WILLIAM HODGINS LANE (__3ZACD8),__3ZACD8,01 - Non intersection,03 - P.D. only,07 - SMV other,01 - Clear,01 - Daylight,02 - Wet,10 - No control,,1,0,0,0,,0,,,,,334705.3867,5023961.424,45.35496043,-76.11831343,9300
20--9933,2020/12/26,1:24 AM,HIGHWAY 417 btwn HWY417 IC110 RAMP55 & HWY417 IC104 RAMP51 (__3ZA2W8),__3ZA2W8,01 - Non intersection,02 - Non-fatal injury,01 - Approaching,01 - Clear,07 - Dark,01 - Dry,10 - No control,,2,0,0,0,02 - Minor,4,,4,,,375827.2107,5028416.398,45.39208464,-75.59287623,9301
20--9934,2020/12/26,1:29 PM,MARCH RD btwn HALTON TERR/MAXWELL BRIDGE RD & MAXWELL RD (__3ZA2GD),__3ZA2GD,01 - Non intersection,03 - P.D. only,07 - SMV other,01 - Clear,01 - Daylight,02 - Wet,10 - No control,,1,0,0,0,,0,,,,,348537.7708,5024855.522,45.36227936,-75.94169678,9302
20--9935,2020/12/26,1:37 PM,CEDARWOOD DR @ WALKLEY RD (0002235),2235,02 - Intersection related,03 - P.D. only,04 - Sideswipe,03 - Snow,01 - Daylight,05 - Packed snow,01 - Traffic signal,01 - Functioning,2,0,0,0,,0,,,,,371194.7271,5026455.527,45.37489597,-75.65229698,9303
20--9936,2020/12/26,10:49 AM,ANDERSON RD @ INNES RD (0004200),4200,02 - Intersection related,03 - P.D. only,02 - Angle,06 - Strong wind,01 - Daylight,05 - Packed snow,01 - Traffic signal,01 - Functioning,3,0,0,0,,0,,,,,376280.7423,5031841.565,45.42285622,-75.5865881,9304
20--9937,2020/12/26,3:23 PM,FISHER AVE @ PRINCE OF WALES DR (0000572),572,02 - Intersection related,03 - P.D. only,07 - SMV other,01 - Clear,01 - Daylight,06 - Ice,01 - Traffic signal,01 - Functioning,1,0,0,0,,0,,,,,367161.7042,5023942.512,45.35265494,-75.70410109,9305
20--9938,2020/12/26,4:15 PM,CARLING AVE @ PARKDALE AVE (0008792),8792,02 - Intersection related,03 - P.D. only,03 - Rear end,01 - Clear,05 - Dusk,01 - Dry,01 - Traffic signal,01 - Functioning,2,0,0,0,,0,,,,,365625.983,5028172.866,45.39085375,-75.72317814,9306
20--9939,2020/12/26,4:20 AM,HIGHWAY 417 btwn HWY417 IC155 RAMP25 & RAMP (__3ZAZN1),__3ZAZN1,01 - Non intersection,03 - P.D. only,07 - SMV other,03 - Snow,07 - Dark,02 - Wet,10 - No control,,1,0,0,0,,0,,,,,344770.0521,5015009.057,45.27390222,-75.99058345,9307
20--994,2020/01/20,7:45 PM,HIGHWAY 417 btwn HWY417 IC130 RAMP26 & HIGHWAY 417 (__3ZA2UV),__3ZA2UV,01 - Non intersection,03 - P.D. only,03 - Rear end,05 - Drifting Snow,07 - Dark,03 - Loose snow,10 - No control,,2,0,0,0,,0,,,,,359589.0562,5023127.458,45.34595363,-75.8008305,9308