Anom_ID,Accident_Date,Accident_Time,Location,Geo_ID,Accident_Location,Classification_of_Accident,Initial_Impact_Type,Environment_Condition,Light,Road_Surface_Condition,Traffic_Control,Traffic_Control_Condition,No__of_Vehicles,No__of_Bicycles,No__of_Motorcycles,No__of_Pedestrians,Max_Injury,No__of_Injuries,No__of_Minimal,No__of_Minor,No__of_Major,No__of_Fatal,X,Y,Latitude,Longitude,ObjectId
20--9811,2020/12/21,5:17 PM,CARP RD/HWY 417 CARP IC144R63 @ HWY 417 CARP I (0001100),1100,02 - Intersection related,02 - Non-fatal injury,03 - Rear end,02 - Rain,07 - Dark,02 - Wet,01 - Traffic signal,01 - Functioning,3,0,0,0,02 - Minor,1,,1,,,347300.5789,5015926.437,45.28200876,-75.95825485,9473
20--9812,2020/12/21,5:26 PM,HUNT CLUB RD @ UPLANDS DR (0010844),10844,03 - At intersection,02 - Non-fatal injury,05 - Turning movement,01 - Clear,07 - Dark,02 - Wet,01 - Traffic signal,01 - Functioning,2,0,0,0,02 - Minor,1,,1,,,370156.7265,5023121.485,45.34499484,-75.66598923,9474
20--9813,2020/12/21,5:30 PM,INNES RD @ JEANNE D'ARC BLVD/MER BLEUE RD (0012475),12475,02 - Intersection related,03 - P.D. only,03 - Rear end,01 - Clear,07 - Dark,01 - Dry,01 - Traffic signal,01 - Functioning,2,0,0,0,,0,,,,,382637.744,5035567.544,45.45570106,-75.50477817,9475
20--9814,2020/12/21,5:30 PM,DONALD ST @ ST. LAURENT BLVD (0008630),8630,02 - Intersection related,02 - Non-fatal injury,03 - Rear end,01 - Clear,07 - Dark,01 - Dry,01 - Traffic signal,01 - Functioning,2,0,0,0,01 - Minimal,1,1,,,,372093.7137,5032472.586,45.42894915,-75.6399993,9476
20--9815,2020/12/21,5:35 PM,HIGHWAY 417 btwn HWY417 IC123 RAMP62 & HWY417 IC122 RAMP16 (__3ZA2R9),__3ZA2R9,01 - Non intersection,03 - P.D. only,03 - Rear end,02 - Rain,07 - Dark,02 - Wet,10 - No control,,3,0,0,0,,0,,,,,364871.8499,5028244.954,45.39156748,-75.73279969,9477
20--9816,2020/12/21,5:39 PM,HIGHWAY 417 btwn HWY417 IC127 RAMP16 & HWY417 IC127 RAMP63 (__3ZA2UP),__3ZA2UP,01 - Non intersection,03 - P.D. only,03 - Rear end,03 - Snow,07 - Dark,02 - Wet,10 - No control,,3,0,0,0,,0,,,,,362067.4894,5024812.142,45.36091433,-75.76901033,9478
20--9817,2020/12/21,6:06 PM,MONTREAL RD btwn OGILVIE RD & LAPORTE ST (__3ZA2D7),__3ZA2D7,01 - Non intersection,03 - P.D. only,04 - Sideswipe,01 - Clear,07 - Dark,02 - Wet,10 - No control,,2,0,0,0,,0,,,,,375663.4278,5034562.324,45.44739881,-75.59408379,9479
20--9818,2020/12/21,6:30 AM,SMYTH RD @ SMYTH RD NORTH SIDE RAMP/SMYTH RD S (0006582),6582,02 - Intersection related,03 - P.D. only,03 - Rear end,02 - Rain,07 - Dark,02 - Wet,03 - Yield sign,01 - Functioning,2,0,0,0,,0,,,,,369917.178,5029121.401,45.39900249,-75.66825478,9480
20--9236,2020/12/01,5:04 PM,INNES RD @ TENTH LINE RD (0004633),4633,02 - Intersection related,03 - P.D. only,03 - Rear end,02 - Rain,07 - Dark,02 - Wet,01 - Traffic signal,01 - Functioning,2,0,0,0,,0,,,,,383951.7629,5036159.557,45.46087985,-75.48788464,9481
20--9819,2020/12/21,6:39 PM,BANK ST btwn BLAIS RD & RIDEAU RD (__3ZA29L),__3ZA29L,04 - At/near private drive,02 - Non-fatal injury,07 - SMV other,"07 - Fog, mist, smoke, dust",07 - Dark,02 - Wet,10 - No control,,1,0,0,1,03 - Major,1,,,1,,376935.2606,5017890.279,45.29726244,-75.58026162,9482
20--982,2020/01/20,6:15 PM,MONTREAL RD btwn ST. LAURENT BLVD & HILLSIDE DR (__3ZA1MC),__3ZA1MC,04 - At/near private drive,03 - P.D. only,03 - Rear end,01 - Clear,07 - Dark,04 - Slush,10 - No control,,2,0,0,0,,0,,,,,371679.9541,5033882.278,45.44167259,-75.64509497,9483
20--9820,2020/12/21,7:23 AM,ENTERPRISE AVE btwn TRADE ST & MERIVALE RD (__3ZBPIL),__3ZBPIL,04 - At/near private drive,03 - P.D. only,05 - Turning movement,01 - Clear,03 - Dawn,04 - Slush,10 - No control,,2,0,0,0,,0,,,,,365755.7243,5021376.251,45.32968772,-75.72235958,9484
20--9821,2020/12/21,7:34 AM,WOODROFFE AVE btwn GEORGINA DR & HWY417 IC127 RAMP36 (__3ZA4L6),__3ZA4L6,01 - Non intersection,03 - P.D. only,05 - Turning movement,01 - Clear,03 - Dawn,02 - Wet,10 - No control,,2,0,0,0,,0,,,,,362028.7087,5025074.36,45.36327692,-75.76947494,9485
20--9822,2020/12/21,8:15 PM,CANAAN RD btwn REGIONAL ROAD 174 & WILHAVEN DR (__3ZA5F5),__3ZA5F5,01 - Non intersection,03 - P.D. only,07 - SMV other,01 - Clear,07 - Dark,01 - Dry,10 - No control,,1,0,0,0,,0,,,,,395923.5257,5043044.947,45.521366,-75.3335531,9486
20--9823,2020/12/21,8:54 AM,LEITRIM RD S @ RAMSAYVILLE RD (0013708),13708,02 - Intersection related,03 - P.D. only,07 - SMV other,01 - Clear,01 - Daylight,02 - Wet,02 - Stop sign,01 - Functioning,1,0,0,0,,0,,,,,378785.7671,5023729.505,45.3496084,-75.55579808,9487
20--9824,2020/12/21,9:41 PM,ALBION RD/COLLISTON CRES E @ WALKLEY RD (0011422),11422,03 - At intersection,02 - Non-fatal injury,07 - SMV other,02 - Rain,07 - Dark,02 - Wet,01 - Traffic signal,01 - Functioning,1,0,0,1,02 - Minor,1,,1,,,371033.7444,5026354.538,45.37400254,-75.65436566,9488
20--9825,2020/12/22,1:04 PM,PINECREST RD @ RICHMOND RD (0002353),2353,02 - Intersection related,03 - P.D. only,03 - Rear end,01 - Clear,01 - Daylight,01 - Dry,01 - Traffic signal,01 - Functioning,2,0,0,0,,0,,,,,360072.6728,5024471.505,45.35800941,-75.79450924,9489
20--9826,2020/12/22,1:35 PM,MEADOWLANDS DR btwn CLAYMOR AVE & DEBRA AVE (__3ZA3GTA),__3ZA3GTA,01 - Non intersection,03 - P.D. only,06 - SMV unattended vehicle,01 - Clear,01 - Daylight,02 - Wet,10 - No control,,1,0,0,0,,0,,,,,367174.1989,5025560.127,45.36720879,-75.7037375,9490
20--9827,2020/12/22,10:02 AM,BOOTH ST @ LOUISA ST (0006503),6503,02 - Intersection related,03 - P.D. only,04 - Sideswipe,02 - Rain,01 - Daylight,02 - Wet,02 - Stop sign,00 - Unknown,2,0,0,0,,0,,,,,366802.7062,5029770.558,45.40512617,-75.70795056,9491
20--9828,2020/12/22,10:21 AM,ST. JOSEPH BLVD btwn MAISONNEUVE ST & GABRIEL ST (__3ZA2AU),__3ZA2AU,04 - At/near private drive,03 - P.D. only,05 - Turning movement,03 - Snow,01 - Daylight,02 - Wet,10 - No control,,2,0,0,0,,0,,,,,381516.639,5037619.712,45.47428875,-75.51879004,9492
20--9829,2020/12/22,10:58 AM,TERRY FOX DR @ PALLADIUM DR/KATIMAVIK RD (0011858),11858,02 - Intersection related,03 - P.D. only,03 - Rear end,01 - Clear,01 - Daylight,01 - Dry,01 - Traffic signal,01 - Functioning,2,0,0,0,,0,,,,,351269.7203,5018181.757,45.30205159,-75.90745242,9493
20--983,2020/01/20,6:31 AM,PRINCE OF WALES DR btwn WATERBRIDGE DR & CRESTWAY DR (__3ZA294),__3ZA294,01 - Non intersection,03 - P.D. only,03 - Rear end,01 - Clear,07 - Dark,02 - Wet,10 - No control,,3,0,0,0,,0,,,,,367358.8015,5016445.454,45.28518,-75.70253273,9494
20--9830,2020/12/22,Unknown,FAIRLEA CRES btwn HEATHERINGTON RD & GORE PRIV (__3ZBORS),__3ZBORS,01 - Non intersection,03 - P.D. only,06 - SMV unattended vehicle,01 - Clear,00 - Unknown,02 - Wet,10 - No control,,1,0,0,0,,0,,,,,372077.4866,5026675.799,45.37679369,-75.64099749,9495
20--9831,2020/12/22,Unknown,GEORGE ST btwn SUSSEX DR & 26 W OF BYWARD MARKET/FREIMAN MALL (__3ZA40PA),__3ZA40PA,01 - Non intersection,03 - P.D. only,06 - SMV unattended vehicle,01 - Clear,00 - Unknown,01 - Dry,10 - No control,,1,0,0,0,,0,,,,,367903.1889,5032152.445,45.42645928,-75.69358891,9496
20--9832,2020/12/22,Unknown,PUTNEY CRES btwn BRIXTON WAY & FINSBURY AVE (e___2KRV),e___2KRV,01 - Non intersection,03 - P.D. only,06 - SMV unattended vehicle,01 - Clear,00 - Unknown,01 - Dry,10 - No control,,1,0,0,0,,0,,,,,352149.977,5014788.265,45.27145724,-75.89655252,9497
20--9833,2020/12/22,12:17 PM,BANK ST btwn RIVERSIDE DR & BILLINGS TRANSIT (__3ZA3NMA),__3ZA3NMA,04 - At/near private drive,03 - P.D. only,02 - Angle,01 - Clear,01 - Daylight,01 - Dry,10 - No control,,2,0,0,0,,0,,,,,369373.3158,5027820.065,45.38734387,-75.67537115,9498
20--9834,2020/12/22,12:30 PM,HIGHWAY 416 btwn HWY416 IC66 RAMP53 & HWY416 IC57 RAMP34 (__3ZAZLC),__3ZAZLC,01 - Non intersection,03 - P.D. only,04 - Sideswipe,01 - Clear,01 - Daylight,01 - Dry,10 - No control,,2,0,0,0,,0,,,,,360399.5945,5014192.765,45.26549502,-75.79149016,9499
20--9835,2020/12/22,2:29 PM,TERRY FOX DR btwn PALLADIUM DR & MAPLE GROVE RD (__3ZA3DN),__3ZA3DN,01 - Non intersection,02 - Non-fatal injury,03 - Rear end,01 - Clear,01 - Daylight,01 - Dry,10 - No control,,2,0,0,0,01 - Minimal,1,1,,,,351371.3875,5018072.101,45.30105814,-75.90616641,9500
20--9836,2020/12/22,2:40 PM,BANK ST @ POWELL AVE (0007236),7236,03 - At intersection,02 - Non-fatal injury,99 - Other,01 - Clear,01 - Daylight,01 - Dry,02 - Stop sign,01 - Functioning,2,0,0,0,02 - Minor,1,,1,,,368173.7,5029945.566,45.40657806,-75.69041614,9501
20--9837,2020/12/22,3:13 PM,REGENT ST btwn BANK ST & HOWICK PL (__3ZA91B),__3ZA91B,04 - At/near private drive,02 - Non-fatal injury,07 - SMV other,01 - Clear,01 - Daylight,01 - Dry,10 - No control,,1,0,0,1,01 - Minimal,1,1,,,,368451.7066,5029342.92,45.40113042,-75.68694282,9502
20--9838,2020/12/22,3:43 PM,CLYDE AVE btwn STARWOOD RD & LOTTA AVE (__3ZA4HC),__3ZA4HC,01 - Non intersection,02 - Non-fatal injury,03 - Rear end,01 - Clear,01 - Daylight,01 - Dry,10 - No control,,2,0,0,0,02 - Minor,1,,1,,,364483.8166,5024599.162,45.35879642,-75.73819557,9503
20--9839,2020/12/22,4:21 PM,WOODROFFE AVE btwn FALLOWFIELD RD & EARL MULLIGAN DR (__3ZA3IL),__3ZA3IL,01 - Non intersection,02 - Non-fatal injury,03 - Rear end,01 - Clear,05 - Dusk,02 - Wet,10 - No control,,2,0,0,0,02 - Minor,2,,2,,,365154.5867,5017737.712,45.2970004,-75.7304711,9504
20--984,2020/01/20,6:40 PM,RONDEL ST btwn INNES RD & ORIENT PARK DR (__3ZA7MJ),__3ZA7MJ,04 - At/near private drive,03 - P.D. only,06 - SMV unattended vehicle,03 - Snow,07 - Dark,05 - Packed snow,10 - No control,,1,0,0,0,,0,,,,,378854.8187,5033191.024,45.43472997,-75.55349695,9505
20--9840,2020/12/22,4:22 PM,BANK ST @ RIVERDALE AVE (0007210),7210,03 - At intersection,02 - Non-fatal injury,07 - SMV other,01 - Clear,05 - Dusk,01 - Dry,01 - Traffic signal,01 - Functioning,1,0,0,1,02 - Minor,1,,1,,,369077.5308,5028116.986,45.39004268,-75.67910938,9506
20--9841,2020/12/22,5:30 PM,BANK ST @ WALKLEY RD (0011423),11423,02 - Intersection related,03 - P.D. only,03 - Rear end,01 - Clear,07 - Dark,01 - Dry,01 - Traffic signal,01 - Functioning,2,0,0,0,,0,,,,,370337.8554,5025947.736,45.37040769,-75.66330339,9507
20--9842,2020/12/22,5:35 PM,STRANDHERD DR @ 210 W OF WOODROFFE AVE (0010890),10890,03 - At intersection,02 - Non-fatal injury,05 - Turning movement,01 - Clear,07 - Dark,01 - Dry,01 - Traffic signal,01 - Functioning,2,0,0,0,02 - Minor,1,,1,,,365924.3383,5015321.472,45.27519268,-75.72095524,9508
20--9843,2020/12/22,6:40 PM,AMESBROOKE DR @ MAITLAND AVE (0003216),3216,03 - At intersection,03 - P.D. only,02 - Angle,01 - Clear,07 - Dark,01 - Dry,02 - Stop sign,01 - Functioning,2,0,0,0,,0,,,,,363769.7047,5025177.5,45.36406066,-75.7472407,9509
20--9844,2020/12/22,7:12 PM,HWY 417 VANIER IC117R63 @ VANIER PKWY (0002101),2101,02 - Intersection related,03 - P.D. only,03 - Rear end,01 - Clear,07 - Dark,01 - Dry,01 - Traffic signal,01 - Functioning,2,0,0,0,,0,,,,,370799.7205,5031397.564,45.41939986,-75.6566785,9510
20--9845,2020/12/22,8:40 AM,RUSSELL RD @ TUPPER AVE (0007655),7655,02 - Intersection related,02 - Non-fatal injury,03 - Rear end,01 - Clear,01 - Daylight,02 - Wet,01 - Traffic signal,01 - Functioning,3,0,0,0,02 - Minor,2,,2,,,374256.7359,5028748.55,45.3952307,-75.61288434,9511
20--9846,2020/12/22,8:50 AM,SUSSEX DR @ JOHN ST (0007657),7657,02 - Intersection related,03 - P.D. only,02 - Angle,01 - Clear,01 - Daylight,01 - Dry,02 - Stop sign,01 - Functioning,2,0,0,0,,0,,,,,367860.8424,5033944.928,45.44259123,-75.69390041,9512
20--9847,2020/12/22,8:56 PM,MOODIE DR @ RICHMOND RD N (0001487),1487,03 - At intersection,02 - Non-fatal injury,02 - Angle,01 - Clear,07 - Dark,01 - Dry,02 - Stop sign,01 - Functioning,2,0,0,0,02 - Minor,1,,1,,,357393.6396,5019689.458,45.31518627,-75.82920978,9513
20--9848,2020/12/22,9:10 AM,BANK ST @ RIVERSIDE DR S (0002704),2704,03 - At intersection,03 - P.D. only,02 - Angle,01 - Clear,01 - Daylight,02 - Wet,01 - Traffic signal,01 - Functioning,2,0,0,0,,0,,,,,369304.7175,5027894.55,45.38802038,-75.67623735,9514
20--9849,2020/12/22,9:30 AM,PRINCE OF WALES DR @ WEST HUNT CLUB RD (0000567),567,02 - Intersection related,03 - P.D. only,02 - Angle,01 - Clear,01 - Daylight,02 - Wet,01 - Traffic signal,01 - Functioning,2,0,0,0,,0,,,,,367458.7163,5021891.493,45.3341738,-75.70057059,9515
20--985,2020/01/20,6:54 PM,WOODROFFE AVE btwn GRENFELL CRES & SLACK RD (__3ZA3IA),__3ZA3IA,04 - At/near private drive,03 - P.D. only,03 - Rear end,01 - Clear,07 - Dark,02 - Wet,10 - No control,,2,0,0,0,,0,,,,,364423.2836,5019528.781,45.31317879,-75.73957904,9516
20--9850,2020/12/22,9:46 AM,HWY 417 CASTLEFR IC139R61 @ KANATA AVE (0012625),12625,03 - At intersection,02 - Non-fatal injury,07 - SMV other,03 - Snow,01 - Daylight,02 - Wet,01 - Traffic signal,01 - Functioning,1,0,0,0,01 - Minimal,1,1,,,,351616.0492,5019224.812,45.31141426,-75.90293801,9517
20--9851,2020/12/22,9:46 AM,BRIDGE ST btwn MANOTICK MAIN ST & DICKINSON CIRC (__3ZA388),__3ZA388,04 - At/near private drive,03 - P.D. only,02 - Angle,01 - Clear,01 - Daylight,01 - Dry,10 - No control,,2,0,0,0,,0,,,,,368727.1825,5009962.579,45.22672456,-75.68592501,9518
20--9852,2020/12/22,9:50 AM,BLAIR RD @ REGIONAL RD 174 S/OR174 IC112 RAMP15 (0012435),12435,02 - Intersection related,03 - P.D. only,05 - Turning movement,01 - Clear,01 - Daylight,01 - Dry,01 - Traffic signal,01 - Functioning,2,0,0,0,,0,,,,,374907.8125,5032661.539,45.43037283,-75.6040131,9519
20--9853,2020/12/23,1:45 PM,CARLING AVE @ HOLLAND AVE (0002146),2146,03 - At intersection,03 - P.D. only,05 - Turning movement,01 - Clear,01 - Daylight,02 - Wet,01 - Traffic signal,01 - Functioning,2,0,0,0,,0,,,,,365416.6979,5028038.549,45.38966334,-75.72586722,9520
20--9854,2020/12/23,10:00 AM,WOODROFFE AVE btwn HWY417 IC127 RAMP63 & HWY417 IC127 RAMP35 (__3ZA25N),__3ZA25N,01 - Non intersection,03 - P.D. only,04 - Sideswipe,01 - Clear,01 - Daylight,02 - Wet,10 - No control,,2,0,0,0,,0,,,,,362111.0854,5024869.581,45.3614276,-75.76844723,9521
20--9855,2020/12/23,10:45 AM,CARP RD @ STITTSVILLE MAIN ST (0005253),5253,02 - Intersection related,03 - P.D. only,03 - Rear end,01 - Clear,01 - Daylight,02 - Wet,01 - Traffic signal,01 - Functioning,2,0,0,0,,0,,,,,349524.7828,5014330.196,45.26750724,-75.93004861,9522
20--9856,2020/12/23,10:51 AM,BANK ST @ HERON RD (0002155),2155,02 - Intersection related,03 - P.D. only,04 - Sideswipe,03 - Snow,01 - Daylight,03 - Loose snow,01 - Traffic signal,01 - Functioning,3,0,0,0,,0,,,,,369995.7211,5026851.541,45.37857176,-75.66755151,9523
20--9857,2020/12/23,11:43 PM,HIGHWAY 417 btwn HWY417 IC127 RAMP25 & HWY417 IC126 RAMP51 (__3ZA2XA),__3ZA2XA,01 - Non intersection,03 - P.D. only,07 - SMV other,01 - Clear,07 - Dark,01 - Dry,10 - No control,,1,0,0,0,,0,,,,,362821.999,5025370.146,45.36587316,-75.75931469,9524
20--9858,2020/12/23,11:49 AM,COLDREY AVE @ KIRKWOOD AVE (0006736),6736,02 - Intersection related,02 - Non-fatal injury,07 - SMV other,03 - Snow,01 - Daylight,03 - Loose snow,01 - Traffic signal,00 - Unknown,1,0,0,0,02 - Minor,1,,1,,,364438.6972,5027136.54,45.38163119,-75.73846509,9525
20--9859,2020/12/23,Unknown,O'CONNOR ST btwn COOPER ST & SOMERSET ST W (__3ZA34V),__3ZA34V,01 - Non intersection,03 - P.D. only,06 - SMV unattended vehicle,01 - Clear,00 - Unknown,01 - Dry,10 - No control,,1,0,0,0,,0,,,,,367813.8729,5031077.55,45.41679578,-75.69486767,9526
20--986,2020/01/20,6:57 PM,LISGAR ST btwn BANK ST & O'CONNOR ST (__3ZA9UO),__3ZA9UO,01 - Non intersection,03 - P.D. only,06 - SMV unattended vehicle,03 - Snow,07 - Dark,03 - Loose snow,10 - No control,,1,0,0,0,,0,,,,,367745.7118,5031149.355,45.41744799,-75.69572931,9527
20--9860,2020/12/23,Unknown,LINDENPARK PRIV btwn BREEZEHILL AVE S & APPLEGATE PRIV (__6ZTZDK),__6ZTZDK,01 - Non intersection,03 - P.D. only,06 - SMV unattended vehicle,01 - Clear,00 - Unknown,04 - Slush,10 - No control,,1,0,0,0,,0,,,,,366450.2527,5028846.124,45.39683949,-75.71256808,9528
20--9861,2020/12/23,12:00 PM,DUMAURIER AVE @ RICHMOND RD (0002679),2679,02 - Intersection related,03 - P.D. only,03 - Rear end,01 - Clear,01 - Daylight,01 - Dry,01 - Traffic signal,01 - Functioning,2,0,0,0,,0,,,,,359627.6674,5023735.511,45.35142188,-75.80027041,9529
20--9862,2020/12/23,12:00 PM,INDUSTRIAL AVE @ RIVERSIDE DR (0011905),11905,02 - Intersection related,03 - P.D. only,04 - Sideswipe,01 - Clear,01 - Daylight,04 - Slush,01 - Traffic signal,01 - Functioning,2,0,0,0,,0,,,,,370684.7218,5030592.548,45.41216749,-75.65825538,9530
20--9863,2020/12/23,12:07 PM,LAKESIDE AVE @ QUEEN ELIZABETH DRWY (0002625),2625,03 - At intersection,02 - Non-fatal injury,05 - Turning movement,03 - Snow,01 - Daylight,03 - Loose snow,02 - Stop sign,00 - Unknown,2,0,0,0,02 - Minor,1,,1,,,367455.792,5028711.425,45.39553824,-75.69974312,9531
20--9864,2020/12/23,2:00 PM,INNES RD btwn CYRVILLE RD & STONEHENGE CRES (__3ZA3RE),__3ZA3RE,01 - Non intersection,03 - P.D. only,04 - Sideswipe,01 - Clear,01 - Daylight,01 - Dry,10 - No control,,2,0,0,0,,0,,,,,375065.9984,5031132.043,45.41659539,-75.60220988,9532
20--9865,2020/12/23,2:18 PM,CHAMPLAIN ST @ JEANNE D'ARC BLVD (0004106),4106,02 - Intersection related,03 - P.D. only,03 - Rear end,01 - Clear,01 - Daylight,01 - Dry,01 - Traffic signal,01 - Functioning,2,0,0,0,,0,,,,,381379.7468,5038723.597,45.48423559,-75.52036853,9533
20--9866,2020/12/23,3:00 AM,HWY417 IC127 RAMP63 btwn HIGHWAY 417 & WOODROFFE AVE (__3ZAY81),__3ZAY81,01 - Non intersection,03 - P.D. only,03 - Rear end,01 - Clear,07 - Dark,01 - Dry,10 - No control,,2,0,0,0,,0,,,,,361950.257,5024873.985,45.36148036,-75.77049947,9534
20--9070,2020/11/26,10:10 AM,KILBORN AVE btwn ROONEY'S LANE & KILBORN PL (__3ZA5OM),__3ZA5OM,04 - At/near private drive,02 - Non-fatal injury,02 - Angle,01 - Clear,01 - Daylight,01 - Dry,10 - No control,,2,0,0,0,01 - Minimal,1,1,,,,369729.1948,5027563.758,45.38500481,-75.67086061,9535
20--9071,2020/11/26,10:25 PM,HERON RD btwn JEFFERSON ST & TURN LANE (__3ZA3BI),__3ZA3BI,01 - Non intersection,02 - Non-fatal injury,07 - SMV other,01 - Clear,07 - Dark,01 - Dry,10 - No control,,1,0,0,1,02 - Minor,1,,1,,,372018.7117,5027078.584,45.38042344,-75.64169301,9536
20--9699,2020/12/18,10:39 AM,BELISLE ST/DIEPPE ST @ MCARTHUR AVE (0009320),9320,03 - At intersection,03 - P.D. only,02 - Angle,01 - Clear,01 - Daylight,01 - Dry,02 - Stop sign,01 - Functioning,2,0,0,0,,0,,,,,371324.7138,5032811.558,45.43207264,-75.64978009,9537
20--9072,2020/11/26,10:45 AM,MAITLAND AVE/HWY 417 MAITLAND IC126R53 @ HWY 4 (0008229),8229,02 - Intersection related,03 - P.D. only,03 - Rear end,01 - Clear,01 - Daylight,02 - Wet,01 - Traffic signal,01 - Functioning,2,0,0,0,,0,,,,,363229.6844,5025774.526,45.36947785,-75.75406296,9538
20--9073,2020/11/26,11:15 PM,HIGHWAY 417 btwn HWY417 IC138 RAMP61 & HWY417 IC134 RAMP36 (__3ZA20I),__3ZA20I,01 - Non intersection,03 - P.D. only,07 - SMV other,"07 - Fog, mist, smoke, dust",07 - Dark,01 - Dry,10 - No control,,1,0,0,0,,0,,,,,355648.6501,5021839.041,45.33465704,-75.85124353,9539
20--97,2020/01/03,9:47 AM,RUSSELL RD @ SAND RD (0004679),4679,02 - Intersection related,02 - Non-fatal injury,07 - SMV other,01 - Clear,01 - Daylight,02 - Wet,02 - Stop sign,00 - Unknown,1,0,0,0,03 - Major,1,,,1,,391107.8364,5025920.482,45.36791253,-75.39818915,9540
20--9074,2020/11/26,11:50 AM,SMYTH RD E/LANCASTER RD @ ST. LAURENT BLVD N/R (0002256),2256,02 - Intersection related,03 - P.D. only,03 - Rear end,01 - Clear,01 - Daylight,01 - Dry,01 - Traffic signal,01 - Functioning,2,0,0,0,,0,,,,,373364.7263,5029424.553,45.40140098,-75.62418196,9541
20--9237,2020/12/01,5:09 PM,CARP RD @ MCGEE SIDE RD (0005760),5760,03 - At intersection,03 - P.D. only,05 - Turning movement,02 - Rain,07 - Dark,02 - Wet,02 - Stop sign,01 - Functioning,2,0,0,0,,0,,,,,344196.5569,5019441.492,45.31381947,-75.99754024,9542
20--970,2020/01/20,4:10 PM,LEITRIM RD btwn FENTON RD & BANK ST (__3ZA3SF),__3ZA3SF,01 - Non intersection,03 - P.D. only,03 - Rear end,01 - Clear,01 - Daylight,01 - Dry,10 - No control,,3,0,0,0,,0,,,,,374299.3418,5020933.846,45.32491308,-75.6134391,9543
20--9075,2020/11/26,12:15 PM,RUSSELL RD btwn HAIG DR & CUBA AVE (__3ZA786),__3ZA786,04 - At/near private drive,03 - P.D. only,02 - Angle,01 - Clear,01 - Daylight,04 - Slush,10 - No control,,2,0,0,0,,0,,,,,372935.3834,5029526.267,45.40235808,-75.62965152,9544
20--9076,2020/11/26,3:00 PM,KENMARE PL btwn CHATHAM GDN & END (__3ZA1R9),__3ZA1R9,01 - Non intersection,03 - P.D. only,07 - SMV other,03 - Snow,01 - Daylight,03 - Loose snow,10 - No control,,1,0,0,0,,0,,,,,361842.3656,5014952.115,45.27221218,-75.77301906,9545
20--9077,2020/11/26,3:00 PM,TERRY FOX DR S @ DIDSBURY RD/CENTRUM KANATA SC (0011820),11820,02 - Intersection related,03 - P.D. only,04 - Sideswipe,01 - Clear,01 - Daylight,01 - Dry,01 - Traffic signal,01 - Functioning,2,0,0,0,,0,,,,,350623.4807,5018915.731,45.30869854,-75.9156245,9546
20--9078,2020/11/26,3:37 PM,BASELINE RD @ CLYDE AVE (0002343),2343,02 - Intersection related,03 - P.D. only,03 - Rear end,02 - Rain,01 - Daylight,02 - Wet,01 - Traffic signal,01 - Functioning,3,0,0,0,,0,,,,,364358.7083,5024890.5,45.36142848,-75.73975721,9547
20--9079,2020/11/26,4:00 PM,HIGHWAY 417 btwn HWY417 IC122 RAMP16 & HWY417 IC122 RAMP61 (__3ZA2RA),__3ZA2RA,01 - Non intersection,03 - P.D. only,04 - Sideswipe,"07 - Fog, mist, smoke, dust",01 - Daylight,02 - Wet,10 - No control,,2,0,0,0,,0,,,,,365231.9019,5028821.196,45.3967214,-75.72813117,9548
20--908,2020/01/19,3:30 PM,SECOND AVE btwn LYON ST S & BANK ST (__3ZA92B),__3ZA92B,01 - Non intersection,03 - P.D. only,01 - Approaching,01 - Clear,01 - Daylight,03 - Loose snow,10 - No control,,2,0,0,0,,0,,,,,368114.2156,5029514.031,45.40270062,-75.69123137,9549
20--9080,2020/11/26,4:06 PM,EDGEWATER ST btwn TERRY FOX DR & HAZELDEAN RD (__3ZBNCU),__3ZBNCU,04 - At/near private drive,03 - P.D. only,06 - SMV unattended vehicle,01 - Clear,01 - Daylight,02 - Wet,10 - No control,,1,0,0,0,,0,,,,,352113.7688,5017535.988,45.29618445,-75.89675195,9550
20--9081,2020/11/26,4:25 PM,BLAIR RD @ OGILVIE RD (0004120),4120,02 - Intersection related,03 - P.D. only,03 - Rear end,02 - Rain,05 - Dusk,02 - Wet,01 - Traffic signal,01 - Functioning,2,0,0,0,,0,,,,,374507.7182,5033198.574,45.43524477,-75.6090497,9551
20--9082,2020/11/26,4:30 PM,WEST HUNT CLUB RD @ 545 E OF ROYDON PL/SUNDERLAND ST (0010375),10375,02 - Intersection related,03 - P.D. only,03 - Rear end,02 - Rain,05 - Dusk,02 - Wet,01 - Traffic signal,01 - Functioning,2,0,0,0,,0,,,,,366352.7024,5022407.507,45.3389147,-75.71461611,9552
20--9083,2020/11/26,4:37 PM,AVIATION PKWY @ OGILVIE RD (0004114),4114,02 - Intersection related,03 - P.D. only,02 - Angle,02 - Rain,05 - Dusk,02 - Wet,01 - Traffic signal,01 - Functioning,2,0,0,0,,0,,,,,373110.707,5032376.585,45.42798679,-75.62701715,9553
20--9084,2020/11/26,5:11 PM,WOODROFFE AVE @ HWY 417 WOODROFF IC127R26/HWY4 (0002355),2355,02 - Intersection related,03 - P.D. only,03 - Rear end,"07 - Fog, mist, smoke, dust",07 - Dark,02 - Wet,01 - Traffic signal,01 - Functioning,2,0,0,0,,0,,,,,362082.6877,5024939.513,45.36205917,-75.76880158,9554