Anom_ID,Accident_Date,Accident_Time,Location,Geo_ID,Accident_Location,Classification_of_Accident,Initial_Impact_Type,Environment_Condition,Light,Road_Surface_Condition,Traffic_Control,Traffic_Control_Condition,No__of_Vehicles,No__of_Bicycles,No__of_Motorcycles,No__of_Pedestrians,Max_Injury,No__of_Injuries,No__of_Minimal,No__of_Minor,No__of_Major,No__of_Fatal,X,Y,Latitude,Longitude,ObjectId
20--9085,2020/11/26,5:15 PM,MELROSE AVE btwn GLADSTONE AVE & END (__3ZA4AX),__3ZA4AX,01 - Non intersection,03 - P.D. only,06 - SMV unattended vehicle,02 - Rain,07 - Dark,02 - Wet,10 - No control,,1,0,0,0,,0,,,,,365595.062,5029262.808,45.40066349,-75.72343869,9555
20--9086,2020/11/26,5:36 PM,MAITLAND AVE btwn TARA DR & ERINDALE DR (__3ZA4I7),__3ZA4I7,01 - Non intersection,03 - P.D. only,03 - Rear end,"07 - Fog, mist, smoke, dust",07 - Dark,02 - Wet,10 - No control,,2,0,0,0,,0,,,,,363688.2214,5025218.364,45.3644352,-75.74827589,9556
20--9087,2020/11/26,5:45 PM,HARPER AVE btwn WILBURY RD & END (__3ZA1HB),__3ZA1HB,01 - Non intersection,03 - P.D. only,06 - SMV unattended vehicle,01 - Clear,07 - Dark,01 - Dry,10 - No control,,1,0,0,0,,0,,,,,373960.6631,5032690.766,45.4307301,-75.61611223,9557
20--9088,2020/11/26,7:15 PM,HAWTHORNE AVE/ISABELLA ST @ QUEEN ELIZABETH DR (0002105),2105,02 - Intersection related,03 - P.D. only,03 - Rear end,02 - Rain,07 - Dark,02 - Wet,01 - Traffic signal,01 - Functioning,2,0,0,0,,0,,,,,368665.6995,5030476.574,45.41131117,-75.68406281,9558
20--942,2020/01/20,11:30 AM,FISHER AVE @ DEER PARK RD/DYNES RD (0002341),2341,02 - Intersection related,03 - P.D. only,03 - Rear end,01 - Clear,01 - Daylight,02 - Wet,01 - Traffic signal,01 - Functioning,2,0,0,0,,0,,,,,366407.7005,5025455.518,45.36633533,-75.71353465,9559
20--9089,2020/11/26,7:35 AM,AVIATION PKWY @ MONTREAL RD (0008799),8799,02 - Intersection related,03 - P.D. only,03 - Rear end,02 - Rain,03 - Dawn,02 - Wet,01 - Traffic signal,01 - Functioning,2,0,0,0,,0,,,,,372146.7009,5034108.585,45.44366398,-75.6390984,9560
20--909,2020/01/19,3:47 PM,RICHMOND RD btwn PERTH ST & CAMBRIAN RD (__3ZAB98),__3ZAB98,01 - Non intersection,03 - P.D. only,07 - SMV other,01 - Clear,01 - Daylight,05 - Packed snow,10 - No control,,1,0,0,0,,0,,,,,359061.1555,5009163.227,45.22034282,-75.80909352,9561
20--9090,2020/11/26,8:37 PM,BASELINE RD @ CLYDE AVE (0002343),2343,03 - At intersection,02 - Non-fatal injury,07 - SMV other,"07 - Fog, mist, smoke, dust",07 - Dark,02 - Wet,01 - Traffic signal,01 - Functioning,1,0,0,1,01 - Minimal,1,1,,,,364359.0228,5024889.551,45.36141991,-75.73975331,9562
20--9091,2020/11/26,9:13 AM,HIGHWAY 417 btwn HWY417 IC134 RAMP36 & HWY417 IC134 RAMP26 (__3ZA29C),__3ZA29C,01 - Non intersection,03 - P.D. only,04 - Sideswipe,02 - Rain,01 - Daylight,02 - Wet,10 - No control,,2,0,0,0,,0,,,,,356357.3359,5022256.077,45.33835786,-75.84215886,9563
20--9092,2020/11/26,9:17 AM,HWY417 IC134 RAMP25 btwn MOODIE DR & HIGHWAY 417 (__3ZAY5K),__3ZAY5K,01 - Non intersection,03 - P.D. only,07 - SMV other,02 - Rain,01 - Daylight,02 - Wet,10 - No control,,1,0,0,0,,0,,,,,356478.7571,5022036.582,45.33637389,-75.84063262,9564
20--9093,2020/11/26,9:19 AM,DECOEUR DR/SOUTHFIELD WAY @ TENTH LINE RD (0013515),13515,03 - At intersection,02 - Non-fatal injury,07 - SMV other,02 - Rain,01 - Daylight,02 - Wet,01 - Traffic signal,01 - Functioning,1,0,0,1,02 - Minor,1,,1,,,384551.517,5034726.576,45.447919,-75.48044916,9565
20--9094,2020/11/26,9:33 AM,DWYER HILL RD btwn FLOOD RD & GILROY RD (__3ZA4ZW),__3ZA4ZW,01 - Non intersection,02 - Non-fatal injury,07 - SMV other,01 - Clear,01 - Daylight,02 - Wet,10 - No control,,1,0,0,0,01 - Minimal,1,1,,,,357094.6777,4986061.276,45.01261013,-75.8365443,9566
20--9095,2020/11/27,1:45 PM,CONROY RD @ HUNT CLUB RD (0002257),2257,02 - Intersection related,03 - P.D. only,03 - Rear end,01 - Clear,01 - Daylight,02 - Wet,01 - Traffic signal,01 - Functioning,2,0,0,0,,0,,,,,373763.7358,5025404.515,45.36519128,-75.61964738,9567
20--9096,2020/11/27,10:17 AM,ALPINE AVE @ CARLING AVE (0011382),11382,03 - At intersection,02 - Non-fatal injury,05 - Turning movement,01 - Clear,01 - Daylight,02 - Wet,01 - Traffic signal,01 - Functioning,2,0,0,0,02 - Minor,3,,3,,,360496.6767,5024942.521,45.36221404,-75.78904467,9568
20--9097,2020/11/27,10:37 AM,KINBURN SIDE RD btwn STONECREST RD & TORBOLTON RIDGE RD (__3ZA4Q7),__3ZA4Q7,01 - Non intersection,02 - Non-fatal injury,07 - SMV other,"07 - Fog, mist, smoke, dust",01 - Daylight,02 - Wet,10 - No control,,1,0,0,0,02 - Minor,1,,1,,,334984.9452,5033129.712,45.43744833,-76.11418446,9569
20--9098,2020/11/27,10:42 AM,INNES RD @ TENTH LINE RD (0004633),4633,02 - Intersection related,03 - P.D. only,03 - Rear end,01 - Clear,01 - Daylight,02 - Wet,01 - Traffic signal,01 - Functioning,2,0,0,0,,0,,,,,383951.7447,5036159.567,45.46087994,-75.48788487,9570
20--9099,2020/11/27,10:52 AM,GEORGE ST btwn WILLIAM ST & DALHOUSIE ST (__3ZA8Z1),__3ZA8Z1,01 - Non intersection,03 - P.D. only,07 - SMV other,01 - Clear,01 - Daylight,02 - Wet,10 - No control,,1,0,0,0,,0,,,,,368115.8284,5032288.421,45.42766353,-75.69085433,9571
20--91,2020/01/03,8:20 AM,MONTREAL RD @ VANIER PKWY (0004630),4630,02 - Intersection related,03 - P.D. only,04 - Sideswipe,01 - Clear,01 - Daylight,04 - Slush,01 - Traffic signal,01 - Functioning,2,0,0,0,,0,,,,,370072.6995,5033065.601,45.43447639,-75.66574607,9572
20--910,2020/01/19,4:06 AM,REGIONAL ROAD 174 btwn OR174 IC102 RAMP15 & OR174 IC101 RAMP63 (__3ZA11S),__3ZA11S,01 - Non intersection,03 - P.D. only,07 - SMV other,03 - Snow,07 - Dark,04 - Slush,10 - No control,,1,0,0,0,,0,,,,,382609.5313,5038810.867,45.48488478,-75.50462529,9573
20--9100,2020/11/27,11:24 PM,RIVERSIDE DR @ HERON RD (0002236),2236,03 - At intersection,02 - Non-fatal injury,07 - SMV other,01 - Clear,07 - Dark,02 - Wet,01 - Traffic signal,01 - Functioning,1,0,0,0,02 - Minor,2,,2,,,368121.1027,5026647.228,45.37690533,-75.69151126,9574
20--9101,2020/11/27,12:00 PM,MERIVALE RD @ SLACK RD (0000110),110,02 - Intersection related,03 - P.D. only,04 - Sideswipe,01 - Clear,01 - Daylight,02 - Wet,01 - Traffic signal,01 - Functioning,2,0,0,0,,0,,,,,366019.7095,5020955.496,45.32587884,-75.71904414,9575
20--9102,2020/11/27,12:07 AM,REGIONAL ROAD 174 btwn OR174 IC105 RAMP63 & OR174 IC102 RAMP36 (__3ZA27F),__3ZA27F,01 - Non intersection,03 - P.D. only,07 - SMV other,"07 - Fog, mist, smoke, dust",07 - Dark,02 - Wet,10 - No control,,1,0,0,0,,0,,,,,380664.6653,5037742.435,45.47548599,-75.52966629,9576
20--9103,2020/11/27,12:35 PM,RIVERSIDE DR @ SMYTH RD NORTH SIDE RAMP (0011479),11479,03 - At intersection,02 - Non-fatal injury,05 - Turning movement,01 - Clear,01 - Daylight,02 - Wet,01 - Traffic signal,01 - Functioning,2,0,0,0,02 - Minor,2,,2,,,369937.5678,5029316.738,45.40075817,-75.66796857,9577
20--9104,2020/11/27,12:36 PM,MAITLAND AVE/HWY 417 MAITLAND IC126R53 @ HWY 4 (0008229),8229,02 - Intersection related,02 - Non-fatal injury,03 - Rear end,01 - Clear,01 - Daylight,02 - Wet,01 - Traffic signal,01 - Functioning,2,0,0,0,01 - Minimal,1,1,,,,363229.6794,5025774.521,45.36947781,-75.75406303,9578
20--9105,2020/11/27,12:43 PM,8TH LINE RD @ PARKWAY RD (0001611),1611,03 - At intersection,03 - P.D. only,02 - Angle,01 - Clear,01 - Daylight,02 - Wet,02 - Stop sign,01 - Functioning,2,0,0,0,,0,,,,,383165.7883,5016891.459,45.28760837,-75.50099066,9579
20--9106,2020/11/27,2:00 AM,HIGHWAY 417 btwn HWY417 IC117 RAMP51 & HWY417 IC117 RAMP35 (__3ZA2YN),__3ZA2YN,01 - Non intersection,03 - P.D. only,07 - SMV other,01 - Clear,07 - Dark,01 - Dry,10 - No control,,1,0,0,0,,0,,,,,370631.4612,5031160.261,45.41728056,-75.65885993,9580
20--9107,2020/11/27,2:06 PM,ST. JOSEPH BLVD btwn MARENGER ST & JEANNE D'ARC BLVD S (__3ZA2BS),__3ZA2BS,04 - At/near private drive,03 - P.D. only,02 - Angle,01 - Clear,01 - Daylight,01 - Dry,10 - No control,,2,0,0,0,,0,,,,,379764.0698,5036409.732,45.46359263,-75.54138687,9581
20--9108,2020/11/27,2:10 PM,KAYBURN AVE @ LYALL ST (0001348),1348,03 - At intersection,03 - P.D. only,02 - Angle,01 - Clear,01 - Daylight,01 - Dry,02 - Stop sign,01 - Functioning,2,0,0,0,,0,,,,,365573.6918,5025345.543,45.3654186,-75.72419389,9582
20--9109,2020/11/27,2:54 PM,INDUSTRIAL AVE @ RIVERSIDE DR (0011905),11905,02 - Intersection related,03 - P.D. only,04 - Sideswipe,01 - Clear,01 - Daylight,02 - Wet,01 - Traffic signal,01 - Functioning,2,0,0,0,,0,,,,,370684.7145,5030592.543,45.41216745,-75.65825548,9583
20--911,2020/01/19,4:06 PM,INNES RD @ ORCHARDVIEW AVE/ESPRIT DR (0012279),12279,02 - Intersection related,02 - Non-fatal injury,07 - SMV other,01 - Clear,01 - Daylight,06 - Ice,01 - Traffic signal,01 - Functioning,1,0,0,0,01 - Minimal,1,1,,,,384844.7539,5036560.561,45.46438597,-75.47640248,9584
20--9110,2020/11/27,3:41 PM,EAGLESON RD @ FAULKNER TR (0000119),119,02 - Intersection related,03 - P.D. only,07 - SMV other,01 - Clear,01 - Daylight,02 - Wet,02 - Stop sign,01 - Functioning,1,0,0,0,,0,,,,,355544.6298,5013684.418,45.26128781,-75.85340512,9585
20--9111,2020/11/27,3:51 PM,SHAKESPEARE ST btwn STE. ANNE ST & GRANVILLE ST (__3ZA8XL),__3ZA8XL,01 - Non intersection,03 - P.D. only,03 - Rear end,01 - Clear,01 - Daylight,02 - Wet,10 - No control,,2,0,0,0,,0,,,,,370763.9328,5033666.917,45.4398219,-75.65683176,9586
20--9112,2020/11/27,4:20 PM,HIGHWAY 417 btwn HWY417 IC118 RAMP67 & HWY417 IC117 RAMP36 (__3ZA2YO),__3ZA2YO,01 - Non intersection,03 - P.D. only,03 - Rear end,01 - Clear,01 - Daylight,01 - Dry,10 - No control,,2,0,0,0,,0,,,,,369768.4683,5031157.69,45.41733809,-75.66988571,9587
20--9113,2020/11/27,4:25 PM,HIGHWAY 417 btwn HWY417 IC117 RAMP25 & HWY417 IC115 RAMP51 (__3ZA2R3),__3ZA2R3,01 - Non intersection,03 - P.D. only,03 - Rear end,01 - Clear,05 - Dusk,02 - Wet,10 - No control,,2,0,0,0,,0,,,,,371645.8176,5031410.761,45.41943828,-75.64586678,9588
20--9114,2020/11/27,4:42 PM,HIGHWAY 417 btwn HWY417 IC117 RAMP61 & HWY417 IC115 RAMP36 (__3ZA2RZ),__3ZA2RZ,01 - Non intersection,03 - P.D. only,07 - SMV other,02 - Rain,05 - Dusk,02 - Wet,10 - No control,,1,0,0,0,,0,,,,,371941.9657,5031464.593,45.41989428,-75.64207579,9589
20--9115,2020/11/27,4:49 PM,BYRON AVE @ ISLAND PARK DR (0006365),6365,02 - Intersection related,03 - P.D. only,03 - Rear end,01 - Clear,05 - Dusk,02 - Wet,01 - Traffic signal,01 - Functioning,2,0,0,0,,0,,,,,364255.6874,5028603.557,45.39484671,-75.74062503,9590
20--9116,2020/11/27,4:50 PM,NAVAN RD @ TENTH LINE RD (0004718),4718,02 - Intersection related,03 - P.D. only,03 - Rear end,01 - Clear,05 - Dusk,02 - Wet,01 - Traffic signal,01 - Functioning,2,0,0,0,,0,,,,,385757.7863,5031832.535,45.42174244,-75.46550651,9591
20--9117,2020/11/27,5:00 PM,BEATRICE DR @ STRANDHERD DR (0005447),5447,02 - Intersection related,03 - P.D. only,03 - Rear end,01 - Clear,05 - Dusk,01 - Dry,01 - Traffic signal,01 - Functioning,2,0,0,0,,0,,,,,365527.3769,5015321.479,45.27522714,-75.72601414,9592
20--9118,2020/11/27,5:03 PM,ROBERTSON RD btwn HAANEL DR & MILL HILL RD (__3ZA41V),__3ZA41V,01 - Non intersection,03 - P.D. only,04 - Sideswipe,01 - Clear,05 - Dusk,01 - Dry,10 - No control,,2,0,0,0,,0,,,,,355032.7701,5019228.502,45.31121138,-75.8593656,9593
20--9119,2020/11/27,5:03 PM,HIGHWAY 417 btwn HWY417 IC117 RAMP61 & HWY417 IC115 RAMP36 (__3ZA2RZ),__3ZA2RZ,01 - Non intersection,03 - P.D. only,03 - Rear end,01 - Clear,05 - Dusk,02 - Wet,10 - No control,,3,0,0,0,,0,,,,,371448.0187,5031409.281,45.41944383,-75.64839411,9594
20--912,2020/01/19,4:25 PM,"MCARTHUR AVE @ EGLISE, RUE DE L/MOORVALE ST (0007763)",7763,02 - Intersection related,03 - P.D. only,03 - Rear end,01 - Clear,01 - Daylight,01 - Dry,01 - Traffic signal,01 - Functioning,2,0,0,0,,0,,,,,371445.7138,5032824.576,45.43217825,-75.64823205,9595
20--9120,2020/11/27,5:10 PM,RICHMOND RD @ STONEHAVEN DR (0010370),10370,02 - Intersection related,03 - P.D. only,03 - Rear end,01 - Clear,07 - Dark,02 - Wet,11 - Roundabout,01 - Functioning,2,0,0,0,,0,,,,,356781.6437,5015891.427,45.28105659,-75.83741293,9596
20--9121,2020/11/27,5:23 PM,INNES RD btwn STAR TOP RD & HWY417 IC112 RAMP55 (__3ZAZPO),__3ZAZPO,01 - Non intersection,03 - P.D. only,04 - Sideswipe,01 - Clear,07 - Dark,01 - Dry,10 - No control,,2,0,0,0,,0,,,,,374159.7119,5030674.76,45.41257141,-75.61385247,9597
20--9122,2020/11/27,5:25 PM,EAGLESON RD btwn EAGLESON BUSINESS CENTRE & MICHAEL COWPLAND DR/STONEH (__3ZA41JB),__3ZA41JB,01 - Non intersection,03 - P.D. only,03 - Rear end,01 - Clear,07 - Dark,02 - Wet,10 - No control,,4,0,0,0,,0,,,,,354343.0466,5016724.742,45.28873103,-75.86841151,9598
20--9123,2020/11/27,5:30 PM,HIGHWAY 417 btwn HWY417 IC120B RAMP36 & HWY417 IC119B RAMP76 (__3ZA2YU),__3ZA2YU,01 - Non intersection,03 - P.D. only,03 - Rear end,01 - Clear,07 - Dark,01 - Dry,10 - No control,,2,0,0,0,,0,,,,,368037.4026,5030188.078,45.40877243,-75.69212602,9599
20--9124,2020/11/27,5:40 PM,GREENBANK RD btwn HARRISON ST & BANNER RD (__3ZBOCZ),__3ZBOCZ,01 - Non intersection,03 - P.D. only,04 - Sideswipe,01 - Clear,07 - Dark,02 - Wet,10 - No control,,2,0,0,0,,0,,,,,360983.455,5021659.198,45.33263195,-75.78320452,9600
20--9125,2020/11/27,5:45 PM,HIGHWAY 417 btwn HWY417 IC118 RAMP57 & HWY417 IC118 RAMP35 (__3ZA2YQ),__3ZA2YQ,01 - Non intersection,03 - P.D. only,03 - Rear end,01 - Clear,07 - Dark,02 - Wet,10 - No control,,2,0,0,0,,0,,,,,369133.9169,5030819.248,45.41435155,-75.67803683,9601
20--9126,2020/11/27,6:07 AM,ROGER STEVENS DR btwn MONTAGUE BOUNDARY RD & MCKENNA RD (__3ZA427),__3ZA427,01 - Non intersection,03 - P.D. only,07 - SMV other,"07 - Fog, mist, smoke, dust",07 - Dark,06 - Ice,10 - No control,,1,0,0,0,,0,,,,,352384.5846,4987663.24,45.02735722,-75.89614564,9602
20--9127,2020/11/27,6:48 PM,MOODIE DR @ ROBERTSON RD (0010545),10545,02 - Intersection related,03 - P.D. only,07 - SMV other,01 - Clear,07 - Dark,04 - Slush,01 - Traffic signal,01 - Functioning,1,0,0,0,,0,,,,,357066.6475,5020455.475,45.32210339,-75.83329919,9603
20--9128,2020/11/27,7:00 AM,HIGHWAY 417 btwn HWY417 IC121A RAMP16 & HWY417 IC121A RAMP61 (__3ZA2YY),__3ZA2YY,01 - Non intersection,02 - Non-fatal injury,04 - Sideswipe,01 - Clear,03 - Dawn,02 - Wet,10 - No control,,3,0,0,0,02 - Minor,1,,1,,,367161.5162,5029719.287,45.40463298,-75.70337389,9604
20--9129,2020/11/27,7:25 PM,HORNCHURCH LANE @ OAKWELL DR (0013999),13999,03 - At intersection,02 - Non-fatal injury,07 - SMV other,02 - Rain,07 - Dark,02 - Wet,02 - Stop sign,00 - Unknown,1,0,0,1,01 - Minimal,1,1,,,,364216.511,5015501.42,45.27695824,-75.74269844,9605
20--913,2020/01/19,4:42 PM,CARLING AVE @ CONNAUGHT AVE (0002143),2143,03 - At intersection,03 - P.D. only,02 - Angle,01 - Clear,05 - Dusk,06 - Ice,01 - Traffic signal,01 - Functioning,2,0,0,0,,0,,,,,360770.679,5025117.512,45.36376677,-75.78552754,9606
20--9130,2020/11/27,8:30 PM,VIEWMOUNT DR btwn MERIVALE RD & GRANT CARMAN DR (__3ZA0AL),__3ZA0AL,04 - At/near private drive,03 - P.D. only,02 - Angle,01 - Clear,07 - Dark,02 - Wet,10 - No control,,2,0,0,0,,0,,,,,365281.491,5023001.234,45.34435014,-75.72821043,9607
20--9131,2020/11/27,8:30 PM,CENTREPOINTE DR btwn PINETRAIL CRES & PINETRAIL CRES (__3ZA0F9),__3ZA0F9,04 - At/near private drive,03 - P.D. only,02 - Angle,01 - Clear,07 - Dark,02 - Wet,10 - No control,,2,0,0,0,,0,,,,,362636.7039,5022370.293,45.33889603,-75.7620308,9608
20--9132,2020/11/27,8:35 PM,CRESTHAVEN DR @ STRANDHERD DR (0010929),10929,03 - At intersection,03 - P.D. only,05 - Turning movement,01 - Clear,07 - Dark,02 - Wet,01 - Traffic signal,01 - Functioning,2,0,0,0,,0,,,,,366813.9085,5015028.074,45.27247481,-75.70965517,9609
20--9133,2020/11/27,9:36 PM,KENT ST @ WELLINGTON ST (0002040),2040,02 - Intersection related,03 - P.D. only,02 - Angle,01 - Clear,07 - Dark,02 - Wet,01 - Traffic signal,01 - Functioning,2,0,0,0,,0,,,,,367097.6961,5031526.582,45.42090016,-75.70396064,9610
20--9134,2020/11/28,1:27 PM,ISLAND PARK DR @ RICHMOND RD (0002125),2125,02 - Intersection related,03 - P.D. only,04 - Sideswipe,01 - Clear,01 - Daylight,02 - Wet,01 - Traffic signal,01 - Functioning,2,0,0,0,,0,,,,,364130.6923,5028867.552,45.39723269,-75.74218959,9611
20--9135,2020/11/28,1:45 PM,BASELINE RD/HERON RD @ PRINCE OF WALES DR (0002345),2345,02 - Intersection related,03 - P.D. only,03 - Rear end,01 - Clear,01 - Daylight,01 - Dry,01 - Traffic signal,01 - Functioning,2,0,0,0,,0,,,,,366873.7095,5026438.534,45.37513917,-75.70746276,9612
20--9136,2020/11/28,10:30 AM,BRIDGE ST btwn MANOTICK MAIN ST & DICKINSON CIRC (__3ZA388),__3ZA388,04 - At/near private drive,03 - P.D. only,02 - Angle,01 - Clear,01 - Daylight,01 - Dry,10 - No control,,2,0,0,0,,0,,,,,368727.1928,5009962.581,45.22672457,-75.68592488,9613
20--9137,2020/11/28,11:37 AM,MONTREAL RD @ GRANVILLE ST/LAFONTAINE AVE (0009348),9348,02 - Intersection related,03 - P.D. only,03 - Rear end,01 - Clear,01 - Daylight,02 - Wet,01 - Traffic signal,01 - Functioning,2,0,0,0,,0,,,,,370826.7139,5033474.59,45.4380855,-75.65605516,9614
20--9138,2020/11/28,Unknown,WEST RIDGE DR btwn BARRACKS WAY & DALEWOOD CRES (__6R1U2S),__6R1U2S,01 - Non intersection,03 - P.D. only,06 - SMV unattended vehicle,00 - Unknown,00 - Unknown,01 - Dry,10 - No control,,1,0,0,0,,0,,,,,350728.0671,5011542.218,45.24234248,-75.91497297,9615
20--9139,2020/11/28,12:23 PM,MANOTICK MAIN ST btwn CLAPP LANE & MILL ST (__3ZA39O),__3ZA39O,01 - Non intersection,03 - P.D. only,03 - Rear end,01 - Clear,01 - Daylight,01 - Dry,10 - No control,,2,0,0,0,,0,,,,,368782.9174,5009864.907,45.22584065,-75.68522789,9616
20--914,2020/01/19,4:59 AM,METCALFE ST @ LAURIER AVE (0002231),2231,02 - Intersection related,03 - P.D. only,03 - Rear end,03 - Snow,07 - Dark,05 - Packed snow,01 - Traffic signal,01 - Functioning,2,0,0,0,,0,,,,,367792.6936,5031451.586,45.42016314,-75.69509044,9617
20--9140,2020/11/28,12:26 PM,GREENBANK RD @ HARRISON ST/ASHGROVE CRES (0000627),627,03 - At intersection,03 - P.D. only,03 - Rear end,01 - Clear,01 - Daylight,01 - Dry,01 - Traffic signal,01 - Functioning,2,0,0,0,,0,,,,,360839.6831,5022007.49,45.33577737,-75.7849992,9618
20--9141,2020/11/28,12:29 PM,VANIER PKWY SB btwn MONTREAL RD & MCARTHUR AVE (__3ZA4SR),__3ZA4SR,01 - Non intersection,03 - P.D. only,03 - Rear end,01 - Clear,01 - Daylight,02 - Wet,10 - No control,,2,0,0,0,,0,,,,,370188.4104,5032787.634,45.43196455,-75.66430423,9619
20--9142,2020/11/28,12:50 PM,BANK ST @ DAVIDSON RD/LESTER RD (0008797),8797,02 - Intersection related,03 - P.D. only,03 - Rear end,01 - Clear,01 - Daylight,01 - Dry,01 - Traffic signal,01 - Functioning,2,0,0,0,,0,,,,,373672.7394,5022923.511,45.34287713,-75.62115447,9620
20--9143,2020/11/28,12:59 AM,8TH LINE RD btwn FOREST GREEN CRES & PANA RD (__3ZA20Z),__3ZA20Z,01 - Non intersection,02 - Non-fatal injury,07 - SMV other,01 - Clear,07 - Dark,02 - Wet,10 - No control,,1,0,0,0,01 - Minimal,1,1,,,,384559.9126,5013523.402,45.25714787,-75.48376212,9621
20--9144,2020/11/28,2:15 PM,RIVERSIDE DR NB btwn TREMBLAY RD & HWY417 IC117 RAMP25 (__3ZAZPQ),__3ZAZPQ,01 - Non intersection,03 - P.D. only,03 - Rear end,01 - Clear,01 - Daylight,01 - Dry,10 - No control,,4,0,0,0,,0,,,,,370817.1667,5031025.918,45.4160543,-75.6565054,9622
20--9145,2020/11/28,2:16 PM,MERIVALE RD @ WEST HUNT CLUB RD (0000584),584,02 - Intersection related,03 - P.D. only,03 - Rear end,01 - Clear,01 - Daylight,01 - Dry,01 - Traffic signal,01 - Functioning,2,0,0,0,,0,,,,,365612.6539,5021942.49,45.33479508,-75.72411506,9623
20--9238,2020/12/01,5:18 PM,"325 E OF HUNTMAR RD/IBER RD,TRANSITWAY @ HAZELDEAN RD (0014359)",14359,03 - At intersection,02 - Non-fatal injury,02 - Angle,02 - Rain,07 - Dark,02 - Wet,01 - Traffic signal,01 - Functioning,2,0,0,0,02 - Minor,1,,1,,,351183.5138,5016299.5,45.28512021,-75.90872763,9624
20--9239,2020/12/01,5:27 PM,BANK ST @ 80 S OF HUNT CLUB RD/TOWNGATE PLAZA  (0008230),8230,03 - At intersection,02 - Non-fatal injury,07 - SMV other,01 - Clear,07 - Dark,02 - Wet,01 - Traffic signal,01 - Functioning,1,0,0,1,02 - Minor,1,,1,,,371689.015,5024095.149,45.3536111,-75.64630631,9625
20--924,2020/01/19,8:30 AM,PATRIOT PL btwn TABARET ST & END (__6OEW23),__6OEW23,04 - At/near private drive,03 - P.D. only,02 - Angle,01 - Clear,01 - Daylight,03 - Loose snow,10 - No control,,2,0,0,0,,0,,,,,354315.5666,5015313.91,45.27603798,-75.86890258,9626
20--9700,2020/12/18,10:52 AM,MOODIE DR @ 200 N OF ROBERTSON RD (0010382),10382,02 - Intersection related,03 - P.D. only,03 - Rear end,01 - Clear,01 - Daylight,02 - Wet,01 - Traffic signal,02 - Not functioning,2,0,0,0,,0,,,,,356987.6516,5020641.484,45.323783,-75.83428717,9627
20--9240,2020/12/01,5:38 AM,PRINCE OF WALES DR @ WEST HUNT CLUB RD (0000567),567,03 - At intersection,03 - P.D. only,02 - Angle,02 - Rain,07 - Dark,02 - Wet,01 - Traffic signal,01 - Functioning,2,0,0,0,,0,,,,,367458.7126,5021891.509,45.33417394,-75.70057064,9628
20--9241,2020/12/01,5:56 PM,KIRKWOOD AVE @ SEBRING AVE (0006251),6251,03 - At intersection,02 - Non-fatal injury,07 - SMV other,01 - Clear,07 - Dark,01 - Dry,02 - Stop sign,01 - Functioning,1,0,0,1,02 - Minor,1,,1,,,364212.6954,5027636.541,45.38614932,-75.7412905,9629
20--9701,2020/12/18,11:00 AM,AIRPORT PKWY @ HUNT CLUB RD (0010856),10856,02 - Intersection related,03 - P.D. only,03 - Rear end,01 - Clear,01 - Daylight,01 - Dry,01 - Traffic signal,01 - Functioning,3,0,0,0,,0,,,,,371018.5397,5023703,45.3501463,-75.65491505,9630
20--9242,2020/12/01,6:19 PM,MEADOWLANDS DR @ MERIVALE RD (0000625),625,03 - At intersection,03 - P.D. only,05 - Turning movement,01 - Clear,07 - Dark,02 - Wet,01 - Traffic signal,01 - Functioning,2,0,0,0,,0,,,,,364858.6965,5023725.514,45.35090345,-75.73351717,9631
20--9702,2020/12/18,11:09 AM,PRINCESS LOUISE DR btwn YORK MILLS DR & GLENMORE ST (__3ZA6OR),__3ZA6OR,01 - Non intersection,03 - P.D. only,06 - SMV unattended vehicle,01 - Clear,01 - Daylight,01 - Dry,10 - No control,,1,0,0,0,,0,,,,,383305.711,5038213.588,45.47943307,-75.4958163,9632
20--9243,2020/12/01,7:10 AM,LEWIS ST @ METCALFE ST (0007288),7288,02 - Intersection related,03 - P.D. only,05 - Turning movement,01 - Clear,03 - Dawn,01 - Dry,02 - Stop sign,01 - Functioning,2,0,0,0,,0,,,,,368120.7165,5030923.578,45.41538269,-75.69096729,9633
20--9244,2020/12/01,7:14 AM,HUNT CLUB RD @ UPLANDS DR (0010844),10844,02 - Intersection related,03 - P.D. only,04 - Sideswipe,01 - Clear,03 - Dawn,01 - Dry,01 - Traffic signal,01 - Functioning,2,0,0,0,,0,,,,,370156.8878,5023120.974,45.34499022,-75.66598724,9634
20--9703,2020/12/18,11:25 AM,CHAMPLAIN ST @ OR174 IC102 RAMP61 (0008676),8676,03 - At intersection,02 - Non-fatal injury,02 - Angle,01 - Clear,01 - Daylight,01 - Dry,01 - Traffic signal,01 - Functioning,2,0,0,0,01 - Minimal,1,1,,,,381519.6108,5038374.805,45.48108211,-75.5186341,9635