Anom_ID,Accident_Date,Accident_Time,Location,Geo_ID,Accident_Location,Classification_of_Accident,Initial_Impact_Type,Environment_Condition,Light,Road_Surface_Condition,Traffic_Control,Traffic_Control_Condition,No__of_Vehicles,No__of_Bicycles,No__of_Motorcycles,No__of_Pedestrians,Max_Injury,No__of_Injuries,No__of_Minimal,No__of_Minor,No__of_Major,No__of_Fatal,X,Y,Latitude,Longitude,ObjectId
20--9245,2020/12/01,8:54 PM,DIDSBURY RD btwn TERRY FOX DR & END (__3ZA2NE),__3ZA2NE,04 - At/near private drive,03 - P.D. only,05 - Turning movement,02 - Rain,07 - Dark,02 - Wet,10 - No control,,2,0,0,0,,0,,,,,350589.8774,5018876.326,45.30834615,-75.91605666,9636
20--9704,2020/12/18,11:27 AM,MERIVALE RD/LOTTA AVE @ CLYDE AVE (0001112),1112,02 - Intersection related,03 - P.D. only,03 - Rear end,01 - Clear,01 - Daylight,01 - Dry,01 - Traffic signal,01 - Functioning,2,0,0,0,,0,,,,,364521.6981,5024507.523,45.35796864,-75.73772317,9637
20--9246,2020/12/02,1:16 PM,RIOCAN AVE @ STRANDHERD DR (0010997),10997,03 - At intersection,02 - Non-fatal injury,07 - SMV other,02 - Rain,01 - Daylight,02 - Wet,01 - Traffic signal,01 - Functioning,1,0,0,1,02 - Minor,1,,1,,,364172.213,5014944.578,45.27195151,-75.74332959,9638
20--9705,2020/12/18,11:31 PM,BERRIGAN DR @ LONGFIELDS DR (0010453),10453,02 - Intersection related,03 - P.D. only,07 - SMV other,01 - Clear,07 - Dark,01 - Dry,11 - Roundabout,00 - Unknown,1,0,0,0,,0,,,,,364305.248,5015646.34,45.27825472,-75.74155016,9639
20--9247,2020/12/02,1:21 PM,BAYSHORE DR @ RICHMOND RD (0010407),10407,02 - Intersection related,03 - P.D. only,03 - Rear end,03 - Snow,01 - Daylight,02 - Wet,01 - Traffic signal,01 - Functioning,2,0,0,0,,0,,,,,359372.6876,5023368.528,45.34813965,-75.8035648,9640
20--9706,2020/12/18,11:35 AM,HIGHWAY 417 btwn HWY417 IC110 RAMP66 & HWY417 IC110 RAMP56 (__3ZA2XR),__3ZA2XR,01 - Non intersection,03 - P.D. only,04 - Sideswipe,01 - Clear,01 - Daylight,01 - Dry,10 - No control,,2,0,0,0,,0,,,,,375802.1506,5029288.385,45.39993286,-75.59307075,9641
20--9248,2020/12/02,1:25 PM,MERIVALE RD btwn GERVIN ST & AMBERWOOD CRES (__3ZA3ID),__3ZA3ID,01 - Non intersection,03 - P.D. only,03 - Rear end,01 - Clear,01 - Daylight,02 - Wet,10 - No control,,2,0,0,0,,0,,,,,366389.7277,5020062.854,45.3178146,-75.71443542,9642
20--9707,2020/12/18,Unknown,ARLINGTON AVE btwn BELL ST N & ARTHUR LANE N (__3ZAAJI),__3ZAAJI,01 - Non intersection,03 - P.D. only,06 - SMV unattended vehicle,01 - Clear,00 - Unknown,01 - Dry,10 - No control,,1,0,0,0,,0,,,,,367064.6976,5029800.563,45.40537289,-75.7046003,9643
20--9708,2020/12/18,12:25 PM,CHAPMAN MILLS DR btwn BEATRICE DR & MEADGATE GT (__4FP83C),__4FP83C,01 - Non intersection,03 - P.D. only,99 - Other,01 - Clear,01 - Daylight,01 - Dry,10 - No control,,2,0,0,0,,0,,,,,365666.0935,5014974.645,45.27209434,-75.72428884,9644
20--9709,2020/12/18,2:00 PM,RICHMOND RD @ HOLLY ACRES RD/NANAIMO DR (0001068),1068,03 - At intersection,03 - P.D. only,04 - Sideswipe,01 - Clear,01 - Daylight,01 - Dry,01 - Traffic signal,01 - Functioning,2,0,0,0,,0,,,,,359058.6734,5022748.499,45.34258498,-75.80763985,9645
20--971,2020/01/20,4:28 PM,OGILVIE RD btwn OGILVIE RD & CYRVILLE RD (__3ZA2CB),__3ZA2CB,01 - Non intersection,03 - P.D. only,04 - Sideswipe,01 - Clear,01 - Daylight,01 - Dry,10 - No control,,2,0,0,0,,0,,,,,372392.8907,5031975.611,45.42444876,-75.63624452,9646
20--9710,2020/12/18,3:29 PM,ST. LAURENT BLVD @ TREMBLAY RD (0002573),2573,02 - Intersection related,03 - P.D. only,04 - Sideswipe,01 - Clear,01 - Daylight,01 - Dry,01 - Traffic signal,01 - Functioning,2,0,0,0,,0,,,,,372595.6965,5031241.58,45.41782467,-75.63375421,9647
20--9711,2020/12/18,3:30 AM,HIGHWAY 417 btwn HWY417 IC169 RAMP25 & HWY417 IC163 RAMP51 (__5SPOUW),__5SPOUW,01 - Non intersection,03 - P.D. only,07 - SMV other,01 - Clear,07 - Dark,01 - Dry,10 - No control,,1,0,0,0,,0,,,,,329366.6946,5022126.282,45.3386542,-76.18654191,9648
20--9712,2020/12/18,3:30 PM,INNES RD @ JEANNE D'ARC BLVD/MER BLEUE RD (0012475),12475,02 - Intersection related,03 - P.D. only,04 - Sideswipe,01 - Clear,01 - Daylight,01 - Dry,01 - Traffic signal,01 - Functioning,2,0,0,0,,0,,,,,382637.7473,5035567.552,45.45570113,-75.50477813,9649
20--9713,2020/12/18,3:44 PM,HIGHWAY 417 btwn HWY417 IC123 RAMP62 & HWY417 IC122 RAMP16 (__3ZA2R9),__3ZA2R9,01 - Non intersection,03 - P.D. only,03 - Rear end,01 - Clear,01 - Daylight,01 - Dry,10 - No control,,2,0,0,0,,0,,,,,365066.3541,5028600.805,45.39475264,-75.73027237,9650
20--9714,2020/12/18,3:50 PM,BLAIR RD @ OGILVIE RD (0004120),4120,02 - Intersection related,02 - Non-fatal injury,04 - Sideswipe,01 - Clear,05 - Dusk,01 - Dry,01 - Traffic signal,01 - Functioning,2,0,0,0,02 - Minor,3,1,2,,,374507.7213,5033198.57,45.43524473,-75.60904966,9651
20--9715,2020/12/18,3:55 PM,BLAIR RD @ REGIONAL RD 174 N/OR174 IC112 RAMP61 (0003617),3617,02 - Intersection related,03 - P.D. only,07 - SMV other,01 - Clear,01 - Daylight,01 - Dry,01 - Traffic signal,00 - Unknown,1,0,0,0,,0,,,,,374634.7311,5032991.575,45.43336963,-75.60745588,9652
20--9716,2020/12/18,5:10 PM,STRANDHERD DR btwn LONGFIELDS DR & CLARIDGE DR (__4BRV9S),__4BRV9S,04 - At/near private drive,02 - Non-fatal injury,05 - Turning movement,01 - Clear,07 - Dark,01 - Dry,10 - No control,,2,0,0,0,01 - Minimal,2,2,,,,364701.0116,5015262.787,45.27476991,-75.73655251,9653
20--9717,2020/12/18,5:15 PM,HIGHWAY 417 btwn HWY417 IC124 RAMP67 & HWY417 IC123 RAMP62 (__3ZA2YZ),__3ZA2YZ,01 - Non intersection,03 - P.D. only,03 - Rear end,01 - Clear,07 - Dark,01 - Dry,10 - No control,,2,0,0,0,,0,,,,,364654.2537,5027854.952,45.38807695,-75.73562575,9654
20--9718,2020/12/18,5:24 PM,HAZELDEAN RD @ CARBROOKE ST/IRWIN GATE (0003187),3187,03 - At intersection,03 - P.D. only,05 - Turning movement,01 - Clear,07 - Dark,01 - Dry,01 - Traffic signal,01 - Functioning,2,0,0,0,,0,,,,,353416.9981,5018265.731,45.30266188,-75.88006526,9655
20--9719,2020/12/18,5:29 PM,HIGHWAY 417 btwn HWY417 IC121B RAMP16 & HWY417 IC121A RAMP16 (__3ZA2YX),__3ZA2YX,01 - Non intersection,03 - P.D. only,03 - Rear end,01 - Clear,07 - Dark,01 - Dry,10 - No control,,3,0,0,0,,0,,,,,366608.1753,5029543.579,45.40310108,-75.7104638,9656
20--972,2020/01/20,4:30 PM,STRANDHERD DR @ LONGFIELDS DR (0010935),10935,02 - Intersection related,02 - Non-fatal injury,03 - Rear end,01 - Clear,05 - Dusk,02 - Wet,01 - Traffic signal,01 - Functioning,3,0,0,0,02 - Minor,2,1,1,,,364548.8161,5015173.327,45.2739779,-75.73850286,9657
20--9720,2020/12/18,5:30 PM,KITCHENER AVE @ BANK ST (0011963),11963,03 - At intersection,03 - P.D. only,07 - SMV other,01 - Clear,07 - Dark,01 - Dry,01 - Traffic signal,01 - Functioning,1,0,0,0,,0,,,,,370540.8775,5025499.972,45.36635984,-75.66077135,9658
20--9721,2020/12/18,6:42 PM,THOMAS A. DOLAN PKWY btwn CARP RD & STONECREST RD (__3ZA1XZ),__3ZA1XZ,01 - Non intersection,03 - P.D. only,07 - SMV other,01 - Clear,07 - Dark,01 - Dry,10 - No control,,1,0,0,0,,0,,,,,337209.5709,5026651.374,45.37905443,-76.08617653,9659
20--9722,2020/12/18,6:45 AM,HIGHWAY 417 btwn HWY417 IC118 RAMP35 & HWY417 IC117 RAMP51 (__3ZA2YP),__3ZA2YP,01 - Non intersection,03 - P.D. only,04 - Sideswipe,01 - Clear,07 - Dark,01 - Dry,10 - No control,,2,0,0,0,,0,,,,,370417.2384,5031129.756,45.41702621,-75.66160086,9660
20--9723,2020/12/18,7:05 PM,CASTLEFRANK RD @ TERRY FOX DR (0011757),11757,02 - Intersection related,02 - Non-fatal injury,02 - Angle,01 - Clear,07 - Dark,01 - Dry,01 - Traffic signal,01 - Functioning,2,0,0,0,01 - Minimal,1,1,,,,352994.0128,5016304.81,45.28504618,-75.88564915,9661
20--9724,2020/12/18,7:25 PM,BLAIR RD @ INNES RD (0004165),4165,02 - Intersection related,03 - P.D. only,03 - Rear end,01 - Clear,07 - Dark,01 - Dry,01 - Traffic signal,01 - Functioning,2,0,0,0,,0,,,,,375578.7331,5031439.555,45.41931053,-75.5956153,9662
20--9725,2020/12/18,7:30 PM,BESSERER ST @ NICHOLAS ST (0007614),7614,02 - Intersection related,03 - P.D. only,04 - Sideswipe,01 - Clear,07 - Dark,01 - Dry,01 - Traffic signal,01 - Functioning,2,0,0,0,,0,,,,,368185.7145,5032111.574,45.42606599,-75.68998407,9663
20--9726,2020/12/18,7:34 AM,BANK ST btwn HERON RD & ANOKA ST (__3ZA360),__3ZA360,01 - Non intersection,03 - P.D. only,07 - SMV other,01 - Clear,03 - Dawn,01 - Dry,10 - No control,,1,0,0,0,,0,,,,,370005.6041,5026823.332,45.37831702,-75.66742906,9664
20--9727,2020/12/18,7:39 PM,HIGHWAY 417 btwn HWY417 IC121A RAMP51 & HWY417 IC120A RAMP52 (__3ZA2R6),__3ZA2R6,01 - Non intersection,03 - P.D. only,03 - Rear end,01 - Clear,07 - Dark,01 - Dry,10 - No control,,2,0,0,0,,0,,,,,367345.2994,5029767.03,45.40504616,-75.70102036,9665
20--9728,2020/12/18,8:01 PM,MERIVALE RD @ FAMILY BROWN LANE (0010933),10933,03 - At intersection,03 - P.D. only,05 - Turning movement,01 - Clear,07 - Dark,01 - Dry,01 - Traffic signal,01 - Functioning,2,0,0,0,,0,,,,,365004.9525,5023385.673,45.34783306,-75.73169216,9666
20--9729,2020/12/18,8:37 AM,VANIER PKWY SB btwn COVENTRY RD & HWY417 IC117 RAMP36 (__3ZA4S4),__3ZA4S4,01 - Non intersection,03 - P.D. only,03 - Rear end,01 - Clear,01 - Daylight,01 - Dry,10 - No control,,2,0,0,0,,0,,,,,370697.4044,5031564.616,45.42091257,-75.65796338,9667
20--973,2020/01/20,4:30 PM,HUNT CLUB RD @ BRIDLE PATH DR/DAZE ST (0008214),8214,02 - Intersection related,03 - P.D. only,04 - Sideswipe,01 - Clear,01 - Daylight,01 - Dry,01 - Traffic signal,01 - Functioning,2,0,0,0,,0,,,,,371291.7305,5023864.501,45.35157359,-75.65140724,9668
20--9730,2020/12/18,8:39 PM,BARNSDALE RD @ TWIN ELM RD N (0000840),840,02 - Intersection related,03 - P.D. only,07 - SMV other,01 - Clear,07 - Dark,01 - Dry,02 - Stop sign,01 - Functioning,1,0,0,0,,0,,,,,360185.6403,5007832.381,45.20828009,-75.79492455,9669
20--9731,2020/12/18,9:11 PM,ARGYLE AVE @ O'CONNOR ST (0007254),7254,03 - At intersection,03 - P.D. only,02 - Angle,01 - Clear,07 - Dark,01 - Dry,01 - Traffic signal,01 - Functioning,2,0,0,0,,0,,,,,368184.5679,5030485.606,45.41143618,-75.69020788,9670
20--9732,2020/12/18,9:26 AM,FRANK KENNY RD @ WALL RD (0005018),5018,02 - Intersection related,03 - P.D. only,03 - Rear end,04 - Freezing Rain,01 - Daylight,06 - Ice,02 - Stop sign,00 - Unknown,3,0,0,0,,0,,,,,388923.8066,5035186.531,45.45154463,-75.4244844,9671
20--9733,2020/12/18,9:30 AM,CONROY RD @ KINGSDALE AVE (0009357),9357,03 - At intersection,03 - P.D. only,02 - Angle,01 - Clear,01 - Daylight,01 - Dry,02 - Stop sign,01 - Functioning,2,0,0,0,,0,,,,,374318.7545,5024120.512,45.35358354,-75.61274377,9672
20--9734,2020/12/19,1:04 PM,REGIONAL ROAD 174 btwn OR174 IC109 RAMP56 & OR174 IC109 RAMP86 (__3ZA28W),__3ZA28W,01 - Non intersection,03 - P.D. only,04 - Sideswipe,01 - Clear,01 - Daylight,01 - Dry,10 - No control,,2,0,0,0,,0,,,,,376325.5353,5034703.043,45.44859747,-75.58560005,9673
20--9735,2020/12/19,1:23 PM,JEANNE D'ARC BLVD  S btwn YOUVILLE DR & ST. JOSEPH BLVD (__3ZA2BT),__3ZA2BT,04 - At/near private drive,03 - P.D. only,02 - Angle,01 - Clear,01 - Daylight,01 - Dry,10 - No control,,2,0,0,0,,0,,,,,379785.1324,5036594.428,45.46525212,-75.54108939,9674
20--9736,2020/12/19,1:27 PM,ARGYLE AVE @ BANK ST (0007251),7251,03 - At intersection,03 - P.D. only,05 - Turning movement,01 - Clear,01 - Daylight,01 - Dry,10 - No control,,2,0,0,0,,0,,,,,367995.7047,5030372.574,45.41043623,-75.69263502,9675
20--9737,2020/12/19,1:40 PM,EAGLESON RD @ MICHAEL COWPLAND DR/STONEHAVEN D (0003544),3544,03 - At intersection,03 - P.D. only,05 - Turning movement,01 - Clear,01 - Daylight,01 - Dry,01 - Traffic signal,01 - Functioning,2,0,0,0,,0,,,,,354382.6263,5016623.445,45.28781675,-75.86791709,9676
20--9738,2020/12/19,10:00 AM,WILLOW GLEN DR btwn WINDBROOK CRES & WINDBROOK CRES (__3ZBNEH),__3ZBNEH,04 - At/near private drive,03 - P.D. only,06 - SMV unattended vehicle,01 - Clear,01 - Daylight,01 - Dry,10 - No control,,1,0,0,0,,0,,,,,354419.896,5016771.797,45.28914902,-75.86742716,9677
20--9739,2020/12/19,Unknown,DONALD ST btwn LOLA ST & AVE. DU PERE CHARLEBOIS AVE (__3ZA81M),__3ZA81M,01 - Non intersection,03 - P.D. only,06 - SMV unattended vehicle,01 - Clear,00 - Unknown,01 - Dry,10 - No control,,1,0,0,0,,0,,,,,371131.8692,5032363.513,45.42805965,-75.65230482,9678
20--974,2020/01/20,4:30 PM,BRONSON AVE @ CARLING AVE/GLEBE AVE (0002134),2134,02 - Intersection related,03 - P.D. only,03 - Rear end,01 - Clear,01 - Daylight,02 - Wet,01 - Traffic signal,01 - Functioning,2,0,0,0,,0,,,,,367447.6968,5029335.561,45.40115477,-75.69976724,9679
20--9740,2020/12/19,Unknown,LIEBE TERR btwn AURA AVE & STRANDHERD DR (e___2K35),e___2K35,01 - Non intersection,03 - P.D. only,06 - SMV unattended vehicle,01 - Clear,00 - Unknown,01 - Dry,10 - No control,,1,0,0,0,,0,,,,,362674.469,5013624.566,45.26019883,-75.76256982,9680
20--9741,2020/12/19,Unknown,CYPRESS GDN btwn BEECHGROVE GDN & GOULBOURN ST (__3ZAZCQ),__3ZAZCQ,01 - Non intersection,03 - P.D. only,06 - SMV unattended vehicle,01 - Clear,00 - Unknown,01 - Dry,10 - No control,,1,0,0,0,,0,,,,,349971.2446,5012941.339,45.25498127,-75.92448568,9681
20--9742,2020/12/19,12:21 PM,ROBERTSON RD @ VANIER RD (0000640),640,03 - At intersection,02 - Non-fatal injury,05 - Turning movement,01 - Clear,01 - Daylight,02 - Wet,01 - Traffic signal,01 - Functioning,3,0,0,0,01 - Minimal,1,1,,,,357395.6452,5020645.481,45.32378851,-75.82908268,9682
20--9743,2020/12/19,12:30 PM,HWY417 IC124 RAMP67 btwn CARLING AVE & HIGHWAY 417 (__3ZAYA7),__3ZAYA7,01 - Non intersection,03 - P.D. only,03 - Rear end,01 - Clear,01 - Daylight,01 - Dry,10 - No control,,2,0,0,0,,0,,,,,364356.9421,5027539.509,45.38526399,-75.73946032,9683
20--9744,2020/12/19,2:13 PM,CRESTHAVEN DR @ STRANDHERD DR (0010929),10929,02 - Intersection related,03 - P.D. only,04 - Sideswipe,01 - Clear,01 - Daylight,01 - Dry,01 - Traffic signal,01 - Functioning,2,0,0,0,,0,,,,,366813.9022,5015028.075,45.27247482,-75.70965525,9684
20--9745,2020/12/19,2:53 PM,MONTREAL RD @ NORTH RIVER RD (0009805),9805,02 - Intersection related,03 - P.D. only,02 - Angle,01 - Clear,01 - Daylight,01 - Dry,01 - Traffic signal,01 - Functioning,2,0,0,0,,0,,,,,369739.7078,5032887.602,45.43290583,-75.67002508,9685
20--9746,2020/12/19,3:02 PM,EVELYN AVE @ MAIN ST (0007721),7721,02 - Intersection related,03 - P.D. only,03 - Rear end,01 - Clear,01 - Daylight,01 - Dry,01 - Traffic signal,01 - Functioning,2,0,0,0,,0,,,,,369038.7177,5030473.574,45.41125004,-75.67929807,9686
20--9420,2020/12/08,12:34 PM,PARKDALE AVE @ SHERWOOD DR (0006383),6383,03 - At intersection,03 - P.D. only,02 - Angle,01 - Clear,01 - Daylight,01 - Dry,12 - IPS,01 - Functioning,2,0,0,0,,0,,,,,365380.7033,5028745.548,45.39602788,-75.72624006,9687
20--9747,2020/12/19,3:17 PM,EAGLESON RD @ HOPE SIDE RD/TERRY FOX DR (0000509),509,02 - Intersection related,03 - P.D. only,03 - Rear end,01 - Clear,01 - Daylight,01 - Dry,01 - Traffic signal,01 - Functioning,2,0,0,0,,0,,,,,355188.1579,5014616.004,45.26969607,-75.85785254,9688
20--9748,2020/12/19,3:30 PM,FERNBANK RD @ STITTSVILLE MAIN ST (0000084),84,02 - Intersection related,03 - P.D. only,02 - Angle,01 - Clear,01 - Daylight,01 - Dry,01 - Traffic signal,01 - Functioning,2,0,0,0,,0,,,,,350934.5911,5012161.409,45.24790068,-75.91228498,9689
20--9749,2020/12/19,3:35 PM,VIEWMOUNT DR @ MERIVALE RD (0001528),1528,02 - Intersection related,03 - P.D. only,03 - Rear end,01 - Clear,01 - Daylight,01 - Dry,01 - Traffic signal,01 - Functioning,3,0,0,0,,0,,,,,365193.6962,5022948.511,45.34388331,-75.72933709,9690
20--975,2020/01/20,4:41 PM,LEITRIM RD btwn FENTON RD & BANK ST (__3ZA3SF),__3ZA3SF,01 - Non intersection,02 - Non-fatal injury,03 - Rear end,01 - Clear,05 - Dusk,02 - Wet,10 - No control,,3,0,0,0,02 - Minor,2,,2,,,374189.1424,5020868.472,45.32433577,-75.61485384,9691
20--9750,2020/12/19,4:57 PM,INNES RD @ TENTH LINE RD (0004633),4633,02 - Intersection related,03 - P.D. only,03 - Rear end,01 - Clear,05 - Dusk,01 - Dry,01 - Traffic signal,01 - Functioning,3,0,0,0,,0,,,,,383951.7614,5036159.56,45.46087988,-75.48788466,9692
20--9751,2020/12/19,6:07 PM,BARNSDALE RD S @ MOODIE DR (0010279),10279,02 - Intersection related,03 - P.D. only,07 - SMV other,01 - Clear,07 - Dark,02 - Wet,02 - Stop sign,01 - Functioning,1,0,0,0,,0,,,,,361949.9225,5008824.51,45.21706657,-75.77235267,9693
20--9752,2020/12/19,6:38 PM,INNES RD @ JEANNE D'ARC BLVD/MER BLEUE RD (0012475),12475,02 - Intersection related,03 - P.D. only,03 - Rear end,01 - Clear,07 - Dark,01 - Dry,01 - Traffic signal,01 - Functioning,2,0,0,0,,0,,,,,382637.749,5035567.558,45.45570119,-75.50477811,9694
20--9753,2020/12/19,7:54 AM,CYRVILLE RD @ OGILVIE RD (0003554),3554,03 - At intersection,03 - P.D. only,05 - Turning movement,01 - Clear,01 - Daylight,01 - Dry,01 - Traffic signal,01 - Functioning,2,0,0,0,,0,,,,,372453.718,5032005.587,45.42471259,-75.63546319,9695
20--9754,2020/12/19,8:00 PM,DWYER HILL RD btwn O'NEIL RD & ROGER STEVENS DR (__3ZA429),__3ZA429,01 - Non intersection,03 - P.D. only,07 - SMV other,01 - Clear,07 - Dark,01 - Dry,10 - No control,,1,0,0,0,,0,,,,,353998.8496,4989715.99,45.04571902,-75.8754607,9696
20--9755,2020/12/19,8:00 PM,PANMURE RD btwn MORNINGDOVE DR & DEERWOOD DR (__3ZACDB),__3ZACDB,01 - Non intersection,03 - P.D. only,07 - SMV other,01 - Clear,07 - Dark,01 - Dry,10 - No control,,1,0,0,0,,0,,,,,332676.5637,5022650.084,45.34324393,-76.14428098,9697
20--9756,2020/12/19,8:08 PM,DUNROBIN RD btwn GALETTA SIDE RD & BAIRD'S GRANT LANE (__3ZAZ5E),__3ZAZ5E,01 - Non intersection,03 - P.D. only,07 - SMV other,01 - Clear,07 - Dark,02 - Wet,10 - No control,,1,0,0,0,,0,,,,,333889.561,5040130.487,45.5004898,-76.12777064,9698
20--9757,2020/12/19,8:48 PM,QUEENSDALE AVE btwn ALBION RD & FIRST (1ST) ST (__3ZA8OT),__3ZA8OT,01 - Non intersection,03 - P.D. only,07 - SMV other,01 - Clear,07 - Dark,01 - Dry,10 - No control,,1,0,0,0,,0,,,,,372534.7397,5022968.736,45.34339485,-75.63566796,9699
20--9758,2020/12/19,9:17 AM,GLADSTONE AVE @ O'CONNOR ST (0002710),2710,03 - At intersection,03 - P.D. only,04 - Sideswipe,01 - Clear,01 - Daylight,01 - Dry,01 - Traffic signal,01 - Functioning,2,0,0,0,,0,,,,,368074.7088,5030658.562,45.41300232,-75.69158908,9700
20--9759,2020/12/19,9:42 PM,RAVENSWOOD WAY btwn ASHENVALE WAY & STORMWIND AVE (__8OJCNG),__8OJCNG,01 - Non intersection,03 - P.D. only,07 - SMV other,01 - Clear,07 - Dark,01 - Dry,10 - No control,,1,0,0,0,,0,,,,,385649.022,5034994.307,45.4502017,-75.46637683,9701
20--976,2020/01/20,4:45 PM,BOWESVILLE RD @ RIDEAU RD (0009410),9410,02 - Intersection related,02 - Non-fatal injury,03 - Rear end,01 - Clear,05 - Dusk,06 - Ice,02 - Stop sign,01 - Functioning,3,0,0,0,02 - Minor,1,,1,,,373361.7281,5015566.452,45.27671108,-75.62614051,9702
20--9760,2020/12/20,1:00 PM,FROBISHER LANE W @ RIVERSIDE DR (0011961),11961,02 - Intersection related,03 - P.D. only,02 - Angle,03 - Snow,01 - Daylight,04 - Slush,01 - Traffic signal,01 - Functioning,2,0,0,0,,0,,,,,370118.7283,5029601.224,45.40330099,-75.66561709,9703
20--9761,2020/12/20,1:45 AM,QUEEN ELIZABETH DRWY btwn TO BE DETERMINED & QUEEN ELIZABETH PL (__3ZA22I),__3ZA22I,01 - Non intersection,02 - Non-fatal injury,07 - SMV other,01 - Clear,07 - Dark,02 - Wet,10 - No control,,1,0,0,0,03 - Major,1,,,1,,368539.6959,5028832.912,45.39653352,-75.6858849,9704
20--9762,2020/12/20,1:58 AM,SECOND LINE RD btwn THOMAS A. DOLAN PKWY & MURPHY SIDE RD (__3ZBNBL),__3ZBNBL,01 - Non intersection,03 - P.D. only,07 - SMV other,01 - Clear,07 - Dark,02 - Wet,10 - No control,,1,0,0,0,,0,,,,,343904.9076,5027596.802,45.38721994,-76.00061483,9705
20--9763,2020/12/20,10:43 AM,SILVERSTONE WAY btwn CLEARBROOK DR & MANCINI WAY W (__8176O1),__8176O1,01 - Non intersection,03 - P.D. only,06 - SMV unattended vehicle,03 - Snow,01 - Daylight,03 - Loose snow,10 - No control,,1,0,0,0,,0,,,,,364785.162,5015005.005,45.27244322,-75.73551124,9706
20--9764,2020/12/20,10:45 AM,BEATRICE DR @ QUEENSBURY DR (0010241),10241,03 - At intersection,03 - P.D. only,02 - Angle,03 - Snow,01 - Daylight,03 - Loose snow,02 - Stop sign,01 - Functioning,2,0,0,0,,0,,,,,365136.6824,5016164.44,45.28284571,-75.73089072,9707
20--9765,2020/12/20,11:31 AM,BASELINE RD @ 207 E OF CLYDE AVE (0008213),8213,03 - At intersection,02 - Non-fatal injury,07 - SMV other,03 - Snow,01 - Daylight,04 - Slush,01 - Traffic signal,01 - Functioning,1,0,0,1,02 - Minor,1,,1,,,364535.4848,5025000.984,45.36240756,-75.73748757,9708
20--9766,2020/12/20,11:47 AM,WOODROFFE AVE @ GEORGINA DR/LENESTER AVE (0002351),2351,03 - At intersection,03 - P.D. only,05 - Turning movement,03 - Snow,01 - Daylight,02 - Wet,01 - Traffic signal,01 - Functioning,2,0,0,0,,0,,,,,361909.6856,5025370.523,45.36595148,-75.77095992,9709
20--9767,2020/12/20,12:16 AM,KING EDWARD AVE @ MURRAY ST (0002713),2713,02 - Intersection related,03 - P.D. only,05 - Turning movement,01 - Clear,07 - Dark,01 - Dry,01 - Traffic signal,01 - Functioning,2,0,0,0,,0,,,,,368291.7152,5032753.583,45.43183294,-75.68854683,9710
20--9768,2020/12/20,12:25 PM,BANK ST btwn QUEENSDALE AVE & LESTER RD (__3ZA2LF),__3ZA2LF,04 - At/near private drive,03 - P.D. only,02 - Angle,03 - Snow,01 - Daylight,02 - Wet,10 - No control,,2,0,0,0,,0,,,,,373384.3582,5023400.096,45.34719352,-75.62476782,9711
20--9769,2020/12/20,12:26 AM,SLACK RD btwn VAAN DR & GRENFELL CRES (__3ZA6N7),__3ZA6N7,01 - Non intersection,03 - P.D. only,03 - Rear end,03 - Snow,07 - Dark,02 - Wet,10 - No control,,2,0,0,0,,0,,,,,365738.051,5020804.851,45.32454787,-75.72265535,9712
20--977,2020/01/20,5:37 PM,CEDARVIEW RD @ JOCKVALE RD (0000788),788,03 - At intersection,03 - P.D. only,03 - Rear end,01 - Clear,05 - Dusk,02 - Wet,11 - Roundabout,01 - Functioning,2,0,0,0,,0,,,,,361474.6687,5015252.431,45.27494418,-75.77767055,9713
20--9770,2020/12/20,2:00 PM,HOLMWOOD AVE btwn MORRIS ST & RALPH ST (__3ZA9MS),__3ZA9MS,01 - Non intersection,03 - P.D. only,06 - SMV unattended vehicle,01 - Clear,01 - Daylight,03 - Loose snow,10 - No control,,1,0,0,0,,0,,,,,368164.8401,5029008.632,45.39814862,-75.69064969,9714
20--9771,2020/12/20,2:10 PM,KING EDWARD AVE @ LAURIER AVE (0002170),2170,02 - Intersection related,03 - P.D. only,03 - Rear end,03 - Snow,01 - Daylight,03 - Loose snow,01 - Traffic signal,01 - Functioning,2,0,0,0,,0,,,,,368739.7086,5032034.581,45.42532281,-75.6829152,9715
20--9772,2020/12/20,2:15 PM,METCALFE ST @ SLATER ST (0002233),2233,03 - At intersection,03 - P.D. only,02 - Angle,03 - Snow,01 - Daylight,04 - Slush,01 - Traffic signal,01 - Functioning,2,0,0,0,,0,,,,,367731.6979,5031549.581,45.42105036,-75.69585723,9716
20--9773,2020/12/20,2:27 PM,UPLANDS DR @ COUNTRY CLUB DR N/HUNTWOOD CRT (0007012),7012,02 - Intersection related,03 - P.D. only,03 - Rear end,03 - Snow,01 - Daylight,04 - Slush,02 - Stop sign,01 - Functioning,2,0,0,0,,0,,,,,368756.7197,5023333.51,45.34703164,-75.68382532,9717