Anom_ID,Accident_Date,Accident_Time,Location,Geo_ID,Accident_Location,Classification_of_Accident,Initial_Impact_Type,Environment_Condition,Light,Road_Surface_Condition,Traffic_Control,Traffic_Control_Condition,No__of_Vehicles,No__of_Bicycles,No__of_Motorcycles,No__of_Pedestrians,Max_Injury,No__of_Injuries,No__of_Minimal,No__of_Minor,No__of_Major,No__of_Fatal,X,Y,Latitude,Longitude,ObjectId
20--9774,2020/12/20,2:30 PM,FURNESS WAY btwn VERSILIA DR & LYDIA WAY (__4CZRPM),__4CZRPM,01 - Non intersection,03 - P.D. only,06 - SMV unattended vehicle,01 - Clear,01 - Daylight,03 - Loose snow,10 - No control,,1,0,0,0,,0,,,,,367085.1734,5016383.567,45.28464745,-75.70602824,9718
20--9775,2020/12/20,3:00 PM,GREENBANK RD btwn JOCKVALE RD & CAMBRIAN RD (__3ZA2WE),__3ZA2WE,01 - Non intersection,03 - P.D. only,01 - Approaching,02 - Rain,01 - Daylight,02 - Wet,10 - No control,,2,0,0,0,,0,,,,,364477.8229,5013487.972,45.25881908,-75.73961009,9719
20--9776,2020/12/20,3:10 PM,HIGHWAY 417 btwn Continuation of HIGHWAY 417 & HWY417 IC134 RAMP51 (__3ZA29B),__3ZA29B,01 - Non intersection,03 - P.D. only,99 - Other,03 - Snow,01 - Daylight,04 - Slush,10 - No control,,3,0,0,0,,0,,,,,355486.6835,5021695.502,45.33337718,-75.85332457,9720
20--9249,2020/12/02,1:40 PM,PRESTON ST @ WILLOW ST (0006479),6479,02 - Intersection related,03 - P.D. only,03 - Rear end,03 - Snow,01 - Daylight,02 - Wet,02 - Stop sign,01 - Functioning,2,0,0,0,,0,,,,,366423.7005,5029861.578,45.40597862,-75.71278031,9721
20--925,2020/01/19,8:31 PM,CARLING AVE @ SCRIVENS ST (0002720),2720,02 - Intersection related,03 - P.D. only,07 - SMV other,01 - Clear,07 - Dark,05 - Packed snow,01 - Traffic signal,01 - Functioning,1,0,0,0,,0,,,,,359422.8568,5024258.524,45.35614393,-75.80282629,9722
20--9250,2020/12/02,10:37 AM,BLAIR RD @ INNES RD (0004165),4165,02 - Intersection related,02 - Non-fatal injury,03 - Rear end,01 - Clear,01 - Daylight,02 - Wet,01 - Traffic signal,01 - Functioning,2,0,0,0,02 - Minor,1,,1,,,375578.7375,5031439.545,45.41931044,-75.59561525,9723
20--9251,2020/12/02,11:38 PM,AIRPORT PKWY btwn RAMP & RAMP (7) (__3ZAZP8),__3ZAZP8,01 - Non intersection,03 - P.D. only,04 - Sideswipe,01 - Clear,07 - Dark,01 - Dry,10 - No control,,2,0,0,0,,0,,,,,370674.7779,5024223.345,45.35486058,-75.65923236,9724
20--9252,2020/12/02,11:50 AM,CLEMENTINE BLVD @ HERON RD (0006858),6858,02 - Intersection related,03 - P.D. only,03 - Rear end,01 - Clear,01 - Daylight,01 - Dry,01 - Traffic signal,01 - Functioning,2,0,0,0,,0,,,,,369547.722,5026786.539,45.37802843,-75.67327969,9725
20--9253,2020/12/02,12:24 PM,EAGLESON RD @ SHATNER GT (0003688),3688,02 - Intersection related,03 - P.D. only,02 - Angle,01 - Clear,01 - Daylight,01 - Dry,02 - Stop sign,01 - Functioning,2,0,0,0,,0,,,,,353528.6344,5018789.452,45.3073667,-75.87859034,9726
20--9254,2020/12/02,2:20 PM,INNES RD @ TENTH LINE RD (0004633),4633,02 - Intersection related,03 - P.D. only,03 - Rear end,01 - Clear,01 - Daylight,01 - Dry,01 - Traffic signal,01 - Functioning,3,0,0,0,,0,,,,,383951.762,5036159.564,45.46087991,-75.48788465,9727
20--9255,2020/12/02,2:28 PM,DALHOUSIE ST btwn GEORGE ST & RIDEAU ST (__3ZA8ZX),__3ZA8ZX,01 - Non intersection,03 - P.D. only,04 - Sideswipe,02 - Rain,01 - Daylight,02 - Wet,10 - No control,,2,0,0,0,,0,,,,,368186.4562,5032264.506,45.42744195,-75.68995491,9728
20--9256,2020/12/02,2:29 PM,MERIVALE RD btwn ROSSLAND AVE & EMERALD PLAZA SC (__3ZA4HZA),__3ZA4HZA,04 - At/near private drive,03 - P.D. only,02 - Angle,02 - Rain,01 - Daylight,02 - Wet,10 - No control,,2,0,0,0,,0,,,,,364706.8541,5024075.667,45.35406707,-75.73541242,9729
20--9257,2020/12/02,2:53 PM,BELFAST RD btwn TRAINYARDS DR & ST. LAURENT BLVD (__3ZA79Z),__3ZA79Z,04 - At/near private drive,02 - Non-fatal injury,03 - Rear end,01 - Clear,01 - Daylight,02 - Wet,10 - No control,,3,0,0,0,02 - Minor,2,,2,,,372476.2016,5030609.857,45.41215228,-75.63536761,9730
20--9258,2020/12/02,3:40 PM,PRINCE CHARLES RD btwn SAVILLE ROW & IROQUOIS RD (__3ZAAEY),__3ZAAEY,01 - Non intersection,03 - P.D. only,06 - SMV unattended vehicle,03 - Snow,01 - Daylight,02 - Wet,10 - No control,,1,0,0,0,,0,,,,,362192.9198,5026471.928,45.37583868,-75.76721658,9731
20--9259,2020/12/02,3:45 PM,HIGHWAY 417 btwn HWY417 IC134 RAMP35 & HWY417 IC134 RAMP25 (__3ZA29D),__3ZA29D,06 - Underpass or tunnel,03 - P.D. only,99 - Other,01 - Clear,01 - Daylight,01 - Dry,10 - No control,,2,0,0,0,,0,,,,,356421.4295,5022243.517,45.33824013,-75.84134242,9732
20--926,2020/01/19,8:43 AM,EASTVALE DR S @ OGILVIE RD (0009416),9416,02 - Intersection related,03 - P.D. only,05 - Turning movement,01 - Clear,01 - Daylight,05 - Packed snow,01 - Traffic signal,01 - Functioning,2,0,0,0,,0,,,,,375466.7241,5035025.587,45.45158688,-75.59653158,9733
20--9260,2020/12/02,4:18 PM,ST. LAURENT BLVD btwn DUNBARTON CRT & MONTREAL RD (__3ZA3RU),__3ZA3RU,01 - Non intersection,02 - Non-fatal injury,07 - SMV other,01 - Clear,05 - Dusk,01 - Dry,10 - No control,,1,0,0,1,03 - Major,1,,,1,,371369.4325,5034242.711,45.44494524,-75.64901507,9734
20--9261,2020/12/02,4:21 PM,BANK ST @ HUNT CLUB RD (0002119),2119,02 - Intersection related,03 - P.D. only,03 - Rear end,01 - Clear,05 - Dusk,01 - Dry,01 - Traffic signal,01 - Functioning,2,0,0,0,,0,,,,,371608.738,5024096.511,45.35363101,-75.64733057,9735
20--9262,2020/12/02,4:47 PM,PLACE D'ORLEANS DR W @ ST. JOSEPH BLVD (0008776),8776,03 - At intersection,03 - P.D. only,05 - Turning movement,03 - Snow,05 - Dusk,02 - Wet,01 - Traffic signal,01 - Functioning,2,0,0,0,,0,,,,,381601.9101,5037684.132,45.47485897,-75.5176895,9736
20--9263,2020/12/02,4:50 PM,HWY 417 WALKLEY IC110R57 @ WALKLEY EXTENSION R (0004164),4164,02 - Intersection related,03 - P.D. only,03 - Rear end,01 - Clear,05 - Dusk,01 - Dry,02 - Stop sign,00 - Unknown,2,0,0,0,,0,,,,,375656.732,5028998.54,45.39733972,-75.59496962,9737
20--9264,2020/12/02,4:57 AM,HWY417 IC155 RAMP26 btwn MARCH RD & HIGHWAY 417 (__3ZAY6F),__3ZAY6F,01 - Non intersection,03 - P.D. only,07 - SMV other,01 - Clear,07 - Dark,02 - Wet,10 - No control,,1,0,0,0,,0,,,,,339786.1483,5019420.013,45.31385979,-76.05378985,9738
20--9265,2020/12/02,5:00 PM,ROUNCEY RD btwn COPE DR & RUBICON PL (e___1G1Y),e___1G1Y,01 - Non intersection,03 - P.D. only,01 - Approaching,01 - Clear,07 - Dark,03 - Loose snow,10 - No control,,2,0,0,0,,0,,,,,353525.6,5014944.177,45.27276621,-75.87900673,9739
20--9266,2020/12/02,5:08 PM,HEMLOCK RD @ ST. LAURENT BLVD (0007183),7183,03 - At intersection,02 - Non-fatal injury,07 - SMV other,01 - Clear,07 - Dark,02 - Wet,01 - Traffic signal,01 - Functioning,1,0,0,1,03 - Major,1,,,1,,371145.7071,5034781.601,45.44981519,-75.65180206,9740
20--9267,2020/12/02,5:13 PM,MERIVALE RD @ WOODFIELD DR/ROYDON PL (0009776),9776,02 - Intersection related,02 - Non-fatal injury,03 - Rear end,01 - Clear,07 - Dark,02 - Wet,01 - Traffic signal,01 - Functioning,3,0,0,0,02 - Minor,1,,1,,,365462.7068,5022298.498,45.33801137,-75.72598436,9741
20--9268,2020/12/02,5:26 PM,NICHOLAS ST NB btwn HWY417 IC118 RAMP52 & WALLER ST/TRANSITWAY (__6KCFNL),__6KCFNL,01 - Non intersection,03 - P.D. only,03 - Rear end,01 - Clear,07 - Dark,01 - Dry,10 - No control,,2,0,0,0,,0,,,,,368991.8086,5031352.83,45.41916558,-75.67978279,9742
20--9269,2020/12/02,5:29 PM,EMERALD LINKS DR E @ MITCH OWENS RD (0001575),1575,02 - Intersection related,03 - P.D. only,03 - Rear end,01 - Clear,07 - Dark,01 - Dry,02 - Stop sign,00 - Unknown,2,0,0,0,,0,,,,,374629.748,5013997.447,45.26246884,-75.61020141,9743
20--927,2020/01/19,9:01 PM,ALTA VISTA DR @ SMYTH RD (0011353),11353,03 - At intersection,02 - Non-fatal injury,02 - Angle,01 - Clear,07 - Dark,03 - Loose snow,01 - Traffic signal,01 - Functioning,2,0,0,0,02 - Minor,4,,4,,,370432.7169,5029081.553,45.39859582,-75.66167578,9744
20--9270,2020/12/02,6:03 PM,ST. JOSEPH BLVD btwn COUSINEAU ST & DUSSERE ST (__3ZA2AL),__3ZA2AL,04 - At/near private drive,03 - P.D. only,02 - Angle,01 - Clear,07 - Dark,02 - Wet,10 - No control,,2,0,0,0,,0,,,,,380779.1733,5037076.011,45.4694776,-75.52830496,9745
20--9271,2020/12/02,6:20 PM,PANMURE RD btwn LOMAR RD & DONALD B. MUNRO DR (__3ZAC0G),__3ZAC0G,01 - Non intersection,03 - P.D. only,07 - SMV other,01 - Clear,07 - Dark,02 - Wet,10 - No control,,1,0,0,0,,0,,,,,333530.7283,5023408.565,45.35003465,-76.13333757,9746
20--9272,2020/12/02,6:30 AM,HIGHWAY 417 btwn HWY417 IC144 RAMP51 & HWY417 IC144 RAMP35 (__3ZA2Q5),__3ZA2Q5,01 - Non intersection,03 - P.D. only,04 - Sideswipe,01 - Clear,07 - Dark,01 - Dry,10 - No control,,2,0,0,0,,0,,,,,347102.8357,5015539.166,45.27853587,-75.96080833,9747
20--9273,2020/12/02,6:49 PM,HUNTMAR DR btwn OLD CARP RD & BRADLEY SIDE RD (__3ZACWD),__3ZACWD,01 - Non intersection,03 - P.D. only,07 - SMV other,01 - Clear,07 - Dark,02 - Wet,10 - No control,,1,0,0,0,,0,,,,,347671.3007,5019603.168,45.31507073,-75.95321166,9748
20--9274,2020/12/02,7:00 PM,ST. LAURENT BLVD @ 125 N OF QUEEN MARY ST/ZELL (0008532),8532,02 - Intersection related,03 - P.D. only,04 - Sideswipe,01 - Clear,07 - Dark,02 - Wet,01 - Traffic signal,01 - Functioning,2,0,0,0,,0,,,,,372169.8914,5032287.152,45.42727337,-75.63905124,9749
20--9275,2020/12/02,7:15 AM,CONROY RD @ HUNT CLUB RD (0002257),2257,03 - At intersection,03 - P.D. only,02 - Angle,01 - Clear,03 - Dawn,02 - Wet,01 - Traffic signal,01 - Functioning,2,0,0,0,,0,,,,,373763.7404,5025404.525,45.36519137,-75.61964732,9750
20--9276,2020/12/02,7:20 PM,HIGHWAY 417 btwn HWY417 IC155 RAMP51 & HWY417 IC155 RAMP35 (__3ZAZNR),__3ZAZNR,01 - Non intersection,03 - P.D. only,04 - Sideswipe,01 - Clear,07 - Dark,01 - Dry,10 - No control,,2,0,0,0,,0,,,,,339433.1152,5019338.476,45.31314358,-76.05829797,9751
20--9277,2020/12/02,8:24 PM,ESSON ST @ HUNT CLUB RD (0002152),2152,02 - Intersection related,03 - P.D. only,07 - SMV other,01 - Clear,07 - Dark,01 - Dry,02 - Stop sign,01 - Functioning,1,0,0,0,,0,,,,,374639.7296,5025907.525,45.3696304,-75.60839518,9752
20--9278,2020/12/02,9:01 AM,CARP RD @ CAVANMORE RD (0005679),5679,03 - At intersection,02 - Non-fatal injury,05 - Turning movement,03 - Snow,01 - Daylight,02 - Wet,02 - Stop sign,00 - Unknown,2,0,0,0,02 - Minor,2,,2,,,345800.5592,5017622.477,45.29735948,-75.97723427,9753
20--9279,2020/12/02,9:30 PM,MEADOWLANDS DR @ ROWLEY AVE (0001755),1755,03 - At intersection,03 - P.D. only,02 - Angle,01 - Clear,07 - Dark,01 - Dry,02 - Stop sign,01 - Functioning,2,0,0,0,,0,,,,,364323.4642,5023428.514,45.34827671,-75.74038307,9754
20--928,2020/01/19,9:33 AM,COLONIAL RD btwn FRANK KENNY RD & ROCKDALE RD (__3ZA3M3),__3ZA3M3,01 - Non intersection,03 - P.D. only,07 - SMV other,03 - Snow,01 - Daylight,05 - Packed snow,10 - No control,,1,0,0,0,,0,,,,,390561.5542,5032224.191,45.42469375,-75.40406587,9755
20--9280,2020/12/03,10:19 PM,BORDUAS CRT @ VARLEY DR (0003422),3422,02 - Intersection related,03 - P.D. only,07 - SMV other,01 - Clear,07 - Dark,02 - Wet,02 - Stop sign,01 - Functioning,1,0,0,0,,0,,,,,351133.6168,5021138.492,45.32866601,-75.90891128,9756
20--9281,2020/12/03,10:36 AM,MERIVALE RD @ BASIL MACDONALD WAY/MERIVALE MAL (0010301),10301,02 - Intersection related,03 - P.D. only,03 - Rear end,01 - Clear,01 - Daylight,01 - Dry,01 - Traffic signal,01 - Functioning,3,0,0,0,,0,,,,,365097.28,5023171.22,45.34589551,-75.73054017,9757
20--9282,2020/12/03,Unknown,CADIEUX WAY btwn SUMMERVIEW TERR & SUMMERVIEW TERR (e___2IC5),e___2IC5,01 - Non intersection,03 - P.D. only,06 - SMV unattended vehicle,02 - Rain,00 - Unknown,02 - Wet,10 - No control,,1,0,0,0,,0,,,,,377267.734,5012198.163,45.2460127,-75.57685379,9758
20--9283,2020/12/03,2:34 PM,GREENBANK RD @ STRANDHERD DR (0005563),5563,02 - Intersection related,03 - P.D. only,04 - Sideswipe,01 - Clear,01 - Daylight,01 - Dry,01 - Traffic signal,01 - Functioning,2,0,0,0,,0,,,,,363933.6928,5014784.41,45.27053041,-75.74638822,9759
20--9284,2020/12/03,3:40 PM,BESSERER ST @ WALLER ST (0008859),8859,02 - Intersection related,03 - P.D. only,04 - Sideswipe,02 - Rain,01 - Daylight,02 - Wet,01 - Traffic signal,01 - Functioning,2,0,0,0,,0,,,,,368315.9302,5032191.978,45.42677762,-75.68830982,9760
20--9285,2020/12/03,4:15 PM,KIPLING ST btwn CONRAD AVE & ILLINOIS AVE (__3ZA87D),__3ZA87D,04 - At/near private drive,03 - P.D. only,06 - SMV unattended vehicle,01 - Clear,05 - Dusk,01 - Dry,10 - No control,,1,0,0,0,,0,,,,,372241.115,5027707.065,45.38605688,-75.63876764,9761
20--9286,2020/12/03,4:49 AM,CARAVEL CRES btwn TOMPKINS AVE & MCEACHERN CRES (__3ZAZ03),__3ZAZ03,04 - At/near private drive,03 - P.D. only,06 - SMV unattended vehicle,01 - Clear,07 - Dark,01 - Dry,10 - No control,,1,0,0,0,,0,,,,,382617.8841,5037865.358,45.476377,-75.50466827,9762
20--9287,2020/12/03,5:00 PM,LONGFIELDS DR btwn DEERCROFT AVE & STRANDHERD DR (__4VGUPF),__4VGUPF,04 - At/near private drive,03 - P.D. only,03 - Rear end,01 - Clear,07 - Dark,01 - Dry,10 - No control,,2,0,0,0,,0,,,,,364527.1438,5015212.585,45.27433298,-75.73877433,9763
20--9288,2020/12/03,5:03 PM,SHORELINE DR btwn WILD SHORE CRES & SUGAR MAPLE DR (__54PK4W),__54PK4W,04 - At/near private drive,03 - P.D. only,06 - SMV unattended vehicle,01 - Clear,07 - Dark,01 - Dry,10 - No control,,1,0,0,0,,0,,,,,367883.0123,5015240.969,45.27429532,-75.69600411,9764
20--9289,2020/12/03,5:15 PM,ISLAND PARK DR @ MERIVALE RD (0002103),2103,03 - At intersection,02 - Non-fatal injury,07 - SMV other,01 - Clear,07 - Dark,02 - Wet,01 - Traffic signal,01 - Functioning,1,0,0,1,01 - Minimal,1,1,,,,364653.6937,5028023.543,45.38959395,-75.73561245,9765
20--929,2020/01/19,9:49 AM,COOPER ST @ METCALFE ST (0006940),6940,03 - At intersection,03 - P.D. only,02 - Angle,01 - Clear,01 - Daylight,05 - Packed snow,02 - Stop sign,01 - Functioning,2,0,0,0,,0,,,,,367962.7052,5031178.575,45.41769135,-75.69295327,9766
20--9290,2020/12/03,5:23 PM,REGIONAL ROAD 174 btwn OR174 IC109 RAMP54 & OR174 IC109 RAMP55 (__3ZA28X),__3ZA28X,01 - Non intersection,03 - P.D. only,03 - Rear end,01 - Clear,07 - Dark,01 - Dry,10 - No control,,4,0,0,0,,0,,,,,376448.6673,5034936.227,45.4506829,-75.58399214,9767
20--9291,2020/12/03,5:25 PM,SILVER SEVEN RD btwn PALLADIUM DR & MAPLE GROVE RD (__3ZA1X4),__3ZA1X4,01 - Non intersection,03 - P.D. only,04 - Sideswipe,01 - Clear,07 - Dark,01 - Dry,10 - No control,,2,0,0,0,,0,,,,,351107.9261,5017822.091,45.2988259,-75.90954898,9768
20--9292,2020/12/03,5:30 PM,GREENBANK RD btwn LARKIN DR & MALVERN DR (__3ZA4KJ),__3ZA4KJ,01 - Non intersection,03 - P.D. only,03 - Rear end,01 - Clear,07 - Dark,01 - Dry,10 - No control,,2,0,0,0,,0,,,,,363186.3643,5016483.211,45.28587871,-75.7557117,9769
20--9293,2020/12/03,5:30 PM,ST. JOSEPH BLVD @ FOREST VALLEY DR/YOUVILLE DR (0004440),4440,02 - Intersection related,03 - P.D. only,07 - SMV other,01 - Clear,07 - Dark,01 - Dry,01 - Traffic signal,00 - Unknown,1,0,0,0,,0,,,,,379164.7414,5036156.597,45.46137916,-75.54908808,9770
20--9294,2020/12/03,5:45 PM,RICHMOND RD btwn BAYSHORE DR SB TO RICHMOND RDWB & BAYSHORE DR (__3ZA4LS),__3ZA4LS,01 - Non intersection,02 - Non-fatal injury,03 - Rear end,01 - Clear,07 - Dark,01 - Dry,10 - No control,,3,0,0,0,01 - Minimal,1,1,,,,359367.4279,5023360.374,45.34806669,-75.80363282,9771
20--9295,2020/12/03,5:46 PM,RICHMOND RD btwn HOLLY ACRES RD & HWY417 IC130 RAMP25 (__3ZA4LN),__3ZA4LN,01 - Non intersection,03 - P.D. only,04 - Sideswipe,01 - Clear,07 - Dark,01 - Dry,10 - No control,,2,0,0,0,,0,,,,,359058.9758,5022749.15,45.34259081,-75.80763592,9772
20--9296,2020/12/03,6:20 PM,CROYDON AVE @ RICHMOND RD (0002652),2652,03 - At intersection,03 - P.D. only,03 - Rear end,01 - Clear,07 - Dark,02 - Wet,01 - Traffic signal,01 - Functioning,2,0,0,0,,0,,,,,360545.6844,5025272.516,45.36517942,-75.78838192,9773
20--9297,2020/12/03,6:45 AM,HIGHWAY 417 btwn HWY417 IC127 RAMP25 & HWY417 IC126 RAMP51 (__3ZA2XA),__3ZA2XA,01 - Non intersection,03 - P.D. only,03 - Rear end,01 - Clear,07 - Dark,01 - Dry,10 - No control,,2,0,0,0,,0,,,,,363071.528,5025696.734,45.36879106,-75.75609106,9774
20--9298,2020/12/03,6:49 PM,IBER RD btwn HUNTMAR DR & HARRY DOUGLAS DR (__3ZA4XQ),__3ZA4XQ,01 - Non intersection,03 - P.D. only,07 - SMV other,02 - Rain,07 - Dark,02 - Wet,10 - No control,,1,0,0,0,,0,,,,,351597.8835,5015316.7,45.27624922,-75.90353843,9775
20--9299,2020/12/03,6:50 PM,DIDSBURY RD btwn TERRY FOX DR & END (__3ZA2NE),__3ZA2NE,04 - At/near private drive,03 - P.D. only,05 - Turning movement,02 - Rain,07 - Dark,02 - Wet,10 - No control,,2,0,0,0,,0,,,,,350587.8302,5018872.195,45.30830912,-75.91608314,9776
20--93,2020/01/03,8:52 AM,DUNROBIN RD @ THOMAS A. DOLAN PKWY (0003181),3181,03 - At intersection,02 - Non-fatal injury,02 - Angle,01 - Clear,01 - Daylight,02 - Wet,01 - Traffic signal,01 - Functioning,2,0,0,0,01 - Minimal,2,2,,,,342337.5998,5031477.569,45.42222588,-76.02033382,9777
20--930,2020/01/19,9:58 AM,"MCARTHUR AVE btwn MCARTHUR AVE & EGLISE, RUE DE L (__3ZA3WG)",__3ZA3WG,01 - Non intersection,02 - Non-fatal injury,07 - SMV other,03 - Snow,01 - Daylight,05 - Packed snow,10 - No control,,1,0,0,0,03 - Major,2,1,,1,,371419.2768,5032821.747,45.43215531,-75.64857028,9778
20--9300,2020/12/03,7:00 PM,SUSSEX DR @ YORK ST (0011350),11350,02 - Intersection related,03 - P.D. only,99 - Other,01 - Clear,07 - Dark,02 - Wet,01 - Traffic signal,01 - Functioning,2,0,0,0,,0,,,,,367805.17,5032236.264,45.42722229,-75.69483067,9779
20--9301,2020/12/03,7:15 PM,HUNTMAR DR @ RICHARDSON SIDE RD (0011853),11853,03 - At intersection,03 - P.D. only,02 - Angle,01 - Clear,07 - Dark,01 - Dry,11 - Roundabout,01 - Functioning,2,0,0,0,,0,,,,,348208.6618,5018982.64,45.30945402,-75.94641274,9780
20--9302,2020/12/03,7:30 AM,HARRIS PL @ INDIAN RD (0001955),1955,03 - At intersection,03 - P.D. only,02 - Angle,01 - Clear,03 - Dawn,01 - Dry,02 - Stop sign,01 - Functioning,2,0,0,0,,0,,,,,363993.6872,5023341.513,45.34752179,-75.74460161,9781
20--9303,2020/12/03,7:39 PM,CONSTANCE BAY RD btwn TO BE DETERMINED & WILLAND LANE (__3ZA4GW),__3ZA4GW,01 - Non intersection,03 - P.D. only,07 - SMV other,01 - Clear,07 - Dark,06 - Ice,10 - No control,,1,0,0,0,,0,,,,,337178.0382,5037661.589,45.47812925,-76.08585526,9782
20--9304,2020/12/04,1:08 PM,DESCHAMPS AVE @ VANIER PKWY (0009243),9243,03 - At intersection,03 - P.D. only,05 - Turning movement,02 - Rain,01 - Daylight,02 - Wet,01 - Traffic signal,01 - Functioning,2,0,0,0,,0,,,,,369851.7091,5033267.596,45.43631445,-75.66854357,9783
20--9305,2020/12/04,1:29 PM,OTTAWA RIVER PKWY @ ISLAND PARK DR (0002127),2127,02 - Intersection related,02 - Non-fatal injury,03 - Rear end,02 - Rain,01 - Daylight,02 - Wet,01 - Traffic signal,01 - Functioning,2,0,0,0,01 - Minimal,1,1,,,,363298.6891,5029453.562,45.40257551,-75.75274606,9784
20--9306,2020/12/04,1:55 PM,BANK ST @ HERON RD (0002155),2155,03 - At intersection,03 - P.D. only,05 - Turning movement,02 - Rain,01 - Daylight,02 - Wet,01 - Traffic signal,01 - Functioning,2,0,0,0,,0,,,,,369995.7101,5026851.543,45.37857177,-75.66755165,9785
20--9307,2020/12/04,10:30 AM,OR174 IC105 RAMP51 btwn REGIONAL ROAD 174 & OR174 IC105 RAMP53 (__3ZAY8B),__3ZAY8B,01 - Non intersection,03 - P.D. only,07 - SMV other,02 - Rain,01 - Daylight,02 - Wet,10 - No control,,1,0,0,0,,0,,,,,379344.2779,5036854.91,45.46764292,-75.54668675,9786
20--9308,2020/12/04,10:34 PM,WOODROFFE AVE btwn MAJESTIC DR & TO BE DETERMINED (__3ZA247),__3ZA247,01 - Non intersection,02 - Non-fatal injury,03 - Rear end,01 - Clear,07 - Dark,02 - Wet,10 - No control,,4,0,0,0,02 - Minor,3,,3,,,363528.69,5021569.254,45.33161424,-75.7507455,9787
20--9309,2020/12/04,10:38 PM,MCCARTHY RD @ SOUTHMORE DR (0007491),7491,03 - At intersection,03 - P.D. only,02 - Angle,01 - Clear,07 - Dark,01 - Dry,02 - Stop sign,01 - Functioning,2,0,0,0,,0,,,,,369449.7191,5024837.535,45.36050092,-75.67478595,9788
20--931,2020/01/20,1:09 PM,DONALD ST @ VANIER PKWY (0007644),7644,03 - At intersection,02 - Non-fatal injury,07 - SMV other,01 - Clear,01 - Daylight,02 - Wet,01 - Traffic signal,01 - Functioning,1,0,0,1,02 - Minor,1,,1,,,370311.7074,5032270.576,45.42730074,-75.66279739,9789
20--9310,2020/12/04,10:50 AM,HAZELDEAN RD @ TERRY FOX DR (0003682),3682,02 - Intersection related,03 - P.D. only,03 - Rear end,01 - Clear,01 - Daylight,02 - Wet,01 - Traffic signal,01 - Functioning,2,0,0,0,,0,,,,,352207.6129,5017242.451,45.29353681,-75.89558357,9790
20--9311,2020/12/04,11:04 PM,BASELINE RD @ FISHER AVE (0002346),2346,02 - Intersection related,03 - P.D. only,04 - Sideswipe,01 - Clear,07 - Dark,01 - Dry,01 - Traffic signal,01 - Functioning,2,0,0,0,,0,,,,,366166.6924,5026028.535,45.37151236,-75.71653981,9791
20--9312,2020/12/04,11:52 AM,WOODROFFE AVE btwn TRANSIT & SPORTSPLEX S/TRANSIT (__5BK141),__5BK141,01 - Non intersection,03 - P.D. only,03 - Rear end,02 - Rain,01 - Daylight,02 - Wet,10 - No control,,3,0,0,0,,0,,,,,363799.7674,5020971.236,45.32621058,-75.7473587,9792
20--9313,2020/12/04,11:57 AM,INNES RD @ JEANNE D'ARC BLVD/MER BLEUE RD (0012475),12475,02 - Intersection related,03 - P.D. only,03 - Rear end,02 - Rain,01 - Daylight,02 - Wet,01 - Traffic signal,01 - Functioning,2,0,0,0,,0,,,,,382637.747,5035567.545,45.45570107,-75.50477813,9793
20--9314,2020/12/04,Unknown,250 N OF BRIAN COBURN BLVD @ TENTH LINE RD (0016461),16461,02 - Intersection related,03 - P.D. only,07 - SMV other,02 - Rain,00 - Unknown,02 - Wet,01 - Traffic signal,01 - Functioning,1,0,0,0,,0,,,,,384329.7656,5035258.569,45.45273066,-75.48319759,9794
20--9315,2020/12/04,Unknown,SOUTHVALE CRES btwn DELRIDGE LANE & BARRYMORE LANE (__3ZA5LA),__3ZA5LA,01 - Non intersection,03 - P.D. only,06 - SMV unattended vehicle,02 - Rain,00 - Unknown,02 - Wet,10 - No control,,1,0,0,0,,0,,,,,374349.2314,5029037.721,45.39782334,-75.61166235,9795
20--9316,2020/12/04,12:23 PM,PINECREST RD/HWY 417 PINECRE IC129R63 @ TRANSI (0008264),8264,03 - At intersection,02 - Non-fatal injury,03 - Rear end,02 - Rain,01 - Daylight,02 - Wet,01 - Traffic signal,00 - Unknown,2,0,0,0,01 - Minimal,1,1,,,,360388.0781,5023677.845,45.35084314,-75.79057301,9796
20--9317,2020/12/04,2:15 PM,BANK ST @ HUNT CLUB RD (0002119),2119,02 - Intersection related,03 - P.D. only,04 - Sideswipe,02 - Rain,01 - Daylight,02 - Wet,01 - Traffic signal,01 - Functioning,2,0,0,0,,0,,,,,371608.7474,5024096.504,45.35363095,-75.64733045,9797
20--9318,2020/12/04,2:30 PM,FLORA ST @ KENT ST (0007260),7260,03 - At intersection,03 - P.D. only,05 - Turning movement,02 - Rain,01 - Daylight,02 - Wet,02 - Stop sign,01 - Functioning,2,0,0,0,,0,,,,,367828.6984,5030323.551,45.4100102,-75.69477469,9798
20--9319,2020/12/04,2:30 PM,SOMERSET ST    W btwn BECKINGTON PRIV & BANK ST (__3ZAZQ1),__3ZAZQ1,01 - Non intersection,03 - P.D. only,04 - Sideswipe,01 - Clear,01 - Daylight,01 - Dry,10 - No control,,2,0,0,0,,0,,,,,367670.5404,5030901.052,45.4152206,-75.69672138,9799
20--932,2020/01/20,1:14 PM,RUSKIN ST btwn PARKDALE AVE & MACFARLANE AVE (__3ZA0K2),__3ZA0K2,01 - Non intersection,03 - P.D. only,06 - SMV unattended vehicle,01 - Clear,01 - Daylight,03 - Loose snow,10 - No control,,1,0,0,0,,0,,,,,365553.526,5028471.655,45.39354848,-75.72406663,9800