Anom_ID,Accident_Date,Accident_Time,Location,Geo_ID,Accident_Location,Classification_of_Accident,Initial_Impact_Type,Environment_Condition,Light,Road_Surface_Condition,Traffic_Control,Traffic_Control_Condition,No__of_Vehicles,No__of_Bicycles,No__of_Motorcycles,No__of_Pedestrians,Max_Injury,No__of_Injuries,No__of_Minimal,No__of_Minor,No__of_Major,No__of_Fatal,X,Y,Latitude,Longitude,ObjectId
20--9320,2020/12/04,2:30 PM,STITTSVILLE MAIN ST/HUNTLEY RD @ FLEWELLYN RD (0004602),4602,02 - Intersection related,02 - Non-fatal injury,03 - Rear end,02 - Rain,01 - Daylight,02 - Wet,02 - Stop sign,01 - Functioning,2,0,0,0,01 - Minimal,1,1,,,,351416.6005,5010740.404,45.23508221,-75.90627812,9801
20--9321,2020/12/04,3:04 PM,HWY417 IC129 RAMP61 btwn HWY417 IC129 RAMP63 & HIGHWAY 417 (__3ZAY5C),__3ZAY5C,01 - Non intersection,03 - P.D. only,07 - SMV other,02 - Rain,01 - Daylight,02 - Wet,10 - No control,,1,0,0,0,,0,,,,,360673.5466,5023732.958,45.35131636,-75.78692385,9802
20--9322,2020/12/04,3:16 PM,HAWTHORNE RD @ HUNT CLUB RD (0007651),7651,02 - Intersection related,02 - Non-fatal injury,03 - Rear end,02 - Rain,01 - Daylight,02 - Wet,01 - Traffic signal,01 - Functioning,2,0,0,0,01 - Minimal,1,1,,,,375507.7506,5026406.514,45.37403303,-75.59724359,9803
20--9323,2020/12/04,3:39 PM,THISTLEDOWN CRT btwn MALVERN DR & MALVERN DR (__3ZAA95),__3ZAA95,01 - Non intersection,03 - P.D. only,07 - SMV other,02 - Rain,01 - Daylight,02 - Wet,10 - No control,,1,0,0,0,,0,,,,,363202.2728,5016105.804,45.28248148,-75.75555334,9804
20--9324,2020/12/04,4:15 PM,BANKFIELD RD @ PRINCE OF WALES DR (0003618),3618,02 - Intersection related,03 - P.D. only,03 - Rear end,01 - Clear,05 - Dusk,01 - Dry,01 - Traffic signal,01 - Functioning,2,0,0,0,,0,,,,,366379.6858,5008975.393,45.21805098,-75.71593825,9805
20--9325,2020/12/04,4:21 PM,TENTH LINE RD @ LAKEPOINTE DR (0013369),13369,03 - At intersection,02 - Non-fatal injury,05 - Turning movement,02 - Rain,05 - Dusk,02 - Wet,01 - Traffic signal,01 - Functioning,3,0,0,0,02 - Minor,2,1,1,,,384262.1428,5035420.68,45.45419688,-75.48403583,9806
20--9421,2020/12/08,2:25 PM,DORCHESTER AVE @ HOLLINGTON ST (0006719),6719,02 - Intersection related,03 - P.D. only,07 - SMV other,01 - Clear,01 - Daylight,01 - Dry,02 - Stop sign,00 - Unknown,1,0,0,0,,0,,,,,365325.6941,5026844.543,45.37892779,-75.72717573,9807
20--9422,2020/12/08,3:00 PM,HIGHWAY 416 btwn HWY416 IC66 RAMP34 & HWY416 IC66 RAMP63 (__3ZAZM2),__3ZAZM2,01 - Non intersection,03 - P.D. only,07 - SMV other,01 - Clear,01 - Daylight,01 - Dry,10 - No control,,1,0,0,0,,0,,,,,359723.5641,5015291.493,45.27543462,-75.79998269,9808
20--9423,2020/12/08,3:12 PM,GREENBANK RD @ HARRISON ST/ASHGROVE CRES (0000627),627,03 - At intersection,02 - Non-fatal injury,07 - SMV other,01 - Clear,01 - Daylight,01 - Dry,01 - Traffic signal,01 - Functioning,1,0,0,1,02 - Minor,1,,1,,,360839.684,5022007.498,45.33577745,-75.78499919,9809
20--9424,2020/12/08,3:20 PM,HIGHWAY 417 btwn HWY417 IC124 RAMP76 & HWY417 IC124 RAMP67 (__3ZA2R7),__3ZA2R7,01 - Non intersection,03 - P.D. only,03 - Rear end,01 - Clear,01 - Daylight,01 - Dry,10 - No control,,2,0,0,0,,0,,,,,364507.1792,5027638.687,45.38614359,-75.73752997,9810
20--9425,2020/12/08,3:22 PM,HUNT CLUB RD @ PAUL ANKA DR (0008224),8224,03 - At intersection,03 - P.D. only,02 - Angle,01 - Clear,01 - Daylight,01 - Dry,01 - Traffic signal,01 - Functioning,2,0,0,0,,0,,,,,369777.7248,5022897.494,45.34301463,-75.67085454,9811
20--9426,2020/12/08,3:38 PM,KAKULU RD @ CASTLEFRANK RD (0003540),3540,02 - Intersection related,02 - Non-fatal injury,03 - Rear end,01 - Clear,01 - Daylight,01 - Dry,01 - Traffic signal,01 - Functioning,2,0,0,0,01 - Minimal,1,1,,,,352180.408,5018499.729,45.30485195,-75.89581025,9812
20--9427,2020/12/08,3:55 AM,PINECREST RD/HWY 417 PINECRE IC129R63 @ TRANSI (0008264),8264,02 - Intersection related,02 - Non-fatal injury,07 - SMV other,01 - Clear,07 - Dark,01 - Dry,01 - Traffic signal,00 - Unknown,1,0,0,0,02 - Minor,1,,1,,,360388.0868,5023677.839,45.35084308,-75.7905729,9813
20--9428,2020/12/08,4:35 PM,HIGHWAY 417 btwn HWY417 IC126 RAMP16 & HWY417 IC126 RAMP61 (__3ZA2RC),__3ZA2RC,01 - Non intersection,03 - P.D. only,03 - Rear end,01 - Clear,05 - Dusk,01 - Dry,10 - No control,,2,0,0,0,,0,,,,,363059.7788,5025725.765,45.36905325,-75.75623761,9814
20--9429,2020/12/08,5:00 PM,PARKWAY RD @ TINTERN DR (0005340),5340,02 - Intersection related,03 - P.D. only,99 - Other,01 - Clear,07 - Dark,01 - Dry,02 - Stop sign,01 - Functioning,2,0,0,0,,0,,,,,376492.0612,5012780.381,45.25133075,-75.58664965,9815
20--943,2020/01/20,Unknown,JOHN ST btwn SUSSEX DR & THOMAS ST (__3ZA8BK),__3ZA8BK,01 - Non intersection,03 - P.D. only,06 - SMV unattended vehicle,01 - Clear,00 - Unknown,02 - Wet,10 - No control,,1,0,0,0,,0,,,,,367870.8985,5033940.497,45.44255045,-75.69377245,9816
20--9430,2020/12/08,5:16 PM,SHERBOURNE RD @ FRASER AVE (0003080),3080,03 - At intersection,02 - Non-fatal injury,07 - SMV other,01 - Clear,07 - Dark,01 - Dry,02 - Stop sign,01 - Functioning,1,0,0,1,02 - Minor,1,,1,,,362852.6924,5026667.529,45.37754432,-75.75877043,9817
20--9431,2020/12/08,5:26 PM,TERRY FOX DR @ EDGEWATER ST/WALTER BAKER PL (0002699),2699,03 - At intersection,03 - P.D. only,05 - Turning movement,01 - Clear,07 - Dark,01 - Dry,01 - Traffic signal,01 - Functioning,2,0,0,0,,0,,,,,351777.6157,5017613.449,45.29690402,-75.90103031,9818
20--9432,2020/12/08,6:47 PM,MONTREAL RD btwn MONA AVE & LAFONTAINE AVE (__3ZA2GN),__3ZA2GN,01 - Non intersection,03 - P.D. only,07 - SMV other,01 - Clear,07 - Dark,01 - Dry,10 - No control,,1,0,0,0,,0,,,,,370764.5272,5033445.551,45.43783009,-75.65685383,9819
20--9433,2020/12/08,7:00 AM,HIGHWAY 417 btwn HWY417 IC122 RAMP16 & HWY417 IC122 RAMP61 (__3ZA2RA),__3ZA2RA,01 - Non intersection,03 - P.D. only,04 - Sideswipe,01 - Clear,07 - Dark,01 - Dry,10 - No control,,2,0,0,0,,0,,,,,365531.6019,5029030.146,45.39857556,-75.72427786,9820
20--9434,2020/12/08,7:17 PM,CONROY RD @ HUNT CLUB RD (0002257),2257,03 - At intersection,03 - P.D. only,05 - Turning movement,01 - Clear,07 - Dark,01 - Dry,01 - Traffic signal,01 - Functioning,2,0,0,0,,0,,,,,373763.7372,5025404.524,45.36519136,-75.61964736,9821
20--9435,2020/12/08,7:45 AM,HUNTLEY RD @ FALLOWFIELD RD (0000089),89,03 - At intersection,03 - P.D. only,02 - Angle,01 - Clear,03 - Dawn,01 - Dry,02 - Stop sign,01 - Functioning,2,0,0,0,,0,,,,,352403.5908,5009615.385,45.22489285,-75.89381586,9822
20--9436,2020/12/08,8:00 PM,HIGHWAY 417 btwn HWY417 IC110 RAMP64 & HWY417 IC104 RAMP16 (__3ZA2W9),__3ZA2W9,01 - Non intersection,03 - P.D. only,07 - SMV other,01 - Clear,07 - Dark,01 - Dry,10 - No control,,1,0,0,0,,0,,,,,377787.7063,5026515.97,45.37478409,-75.56812204,9823
20--9437,2020/12/08,8:50 PM,MEADOWLANDS DR btwn HOGAN ST & NESS ST (__3ZA4IQ),__3ZA4IQ,01 - Non intersection,02 - Non-fatal injury,06 - SMV unattended vehicle,01 - Clear,07 - Dark,02 - Wet,10 - No control,,1,0,0,0,02 - Minor,1,,1,,,366148.099,5024894.255,45.36130796,-75.71691801,9824
20--9438,2020/12/08,9:12 AM,WALKLEY RD btwn HERON RD & HOLLY LANE (__3ZA1V8),__3ZA1V8,01 - Non intersection,03 - P.D. only,03 - Rear end,01 - Clear,01 - Daylight,01 - Dry,10 - No control,,2,0,0,0,,0,,,,,372199.9188,5027045.917,45.3801121,-75.63938393,9825
20--9439,2020/12/09,1:37 PM,BANK ST btwn RIDEAU RD & TURN LANE (__3ZBPH9),__3ZBPH9,04 - At/near private drive,03 - P.D. only,03 - Rear end,01 - Clear,01 - Daylight,02 - Wet,10 - No control,,3,0,0,0,,0,,,,,377547.846,5016417.392,45.28394685,-75.57266807,9826
20--944,2020/01/20,Unknown,WITTINGHAM DR btwn LOCHELAND CRES & DEIGHTON CRES (__3ZA1A9),__3ZA1A9,01 - Non intersection,03 - P.D. only,06 - SMV unattended vehicle,00 - Unknown,00 - Unknown,01 - Dry,10 - No control,,1,0,0,0,,0,,,,,365777.3212,5016613.41,45.28683024,-75.7226701,9827
20--9440,2020/12/09,1:40 PM,HIGHWAY 417 btwn HWY417 IC117 RAMP61 & HWY417 IC115 RAMP36 (__3ZA2RZ),__3ZA2RZ,01 - Non intersection,03 - P.D. only,03 - Rear end,01 - Clear,01 - Daylight,02 - Wet,10 - No control,,2,0,0,0,,0,,,,,371997.5183,5031470.868,45.4199454,-75.64136518,9828
20--9441,2020/12/09,1:50 PM,SAI CRES btwn BLOHM DR & BLOHM DR (__3ZA46B),__3ZA46B,01 - Non intersection,03 - P.D. only,07 - SMV other,03 - Snow,01 - Daylight,05 - Packed snow,10 - No control,,1,0,0,0,,0,,,,,374568.642,5026592.959,45.37580471,-75.60920579,9829
20--9442,2020/12/09,10:02 AM,BANK ST @ WELLINGTON ST (0002039),2039,03 - At intersection,02 - Non-fatal injury,07 - SMV other,03 - Snow,01 - Daylight,04 - Slush,01 - Traffic signal,01 - Functioning,1,0,0,1,02 - Minor,1,,1,,,367257.7155,5031628.571,45.42180356,-75.70190319,9830
20--9443,2020/12/09,10:49 AM,STARLIGHT PL btwn FRANKTOWN RD & SILVER FOX WAY (__5I61CE),__5I61CE,01 - Non intersection,02 - Non-fatal injury,07 - SMV other,03 - Snow,01 - Daylight,03 - Loose snow,10 - No control,,1,0,0,0,02 - Minor,1,,1,,,346703.8091,4997467.365,45.11594024,-75.96741329,9831
20--9444,2020/12/09,10:50 PM,SNAKE ISLAND RD btwn MANOTICK STATION RD & STAGECOACH RD (__3ZA2C4),__3ZA2C4,01 - Non intersection,03 - P.D. only,07 - SMV other,01 - Clear,07 - Dark,01 - Dry,10 - No control,,1,0,0,0,,0,,,,,377825.7678,5006441.665,45.19415983,-75.57059039,9832
20--9445,2020/12/09,11:20 AM,KING EDWARD AVE @ MURRAY ST (0002713),2713,03 - At intersection,03 - P.D. only,02 - Angle,03 - Snow,01 - Daylight,03 - Loose snow,01 - Traffic signal,01 - Functioning,2,0,0,0,,0,,,,,368291.6984,5032753.579,45.43183291,-75.68854705,9833
20--9446,2020/12/09,11:22 PM,CARLING AVE @ PRESTON ST (0002161),2161,02 - Intersection related,02 - Non-fatal injury,03 - Rear end,01 - Clear,07 - Dark,02 - Wet,01 - Traffic signal,01 - Functioning,2,0,0,0,02 - Minor,1,,1,,,366829.7112,5028935.551,45.39761061,-75.70771064,9834
20--9447,2020/12/09,Unknown,COOPER ST btwn BRONSON AVE & PERCY ST (__3ZA0WB),__3ZA0WB,01 - Non intersection,03 - P.D. only,06 - SMV unattended vehicle,03 - Snow,00 - Unknown,03 - Loose snow,10 - No control,,1,0,0,0,,0,,,,,367060.2199,5030635.841,45.41288888,-75.70455201,9835
20--9448,2020/12/09,12:17 PM,MERIVALE RD btwn CALDWELL AVE & CENTRAL PARK DR (__3ZA3GW),__3ZA3GW,01 - Non intersection,02 - Non-fatal injury,07 - SMV other,03 - Snow,01 - Daylight,04 - Slush,10 - No control,,1,0,0,1,02 - Minor,1,,1,,,364925.6527,5026087.264,45.37214837,-75.7323754,9836
20--9449,2020/12/09,12:41 PM,REGIONAL ROAD 174 btwn TRANSIT & OR174 IC109 RAMP56 (__3ZAZ6U),__3ZAZ6U,01 - Non intersection,02 - Non-fatal injury,07 - SMV other,03 - Snow,01 - Daylight,04 - Slush,10 - No control,,1,0,0,0,02 - Minor,2,,2,,,375572.559,5033434.523,45.43726074,-75.5954075,9837
20--945,2020/01/20,Unknown,BROWNING AVE btwn BOTSFORD ST & DIGBY ST (__3ZA78F),__3ZA78F,01 - Non intersection,03 - P.D. only,06 - SMV unattended vehicle,01 - Clear,00 - Unknown,05 - Packed snow,10 - No control,,1,0,0,0,,0,,,,,372251.1076,5029844.341,45.40528624,-75.63834782,9838
20--9450,2020/12/09,3:24 PM,WELLINGTON ST    W btwn HAMPTON AVE & ROSS AVE (__3ZA4P7),__3ZA4P7,01 - Non intersection,03 - P.D. only,04 - Sideswipe,03 - Snow,01 - Daylight,02 - Wet,10 - No control,,2,0,0,0,,0,,,,,364464.1547,5029004.391,45.3984356,-75.73791421,9839
20--9451,2020/12/09,3:58 AM,REGIONAL ROAD 174 btwn TRANSIT & OR174 IC105 RAMP51 (__3ZA28H),__3ZA28H,01 - Non intersection,03 - P.D. only,07 - SMV other,03 - Snow,07 - Dark,03 - Loose snow,10 - No control,,1,0,0,0,,0,,,,,376738.1495,5035452.933,45.45530214,-75.58021609,9840
20--9452,2020/12/09,4:15 PM,DONALD ST btwn OKEE ST & ALESTHER ST (__3ZA810),__3ZA810,01 - Non intersection,03 - P.D. only,07 - SMV other,03 - Snow,05 - Dusk,03 - Loose snow,10 - No control,,1,0,0,0,,0,,,,,371935.2077,5032453.589,45.42879346,-75.64202734,9841
20--9453,2020/12/09,4:25 AM,HIGHWAY 417 btwn HWY417 IC112 RAMP55 & HIGHWAY 417 (__3ZAZPP),__3ZAZPP,01 - Non intersection,03 - P.D. only,03 - Rear end,03 - Snow,07 - Dark,03 - Loose snow,10 - No control,,2,0,0,0,,0,,,,,374930.4971,5030671.091,45.41246158,-75.60400656,9842
20--9454,2020/12/09,4:29 PM,MONTREAL RD btwn OR174 IC109 RAMP65 & ST. JOSEPH BLVD (__3ZA25O),__3ZA25O,01 - Non intersection,03 - P.D. only,03 - Rear end,03 - Snow,05 - Dusk,02 - Wet,10 - No control,,2,0,0,0,,0,,,,,376469.1668,5035012.942,45.45137103,-75.58371891,9843
20--9455,2020/12/09,4:43 PM,ALBION RD @ JOHNSTON RD (0006883),6883,03 - At intersection,03 - P.D. only,02 - Angle,03 - Snow,05 - Dusk,04 - Slush,02 - Stop sign,01 - Functioning,2,0,0,0,,0,,,,,371502.7323,5025225.516,45.36379951,-75.648531,9844
20--9456,2020/12/09,4:53 PM,ST. LAURENT BLVD @ WALKLEY RD (0007653),7653,02 - Intersection related,03 - P.D. only,03 - Rear end,03 - Snow,05 - Dusk,04 - Slush,01 - Traffic signal,01 - Functioning,2,0,0,0,,0,,,,,373902.7465,5028046.856,45.38895221,-75.6175033,9845
20--9457,2020/12/09,5:05 PM,DONALD ST @ VANIER PKWY (0007644),7644,02 - Intersection related,03 - P.D. only,05 - Turning movement,01 - Clear,07 - Dark,04 - Slush,01 - Traffic signal,01 - Functioning,2,0,0,0,,0,,,,,370311.701,5032270.595,45.42730091,-75.66279747,9846
20--9458,2020/12/09,5:15 PM,VIEWMOUNT DR @ MERIVALE RD (0001528),1528,02 - Intersection related,03 - P.D. only,03 - Rear end,02 - Rain,07 - Dark,02 - Wet,01 - Traffic signal,01 - Functioning,3,0,0,0,,0,,,,,365193.695,5022948.483,45.34388306,-75.72933711,9847
20--9459,2020/12/09,5:44 PM,MILTON RD/SABOURIN RD @ RUSSELL RD (0004219),4219,02 - Intersection related,03 - P.D. only,03 - Rear end,03 - Snow,07 - Dark,06 - Ice,02 - Stop sign,01 - Functioning,2,0,0,0,,0,,,,,389748.8222,5025322.469,45.36269821,-75.41563806,9848
20--946,2020/01/20,Unknown,PARKDALE AVE btwn INGLEWOOD PL & CARLING AVE (__3ZA4OR),__3ZA4OR,01 - Non intersection,03 - P.D. only,06 - SMV unattended vehicle,01 - Clear,00 - Unknown,01 - Dry,10 - No control,,1,0,0,0,,0,,,,,365592.1631,5028254.543,45.3915916,-75.72359996,9849
20--9460,2020/12/09,5:45 PM,BLAIR RD @ OGILVIE RD (0004120),4120,02 - Intersection related,03 - P.D. only,04 - Sideswipe,01 - Clear,07 - Dark,01 - Dry,01 - Traffic signal,01 - Functioning,2,0,0,0,,0,,,,,374507.7209,5033198.575,45.43524478,-75.60904966,9850
20--9461,2020/12/09,5:56 PM,HIGHWAY 417 btwn HWY417 IC122 RAMP51 & HWY417 IC122 RAMP15 (__3ZA2R0),__3ZA2R0,01 - Non intersection,03 - P.D. only,04 - Sideswipe,01 - Clear,07 - Dark,02 - Wet,10 - No control,,3,0,0,0,,0,,,,,365213.0458,5028776.985,45.39632523,-75.7283774,9851
20--9462,2020/12/09,6:13 PM,BLACKBURN BYPASS @ NAVAN RD (0004201),4201,02 - Intersection related,03 - P.D. only,07 - SMV other,04 - Freezing Rain,07 - Dark,02 - Wet,01 - Traffic signal,01 - Functioning,1,0,0,0,,0,,,,,379617.7398,5033274.55,45.43540027,-75.54373464,9852
20--9463,2020/12/09,6:24 PM,BRONSON AVE btwn PLYMOUTH ST & RENFREW AVE (__3ZA3B1),__3ZA3B1,04 - At/near private drive,03 - P.D. only,05 - Turning movement,02 - Rain,07 - Dark,02 - Wet,10 - No control,,2,0,0,0,,0,,,,,367354.2572,5029557.483,45.40315991,-75.70093253,9853
20--9464,2020/12/09,6:30 AM,HIGHWAY 417 btwn HWY417 IC119A RAMP75 & HWY417 IC118 RAMP57 (__3ZA2R2),__3ZA2R2,01 - Non intersection,02 - Non-fatal injury,07 - SMV other,03 - Snow,07 - Dark,03 - Loose snow,10 - No control,,1,0,0,0,02 - Minor,1,,1,,,368971.5978,5030712.645,45.41340727,-75.68012437,9854
20--9465,2020/12/09,6:50 AM,ISABELLA ST/HWY417 IC119AR75 @ METCALFE ST (0011380),11380,03 - At intersection,03 - P.D. only,02 - Angle,03 - Snow,07 - Dark,04 - Slush,01 - Traffic signal,01 - Functioning,2,0,0,0,,0,,,,,368448.7115,5030399.562,45.41063801,-75.68684467,9855
20--9466,2020/12/09,6:50 AM,REGIONAL ROAD 174 btwn QUIGLEY HILL RD & CAMERON ST (__3ZA27U),__3ZA27U,01 - Non intersection,03 - P.D. only,07 - SMV other,03 - Snow,07 - Dark,04 - Slush,10 - No control,,1,0,0,0,,0,,,,,389264.6478,5042525.876,45.51753456,-75.4188651,9856
20--9467,2020/12/09,7:05 AM,HIGHWAY 17 btwn THOMAS ELLIOT RD & GALETTA SIDE RD (__3ZA2RQ),__3ZA2RQ,01 - Non intersection,03 - P.D. only,99 - Other,03 - Snow,03 - Dawn,03 - Loose snow,10 - No control,,2,0,0,0,,0,,,,,321621.1482,5029992.834,45.40967039,-76.28510221,9857
20--9468,2020/12/09,7:06 AM,UPPER DWYER HILL RD btwn HIGHWAY 7 & MCARTON RD (__7JQ7LQ),__7JQ7LQ,01 - Non intersection,03 - P.D. only,07 - SMV other,03 - Snow,03 - Dawn,04 - Slush,10 - No control,,1,0,0,0,,0,,,,,340229.9826,5007418.179,45.20583861,-76.04898526,9858
20--9469,2020/12/09,7:26 AM,AIRPORT PKWY btwn RAMP & TO BE DETERMINED (__3ZA222),__3ZA222,01 - Non intersection,03 - P.D. only,01 - Approaching,03 - Snow,03 - Dawn,03 - Loose snow,10 - No control,,2,0,0,0,,0,,,,,370030.0807,5025592.857,45.36724332,-75.66727907,9859
20--947,2020/01/20,Unknown,HILLVIEW RD btwn WESTDALE AVE & HORNER DR (__3ZABJM),__3ZABJM,01 - Non intersection,03 - P.D. only,06 - SMV unattended vehicle,01 - Clear,00 - Unknown,01 - Dry,10 - No control,,1,0,0,0,,0,,,,,358096.8418,5023201.411,45.34673404,-75.81986349,9860
20--9470,2020/12/09,7:35 AM,BESSERER ST @ WALLER ST (0008859),8859,02 - Intersection related,03 - P.D. only,03 - Rear end,03 - Snow,03 - Dawn,03 - Loose snow,01 - Traffic signal,01 - Functioning,2,0,0,0,,0,,,,,368315.9342,5032191.978,45.42677762,-75.68830977,9861
20--9471,2020/12/09,7:45 AM,HAZELDEAN RD @ ROTHBOURNE RD (0018546),18546,02 - Intersection related,03 - P.D. only,07 - SMV other,03 - Snow,03 - Dawn,05 - Packed snow,02 - Stop sign,01 - Functioning,1,0,0,0,,0,,,,,347217.0031,5012707.66,45.25304996,-75.95959503,9862
20--9472,2020/12/09,7:45 AM,BANK ST @ WALKLEY RD (0011423),11423,02 - Intersection related,03 - P.D. only,04 - Sideswipe,03 - Snow,03 - Dawn,03 - Loose snow,01 - Traffic signal,01 - Functioning,2,0,0,0,,0,,,,,370337.8499,5025947.722,45.37040757,-75.66330346,9863
20--9473,2020/12/09,8:00 AM,RICHMOND RD @ STEEPLE HILL CRES N (0000596),596,03 - At intersection,03 - P.D. only,02 - Angle,03 - Snow,01 - Daylight,05 - Packed snow,02 - Stop sign,01 - Functioning,2,0,0,0,,0,,,,,357391.6533,5014373.433,45.26735204,-75.82979874,9864
20--9474,2020/12/09,8:09 AM,OR174 IC109 RAMP64 btwn OR174 IC109 RAMP66 & REGIONAL ROAD 174 (__3ZAYAI),__3ZAYAI,01 - Non intersection,02 - Non-fatal injury,04 - Sideswipe,03 - Snow,01 - Daylight,04 - Slush,10 - No control,,2,0,0,0,01 - Minimal,1,1,,,,376437.1171,5035160.112,45.45269846,-75.58410718,9865
20--9475,2020/12/09,8:10 AM,CARLING AVE/STATION RD @ MARCH RD (0002681),2681,03 - At intersection,03 - P.D. only,01 - Approaching,03 - Snow,01 - Daylight,04 - Slush,01 - Traffic signal,01 - Functioning,2,0,0,0,,0,,,,,350907.3189,5022246.651,45.33865238,-75.91169483,9866
20--9476,2020/12/09,8:13 AM,BRONSON AVE @ CARLING AVE/GLEBE AVE (0002134),2134,02 - Intersection related,03 - P.D. only,03 - Rear end,03 - Snow,01 - Daylight,06 - Ice,01 - Traffic signal,01 - Functioning,2,0,0,0,,0,,,,,367447.7084,5029335.561,45.40115477,-75.69976709,9867
20--9477,2020/12/09,8:19 PM,BANK ST @ CATHERINE ST (0002708),2708,02 - Intersection related,03 - P.D. only,07 - SMV other,01 - Clear,07 - Dark,02 - Wet,01 - Traffic signal,01 - Functioning,1,0,0,0,,0,,,,,368039.7053,5030267.575,45.40948751,-75.69208641,9868
20--9478,2020/12/09,8:27 AM,RIVERSIDE DR @ PLEASANT PARK RD (0007296),7296,02 - Intersection related,03 - P.D. only,02 - Angle,03 - Snow,01 - Daylight,06 - Ice,01 - Traffic signal,01 - Functioning,2,0,0,0,,0,,,,,369561.25,5028415.02,45.39267973,-75.67289332,9869
20--9479,2020/12/09,8:30 AM,LIMEBANK RD @ SPRATT RD (0012970),12970,03 - At intersection,03 - P.D. only,07 - SMV other,03 - Snow,01 - Daylight,03 - Loose snow,01 - Traffic signal,01 - Functioning,1,0,0,0,,0,,,,,369776.9983,5016878.722,45.28885909,-75.67165324,9870
20--948,2020/01/20,12:04 PM,MACKAY ST @ VAUGHAN ST (0011558),11558,03 - At intersection,03 - P.D. only,02 - Angle,01 - Clear,01 - Daylight,03 - Loose snow,02 - Stop sign,01 - Functioning,2,0,0,0,,0,,,,,369064.7206,5033636.574,45.43970715,-75.67855322,9871
20--9480,2020/12/09,8:40 AM,MONTREAL RD @ ST. LAURENT BLVD (0002604),2604,03 - At intersection,03 - P.D. only,02 - Angle,03 - Snow,01 - Daylight,03 - Loose snow,01 - Traffic signal,01 - Functioning,2,0,0,0,,0,,,,,371545.7072,5033817.593,45.44110342,-75.64681959,9872
20--9481,2020/12/09,8:40 AM,8TH LINE RD @ MITCH OWENS RD (0003574),3574,02 - Intersection related,03 - P.D. only,07 - SMV other,03 - Snow,01 - Daylight,03 - Loose snow,02 - Stop sign,02 - Not functioning,1,0,0,0,,0,,,,,382362.8011,5018774.464,45.30463962,-75.51093111,9873
20--9482,2020/12/09,8:45 AM,WESLEY AVE @ KIRKWOOD AVE (0006685),6685,02 - Intersection related,03 - P.D. only,03 - Rear end,03 - Snow,01 - Daylight,03 - Loose snow,02 - Stop sign,01 - Functioning,2,0,0,0,,0,,,,,363900.6916,5028349.56,45.39259134,-75.7451891,9874
20--9483,2020/12/09,8:45 AM,ROSEHILL AVE @ TRAMONTANA PL (0010642),10642,03 - At intersection,03 - P.D. only,02 - Angle,03 - Snow,01 - Daylight,05 - Packed snow,02 - Stop sign,01 - Functioning,2,0,0,0,,0,,,,,350583.682,5016607.823,45.28793392,-75.91634512,9875
20--9484,2020/12/09,8:45 AM,BRONSON AVE @ RENFREW AVE (0007197),7197,02 - Intersection related,03 - P.D. only,03 - Rear end,03 - Snow,01 - Daylight,03 - Loose snow,02 - Stop sign,01 - Functioning,2,0,0,0,,0,,,,,367356.7068,5029551.563,45.40310643,-75.70090199,9876
20--9485,2020/12/09,8:47 AM,GREENBANK RD @ BERRIGAN DR/WESSEX RD (0004726),4726,03 - At intersection,03 - P.D. only,02 - Angle,03 - Snow,01 - Daylight,03 - Loose snow,01 - Traffic signal,01 - Functioning,3,0,0,0,,0,,,,,363723.6756,5015276.423,45.27497519,-75.74900611,9877
20--9486,2020/12/09,8:59 PM,SHAWINIGAN ST btwn Continuation of SHAWINIGAN ST & Continuation of SHA (__3ZA5TR),__3ZA5TR,01 - Non intersection,02 - Non-fatal injury,06 - SMV unattended vehicle,01 - Clear,07 - Dark,05 - Packed snow,10 - No control,,1,0,0,0,02 - Minor,1,,1,,,384778.1767,5038468.339,45.48155795,-75.47694318,9878
20--9487,2020/12/09,9:15 AM,CARP RD @ MARCH RD (0001689),1689,02 - Intersection related,03 - P.D. only,03 - Rear end,03 - Snow,01 - Daylight,04 - Slush,01 - Traffic signal,01 - Functioning,2,0,0,0,,0,,,,,342164.5447,5021732.514,45.33454607,-76.02328252,9879
20--9488,2020/12/09,9:15 AM,RAFTUS SQ btwn PHEASANT RUN DR & OTTEN DR (__3ZAB7Y),__3ZAB7Y,01 - Non intersection,03 - P.D. only,07 - SMV other,03 - Snow,01 - Daylight,06 - Ice,10 - No control,,1,0,0,0,,0,,,,,361830.4953,5015463.637,45.27681585,-75.77311157,9880
20--9489,2020/12/09,9:15 AM,CARLING AVE @ MAITLAND AVE/SHERBOURNE RD (0002641),2641,02 - Intersection related,03 - P.D. only,03 - Rear end,03 - Snow,01 - Daylight,04 - Slush,01 - Traffic signal,01 - Functioning,2,0,0,0,,0,,,,,362942.7025,5026488.53,45.37592624,-75.75764233,9881
20--949,2020/01/20,12:30 PM,FIFTH AVE btwn MORRIS ST & RALPH ST (__3ZA91W),__3ZA91W,01 - Non intersection,03 - P.D. only,03 - Rear end,03 - Snow,01 - Daylight,04 - Slush,10 - No control,,2,0,0,0,,0,,,,,368101.7334,5029223.299,45.40008584,-75.69142812,9882